law_id	group	law	article	has_annex	text
OSH-01	OSH	職業安全衛生法	第1條		為防止職業災害，保障工作者安全及健康，特制定本法；其他法律有特別規定者，從其規定。
OSH-01	OSH	職業安全衛生法	第2條		本法用詞，定義如下： ／ 一、工作者：指勞工、自營作業者及其他受工作場所負責人指揮或監督從事勞動之人員。 ／ 二、勞工：指受僱從事工作獲致工資者。 ／ 三、雇主：指事業主或事業之經營負責人。 ／ 四、事業單位：指本法適用範圍內僱用勞工從事工作之機構。 ／ 五、職業災害：指因勞動場所之建築物、機械、設備、原料、材料、化學品、氣體、蒸氣、粉塵等或作業活動及其他職業上原因引起之工作者疾病、傷害、失能或死亡。 ／ 六、勞動場所：指於勞動契約存續中，由雇主所提示，使勞工履行契約提供勞務之場所；自營作業者實際從事勞動之場所；及其他受工作場所負責人指揮或監督從事勞動之人員，實際從事勞動之場所。 ／ 七、工作場所：指勞動場所中，接受雇主或代理雇主指示處理有關勞工事務之人所能支配、管理之場所。 ／ 八、作業場所：指工作場所中，從事特定工作目的之場所。
OSH-01	OSH	職業安全衛生法	第3條		本法所稱主管機關：在中央為勞動部；在直轄市為直轄市政府；在縣（市）為縣（市）政府。 ／ 本法有關衛生事項，中央主管機關應會商中央衛生主管機關辦理。
OSH-01	OSH	職業安全衛生法	第4條		本法適用於各業。但因事業規模、性質及風險等因素，中央主管機關得指定公告其適用本法之部分規定。
OSH-01	OSH	職業安全衛生法	第5條		雇主使勞工從事工作，應在合理可行範圍內，採取必要之預防設備或措施，使勞工免於發生職業災害。 ／ 機械、設備、器具、原料、材料等物件之設計、製造或輸入者及工程之設計或施工者，應於設計、製造、輸入或施工規劃階段實施風險評估，致力防止此等物件於使用或工程施工時，發生職業災害。
OSH-01	OSH	職業安全衛生法	第6條		雇主對下列事項應有符合規定之必要安全衛生設備及措施： ／ 一、防止機械、設備或器具等引起之危害。 ／ 二、防止爆炸性或發火性等物質引起之危害。 ／ 三、防止電、熱或其他之能引起之危害。 ／ 四、防止採石、採掘、裝卸、搬運、堆積或採伐等作業中引起之危害。 ／ 五、防止有墜落、物體飛落或崩塌等之虞之作業場所引起之危害。 ／ 六、防止高壓氣體引起之危害。 ／ 七、防止原料、材料、氣體、蒸氣、粉塵、溶劑、化學品、含毒性物質或缺氧空氣等引起之危害。 ／ 八、防止輻射、高溫、低溫、超音波、噪音、振動或異常氣壓等引起之危害。 ／ 九、防止監視儀表或精密作業等引起之危害。 ／ 十、防止廢氣、廢液或殘渣等廢棄物引起之危害。 ／ 十一、防止水患、風災或火災等引起之危害。 ／ 十二、防止動物、植物或微生物等引起之危害。 ／ 十三、防止通道、地板或階梯等引起之危害。 ／ 十四、防止未採取充足通風、採光、照明、保溫或防濕等引起之危害。 ／ 雇主對下列事項，應妥為規劃及採取必要之安全衛生措施： ／ 一、重複性作業等促發肌肉骨骼疾病之預防。 ／ 二、輪班、夜間工作、長時間工作等異常工作負荷促發疾病之預防。 ／ 三、執行職務因他人行為遭受身體或精神不法侵害之預防，並建立申訴、調查及處理程序。 ／ 四、避難、急救、休息或其他為保護勞工身心健康之事項。 ／ 前二項必要之安全衛生設備與措施之標準及規則，由中央主管機關定之。
OSH-01	OSH	職業安全衛生法	第7條		製造者、輸入者、供應者或雇主，對於中央主管機關指定之機械、設備或器具，其構造、性能及防護非符合安全標準者，不得產製運出廠場、輸入、租賃、供應或設置。 ／ 前項之安全標準，由中央主管機關定之。 ／ 製造者或輸入者對於第一項指定之機械、設備或器具，符合前項安全標準者，應於中央主管機關指定之資訊申報網站登錄，並於其產製或輸入之產品明顯處張貼安全標示，以供識別。但屬於公告列入型式驗證之產品，應依第八條及第九條規定辦理。 ／ 前項資訊登錄方式、標示及其他應遵行事項之辦法，由中央主管機關定之。
OSH-01	OSH	職業安全衛生法	第8條		製造者或輸入者對於中央主管機關公告列入型式驗證之機械、設備或器具，非經中央主管機關認可之驗證機構實施型式驗證合格及張貼合格標章，不得產製運出廠場或輸入。 ／ 前項應實施型式驗證之機械、設備或器具，有下列情形之一者，得免驗證，不受前項規定之限制： ／ 一、依第十六條或其他法律規定實施檢查、檢驗、驗證或認可。 ／ 二、供國防軍事用途使用，並有國防部或其直屬機關出具證明。 ／ 三、限量製造或輸入僅供科技研發、測試用途之專用機型，並經中央主管機關核准。 ／ 四、非供實際使用或作業用途之商業樣品或展覽品，並經中央主管機關核准。 ／ 五、其他特殊情形，有免驗證之必要，並經中央主管機關核准。 ／ 第一項之驗證，因產品構造規格特殊致驗證有困難者，報驗義務人得檢附產品安全評估報告，向中央主管機關申請核准採用適當檢驗方式為之。 ／ 輸入者對於第一項之驗證，因驗證之需求，得向中央主管機關申請先行放行，經核准後，於產品之設置地點實施驗證。 ／ 前四項之型式驗證實施程序、項目、標準、報驗義務人、驗證機構資格條件、認可、撤銷與廢止、合格標章、標示方法、先行放行條件、申請免驗、安全評估報告、監督管理及其他應遵行事項之辦法，由中央主管機關定之。
OSH-01	OSH	職業安全衛生法	第9條		製造者、輸入者、供應者或雇主，對於有下列情事之產品，不得使用安全標示、驗證合格標章、易生混淆之類似標示或標章揭示於產品： ／ 一、未完成資訊申報網站登錄。 ／ 二、未取得型式驗證合格。 ／ 三、資訊申報網站登錄逾期或型式驗證逾期。 ／ 製造者或輸入者對於完成資訊申報網站登錄或取得型式驗證合格之產品，應建立及保存產銷資料。 ／ 中央主管機關或勞動檢查機構，得對前項產品進行抽驗及市場查驗，業者不得規避、妨礙或拒絕。 ／ 第二項產銷資料應包括之內容、保存年限與其他相關事項，及前項產品抽驗、市場查驗及其他相關事項之辦法，由中央主管機關定之。
OSH-01	OSH	職業安全衛生法	第10條		雇主對於具有危害性之化學品，應予標示、製備清單及揭示安全資料表，並採取必要之通識措施。 ／ 製造者、輸入者或供應者，提供前項化學品與事業單位或自營作業者前，應予標示及提供安全資料表；資料異動時，亦同。 ／ 前二項化學品之範圍、標示、清單格式、安全資料表、揭示、通識措施及其他應遵行事項之規則，由中央主管機關定之。
OSH-01	OSH	職業安全衛生法	第11條		雇主對於前條之化學品，應依其健康危害、散布狀況及使用量等情形，評估風險等級，並採取分級管理措施。 ／ 前項之評估方法、分級管理程序與採行措施及其他應遵行事項之辦法，由中央主管機關定之。
OSH-01	OSH	職業安全衛生法	第12條		雇主對於中央主管機關定有容許暴露標準之作業場所，應確保勞工之危害暴露低於標準值。 ／ 前項之容許暴露標準，由中央主管機關定之。 ／ 雇主對於經中央主管機關指定之作業場所，應訂定作業環境監測計畫，並設置或委託由中央主管機關認可之作業環境監測機構實施監測。但中央主管機關指定免經監測機構分析之監測項目，得僱用合格監測人員辦理之。 ／ 雇主對於前項監測計畫及監測結果，應公開揭示，並通報中央主管機關。中央主管機關或勞動檢查機構得實施查核。 ／ 前二項之作業場所指定、監測計畫與監測結果揭示、通報、監測機構與監測人員資格條件、認可、撤銷與廢止、查核方式及其他應遵行事項之辦法，由中央主管機關定之。
OSH-01	OSH	職業安全衛生法	第13條		製造者或輸入者對於中央主管機關公告之化學物質清單以外之新化學物質，未向中央主管機關繳交化學物質安全評估報告，並經核准登記前，不得製造或輸入含有該物質之化學品。但其他法律已規定或經中央主管機關公告不適用者，不在此限。 ／ 前項評估報告，中央主管機關為防止危害工作者安全及健康，於審查後得予公開。 ／ 前二項化學物質清單之公告、新化學物質之登記、評估報告內容、審查程序、資訊公開及其他應遵行事項之辦法，由中央主管機關定之。
OSH-01	OSH	職業安全衛生法	第14條		製造者、輸入者、供應者或雇主，對於經中央主管機關指定之管制性化學品，不得製造、輸入、供應或供工作者處置、使用。但經中央主管機關許可者，不在此限。 ／ 製造者、輸入者、供應者或雇主，對於中央主管機關指定之優先管理化學品，應將相關運作資料報請中央主管機關備查。 ／ 前二項化學品之指定、許可條件、期間、廢止或撤銷許可、運作資料內容及其他應遵行事項之辦法，由中央主管機關定之。
OSH-01	OSH	職業安全衛生法	第15條		有下列情事之一之工作場所，事業單位應依中央主管機關規定之期限，定期實施製程安全評估，並製作製程安全評估報告及採取必要之預防措施；製程修改時，亦同： ／ 一、從事石油裂解之石化工業。 ／ 二、從事製造、處置或使用危害性之化學品數量達中央主管機關規定量以上。 ／ 前項製程安全評估報告，事業單位應報請勞動檢查機構備查。 ／ 前二項危害性之化學品數量、製程安全評估方法、評估報告內容要項、報請備查之期限、項目、方式及其他應遵行事項之辦法，由中央主管機關定之。
OSH-01	OSH	職業安全衛生法	第15條之1		事業單位將一定規模以上之工程交付規劃、設計時，應依其工程特性，分析潛在施工危害，編製安全衛生圖說及規範，量化編列安全衛生費用，並製作工程規劃設計安全分析報告。 ／ 事業單位將前項工程交付施工時，應使該施工者於事前依工程規劃設計安全分析報告，評估施工風險，採取必要之預防設備及措施，納入施工計畫書，並確實執行。 ／ 事業單位應使前項施工者依施工計畫書確實執行，並指派人員或委託專業機構監督及查證。 ／ 前三項一定規模以上工程範圍、分析與評估方法、安全衛生圖說與規範之內容、工程規劃設計安全分析報告與施工計畫書內容要項、人員或專業機構之資格條件、監督與查證內容及其他相關事項之辦法，由中央主管機關定之。
OSH-01	OSH	職業安全衛生法	第16條		雇主對於經中央主管機關指定具有危險性之機械或設備，非經勞動檢查機構或中央主管機關指定之代行檢查機構檢查合格，不得使用；其使用超過規定期間者，非經再檢查合格，不得繼續使用。 ／ 代行檢查機構應依本法及本法所發布之命令執行職務。 ／ 檢查費收費標準及代行檢查機構之資格條件與所負責任，由中央主管機關定之。 ／ 第一項所稱危險性機械或設備之種類、應具之容量與其製程、竣工、使用、變更或其他檢查之程序、項目、標準及檢查合格許可有效使用期限等事項之規則，由中央主管機關定之。
OSH-01	OSH	職業安全衛生法	第17條		勞工工作場所之建築物，應由依法登記開業之建築師依建築法規及本法有關安全衛生之規定設計。
OSH-01	OSH	職業安全衛生法	第18條		工作場所有立即發生危險之虞時，雇主或工作場所負責人應即令停止作業，並使勞工退避至安全場所。 ／ 勞工執行職務發現有立即發生危險之虞時，得在不危及其他工作者安全情形下，自行停止作業及退避至安全場所，並立即向直屬主管報告。 ／ 雇主不得對前項勞工予以解僱、調職、不給付停止作業期間工資或其他不利之處分。但雇主證明勞工濫用停止作業權，經報主管機關認定，並符合勞動法令規定者，不在此限。
OSH-01	OSH	職業安全衛生法	第19條		在高溫場所工作之勞工，雇主不得使其每日工作時間超過六小時；異常氣壓作業、高架作業、精密作業、重體力勞動或其他對於勞工具有特殊危害之作業，亦應規定減少勞工工作時間，並在工作時間中予以適當之休息。 ／ 前項高溫度、異常氣壓、高架、精密、重體力勞動及對於勞工具有特殊危害等作業之減少工作時間與休息時間之標準，由中央主管機關會同有關機關定之。
OSH-01	OSH	職業安全衛生法	第20條		雇主於僱用勞工時，應施行體格檢查；對在職勞工應施行下列健康檢查： ／ 一、一般健康檢查。 ／ 二、從事特別危害健康作業者之特殊健康檢查。 ／ 三、經中央主管機關指定為特定對象及特定項目之健康檢查。 ／ 前項檢查應由中央主管機關會商中央衛生主管機關認可之醫療機構之醫師為之；檢查紀錄雇主應予保存，並負擔健康檢查費用；實施特殊健康檢查時，雇主應提供勞工作業內容及暴露情形等作業經歷資料予醫療機構。 ／ 前二項檢查之對象及其作業經歷、項目、期間、健康管理分級、檢查紀錄與保存期限及其他應遵行事項之規則，由中央主管機關定之。 ／ 醫療機構對於健康檢查之結果，應通報中央主管機關備查，以作為工作相關疾病預防之必要應用。但一般健康檢查結果之通報，以指定項目發現異常者為限。 ／ 第二項醫療機構之認可條件、管理、檢查醫師資格與前項檢查結果之通報內容、方式、期限及其他應遵行事項之辦法，由中央主管機關定之。 ／ 勞工對於第一項之檢查，有接受之義務。
OSH-01	OSH	職業安全衛生法	第21條		雇主依前條體格檢查發現應僱勞工不適於從事某種工作，不得僱用其從事該項工作。健康檢查發現勞工有異常情形者，應由醫護人員提供其健康指導；其經醫師健康評估結果，不能適應原有工作者，應參採醫師之建議，變更其作業場所、更換工作或縮短工作時間，並採取健康管理措施。 ／ 雇主應依前條檢查結果及個人健康注意事項，彙編成健康檢查手冊，發給勞工，並不得作為健康管理目的以外之用途。 ／ 前二項有關健康管理措施、檢查手冊內容及其他應遵行事項之規則，由中央主管機關定之。
OSH-01	OSH	職業安全衛生法	第22條		事業單位勞工人數在五十人以上者，應置勞工健康服務人員或委託勞工健康服務專業機構，辦理健康管理、職業病與工作相關疾病之預防及健康促進等勞工健康保護事項。 ／ 前項職業病及工作相關疾病預防事項，應配合第二十三條之安全衛生人員辦理之。 ／ 第一項勞工健康服務人員、專業機構之資格與管理、勞工健康保護及其他應遵行事項之規則，由中央主管機關定之。
OSH-01	OSH	職業安全衛生法	第22條之1		本法所稱職場霸凌，指勞工於勞動場所執行職務，因其事業單位人員利用職務或權勢等關係，逾越業務上必要且合理範圍，持續以冒犯、威脅、冷落、孤立、侮辱或其他不當之言詞或行為，致其身心健康遭受危害。但情節重大者，不以持續發生為必要。 ／ 雇主應採取必要之措施，防治職場霸凌之發生；其僱用勞工人數達下列規模者，並依各款規定辦理： ／ 一、勞工人數在十人以上者，應訂定職場霸凌申訴管道，並在工作場所公開揭示。 ／ 二、勞工人數在三十人以上者，應訂定職場霸凌防治措施、申訴及懲處規範，並在工作場所公開揭示。
OSH-01	OSH	職業安全衛生法	第22條之2		雇主於知悉勞工遭受職場霸凌時，應採取下列立即有效之適當措施： ／ 一、雇主因接獲被霸凌勞工申訴而知悉時： ／ （一）採行避免申訴人受職場霸凌情形再度發生之措施。 ／ （二）視申訴人需求及事件情節，提供相關諮詢或必要之協助及保護措施。 ／ （三）對申訴事件進行調查；申訴人有意願者，得予協調，如協調不成立時，應續行調查。 ／ （四）對行為人為適當之懲戒或處理。 ／ 二、雇主非因前款情形而知悉時： ／ （一）就相關事實進行必要之釐清。 ／ （二）依被霸凌勞工意願，協助其協調或提起申訴。 ／ （三）適度調整工作內容或工作場所。 ／ （四）依被霸凌勞工意願，提供相關諮詢或必要之協助及保護措施。 ／ 雇主對於職場霸凌事件之調查或協調，應秉持客觀、公正、公平原則；於調查時，除給予當事人充分陳述意見及答辯機會外，並應遵守利益迴避規定。雇主僱用勞工人數達一定規模者，應組成調查小組；其調查小組外聘成員比例不得少於二分之一。 ／ 雇主接獲被霸凌勞工申訴時，應於中央主管機關指定之網站登錄；事件之處理結果，亦應於該網站登錄之。 ／ 雇主依前三項所為之適當措施、調查處理與申復原則、一定規模之認定、資訊登錄方式，與前條第二項各款應訂定之防治措施、申訴及懲處規範，內容應包括職場霸凌之樣態、預防事項、教育訓練、申訴管道、調查、處理與申復程序、調查人員資格與調查小組之組成、利益迴避事項、懲戒處理及其他相關措施；其準則，由中央主管機關定之。 ／ 雇主所為職場霸凌事件之調查結果，經認定違反前項所定準則之規定，且調查程序有重大瑕疵者，主管機關或勞動檢查機構得要求重新調查，雇主不得拒絕。
OSH-01	OSH	職業安全衛生法	第22條之3		勞工遭受職場霸凌，應向雇主提起申訴。但被申訴人為最高負責人時，得逕向直轄市或縣（市）主管機關提起申訴。 ／ 勞工依前項但書規定，向直轄市或縣（市）主管機關提起申訴之期限，應依下列規定辦理： ／ 一、自職場霸凌行為終了時起，逾三年者，不予受理。 ／ 二、職場霸凌事件發生時勞工在職者，其得於離職之日起一年內申訴。但依前款規定有較長申訴期限者，從其規定。 ／ 直轄市或縣（市）主管機關為調查第一項申訴案件，得請專業人士或民間團體協助辦理。 ／ 直轄市或縣（市）主管機關依本法規定進行調查時，申訴人、被申訴人、受邀協助調查之個人或單位應予配合，並提供相關資料。被申訴人不得規避、妨礙或拒絕。 ／ 前四項有關直轄市或縣（市）主管機關受理職場霸凌申訴與最高負責人之範圍、處理程序、調查方式及其他相關事項之辦法，由中央主管機關定之。
OSH-01	OSH	職業安全衛生法	第23條		雇主應依其事業單位之規模、性質，設置安全衛生組織、人員；並訂定職業安全衛生管理計畫，實施安全衛生管理及自動檢查。 ／ 前項之事業單位達一定規模或有第十五條第一項所定之工作場所者，應建置職業安全衛生管理系統。 ／ 中央主管機關對前項職業安全衛生管理系統得實施訪查，其管理績效良好得公開表揚之。 ／ 第一項及第二項所定安全衛生管理，應由雇主、雇主代理人或工作場所負責人綜理，並由事業單位各級主管依其職責指揮、監督所屬人員執行。 ／ 前四項之事業單位規模、性質、安全衛生組織、人員、職責、管理、自動檢查、職業安全衛生管理系統建置及其他相關事項之辦法，由中央主管機關定之。
OSH-01	OSH	職業安全衛生法	第24條		第十六條第一項所定具有危險性機械或設備，及其他特定機械之操作人員，雇主應僱用經中央主管機關認可之教育訓練或經技能檢定之合格人員充任之。 ／ 前項其他特定機械之種類及應具之容量，由中央主管機關公告之。 ／ 第一項操作人員作業時，應依第六條第一項、第二項及第三項授權訂定之安全衛生設備與措施之標準及規則執行職務。
OSH-01	OSH	職業安全衛生法	第25條		事業單位以其事業招人承攬時，其承攬人就承攬部分負本法所定雇主之責任；原事業單位就職業災害補償仍應與承攬人負連帶責任。再承攬者亦同。 ／ 原事業單位違反本法或有關安全衛生規定，致承攬人所僱勞工發生職業災害時，與承攬人負連帶賠償責任。再承攬者亦同。
OSH-01	OSH	職業安全衛生法	第26條		事業單位以其事業交付承攬時，應於事前就交付承攬之事業實施風險評估，將有關工作環境、危害因素與應採取之安全衛生設備及措施等評估結果告知該承攬人，並於承攬期間使承攬人依評估結果確實執行。 ／ 承攬人、再承攬人就其承攬部分交付再承攬時，應依前項規定辦理。 ／ 事業單位將其工作場所、設備出租或出借他人使用時，應於事前告知其場所、設備危害因素及安全衛生相關注意事項。
OSH-01	OSH	職業安全衛生法	第27條		事業單位以其事業交付承攬，並與承攬人、再承攬人之工作者共同作業時，原事業單位應採取下列必要措施： ／ 一、設置協議組織，並指定工作場所負責人，擔任指揮、監督及協調之工作。 ／ 二、工作之連繫及調整。 ／ 三、工作場所之巡視。 ／ 四、相關承攬人安全衛生教育訓練之指導及協助。 ／ 五、機械、設備、器具及人員之進場管制。 ／ 六、其他為防止職業災害之必要事項。 ／ 事業單位分別交付二個以上承攬人共同作業而未參與共同作業時，應指定承攬人之一負前項原事業單位之責任。 ／ 承攬人、再承攬人就其承攬部分交付再承攬時，亦應依第一項第二款至第六款規定辦理。 ／ 承攬人、再承攬人應配合辦理第一項所定原事業單位採取之必要措施。
OSH-01	OSH	職業安全衛生法	第27條之1		事業單位將符合第十五條之一第一項所定一定規模以上之工程交付二個以上施工者施工時，應指定施工者之一負整體工程安全衛生統合管理責任。 ／ 前項經指定之施工者，應執行整體工程安全衛生統合管理事項。 ／ 前二項施工者之指定、整體工程安全衛生統合管理及其他相關事項之辦法，由中央主管機關定之。
OSH-01	OSH	職業安全衛生法	第28條		二個以上之事業單位分別出資共同承攬工程時，應互推一人為代表人；該代表人視為該工程之事業雇主，負本法雇主防止職業災害之責任。
OSH-01	OSH	職業安全衛生法	第29條		雇主不得使未滿十八歲者從事下列危險性或有害性工作： ／ 一、坑內工作。 ／ 二、處理爆炸性、易燃性等物質之工作。 ／ 三、鉛、汞、鉻、砷、黃磷、氯氣、氰化氫、苯胺等有害物散布場所之工作。 ／ 四、有害輻射散布場所之工作。 ／ 五、有害粉塵散布場所之工作。 ／ 六、運轉中機器或動力傳導裝置危險部分之掃除、上油、檢查、修理或上卸皮帶、繩索等工作。 ／ 七、超過二百二十伏特電力線之銜接。 ／ 八、已熔礦物或礦渣之處理。 ／ 九、鍋爐之燒火及操作。 ／ 十、鑿岩機及其他有顯著振動之工作。 ／ 十一、一定重量以上之重物處理工作。 ／ 十二、起重機、人字臂起重桿之運轉工作。 ／ 十三、動力捲揚機、動力運搬機及索道之運轉工作。 ／ 十四、橡膠化合物及合成樹脂之滾輾工作。 ／ 十五、其他經中央主管機關規定之危險性或有害性之工作。 ／ 前項危險性或有害性工作之認定標準，由中央主管機關定之。 ／ 未滿十八歲者從事第一項以外之工作，經第二十條或第二十二條之醫師評估結果，不能適應原有工作者，雇主應參採醫師之建議，變更其作業場所、更換工作或縮短工作時間，並採取健康管理措施。
OSH-01	OSH	職業安全衛生法	第30條		雇主不得使妊娠中之女性勞工從事下列危險性或有害性工作： ／ 一、礦坑工作。 ／ 二、鉛及其化合物散布場所之工作。 ／ 三、異常氣壓之工作。 ／ 四、處理或暴露於弓形蟲、德國麻疹等影響胎兒健康之工作。 ／ 五、處理或暴露於二硫化碳、三氯乙烯、環氧乙烷、丙烯醯胺、次乙亞胺、砷及其化合物、汞及其無機化合物等經中央主管機關規定之危害性化學品之工作。 ／ 六、鑿岩機及其他有顯著振動之工作。 ／ 七、一定重量以上之重物處理工作。 ／ 八、有害輻射散布場所之工作。 ／ 九、已熔礦物或礦渣之處理工作。 ／ 十、起重機、人字臂起重桿之運轉工作。 ／ 十一、動力捲揚機、動力運搬機及索道之運轉工作。 ／ 十二、橡膠化合物及合成樹脂之滾輾工作。 ／ 十三、處理或暴露於經中央主管機關規定具有致病或致死之微生物感染風險之工作。 ／ 十四、其他經中央主管機關規定之危險性或有害性之工作。 ／ 雇主不得使分娩後未滿一年之女性勞工從事下列危險性或有害性工作： ／ 一、礦坑工作。 ／ 二、鉛及其化合物散布場所之工作。 ／ 三、鑿岩機及其他有顯著振動之工作。 ／ 四、一定重量以上之重物處理工作。 ／ 五、其他經中央主管機關規定之危險性或有害性之工作。 ／ 第一項第五款至第十四款及前項第三款至第五款所定之工作，雇主依第三十一條採取母性健康保護措施，經當事人書面同意者，不在此限。 ／ 第一項及第二項危險性或有害性工作之認定標準，由中央主管機關定之。 ／ 雇主未經當事人告知妊娠或分娩事實而違反第一項或第二項規定者，得免予處罰。但雇主明知或可得而知者，不在此限。
OSH-01	OSH	職業安全衛生法	第31條		中央主管機關指定之事業，雇主應對有母性健康危害之虞之工作，採取危害評估、控制及分級管理措施；對於妊娠中或分娩後未滿一年之女性勞工，應依醫師適性評估建議，採取工作調整或更換等健康保護措施，並留存紀錄。 ／ 前項勞工於保護期間，因工作條件、作業程序變更、當事人健康異常或有不適反應，經醫師評估確認不適原有工作者，雇主應依前項規定重新辦理之。 ／ 第一項事業之指定、有母性健康危害之虞之工作項目、危害評估程序與控制、分級管理方法、適性評估原則、工作調整或更換、醫師資格與評估報告之文件格式、紀錄保存及其他應遵行事項之辦法，由中央主管機關定之。 ／ 雇主未經當事人告知妊娠或分娩事實而違反第一項或第二項規定者，得免予處罰。但雇主明知或可得而知者，不在此限。
OSH-01	OSH	職業安全衛生法	第32條		雇主對勞工應施以從事工作及預防災變所必要之安全衛生教育訓練。 ／ 前項安全衛生教育訓練，應由雇主自行辦理或交由中央主管機關認可之機關（構）、學校、團體等訓練單位辦理。 ／ 前二項之安全衛生教育訓練、訓練單位之資格條件與管理、查核、認可、評鑑及其他應遵行事項之規則，由中央主管機關定之。 ／ 勞工對於第一項之安全衛生教育訓練，有接受之義務。
OSH-01	OSH	職業安全衛生法	第33條		雇主應負責宣導本法及有關安全衛生之規定，使勞工周知。
OSH-01	OSH	職業安全衛生法	第34條		雇主應依本法及有關規定會同勞工代表訂定適合其需要之安全衛生工作守則，報經勞動檢查機構備查後，公告實施。 ／ 勞工對於前項安全衛生工作守則，應切實遵行。
OSH-01	OSH	職業安全衛生法	第35條		中央主管機關得聘請勞方、資方、政府機關代表、學者專家及職業災害勞工團體，召開職業安全衛生諮詢會，研議國家職業安全衛生政策，並提出建議；其成員之任一性別不得少於三分之一。
OSH-01	OSH	職業安全衛生法	第36條		中央主管機關及勞動檢查機構對於各事業單位勞動場所得實施檢查。其有不合規定者，應告知違反法令條款，並通知限期改善；屆期未改善或已發生職業災害，或有發生職業災害之虞時，得通知其部分或全部停工。勞工於停工期間應由雇主照給工資。 ／ 事業單位對於前項之改善，於必要時，得請中央主管機關協助或洽請認可之顧問服務機構提供專業技術輔導。 ／ 前項顧問服務機構之種類、條件、服務範圍、顧問人員之資格與職責、認可程序、撤銷、廢止、管理及其他應遵行事項之規則，由中央主管機關定之。
OSH-01	OSH	職業安全衛生法	第37條		事業單位工作場所發生職業災害，雇主應即採取必要之急救、搶救等措施，並會同勞工代表實施調查、分析及作成紀錄。 ／ 事業單位勞動場所發生下列職業災害之一者，雇主應於八小時內通報勞動檢查機構： ／ 一、發生死亡災害。 ／ 二、發生災害之罹災人數在三人以上。 ／ 三、發生災害之罹災人數在一人以上，且需住院治療。 ／ 四、其他經中央主管機關指定公告之災害。 ／ 勞動檢查機構接獲前項報告後，應就工作場所發生死亡或重傷之災害派員檢查。 ／ 事業單位發生第二項之災害，除必要之急救、搶救外，雇主非經司法機關或勞動檢查機構許可，不得移動或破壞現場。
OSH-01	OSH	職業安全衛生法	第38條		中央主管機關指定之事業，雇主應依規定填載職業災害內容及統計，按月報請勞動檢查機構備查，並公布於工作場所。
OSH-01	OSH	職業安全衛生法	第39條		工作者發現下列情形之一者，得向雇主、主管機關或勞動檢查機構申訴： ／ 一、事業單位違反本法或有關安全衛生之規定。 ／ 二、疑似罹患職業病。 ／ 三、身體或精神遭受侵害。 ／ 主管機關或勞動檢查機構為確認前項雇主所採取之預防及處置措施，得實施調查。 ／ 前項之調查，必要時得通知當事人或有關人員參與，並得請專業人士或民間團體協助辦理。 ／ 雇主不得對依本法提起申訴或協助他人申訴之工作者，予以解僱、降調、減薪、損害其依法令、契約或習慣上所應享有之權益，或其他不利之處分。 ／ 雇主為前項不利處分者，無效。 ／ 工作者因第四項規定之行為受有不利處分者，雇主對於該不利處分與第四項規定行為無關之事實，負舉證責任。
OSH-01	OSH	職業安全衛生法	第40條		違反第六條第一項或第十六條第一項之規定，致發生第三十七條第二項第一款之災害者，處五年以下有期徒刑、拘役或科或併科新臺幣一百五十萬元以下罰金。 ／ 法人犯前項之罪者，除處罰其負責人外，對該法人亦科以前項之罰金。
OSH-01	OSH	職業安全衛生法	第41條		有下列情形之一者，處三年以下有期徒刑、拘役或科或併科新臺幣一百萬元以下罰金： ／ 一、違反第六條第一項或第十六條第一項之規定，致發生第三十七條第二項第二款之災害。 ／ 二、違反第十八條第一項、第二十九條第一項或第三十條第一項、第二項之規定。 ／ 三、違反中央主管機關或勞動檢查機構依第三十六條第一項所發停工之通知。 ／ 四、故意違反第三十七條第四項規定，未經許可而移動或破壞現場。 ／ 法人犯前項之罪者，除處罰其負責人外，對該法人亦科以前項之罰金。
OSH-01	OSH	職業安全衛生法	第42條		違反第十五條第一項、第二項之規定，其危害性化學品洩漏或引起火災、爆炸致發生第三十七條第二項之職業災害者，處新臺幣三十萬元以上三百萬元以下罰鍰；經通知限期改善，屆期未改善，並得按次處罰。 ／ 雇主依第十二條第四項規定通報之監測資料，經中央主管機關查核有虛偽不實者，處新臺幣三十萬元以上一百萬元以下罰鍰。
OSH-01	OSH	職業安全衛生法	第43條		有下列情形之一者，處新臺幣五萬元以上三百萬元以下罰鍰： ／ 一、違反第十條第一項、第十一條第一項、第二十三條第二項之規定，經通知限期改善，屆期未改善。 ／ 二、違反第六條第一項、第十二條第一項、第三項、第十四條第二項、第十六條第一項、第十九條第一項、第二十四條第一項、第三十一條第一項、第二項或第三十七條第一項、第二項、第四項之規定。 ／ 三、違反第六條第二項、第二十二條之一第二項後段或第二十二條之二第一項規定，致發生職業病或工作相關疾病。 ／ 四、違反第十五條之一第一項至第三項、第二十三條第一項、第二十六條、第二十七條、第二十七條之一第一項、第二項、第二十八條或第三十二條第一項規定致發生第三十七條第二項之災害。 ／ 五、違反第十五條第一項、第二項之規定，按次處罰。 ／ 六、規避、妨礙或拒絕本法規定之檢查、調查、抽驗、市場查驗或查核。 ／ 有前項規定情形之一者，主管機關得依事業規模、性質或違反情節，加重其罰鍰至法定罰鍰最高額二分之一。
OSH-01	OSH	職業安全衛生法	第44條		未依第七條第三項規定登錄或違反第九條第二項、第十條第二項之規定者，處新臺幣三萬元以上十五萬元以下罰鍰；經通知限期改善，屆期未改善者，按次處罰。 ／ 違反第七條第一項、第八條第一項、第十三條第一項或第十四條第一項規定者，處新臺幣二十萬元以上二百萬元以下罰鍰，並得限期停止輸入、產製、製造或供應；屆期不停止者，按次處罰。 ／ 未依第七條第三項規定標示或違反第九條第一項之規定者，處新臺幣三萬元以上三十萬元以下罰鍰，並得令限期回收或改正。 ／ 未依前項規定限期回收或改正者，處新臺幣十萬元以上一百萬元以下罰鍰，按次處罰。 ／ 違反第七條第一項、第八條第一項、第九條第一項規定之產品，或第十四條第一項規定之化學品者，得沒入、銷燬或採取其他必要措施，其執行所需之費用，由行為人負擔。
OSH-01	OSH	職業安全衛生法	第45條		有下列情形之一者，處新臺幣三萬元以上七十五萬元以下罰鍰： ／ 一、違反第六條第二項、第十二條第四項、第二十條第一項、第二項、第二十一條第一項、第二項、第二十二條第一項、第二十二條之一第二項後段、第二十二條之二第一項第二款、第三項、第二十三條第一項、第三十二條第一項、第三十四條第一項或第三十八條之規定，經通知限期改善，屆期未改善。 ／ 二、違反第十五條之一第一項至第三項、第十七條、第十八條第三項、第二十二條之二第一項第一款、第二項、第五項、第二十六條、第二十七條、第二十七條之一第一項、第二項、第二十八條、第二十九條第三項、第三十三條或第三十九條第四項之規定。 ／ 三、依第三十六條第一項之規定，應給付工資而不給付。 ／ 有前項規定情形之一者，主管機關得依事業規模、性質或違反情節，加重其罰鍰至法定罰鍰最高額二分之一。
OSH-01	OSH	職業安全衛生法	第46條		最高負責人經認定有職場霸凌之行為者，處新臺幣一萬元以上一百萬元以下罰鍰。 ／ 違反第二十四條第三項規定，致發生第三十七條第二項之災害者，處新臺幣一萬元以上二十萬元以下罰鍰，並應接受中央主管機關指定之講習；拒不接受講習者，按次處罰。 ／ 前項情形，操作人員係因雇主指示作業所致者，不予處罰。 ／ 違反第二十條第六項、第三十二條第四項或第三十四條第二項之規定者，處新臺幣三千元以下罰鍰。 ／ 第一項裁處權時效，自直轄市或縣（市）主管機關收受申訴人依第二十二條之三第一項但書規定提起申訴之日起算。
OSH-01	OSH	職業安全衛生法	第47條		代行檢查機構執行職務，違反本法或依本法所發布之命令者，處新臺幣六萬元以上三十萬元以下罰鍰；其情節重大者，中央主管機關並得予以暫停代行檢查職務或撤銷指定代行檢查職務之處分。
OSH-01	OSH	職業安全衛生法	第48條		有下列情形之一者，予以警告或處新臺幣六萬元以上三十萬元以下罰鍰，並得限期令其改正；屆期未改正或情節重大者，得撤銷或廢止其認可，或定期停止其業務之全部或一部： ／ 一、驗證機構違反中央主管機關依第八條第五項規定所定之辦法。 ／ 二、監測機構違反中央主管機關依第十二條第五項規定所定之辦法。 ／ 三、醫療機構違反第二十條第四項及中央主管機關依第二十條第五項規定所定之辦法。 ／ 四、勞工健康服務專業機構違反中央主管機關依第二十二條第三項規定所定之規則。 ／ 五、訓練單位違反中央主管機關依第三十二條第三項規定所定之規則。 ／ 六、顧問服務機構違反中央主管機關依第三十六條第三項規定所定之規則。
OSH-01	OSH	職業安全衛生法	第49條		有下列情形之一者，應公布其事業單位、雇主、代行檢查機構、驗證機構、監測機構、醫療機構、勞工健康服務專業機構、訓練單位或顧問服務機構之名稱、負責人姓名；其經主管機關處以罰鍰者，應公布該罰鍰處分之處分期日、違反條文及罰鍰金額： ／ 一、發生第三十七條第二項之災害。 ／ 二、有第四十條至第四十五條、第四十七條或第四十八條之情形。 ／ 三、發生職業病。 ／ 符合前項第一款或第二款情形，並應公布職業災害之發生日期、發生地及罹災人數。
OSH-01	OSH	職業安全衛生法	第50條		為提升雇主及工作者之職業安全衛生知識，促進職業安全衛生文化之發展，中央主管機關得訂定獎勵或補助辦法，鼓勵事業單位及有關團體辦理之。 ／ 直轄市與縣（市）主管機關及各目的事業主管機關應積極推動職業安全衛生業務；中央主管機關得訂定績效評核及獎勵辦法。
OSH-01	OSH	職業安全衛生法	第51條		自營作業者獨立作業或以其作業交付承攬時，適用第五條至第七條、第九條、第十條、第十四條、第十六條、第二十四條、第二十六條、第二十七條、第二十八條及其罰則規定。 ／ 第二條第一款所定受工作場所負責人指揮或監督從事勞動之人員，於事業單位工作場所從事勞動，比照該事業單位之勞工，適用本法之規定。但第二十條之體格檢查及在職勞工健康檢查之規定，不在此限。
OSH-01	OSH	職業安全衛生法	第51條之1		事業單位以數位方式經營商品交易或運送，且交付無僱傭關係之個人親自履行外送作業時，適用第五條第一項、第六條、第三十二條第一項、第三十三條、第三十七條第二項及其罰則規定。
OSH-01	OSH	職業安全衛生法	第52條		中央主管機關得將第八條驗證機構管理、第九條抽驗與市場查驗、第十二條作業環境監測機構之管理、查核與監測結果之通報、第十三條新化學物質之登記與報告之審查、第十四條管制性化學品之許可與優先管理化學品之運作資料之備查、第二十條認可之醫療機構管理及健康檢查結果之通報、第二十三條第三項職業安全衛生管理系統之訪查與績效認可、第三十二條第二項訓練單位之管理及第三十九條第二項疑似職業病調查等業務，委託相關專業團體辦理。
OSH-01	OSH	職業安全衛生法	第53條		主管機關辦理本法所定之認可、審查、許可、驗證、檢查及指定等業務，應收規費；其收費標準由中央主管機關定之。
OSH-01	OSH	職業安全衛生法	第54條		本法施行細則，由中央主管機關定之。
OSH-01	OSH	職業安全衛生法	第55條		本法施行日期，由行政院定之。
OSH-02	OSH	職業安全衛生法施行細則	第1條		本細則依職業安全衛生法（以下簡稱本法）第五十四條規定訂定之。
OSH-02	OSH	職業安全衛生法施行細則	第2條		本法第二條第一款、第六款、第十條第二項及第五十一條第一項所稱自營作業者，指獨立從事勞動或技藝工作，獲致報酬，且未僱用有酬人員幫同工作者。 ／ 本法第二條第一款及第六款所稱其他受工作場所負責人指揮或監督從事勞動之人員，指與事業單位無僱傭關係，於其工作場所從事勞動或以學習技能、接受職業訓練為目的從事勞動之工作者。
OSH-02	OSH	職業安全衛生法施行細則	第3條		本法第二條第一款、第六款、第十八條第一項、第二十三條第四項、第二十七條第一項第一款及第五十一條第二項所稱工作場所負責人，指雇主或於該工作場所代表雇主從事管理、指揮或監督工作者從事勞動之人。
OSH-02	OSH	職業安全衛生法施行細則	第4條		本法第二條第二款、第十八條第三項及第三十六條第一項所稱工資，指勞工因工作而獲得之報酬，包括工資、薪金及按計時、計日、計月、計件以現金或實物等方式給付之獎金、津貼及其他任何名義之經常性給與均屬之。
OSH-02	OSH	職業安全衛生法施行細則	第5條		（刪除）
OSH-02	OSH	職業安全衛生法施行細則	第6條		本法第二條第五款所稱職業上原因，指隨作業活動所衍生，於勞動上一切必要行為及其附隨行為而具有相當因果關係者。
OSH-02	OSH	職業安全衛生法施行細則	第7條		本法第四條所稱各業，適用中華民國行業標準分類之規定。
OSH-02	OSH	職業安全衛生法施行細則	第8條		本法第五條第一項所稱合理可行範圍，指依本法及有關安全衛生法令、指引、實務規範或一般社會通念，雇主明知或可得而知勞工所從事之工作，有致其生命、身體及健康受危害之虞，並可採取必要之預防設備或措施者。 ／ 本法第五條第二項及第二十六條第一項所稱風險評估，指辨識、分析及評量風險之程序。
OSH-02	OSH	職業安全衛生法施行細則	第9條		（刪除）
OSH-02	OSH	職業安全衛生法施行細則	第10條		（刪除）
OSH-02	OSH	職業安全衛生法施行細則	第11條		本法第六條第二項第三款所定執行職務因他人行為遭受身體或精神不法侵害之預防，雇主應依相關法令規定採取必要之安全衛生措施，包括辦理內部調查及為一定之處置；其涉及民事、刑事或行政責任者，由各該主管機關或司法機關依規定調查或認定。
OSH-02	OSH	職業安全衛生法施行細則	第12條		本法第七條第一項所稱中央主管機關指定之機械、設備或器具如下： ／ 一、動力衝剪機械。 ／ 二、手推刨床。 ／ 三、木材加工用圓盤鋸。 ／ 四、動力堆高機。 ／ 五、研磨機。 ／ 六、研磨輪。 ／ 七、防爆電氣設備。 ／ 八、動力衝剪機械之光電式安全裝置。 ／ 九、手推刨床之刃部接觸預防裝置。 ／ 十、木材加工用圓盤鋸之反撥預防裝置及鋸齒接觸預防裝置。 ／ 十一、其他經中央主管機關指定公告者。
OSH-02	OSH	職業安全衛生法施行細則	第13條		本法第七條至第九條所稱型式驗證，指由驗證機構對某一型式之機械、設備或器具等產品，審驗符合安全標準之程序。
OSH-02	OSH	職業安全衛生法施行細則	第14條		本法第十條第一項所稱具有危害性之化學品，指下列之危險物或有害物： ／ 一、危險物：符合國家標準CNS15030分類，具有物理性危害者。 ／ 二、有害物：符合國家標準CNS15030分類，具有健康危害者。
OSH-02	OSH	職業安全衛生法施行細則	第15條		本法第十條第一項所稱危害性化學品之清單，指記載化學品名稱、製造商或供應商基本資料、使用及貯存量等項目之清冊或表單。
OSH-02	OSH	職業安全衛生法施行細則	第16條		本法第十條第一項所稱危害性化學品之安全資料表，指記載化學品名稱、製造商或供應商基本資料、危害特性、緊急處理及危害預防措施等項目之表單。
OSH-02	OSH	職業安全衛生法施行細則	第17條		本法第十二條第三項所稱作業環境監測，指為掌握勞工作業環境實態與評估勞工暴露狀況，所採取之規劃、採樣、測定、分析及評估。 ／ 本法第十二條第三項規定應訂定作業環境監測計畫及實施監測之作業場所如下： ／ 一、設置有中央管理方式之空氣調節設備之建築物室內作業場所。 ／ 二、坑內作業場所。 ／ 三、顯著發生噪音之作業場所。 ／ 四、下列作業場所，經中央主管機關指定者： ／ （一）高溫作業場所。 ／ （二）粉塵作業場所。 ／ （三）鉛作業場所。 ／ （四）四烷基鉛作業場所。 ／ （五）有機溶劑作業場所。 ／ （六）特定化學物質作業場所。 ／ 五、其他經中央主管機關指定公告之作業場所。
OSH-02	OSH	職業安全衛生法施行細則	第18條		中央主管機關依本法第十三條第二項，審查化學物質安全評估報告後，得予公開之資訊如下： ／ 一、新化學物質編碼。 ／ 二、危害分類及標示。 ／ 三、物理及化學特性資訊。 ／ 四、毒理資訊。 ／ 五、安全使用資訊。 ／ 六、為因應緊急措施或維護工作者安全健康，有必要揭露予特定人員之資訊。 ／ 前項第六款之資訊範圍如下： ／ 一、新化學物質名稱及基本辨識資訊。 ／ 二、製造或輸入新化學物質之數量。 ／ 三、新化學物質於混合物之組成。 ／ 四、新化學物質之製造、用途及暴露資訊。
OSH-02	OSH	職業安全衛生法施行細則	第19條		本法第十四條第一項所定管制性化學品如下： ／ 一、第二十條所定優先管理化學品中，依國家標準CNS 15030分類，屬致癌物質第一級、生殖細胞致突變性物質第一級或生殖毒性物質第一級，且經中央主管機關評估具高度暴露風險者。 ／ 二、其他經中央主管機關指定公告者。
OSH-02	OSH	職業安全衛生法施行細則	第20條		本法第十四條第二項所稱優先管理化學品如下： ／ 一、本法第二十九條第一項第三款及第三十條第一項第五款規定所列之危害性化學品。 ／ 二、依國家標準 CNS15030 分類，屬致癌物質第一級、生殖細胞致突變性物質第一級或生殖毒性物質第一級者。 ／ 三、依國家標準 CNS15030 分類，具有物理性危害或健康危害，其化學品運作量達中央主管機關規定者。 ／ 四、其他經中央主管機關指定公告者。
OSH-02	OSH	職業安全衛生法施行細則	第21條		本法第十五條第一項第一款所稱從事石油裂解之石化工業，指勞動檢查法第二十六條第一項第一款所定從事石油產品之裂解反應，以製造石化基本原料者。 ／ 本法第十五條第一項第二款所稱從事製造、處置或使用危害性之化學品，數量達中央主管機關規定量以上者，指勞動檢查法第二十六條第一項第五款所定之製造、處置或使用危險物及有害物，達中央主管機關規定之數量。
OSH-02	OSH	職業安全衛生法施行細則	第22條		本法第十六條第一項所稱具有危險性之機械，指符合中央主管機關所定一定容量以上之下列機械： ／ 一、固定式起重機。 ／ 二、移動式起重機。 ／ 三、人字臂起重桿。 ／ 四、營建用升降機。 ／ 五、營建用提升機。 ／ 六、吊籠。 ／ 七、其他經中央主管機關指定公告具有危險性之機械。
OSH-02	OSH	職業安全衛生法施行細則	第23條		本法第十六條第一項所稱具有危險性之設備，指符合中央主管機關所定一定容量以上之下列設備： ／ 一、鍋爐。 ／ 二、壓力容器。 ／ 三、高壓氣體特定設備。 ／ 四、高壓氣體容器。 ／ 五、其他經中央主管機關指定公告具有危險性之設備。
OSH-02	OSH	職業安全衛生法施行細則	第24條		本法第十六條第一項規定之檢查，由中央主管機關依機械、設備之種類、特性，就下列檢查項目分別定之： ／ 一、熔接檢查。 ／ 二、構造檢查。 ／ 三、竣工檢查。 ／ 四、定期檢查。 ／ 五、重新檢查。 ／ 六、型式檢查。 ／ 七、使用檢查。 ／ 八、變更檢查。
OSH-02	OSH	職業安全衛生法施行細則	第25條		本法第十八條第一項及第二項所稱有立即發生危險之虞時，指勞工處於需採取緊急應變或立即避難之下列情形之一： ／ 一、自設備洩漏大量危害性化學品，致有發生爆炸、火災或中毒等危險之虞時。 ／ 二、從事河川工程、河堤、海堤或圍堰等作業，因強風、大雨或地震，致有發生危險之虞時。 ／ 三、從事隧道等營建工程或管溝、沉箱、沉筒、井筒等之開挖作業，因落磐、出水、崩塌或流砂侵入等，致有發生危險之虞時。 ／ 四、於作業場所有易燃液體之蒸氣或可燃性氣體滯留，達爆炸下限值之百分之三十以上，致有發生爆炸、火災危險之虞時。 ／ 五、於儲槽等內部或通風不充分之室內作業場所，致有發生中毒或窒息危險之虞時。 ／ 六、從事缺氧危險作業，致有發生缺氧危險之虞時。 ／ 七、於高度二公尺以上作業，未設置防墜設施及未使勞工使用適當之個人防護具，致有發生墜落危險之虞時。 ／ 八、於道路或鄰接道路從事作業，未採取管制措施及未設置安全防護設施，致有發生危險之虞時。 ／ 九、其他經中央主管機關指定公告有發生危險之虞時之情形。
OSH-02	OSH	職業安全衛生法施行細則	第26條		本法第十八條第三項及第三十九條第四項所稱其他不利之處分，指直接或間接損害勞工依法令、契約或習慣上所應享有權益之措施。
OSH-02	OSH	職業安全衛生法施行細則	第27條		本法第二十條第一項所稱體格檢查，指於僱用勞工時，為識別勞工工作適性，考量其是否有不適合作業之疾病所實施之身體檢查。 ／ 本法第二十條第一項所稱在職勞工應施行之健康檢查如下： ／ 一、一般健康檢查：指雇主對在職勞工，為發現健康有無異常，以提供適當健康指導、適性配工等健康管理措施，依其年齡於一定期間或變更其工作時所實施者。 ／ 二、特殊健康檢查：指對從事特別危害健康作業之勞工，為發現健康有無異常，以提供適當健康指導、適性配工及實施分級管理等健康管理措施，依其作業危害性，於一定期間或變更其工作時所實施者。 ／ 三、特定對象及特定項目之健康檢查：指對可能為罹患職業病之高風險群勞工，或基於疑似職業病及本土流行病學調查之需要，經中央主管機關指定公告，要求其雇主對特定勞工施行必要項目之臨時性檢查。
OSH-02	OSH	職業安全衛生法施行細則	第28條		（刪除）
OSH-02	OSH	職業安全衛生法施行細則	第29條		本法第二十條第六項所稱勞工有接受檢查之義務，指勞工應依雇主安排於符合本法規定之醫療機構接受體格及健康檢查。 ／ 勞工自行於其他符合規定之醫療機構接受相當種類及項目之檢查，並將檢查結果提供予雇主者，視為已接受本法第二十條第一項之檢查。
OSH-02	OSH	職業安全衛生法施行細則	第30條		（刪除）
OSH-02	OSH	職業安全衛生法施行細則	第31條		（刪除）
OSH-02	OSH	職業安全衛生法施行細則	第32條		本法第二十三條第一項所定安全衛生組織，包括下列組織： ／ 一、職業安全衛生管理單位：為事業單位內擬訂、規劃、推動及督導職業安全衛生有關業務之組織。 ／ 二、職業安全衛生委員會：為事業單位內審議、協調、考核及建議職業安全衛生有關業務之組織。
OSH-02	OSH	職業安全衛生法施行細則	第33條		本法第二十三條第一項所稱安全衛生人員，指事業單位內擬訂、規劃及推動安全衛生管理業務者，包括下列人員： ／ 一、職業安全衛生業務主管。 ／ 二、職業安全管理師。 ／ 三、職業衛生管理師。 ／ 四、職業安全衛生管理員。
OSH-02	OSH	職業安全衛生法施行細則	第34條		（刪除）
OSH-02	OSH	職業安全衛生法施行細則	第35條		本法第二十三條第二項所稱職業安全衛生管理系統，指事業單位依其規模、性質，建立包括規劃、實施、評估及改善措施之系統化管理體制。
OSH-02	OSH	職業安全衛生法施行細則	第36條		本法第二十六條第一項所定事前告知，事業單位應依下列方式之一辦理： ／ 一、於交付承攬時，提供書面或電子文件。 ／ 二、召開協商會議，並作成紀錄。
OSH-02	OSH	職業安全衛生法施行細則	第36條之1		本法第二十六條第三項所稱工作場所或設備，指建築物、屋頂、機械、器具、車輛或其他職業安全衛生法令所定之設備。 ／ 本法第二十六條第三項所定事前告知，事業單位應於出租或出借前，以書面或電子文件為之；其告知危害因素及安全衛生注意事項之內容，應包括可能引起之危害及依職業安全衛生法令所應採取之措施。
OSH-02	OSH	職業安全衛生法施行細則	第37條		本法第二十七條第一項及第二項所稱共同作業，指事業單位與承攬人、再承攬人之工作者，於同一期間、同一工作場所從事工作。
OSH-02	OSH	職業安全衛生法施行細則	第38條		本法第二十七條第一項第一款規定之協議組織，應由原事業單位召集承攬人、再承攬人之工作場所負責人，就下列事項進行協議： ／ 一、安全衛生管理之實施及配合。 ／ 二、勞工作業安全衛生及健康管理規範。 ／ 三、從事動火、高架、開挖、爆破、高壓電活線等危險作業之管制。 ／ 四、對進入局限空間、危險物及有害物作業等作業環境之作業管制。 ／ 五、對引進或修改製程、作業程序、材料及設備等事項之變更管理。 ／ 六、劃一危險性機械之操作信號、工作場所標識（示）、有害物空容器放置、警報、緊急避難方法及訓練等。 ／ 七、使用打樁機、拔樁機、電動機械、電動器具、軌道裝置、乙炔熔接裝置、氧乙炔熔接裝置、電弧熔接裝置、換氣裝置及沉箱、架設通道、上下設備、施工架、工作架台等機械、設備或構造物時，應協調使用上之安全措施。 ／ 八、於高、低氣溫或其他不利氣候條件作業所衍生風險之預防措施。 ／ 九、其他認有必要之協調事項。
OSH-02	OSH	職業安全衛生法施行細則	第39條		本法第三十一條第一項所稱有母性健康危害之虞之工作，指其從事可能影響胚胎發育、妊娠或哺乳期間之母體及幼兒健康之下列工作： ／ 一、工作暴露於具有依國家標準 CNS15030 分類，屬生殖毒性物質、生殖細胞致突變性物質或其他對哺乳功能有不良影響之化學品者。 ／ 二、勞工個人工作型態易造成妊娠或分娩後哺乳期間，產生健康危害影響之工作，包括勞工作業姿勢、人力提舉、搬運、推拉重物、輪班及工作負荷等工作型態，致產生健康危害影響者。 ／ 三、其他經中央主管機關指定公告者。
OSH-02	OSH	職業安全衛生法施行細則	第40條		雇主依本法第三十三條規定宣導本法及有關安全衛生規定時，得以教育、公告、分發印刷品、集會報告、電子郵件、網際網路或其他足使勞工周知之方式為之。
OSH-02	OSH	職業安全衛生法施行細則	第41條		本法第三十四條第一項所定安全衛生工作守則之內容，依下列事項定之： ／ 一、事業之安全衛生管理及各級之權責。 ／ 二、機械、設備或器具之操作規範與作業程序、維護及檢查。 ／ 三、工作安全衛生標準。 ／ 四、教育訓練。 ／ 五、健康指導及管理措施。 ／ 六、急救及搶救。 ／ 七、防護設備之準備、維持及使用。 ／ 八、個人防護具之維護及使用。 ／ 九、事故通報及報告。 ／ 十、其他有關安全衛生事項。
OSH-02	OSH	職業安全衛生法施行細則	第42條		前條之安全衛生工作守則，得依事業單位之實際需要，訂定適用於全部或一部分事業，並得依工作性質、規模分別訂定，報請勞動檢查機構備查。 ／ 事業單位訂定之安全衛生工作守則，其適用區域跨二以上勞動檢查機構轄區時，應報請中央主管機關指定之勞動檢查機構備查。
OSH-02	OSH	職業安全衛生法施行細則	第43條		本法第三十四條第一項、第三十七條第一項所定之勞工代表，事業單位設有工會者，由工會推派之；無工會組織而有勞資會議者，由勞方代表推選之；無工會組織且無勞資會議者，由勞工共同推選之。
OSH-02	OSH	職業安全衛生法施行細則	第44條		中央主管機關或勞動檢查機構為執行職業安全衛生監督及檢查，於必要時，得要求代行檢查機構或代行檢查人員，提出相關報告、紀錄、帳冊、文件或說明。
OSH-02	OSH	職業安全衛生法施行細則	第45條		本法第三十五條所定職業安全衛生諮詢會，置委員九人至十五人，任期二年，由中央主管機關就勞工團體、雇主團體、職業災害勞工團體、有關機關代表及安全衛生學者專家遴聘之。
OSH-02	OSH	職業安全衛生法施行細則	第46條		勞動檢查機構依本法第三十六條第一項規定實施安全衛生檢查、通知限期改善或停工之程序，應依勞動檢查法相關規定辦理。
OSH-02	OSH	職業安全衛生法施行細則	第46條之1		本法第三十七條第一項所定雇主應即採取必要之急救、搶救等措施，包括下列事項： ／ 一、使有立即發生危險之虞之工作者，退避至安全場所。 ／ 二、對發生職業災害之工作場所進行人員清點，及管制現場，禁止其他工作者進入。 ／ 三、提供緊急應變作業人員必要之個人防護具與設備及規劃緊急撤離機制。 ／ 四、其他為確保工作場所所有工作者安全之必要緊急應變措施。
OSH-02	OSH	職業安全衛生法施行細則	第47條		本法第三十七條第二項規定雇主應於八小時內通報勞動檢查機構，所稱雇主，指罹災勞工之雇主或受工作場所負責人指揮監督從事勞動之罹災工作者工作場所之雇主；所稱應於八小時內通報勞動檢查機構，指事業單位明知或可得而知已發生規定之職業災害事實起八小時內，應向其事業單位所在轄區之勞動檢查機構通報。 ／ 雇主因緊急應變或災害搶救而委託其他雇主或自然人，依規定向其所在轄區之勞動檢查機構通報者，視為已依本法第三十七條第二項規定通報。
OSH-02	OSH	職業安全衛生法施行細則	第48條		本法第三十七條第二項第二款所稱發生災害之罹災人數在三人以上者，指於勞動場所同一災害發生工作者永久全失能、永久部分失能及暫時全失能之總人數達三人以上者。 ／ 本法第三十七條第二項第三款所稱發生災害之罹災人數在一人以上，且需住院治療者，指於勞動場所發生工作者罹災在一人以上，且經醫療機構診斷需住院治療者。
OSH-02	OSH	職業安全衛生法施行細則	第49條		勞動檢查機構應依本法第三十七條第三項規定，派員對事業單位工作場所發生死亡或重傷之災害，實施檢查，並調查災害原因及責任歸屬。但其他法律已有火災、爆炸、礦災、空難、海難、震災、毒性化學物質災害、輻射事故及陸上交通事故之相關檢查、調查或鑑定機制者，不在此限。 ／ 前項所稱重傷之災害，指造成罹災者肢體或器官嚴重受損，危及生命或造成其身體機能嚴重喪失，且須住院治療連續達二十四小時以上之災害者。
OSH-02	OSH	職業安全衛生法施行細則	第50條		本法第三十七條第四項所稱雇主，指災害發生現場所有事業單位之雇主；所稱現場，指造成災害之機械、設備、器具、原料、材料等相關物件及其作業場所。
OSH-02	OSH	職業安全衛生法施行細則	第51條		本法第三十八條所定中央主管機關指定之事業如下： ／ 一、勞工人數在三十人以上之事業。 ／ 二、勞工人數未滿三十人之事業，經中央主管機關指定者。 ／ 雇主依本法第三十八條規定填載職業災害內容與統計之格式，及報請備查之方式，由中央主管機關定之。
OSH-02	OSH	職業安全衛生法施行細則	第52條		勞工因雇主違反本法規定致發生職業災害所提起之訴訟，得向中央主管機關申請扶助。 ／ 前項扶助業務，中央主管機關得委託民間團體辦理。
OSH-02	OSH	職業安全衛生法施行細則	第53條		本法第五十條第二項所定直轄市與縣（市）主管機關及各目的事業主管機關應依有關法令規定，配合國家職業安全衛生政策，積極辦理包括下列事項之職業安全衛生業務： ／ 一、策略及規劃。 ／ 二、法規及制度。 ／ 三、推動及實施。 ／ 四、督導及成效評估。 ／ 五、檢討及持續改善。 ／ 六、其他安全衛生促進活動。
OSH-02	OSH	職業安全衛生法施行細則	第54條		本細則自中華民國一百零三年七月三日施行。 ／ 本細則中華民國一百零九年二月二十七日修正發布之條文，自一百零九年三月一日施行；一百十五年六月二十六日修正發布之條文，自一百十五年七月一日施行。
OSH-03	OSH	勞動檢查法	第1條		為實施勞動檢查，貫徹勞動法令之執行、維護勞雇雙方權益、安定社會、發展經濟，特制定本法。
OSH-03	OSH	勞動檢查法	第2條		本法所稱主管機關：在中央為勞動部；在直轄市為直轄市政府；在縣（市）為縣（市）政府。
OSH-03	OSH	勞動檢查法	第3條		本法用詞定義如下： ／ 一、勞動檢查機構：指中央或直轄市主管機關或有關機關為辦理勞動檢查業務所設置之專責檢查機構。 ／ 二、代行檢查機構：指由中央主管機關指定為辦理危險性機械或設備檢查之行政機關、學術機構或非營利法人。 ／ 三、勞動檢查員：指領有勞動檢查證執行勞動檢查職務之人員。 ／ 四、代行檢查員：指領有代行檢查證執行代行檢查職務之人員。
OSH-03	OSH	勞動檢查法	第4條		勞動檢查事項範圍如下： ／ 一、依本法規定應執行檢查之事項。 ／ 二、勞動基準法令規定之事項。 ／ 三、職業安全衛生法令規定之事項。 ／ 四、其他依勞動法令應辦理之事項。
OSH-03	OSH	勞動檢查法	第5條		勞動檢查由中央主管機關設勞動檢查機構或授權直轄市主管機關或有關機關專設勞動檢查機構辦理之。勞動檢查機構認有必要時，得會同縣（市）主管機關檢查。 ／ 前項授權之勞動檢查，應依本法有關規定辦理，並受中央主管機關之指揮監督。 ／ 勞動檢查機構之組織、員額設置基準，依受檢查事業單位之數量、地區特性，由中央主管機關擬訂，報請行政院核定之。
OSH-03	OSH	勞動檢查法	第6條		中央主管機關應參酌我國勞動條件現況、安全衛生條件、職業災害嚴重率及傷害頻率之情況，於年度開始前六個月公告並宣導勞動檢查方針，其內容為： ／ 一、優先受檢查事業單位之選擇原則。 ／ 二、監督檢查重點。 ／ 三、檢查及處理原則。 ／ 四、其他必要事項。 ／ 勞動檢查機構應於前項檢查方針公告後三個月內，擬定勞動監督檢查計畫，報請中央主管機關核備後實施。
OSH-03	OSH	勞動檢查法	第7條		勞動檢查機構應建立事業單位有關勞動檢查之資料，必要時得請求有關機關或團體提供。 ／ 對於前項之請求，除其他法律有特別規定者外，有關機關或團體不得拒絕。 ／ 中央主管機關應每年定期公布勞動檢查年報。
OSH-03	OSH	勞動檢查法	第8條		勞動檢查員之任用，除適用公務人員有關法令之規定外，其遴用標準由中央主管機關定之。
OSH-03	OSH	勞動檢查法	第9條		勞動檢查員應接受專業訓練。 ／ 前項訓練辦法，由中央主管機關定之。
OSH-03	OSH	勞動檢查法	第10條		勞動檢查員由勞動檢查機構依其專長及任務之特性指派，執行第四條所定之職務。
OSH-03	OSH	勞動檢查法	第11條		勞動檢查員不得有左列行為： ／ 一、為變更、隱匿或捏造事實之陳報。 ／ 二、洩漏受檢查事業單位有關生產技術、設備及經營財務等秘密；離職後亦同。 ／ 三、處理秘密申訴案件，洩漏其申訴來源。 ／ 四、與受檢查事業單位發生不當財務關係。 ／ 勞動檢查員有違法或失職情事者，任何人得根據事實予以舉發。
OSH-03	OSH	勞動檢查法	第12條		勞動檢查員與受檢查事業單位有利害關係者，應自行迴避，不得執行職務；其辦法，由中央主管機關定之。
OSH-03	OSH	勞動檢查法	第13條		勞動檢查員執行職務，除左列事項外，不得事先通知事業單位： ／ 一、第二十六條規定之審查或檢查。 ／ 二、危險性機械或設備檢查。 ／ 三、職業災害檢查。 ／ 四、其他經勞動檢查機構或主管機關核准者。
OSH-03	OSH	勞動檢查法	第14條		勞動檢查員為執行檢查職務，得隨時進入事業單位，雇主、雇主代理人、勞工及其他有關人員均不得無故拒絕、規避或妨礙。 ／ 前項事業單位有關人員之拒絕、規避或妨礙，非警察協助不足以排除時，勞動檢查員得要求警察人員協助。
OSH-03	OSH	勞動檢查法	第15條		勞動檢查員執行職務時，得就勞動檢查範圍，對事業單位之雇主、有關部門主管人員、工會代表及其他有關人員為左列行為： ／ 一、詢問有關人員，必要時並得製作談話紀錄或錄音。 ／ 二、通知有關人員提出必要報告、紀錄、工資清冊及有關文件或作必要之說明。 ／ 三、檢查事業單位依法應備置之文件資料、物品等，必要時並得影印資料、拍攝照片、錄影或測量等。 ／ 四、封存或於掣給收據後抽取物料、樣品、器材、工具，以憑檢驗。 ／ 勞動檢查員依前項所為之行為，事業單位或有關人員不得拒絕、規避或妨礙。 ／ 勞動檢查員依第一項第三款所為之錄影、拍攝之照片等，事業單位認有必要時，得向勞動檢查機構申請檢視或複製。 ／ 對於前項事業單位之請求，勞動檢查機構不得拒絕。
OSH-03	OSH	勞動檢查法	第16條		勞動檢查員對違反勞動法律規定之犯罪嫌疑者，必要時，得聲請檢察官簽發搜索票，就其相關物件、處所執行搜索、扣押。
OSH-03	OSH	勞動檢查法	第17條		中央主管機關對於危險性機械或設備之檢查，除由勞動檢查機構派勞動檢查員實施外，必要時亦得指定代行檢查機構派代行檢查員實施。
OSH-03	OSH	勞動檢查法	第18條		代行檢查機構之資格條件與所負責任、考評及獎勵辦法，暨代行檢查員之資格、訓練，由中央主管機關定之。
OSH-03	OSH	勞動檢查法	第19條		代行檢查業務為非營利性質，其收費標準之計算，以收支平衡為原則，由代行檢查機構就其代行檢查所需經費列計標準，報請中央主管機關核定之。
OSH-03	OSH	勞動檢查法	第20條		代行檢查機構擬變更代行檢查業務時，應檢附擬增減之機械或設備種類、檢查類別、區域等資料，向中央主管機關申請核准。
OSH-03	OSH	勞動檢查法	第21條		第十一條及第十二條之規定，於代行檢查員適用之。
OSH-03	OSH	勞動檢查法	第22條		勞動檢查員進入事業單位進行檢查時，應主動出示勞動檢查證，並告知雇主及工會。事業單位對未持勞動檢查證者，得拒絕檢查。 ／ 勞動檢查員於實施檢查後應作成紀錄，告知事業單位違反法規事項及提供雇主、勞工遵守勞動法令之意見。 ／ 第一項之勞動檢查證，由中央主管機關製發之。
OSH-03	OSH	勞動檢查法	第23條		勞動檢查員實施勞動檢查認有必要時，得報請所屬勞動檢查機構核准後，邀請相關主管機關、學術機構、相關團體或專家、醫師陪同前往鑑定，事業單位不得拒絕。 ／ 第十一條第一項第二款及第十二條之規定，於前項陪同人員適用之。
OSH-03	OSH	勞動檢查法	第24條		勞動檢查機構辦理職業災害檢查、鑑定、分析等事項，得由中央主管機關所屬勞動部勞動及職業安全衛生研究所或其他學術、研究機構提供必要之技術協助。
OSH-03	OSH	勞動檢查法	第25條		勞動檢查員對於事業單位之檢查結果，應報由所屬勞動檢查機構依法處理；其有違反勞動法令規定事項者，勞動檢查機構並應於十日內以書面通知事業單位立即改正或限期改善，並副知直轄市、縣（市）主管機關督促改善。對公營事業單位檢查之結果，應另副知其目的事業主管機關督促其改善。 ／ 事業單位對前項檢查結果，應於違規場所顯明易見處公告七日以上。
OSH-03	OSH	勞動檢查法	第26條		左列危險性工作場所，非經勞動檢查機構審查或檢查合格，事業單位不得使勞工在該場所作業： ／ 一、從事石油裂解之石化工業之工作場所。 ／ 二、農藥製造工作場所。 ／ 三、爆竹煙火工廠及火藥類製造工作場所。 ／ 四、設置高壓氣體類壓力容器或蒸汽鍋爐，其壓力或容量達中央主管機關規定者之工作場所。 ／ 五、製造、處置、使用危險物、有害物之數量達中央主管機關規定數量之工作場所。 ／ 六、中央主管機關會商目的事業主管機關指定之營造工程之工作場所。 ／ 七、其他中央主管機關指定之工作場所。 ／ 前項工作場所應審查或檢查之事項，由中央主管機關定之。
OSH-03	OSH	勞動檢查法	第27條		勞動檢查機構對事業單位工作場所發生重大職業災害時，應立即指派勞動檢查員前往實施檢查，調查職業災害原因及責任；其發現非立即停工不足以避免職業災害擴大者，應就發生災害場所以書面通知事業單位部分或全部停工。
OSH-03	OSH	勞動檢查法	第28條		勞動檢查機構指派勞動檢查員對各事業單位工作場所實施安全衛生檢查時，發現勞工有立即發生危險之虞，得就該場所以書面通知事業單位逕予先行停工。 ／ 前項有立即發生危險之虞之情事，由中央主管機關定之。
OSH-03	OSH	勞動檢查法	第29條		勞動檢查員對事業單位未依勞動檢查機構通知限期改善事項辦理，而有發生職業災害之虞時，應陳報所屬勞動檢查機構；勞動檢查機構於認有必要時，得以書面通知事業單位部分或全部停工。
OSH-03	OSH	勞動檢查法	第30條		經依第二十七條至第二十九條規定通知停工之事業單位，得於停工之原因消滅後，向勞動檢查機構申請復工。
OSH-03	OSH	勞動檢查法	第31條		代行檢查員進入事業單位實施檢查時，應主動出示代行檢查證，並告知雇主指派人員在場。 ／ 代行檢查員於實施危險性機械或設備之檢查後，合格者，應即於原合格證上簽署，註明有效期限；不合格者，應告知事業單位不合格事項，並陳報所屬代行檢查機構函請勞動檢查機構依法處理。 ／ 前項不合格之危險性機械或設備，非經檢查合格，不得使用。 ／ 第一項之代行檢查證，由中央主管機關製發之。
OSH-03	OSH	勞動檢查法	第32條		事業單位應於顯明而易見之場所公告左列事項： ／ 一、受理勞工申訴之機構或人員。 ／ 二、勞工得申訴之範圍。 ／ 三、勞工申訴書格式。 ／ 四、申訴程序。 ／ 前項公告書，由中央主管機關定之。
OSH-03	OSH	勞動檢查法	第33條		勞動檢查機構於受理勞工申訴後，應儘速就其申訴內容派勞動檢查員實施檢查，並應於十四日內將檢查結果通知申訴人。 ／ 勞工向工會申訴之案件，由工會依申訴內容查證後，提出書面改善建議送事業單位，並副知申訴人及勞動檢查機構。 ／ 事業單位拒絕前項之改善建議時，工會得向勞動檢查機構申請實施檢查。 ／ 事業單位不得對勞工申訴人終止勞動契約或為其他不利勞工之處分。 ／ 勞動檢查機構受理勞工申訴必須保持秘密，不得洩漏勞工申訴人身分。
OSH-03	OSH	勞動檢查法	第34條		有左列情形之一者，處三年以下有期徒刑、拘役或科或併科新臺幣十五萬元以下罰金： ／ 一、違反第二十六條規定，使勞工在未經審查或檢查合格之工作場所作業者。 ／ 二、違反第二十七條至第二十九條停工通知者。 ／ 法人之代表人、法人或自然人之代理人、受僱人或其他從業人員，因執行業務犯前項之罪者，除處罰其行為人外，對該法人或自然人亦科以前項之罰金。
OSH-03	OSH	勞動檢查法	第35條		事業單位或行為人有下列情形之一者，處新臺幣三萬元以上十五萬元以下罰鍰，並得按次處罰： ／ 一、違反第十四條第一項規定。 ／ 二、違反第十五條第二項規定。
OSH-03	OSH	勞動檢查法	第36條		有左列情形之一者，處新臺幣三萬元以上六萬元以下罰鍰： ／ 一、事業單位違反第二十五條第二項或第三十二條第一項規定者。 ／ 二、有關團體違反第七條第二項規定者。
OSH-03	OSH	勞動檢查法	第37條		依本法所處之罰鍰，經通知而逾期不繳納者，移送法院強制執行。
OSH-03	OSH	勞動檢查法	第38條		本法修正施行前已依法令設立之屬第二十六條所定危險性工作場所，應於中央主管機關指定期限內，申請該管勞動檢查機構審查或檢查；逾期不辦理或審查、檢查不合格，而仍使勞工在該場所作業者，依第三十四條規定處罰。
OSH-03	OSH	勞動檢查法	第39條		本法施行細則，由中央主管機關定之。
OSH-03	OSH	勞動檢查法	第40條		本法自公布日施行。
OSH-04	OSH	勞動檢查法施行細則	第1條		本細則依勞動檢查法（以下簡稱本法）第三十九條規定訂定之。
OSH-04	OSH	勞動檢查法施行細則	第2條		本法所稱危險性機械或設備，指職業安全衛生法第十六條所定之具有危險性之機械或設備。
OSH-04	OSH	勞動檢查法施行細則	第3條		本法第四條第四款所稱勞動法令，指勞工保險、勞工福利、就業服務及其他相關法令。
OSH-04	OSH	勞動檢查法施行細則	第4條		本法第五條第一項所稱有關機關，指經濟部產業園區管理局、國家科學及技術委員會科學園區管理局及其他經中央主管機關授權辦理勞動檢查之機關。
OSH-04	OSH	勞動檢查法施行細則	第5條		依本法第五條第一項授權之勞動檢查機構應定期將其實施監督與檢查之結果，報請中央主管機關核備。中央主管機關應實施定期及不定期督導考評。
OSH-04	OSH	勞動檢查法施行細則	第6條		本法第六條所稱職業災害嚴重率，指每百萬工時之失能傷害總損失日數；傷害頻率，係指每百萬工時之失能傷害次數。
OSH-04	OSH	勞動檢查法施行細則	第7條		勞動檢查機構依本法第七條第一項規定，得向有關團體請求提供之勞動檢查資料，包括事業單位、雇主之名稱（姓名）、地址、電話、勞工人數及其他相關資料。 ／ 中央主管機關依本法第七條第三項規定，應於每年第三季，公布前一年之勞動檢查年報。
OSH-04	OSH	勞動檢查法施行細則	第8條		本法第九條所稱專業訓練，指新進人員之職前訓練、現職人員之在職訓練及進修。
OSH-04	OSH	勞動檢查法施行細則	第9條		新進勞動檢查員未經前條規定之職前訓練合格前，勞動檢查機構不得指派其單獨執行檢查職務。但特殊情況，經勞動檢查機構敘明理由陳報中央主管機關核准者，不在此限。
OSH-04	OSH	勞動檢查法施行細則	第10條		勞動檢查員依本法第十三條第一款規定通知事業單位檢查行程，應確認事業單位依本法第二十六條或第三十八條規定之申請審查或檢查之文件已完成查核，檢查日期業經勞動檢查機構排定後為之。
OSH-04	OSH	勞動檢查法施行細則	第11條		勞動檢查員依本法第十三條第二款規定通知事業單位檢查行程，應確認事業單位申請危險性機械或設備檢查之文件已完成查核，檢查日期業經勞動檢查機構排定後為之。
OSH-04	OSH	勞動檢查法施行細則	第12條		勞動檢查員依本法第十三條第三款規定通知事業單位檢查行程，應事前完成事業單位發生職業災害之登錄後為之。
OSH-04	OSH	勞動檢查法施行細則	第13條		勞動檢查員依本法第十五條第一項第四款規定實施封存時，以有下列情事之一者為限： ／ 一、有違反職業安全衛生法令所禁止使用者。 ／ 二、有違反勞動法令者。 ／ 三、有職業災害原因鑑定所必須者。 ／ 四、其他經勞動檢查機構核准者。 ／ 前項封存於其原因消滅或事業單位之申請，經勞動檢查機構許可者，得啟封之。
OSH-04	OSH	勞動檢查法施行細則	第14條		勞動檢查員依本法第十五條第一項第四款規定實施封存時，應開列封存物件清單及貼封條。 ／ 前項之封條應加蓋勞動檢查機構印信，並載明左列事項： ／ 一、勞動檢查機構名稱。 ／ 二、封存物件名稱。 ／ 三、封存日期。 ／ 四、法令依據。
OSH-04	OSH	勞動檢查法施行細則	第15條		事業單位依本法第十五條第三項之規定向勞動檢查機構申請檢視或複製時，應於受檢之次日起三十日內以書面提出；勞動檢查機構應於接獲申請書之次日起三十日內提供。
OSH-04	OSH	勞動檢查法施行細則	第16條		勞動檢查員依本法第十六條之規定執行搜索、扣押，應依刑事訴訟法相關規定。
OSH-04	OSH	勞動檢查法施行細則	第17條		本法第十七條所定得由代行檢查機構指派代行檢查員實施之具有危險性之機械或設備檢查，指定期檢查及其他經中央主管機關指定公告之檢查。
OSH-04	OSH	勞動檢查法施行細則	第18條		依本法第十七條受指定之代行檢查機構為行政機關者，其代行檢查範圍以所屬事業所有之具有危險性之機械或設備為限。
OSH-04	OSH	勞動檢查法施行細則	第19條		勞動檢查員依本法第二十二條規定進入事業單位進行檢查前，應將檢查目的告知雇主及工會，並請其派員陪同。
OSH-04	OSH	勞動檢查法施行細則	第20條		勞動檢查證每二年換發一次，勞動檢查員離職時應繳回。勞動檢查證應貼勞動檢查員之照片，並記載左列事項： ／ 一、所屬單位名稱。 ／ 二、姓名、職稱及編號。 ／ 三、檢查法令依據及檢查範圍。 ／ 四、使用期限。
OSH-04	OSH	勞動檢查法施行細則	第21條		事業單位對勞動檢查機構所發檢查結果通知書有異議時，應於通知書送達之次日起十日內，以書面敘明理由向勞動檢查機構提出。 ／ 前項通知書所定改善期限在勞動檢查機構另為適當處分前，不因事業單位之異議而停止計算。
OSH-04	OSH	勞動檢查法施行細則	第22條		本法第二十五條第二項所稱檢查結果，指勞動檢查機構向事業單位所發立即改正或限期改善之檢查結果通知書。
OSH-04	OSH	勞動檢查法施行細則	第23條		事業單位依本法第二十五條第二項之規定公告檢查結果，以左列方式之一為之： ／ 一、以勞動檢查機構所發檢查結果通知書之全部內容公告者，應公告於左列場所之一： ／ （一）事業單位管制勞工出勤之場所。 ／ （二）餐廳、宿舍及各作業場所之公告場所。 ／ （三）與工會或勞工代表協商同意之場所。 ／ 二、以違反規定單項內容公告者，應公告於違反規定之機具、設備或場所。
OSH-04	OSH	勞動檢查法施行細則	第24條		本法第二十六條至第二十八條所稱工作場所，指於勞動契約存續中，勞工履行契約提供勞務時，由雇主或代理雇主指示處理有關勞工事務之人所能支配、管理之場所。
OSH-04	OSH	勞動檢查法施行細則	第25條		本法第二十六條第一項第一款所稱石油裂解之石化工業之工作場所，係指從事石油產品之裂解反應，以製造石化基本原料之工作場所。
OSH-04	OSH	勞動檢查法施行細則	第26條		本法第二十六條第一項第二款所稱農藥製造工作場所，係指使用異氰酸甲酯、氯化氫、氨、甲醛、過氧化氫或吡啶為原料，從事農藥原體合成之工作場所。
OSH-04	OSH	勞動檢查法施行細則	第27條		本法第二十六條第一項第三款所稱爆竹煙火工廠，係指利用氯酸鹽類、過氯酸鹽類、硝酸鹽類、硫、硫化物、磷化物、木炭粉、金屬粉末及其他原料製造爆竹煙火類物品之工廠；火藥類製造工作場所，係指從事以化學物質製造爆炸性物品之工作場所。
OSH-04	OSH	勞動檢查法施行細則	第27條之1		本法第二十六條第一項第四款所稱高壓氣體類壓力容器，指供處理及儲存高壓氣體之盛裝容器。但左列各款設備或機器不包括之： ／ 一、移動式製造設備。 ／ 二、非屬有毒性或可燃性高壓氣體之單座固定式製造設備。 ／ 三、減壓設備。 ／ 四、空調設備及以氟氯烷為冷媒之冷凍機器。 ／ 本法第二十六條第一項第四款所稱蒸汽鍋爐，指以火焰、燃燒氣體或其他高溫氣體加熱於水或熱媒，使發生超過大氣壓之壓力蒸汽，供給他用之裝置與其附屬過熱器及節煤器。
OSH-04	OSH	勞動檢查法施行細則	第28條		本法第二十六條第一項第四款所稱容量，指蒸汽鍋爐之傳熱面積在五百平方公尺以上，或高壓氣體類壓力容器一日之冷凍能力在一百五十公噸以上或處理能力符合左列規定之一者： ／ 一、一千立方公尺以上之氧氣、有毒性或可燃性高壓氣體。 ／ 二、五千立方公尺以上之前款以外之高壓氣體。
OSH-04	OSH	勞動檢查法施行細則	第29條	Y	本法第二十六條第一項第五款所稱危險物、有害物之數量，依附表一及附表二之規定。
OSH-04	OSH	勞動檢查法施行細則	第30條		（刪除）
OSH-04	OSH	勞動檢查法施行細則	第31條		本法第二十七條所稱重大職業災害，係指左列職業災害之一： ／ 一、發生死亡災害者。 ／ 二、發生災害之罹災人數在三人以上者。 ／ 三、氨、氯、氟化氫、光氣、硫化氫、二氧化硫等化學物質之洩漏，發生一人以上罹災勞工需住院治療者。 ／ 四、其他經中央主管機關指定公告之災害。
OSH-04	OSH	勞動檢查法施行細則	第32條		（刪除）
OSH-04	OSH	勞動檢查法施行細則	第33條		勞動檢查機構依本法第二十七條至第二十九條之規定通知事業單位部分或全部停工時，其停工日數由勞動檢查機構視其情節決定之。 ／ 前項全部停工日數超過七日者，應陳報中央主管機關核定。
OSH-04	OSH	勞動檢查法施行細則	第34條		本法第二十七條至第二十九條之停工通知書，應記載下列事項： ／ 一、受停工處分事業單位、雇主名稱（姓名）及地址。 ／ 二、法令依據。 ／ 三、停工理由。 ／ 四、停工日期。 ／ 五、停工範圍。 ／ 六、申請復工之條件及程序。 ／ 七、執行停工處分之機構。 ／ 前項第五款停工範圍，必要時得以圖說或照片註明。
OSH-04	OSH	勞動檢查法施行細則	第35條		勞動檢查機構依本法第二十七條至第二十九條規定以書面通知事業單位部分或全部停工，於必要時得於停工範圍張貼停工通知書，並得以顯明之警告或禁止之標誌標示停工區域。
OSH-04	OSH	勞動檢查法施行細則	第36條		事業單位依本法第三十條之規定申請復工，勞動檢查機構於查證停工原因消滅後，應以書面通知其復工。 ／ 前項復工通知書應記載左列事項： ／ 一、申請復工之事業單位、雇主名稱（姓名）及地址。 ／ 二、復工日期。 ／ 三、復工範圍。
OSH-04	OSH	勞動檢查法施行細則	第37條		代行檢查員於實施危險性機械或設備之檢查後，對不合格者應即於原檢查合格證記事欄或其他必要文件內記載不合格情形，作成紀錄，並經會同人員簽章。
OSH-04	OSH	勞動檢查法施行細則	第38條		第二十條之規定，於本法第三十一條第四項代行檢查證適用之。
OSH-04	OSH	勞動檢查法施行細則	第39條		本法第三十二條所稱顯明而易見之場所，指第二十三條第一款規定之場所。 ／ 事業單位於前項場所張貼本法第三十二條所定公告書時，應依下列規定辦理： ／ 一、字體大小、張貼高度及位置應適於勞工能清晰閱讀為原則。 ／ 二、為永久張貼，污損時應即更換。
OSH-04	OSH	勞動檢查法施行細則	第40條		（刪除）
OSH-04	OSH	勞動檢查法施行細則	第41條		本細則自發布日施行。 ／ 本細則中華民國一百零三年六月二十六日修正條文，自一百零三年七月三日施行。
OSH-07	OSH	職業安全衛生設施規則	第1條		本規則依職業安全衛生法（以下簡稱本法）第六條第三項規定訂定之。
OSH-07	OSH	職業安全衛生設施規則	第2條		本規則為雇主使勞工從事工作之安全衛生設備及措施之最低標準。
OSH-07	OSH	職業安全衛生設施規則	第3條		本規則所稱特高壓，係指超過二萬二千八百伏特之電壓；高壓，係指超過六百伏特至二萬二千八百伏特之電壓；低壓，係指六百伏特以下之電壓。
OSH-07	OSH	職業安全衛生設施規則	第4條		本規則所稱離心機械，係指離心分離機、離心脫水機、離心鑄造機等之利用迴轉離心力將內裝物分離、脫水及鑄造者。
OSH-07	OSH	職業安全衛生設施規則	第5條		本規則所稱過負荷防止裝置，係指起重機中，為防止吊升物不致超越額定負荷之警報、自動停止裝置，不含一般之荷重計。
OSH-07	OSH	職業安全衛生設施規則	第6條		本規則所稱車輛機械，係指能以動力驅動且自行活動於非特定場所之車輛、車輛系營建機械、堆高機等。 ／ 前項所稱車輛系營建機械，係指推土機、平土機、鏟土機、碎物積裝機、刮運機、鏟刮機等地面搬運、裝卸用營建機械及動力鏟、牽引鏟、拖斗挖泥機、挖土斗、斗式掘削機、挖溝機等掘削用營建機械及打椿機、拔椿機、鑽土機、轉鑽機、鑽孔機、地鑽、夯實機、混凝土泵送車等基礎工程用營建機械。
OSH-07	OSH	職業安全衛生設施規則	第7條		本規則所稱軌道機械，係指於工作場所軌道上供載運勞工或貨物之藉動力驅動之車輛、動力車、捲揚機等一切裝置。
OSH-07	OSH	職業安全衛生設施規則	第8條		本規則所稱手推車，係指藉人力行駛於工作場所，供搬運貨物之車輛。
OSH-07	OSH	職業安全衛生設施規則	第9條		本規則所稱軌道手推車，係指藉人力行駛於工作場所之軌道，供搬運貨物之車輛。
OSH-07	OSH	職業安全衛生設施規則	第10條		（刪除）
OSH-07	OSH	職業安全衛生設施規則	第11條		本規則所稱爆炸性物質，指下列危險物： ／ 一、硝化乙二醇、硝化甘油、硝化纖維及其他具有爆炸性質之硝酸酯類。 ／ 二、三硝基苯、三硝基甲苯、三硝基酚及其他具有爆炸性質之硝基化合物。 ／ 三、過醋酸、過氧化丁酮、過氧化二苯甲醯及其他過氧化有機物。
OSH-07	OSH	職業安全衛生設施規則	第12條		本規則所稱著火性物質，指下列危險物： ／ 一、金屬鋰、金屬鈉、金屬鉀。 ／ 二、黃磷、赤磷、硫化磷等。 ／ 三、賽璐珞類。 ／ 四、碳化鈣、磷化鈣。 ／ 五、鎂粉、鋁粉。 ／ 六、鎂粉及鋁粉以外之金屬粉。 ／ 七、二亞硫磺酸鈉。 ／ 八、其他易燃固體、自燃物質、禁水性物質。
OSH-07	OSH	職業安全衛生設施規則	第13條		本規則所稱易燃液體，指下列危險物： ／ 一、乙醚、汽油、乙醛、環氧丙烷、二硫化碳及其他閃火點未滿攝氏零下三十度之物質。 ／ 二、正己烷、環氧乙烷、丙酮、苯、丁酮及其他閃火點在攝氏零下三十度以上，未滿攝氏零度之物質。 ／ 三、乙醇、甲醇、二甲苯、乙酸戊酯及其他閃火點在攝氏零度以上，未滿攝氏三十度之物質。 ／ 四、煤油、輕油、松節油、異戊醇、醋酸及其他閃火點在攝氏三十度以上，未滿攝氏六十五度之物質。
OSH-07	OSH	職業安全衛生設施規則	第14條		本規則所稱氧化性物質，指下列危險物： ／ 一、氯酸鉀、氯酸鈉、氯酸銨及其他之氯酸鹽類。 ／ 二、過氯酸鉀、過氯酸鈉、過氯酸銨及其他之過氯酸鹽類。 ／ 三、過氧化鉀、過氧化鈉、過氧化鋇及其他無機過氧化物。 ／ 四、硝酸鉀、硝酸鈉、硝酸銨及其他硝酸鹽類。 ／ 五、亞氯酸鈉及其他固體亞氯酸鹽類。 ／ 六、次氯酸鈣及其他固體次氯酸鹽類。
OSH-07	OSH	職業安全衛生設施規則	第15條		本規則所稱可燃性氣體，指下列危險物： ／ 一、氫。 ／ 二、乙炔、乙烯。 ／ 三、甲烷、乙烷、丙烷、丁烷。 ／ 四、其他於一大氣壓下、攝氏十五度時，具有可燃性之氣體。
OSH-07	OSH	職業安全衛生設施規則	第16條		本規則所稱乙炔熔接裝置，係指由乙炔發生器、導管、吹管等所構成，使用乙炔（溶解性乙炔除外）及氧氣供金屬之熔接、熔斷或加熱之設備。
OSH-07	OSH	職業安全衛生設施規則	第16條之1		本規則所稱氧乙炔熔接裝置，指由乙炔及氧氣容器、導管、吹管等所構成，供金屬之熔接、熔斷或加熱之設備。
OSH-07	OSH	職業安全衛生設施規則	第17條		本規則所稱氣體集合熔接裝置，係指由氣體集合裝置、安全器、壓力調整器、導管、吹管等所構成，使用可燃性氣體供金屬之熔接、熔斷或加熱之設備。 ／ 前項之氣體集合裝置，係指由導管連接十個以上之可燃性氣體容器之裝置，或由導管連結九個以下之可燃性氣體容器之裝置中，其容器之容積之合計在氫氣或溶解性乙炔之容器為四百公升以上，其他可燃性氣體之容器為一千公升以上者。
OSH-07	OSH	職業安全衛生設施規則	第18條		本規則所稱高壓氣體，係指下列各款： ／ 一、在常用溫度下，表壓力（以下簡稱壓力）達每平方公分十公斤以上之壓縮氣體或溫度在攝氏三十五度時之壓力可達每平方公分十公斤以上之壓縮氣體。但不含壓縮乙炔氣。 ／ 二、在常用溫度下，壓力達每平方公分二公斤以上之壓縮乙炔氣或溫度在攝氏十五度時之壓力可達每平方公分二公斤以上之壓縮乙炔氣。 ／ 三、在常用溫度下，壓力達每平方公分二公斤以上之液化氣體或壓力達每平方公分二公斤時之溫度在攝氏三十五度以下之液化氣體。 ／ 四、除前款規定者外，溫度在攝氏三十五度時，壓力超過每平方公分零公斤以上之液化氣體中之液化氰化氫、液化溴甲烷、液化環氧乙烷或其他經中央主管機關指定之液化氣體。 ／ 前項高壓氣體不適用於高壓鍋爐及其管內高壓水蒸氣，交通運輸如火車及航空器之高壓氣體、核子反應裝置有關之高壓氣體、及其他經中央主管機關認可不易發生災害之高壓氣體。
OSH-07	OSH	職業安全衛生設施規則	第19條		（刪除）
OSH-07	OSH	職業安全衛生設施規則	第19條之1		本規則所稱局限空間，指非供勞工在其內部從事經常性作業，勞工進出方法受限制，且無法以自然通風來維持充分、清淨空氣之空間。
OSH-07	OSH	職業安全衛生設施規則	第20條		雇主設置之安全衛生設備及措施，應依職業安全衛生法規及中央主管機關指定公告之國家標準、國際標準或團體標準之全部或部分內容規定辦理。
OSH-07	OSH	職業安全衛生設施規則	第21條		雇主對於勞工工作場所之通道、地板、階梯、坡道、工作台或其他勞工踩踏場所，應保持不致使勞工跌倒、滑倒、踩傷、滾落等之安全狀態，或採取必要之預防措施。
OSH-07	OSH	職業安全衛生設施規則	第21條之1		雇主對於有車輛出入、使用道路作業、鄰接道路作業或有導致交通事故之虞之工作場所，應依下列規定設置適當交通號誌、標示或柵欄： ／ 一、交通號誌、標示應能使受警告者清晰獲知。 ／ 二、交通號誌、標示或柵欄之控制處，須指定專人負責管理。 ／ 三、新設道路或施工道路，應於通車前設置號誌、標示、柵欄、反光器、照明或燈具等設施。 ／ 四、道路因受條件限制，永久裝置改為臨時裝置時，應於限制條件終止後即時恢復。 ／ 五、使用於夜間之柵欄，應設有照明或反光片等設施。 ／ 六、信號燈應樹立在道路之右側，清晰明顯處。 ／ 七、號誌、標示或柵欄之支架應有適當強度。 ／ 八、設置號誌、標示或柵欄等設施，尚不足以警告防止交通事故時，應置交通引導人員。 ／ 前項交通號誌、標示或柵欄等設施，道路交通主管機關有規定者，從其規定。
OSH-07	OSH	職業安全衛生設施規則	第21條之2		雇主對於使用道路作業之工作場所，為防止車輛突入等引起之危害，應依下列規定辦理： ／ 一、從事公路施工作業，應依所在地直轄市、縣（市）政府審查同意之交通維持計畫或公路主管機關所核定圖說，設置交通管制設施。 ／ 二、作業人員應戴有反光帶之安全帽，及穿著顏色鮮明有反光帶之施工背心，以利辨識。 ／ 三、與作業無關之車輛禁止停入作業場所。但作業中必須使用之待用車輛，其駕駛常駐作業場所者，不在此限。 ／ 四、使用道路作業之工作場所，應於車流方向後面設置車輛出入口。但依周遭狀況設置有困難者，得於平行車流處設置車輛出入口，並置交通引導人員，使一般車輛優先通行，不得造成大眾通行之障礙。 ／ 五、於勞工從事道路挖掘、施工、工程材料吊運作業、道路或路樹養護等作業時，應於適當處所設置交通安全防護設施或交通引導人員。 ／ 六、前二款及前條第一項第八款所設置之交通引導人員有被撞之虞時，應於該人員前方適當距離，另設置具有顏色鮮明施工背心、安全帽及指揮棒之電動旗手。 ／ 七、日間封閉車道、路肩逾二小時或夜間封閉車道、路肩逾一小時者，應訂定安全防護計畫，並指派專人指揮勞工作業及確認依交通維持圖說之管制設施施作。 ／ 前項所定使用道路作業，不包括公路主管機關會勘、巡查、救災及事故處理。 ／ 第一項第七款安全防護計畫，除依公路主管機關規定訂有交通維持計畫者，得以交通維持計畫替代外，應包括下列事項： ／ 一、交通維持布設圖。 ／ 二、使用道路作業可能危害之項目。 ／ 三、可能危害之防止措施。 ／ 四、提供防護設備、警示設備之檢點及維護方法。 ／ 五、緊急應變處置措施。
OSH-07	OSH	職業安全衛生設施規則	第21條之3		雇主使勞工於工作場所從事下列作業前，應依中央主管機關公告之內容及方式，實施風險評估及採取預防措施，並留存紀錄或文件三年： ／ 一、具墜落危險之下列作業： ／ （一）於石綿板、鐵皮板、瓦、木板、茅草、塑膠等易踏穿材料構築之屋頂從事作業。 ／ （二）第二百二十五條第二項所定之繩索作業。 ／ （三）塔式起重機升高及拆卸作業。 ／ （四）人字臂起重桿組拆作業。 ／ （五）營建用升降機組裝、維修作業。 ／ （六）吊籠作業。 ／ （七）高度在二公尺以上之工作場所邊緣及開口，未能設置護欄、護蓋之影視拍攝作業。 ／ 二、具倒塌、崩塌危險之下列作業： ／ （一）模板支撐高度在七公尺以上，且面積達一百平方公尺以上之灌漿作業。 ／ （二）高度五十公尺以上施工架組立及拆除作業。 ／ （三）開挖深度達十八公尺以上，且面積達五百平方公尺之開挖作業、擋土支撐組立及拆除作業。 ／ 三、具火災、爆炸危險之下列作業： ／ （一）石化業廠場之歲修作業。 ／ （二）使用爆炸性物質、易燃液體或可燃性氣體從事爆破之影視拍攝作業。 ／ 四、具缺氧、中毒危險之下列局限空間從事清理或維修作業： ／ （一）污水或雨水下水道。 ／ （二）廢（污）水處理設施。 ／ （三）食品醃製或發酵槽。 ／ （四）溫泉儲槽。 ／ 五、於開放水域從事有溺水危險之影視拍攝作業。 ／ 六、其他經中央主管機關指定之作業。 ／ 雇主使勞工從事前項作業前，應依中央主管機關指定之方式，通報勞動檢查機構；於變更作業時，亦同。 ／ 第一項之作業，雇主以其事業交付承攬，並與承攬人、再承攬人之工作者共同作業時，交付承攬之雇主應依前二項規定辦理。
OSH-07	OSH	職業安全衛生設施規則	第22條		雇主應使勞工於機械、器具或設備之操作、修理、調整及其他工作過程中，有足夠之活動空間，不得因機械、器具或設備之原料或產品等置放致對勞工活動、避難、救難有不利因素。 ／ 雇主使勞工從事前項作業，有接觸機械、器具或設備之高溫熱表面引起灼燙傷之虞時，應設置警示標誌、適當之隔熱等必要之安全設施。
OSH-07	OSH	職業安全衛生設施規則	第23條		雇主對於建築構造物及其附置物，應保持安全穩固，以防止崩塌等危害。
OSH-07	OSH	職業安全衛生設施規則	第24條		雇主對於建築構造物之基礎及地面，應有足夠之強度，使用時不得超過其設計之荷重，以防止崩塌。
OSH-07	OSH	職業安全衛生設施規則	第25條		雇主對於建築物之工作室，其樓地板至天花板淨高應在二．一公尺以上。但建築法規另有規定者，從其規定。
OSH-07	OSH	職業安全衛生設施規則	第26條		（刪除）
OSH-07	OSH	職業安全衛生設施規則	第26條之1		雇主使勞工於獅、虎、豹、熊及其他具有攻擊性或危險性之動物飼養區從事餵食、誘捕、驅趕、外放，或獸舍打掃維修等作業時，應有適當之人獸隔離設備與措施。但該作業無危害之虞者，不在此限。 ／ 雇主為前項人獸隔離設備與措施時，應依下列規定辦理： ／ 一、勞工打開獸欄時，應於安全處以電動控制為之。但有停電、開關故障、維修保養或其他特殊情況時，經雇主或主管在現場監督者，得以手動為之。 ／ 二、從事作業有接近動物之虞時，應有保持人獸間必要之隔離設施或充分之安全距離。 ／ 三、從獸舍出入口無法透視內部情況者，應設置監視裝置。 ／ 四、勞工與具有攻擊性或危險性動物接近作業時，有導致傷害之虞者，應指定專人監督該作業，並置備電擊棒等適當之防護具，使勞工確實使用。 ／ 五、訂定標準作業程序，使勞工遵循。 ／ 六、其他必要之防護措施。
OSH-07	OSH	職業安全衛生設施規則	第27條		雇主設置之安全門及安全梯於勞工工作期間內不得上鎖，其通道不得堆置物品。
OSH-07	OSH	職業安全衛生設施規則	第28條		（刪除）
OSH-07	OSH	職業安全衛生設施規則	第29條		雇主對於工作用階梯之設置，應依下列之規定： ／ 一、如在原動機與鍋爐房中，或在機械四周通往工作台之工作用階梯，其寬度不得小於五十六公分。 ／ 二、斜度不得大於六十度。 ／ 三、梯級面深度不得小於十五公分。 ／ 四、應有適當之扶手。
OSH-07	OSH	職業安全衛生設施規則	第29條之1		雇主使勞工於局限空間從事作業前，應先確認該局限空間內有無可能引起勞工缺氧、中毒、感電、塌陷、被夾、被捲及火災、爆炸等危害，有危害之虞者，應訂定危害防止計畫，並使現場作業主管、監視人員、作業勞工及相關承攬人依循辦理。 ／ 前項危害防止計畫，應依作業可能引起之危害訂定下列事項： ／ 一、局限空間內危害之確認。 ／ 二、局限空間內氧氣、危險物、有害物濃度之測定。 ／ 三、通風換氣實施方式。 ／ 四、電能、高溫、低溫與危害物質之隔離措施及缺氧、中毒、感電、塌陷、被夾、被捲等危害防止措施。 ／ 五、作業方法及安全管制作法。 ／ 六、進入作業許可程序。 ／ 七、提供之測定儀器、通風換氣、防護與救援設備之檢點及維護方法。 ／ 八、作業控制設施及作業安全檢點方法。 ／ 九、緊急應變處置措施。
OSH-07	OSH	職業安全衛生設施規則	第29條之2		雇主使勞工於局限空間從事作業，有危害勞工之虞時，應於作業場所入口顯而易見處所公告下列注意事項，使作業勞工周知： ／ 一、作業有可能引起缺氧等危害時，應經許可始得進入之重要性。 ／ 二、進入該場所時應採取之措施。 ／ 三、事故發生時之緊急措施及緊急聯絡方式。 ／ 四、現場監視人員姓名。 ／ 五、其他作業安全應注意事項。
OSH-07	OSH	職業安全衛生設施規則	第29條之3		雇主應禁止作業無關人員進入局限空間之作業場所，並於入口顯而易見處所公告禁止進入之規定；於非作業期間，另採取上鎖或阻隔人員進入等管制措施。
OSH-07	OSH	職業安全衛生設施規則	第29條之4		雇主使勞工從事局限空間作業，有缺氧空氣、危害物質致危害勞工之虞者，應置備測定儀器；於作業前確認氧氣及危害物質濃度，並於作業期間採取連續確認之措施。
OSH-07	OSH	職業安全衛生設施規則	第29條之5		雇主使勞工於有危害勞工之虞之局限空間從事作業時，應設置適當通風換氣設備，並確認維持連續有效運轉，與該作業場所無缺氧及危害物質等造成勞工危害。 ／ 前條及前項所定確認，應由專人辦理，其紀錄應保存三年。
OSH-07	OSH	職業安全衛生設施規則	第29條之6		雇主使勞工於有危害勞工之虞之局限空間從事作業時，其進入許可應由雇主、工作場所負責人或現場作業主管簽署後，始得使勞工進入作業。對勞工之進出，應予確認、點名登記，並作成紀錄保存三年。 ／ 前項進入許可，應載明下列事項： ／ 一、作業場所。 ／ 二、作業種類。 ／ 三、作業時間及期限。 ／ 四、作業場所氧氣、危害物質濃度測定結果及測定人員簽名。 ／ 五、作業場所可能之危害。 ／ 六、作業場所之能源或危害隔離措施。 ／ 七、作業人員與外部連繫之設備及方法。 ／ 八、準備之防護設備、救援設備及使用方法。 ／ 九、其他維護作業人員之安全措施。 ／ 十、許可進入之人員及其簽名。 ／ 十一、現場監視人員及其簽名。 ／ 雇主使勞工進入局限空間從事焊接、切割、燃燒及加熱等動火作業時，除應依第一項規定辦理外，應指定專人確認無發生危害之虞，並由雇主、工作場所負責人或現場作業主管確認安全，簽署動火許可後，始得作業。
OSH-07	OSH	職業安全衛生設施規則	第29條之7		雇主使勞工從事局限空間作業，有致其缺氧或中毒之虞者，應依下列規定辦理： ／ 一、作業區域超出監視人員目視範圍者，應使勞工佩戴符合國家標準 CNS14253-1同等以上規定之全身背負式安全帶及可偵測人員活動情形之裝置。 ／ 二、置備可以動力或機械輔助吊升之緊急救援設備。但現場設置確有困難，已採取其他適當緊急救援設施者，不在此限。 ／ 三、從事屬缺氧症預防規則所列之缺氧危險作業者，應指定缺氧作業主管，並依該規則相關規定辦理。
OSH-07	OSH	職業安全衛生設施規則	第30條		雇主對於工作場所出入口、樓梯、通道、安全門、安全梯等，應依第三百一十三條規定設置適當之採光或照明。必要時並應視需要設置平常照明系統失效時使用之緊急照明系統。
OSH-07	OSH	職業安全衛生設施規則	第31條		雇主對於室內工作場所，應依下列規定設置足夠勞工使用之通道： ／ 一、應有適應其用途之寬度，其主要人行道不得小於一公尺。 ／ 二、各機械間或其他設備間通道不得小於八十公分。 ／ 三、自路面起算二公尺高度之範圍內，不得有障礙物。但因工作之必要，經採防護措施者，不在此限。 ／ 四、主要人行道及有關安全門、安全梯應有明顯標示。
OSH-07	OSH	職業安全衛生設施規則	第32條		雇主對於工作場所之人行道、車行道與鐵道，應儘量避免交叉。但設置天橋或地下道，或派專人看守，或設自動信號器者，不在此限。
OSH-07	OSH	職業安全衛生設施規則	第33條		雇主對車輛通行道寬度，應為最大車輛寬度之二倍再加一公尺，如係單行道則為最大車輛之寬度加一公尺。車輛通行道上，並禁止放置物品。
OSH-07	OSH	職業安全衛生設施規則	第34條		雇主對不經常使用之緊急避難用出口、通道或避難器具，應標示其目的，且維持隨時能應用之狀態。 ／ 設置於前項出口或通道之門，應為外開式。
OSH-07	OSH	職業安全衛生設施規則	第35條		雇主對勞工於橫隔兩地之通行時，應設置扶手、踏板、梯等適當之通行設備。但已置有安全側踏梯者，不在此限。
OSH-07	OSH	職業安全衛生設施規則	第36條		雇主架設之通道及機械防護跨橋，應依下列規定： ／ 一、具有堅固之構造。 ／ 二、傾斜應保持在三十度以下。但設置樓梯者或其高度未滿二公尺而設置有扶手者，不在此限。 ／ 三、傾斜超過十五度以上者，應設置踏條或採取防止溜滑之措施。 ／ 四、有墜落之虞之場所，應置備高度七十五公分以上之堅固扶手。在作業上認有必要時，得在必要之範圍內設置活動扶手。 ／ 五、設置於豎坑內之通道，長度超過十五公尺者，每隔十公尺內應設置平台一處。 ／ 六、營建使用之高度超過八公尺以上之階梯，應於每隔七公尺內設置平台一處。 ／ 七、通道路用漏空格條製成者，其縫間隙不得超過三公分，超過時，應裝置鐵絲網防護。
OSH-07	OSH	職業安全衛生設施規則	第37條		雇主設置之固定梯，應依下列規定： ／ 一、具有堅固之構造。 ／ 二、應等間隔設置踏條。 ／ 三、踏條與牆壁間應保持十六點五公分以上之淨距。 ／ 四、應有防止梯移位之措施。 ／ 五、不得有妨礙工作人員通行之障礙物。 ／ 六、平台用漏空格條製成者，其縫間隙不得超過三公分；超過時，應裝置鐵絲網防護。 ／ 七、梯之頂端應突出板面六十公分以上。 ／ 八、梯長連續超過六公尺時，應每隔九公尺以下設一平台，並應於距梯底二公尺以上部分，設置護籠或其他保護裝置。但符合下列規定之一者，不在此限： ／ （一）未設置護籠或其它保護裝置，已於每隔六公尺以下設一平台者。 ／ （二）塔、槽、煙囪及其他高位建築之固定梯已設置符合需要之安全帶、安全索、磨擦制動裝置、滑動附屬裝置及其他安全裝置，以防止勞工墜落者。 ／ 九、前款平台應有足夠長度及寬度，並應圍以適當之欄柵。 ／ 前項第七款至第八款規定，不適用於沉箱內之固定梯。
OSH-07	OSH	職業安全衛生設施規則	第38條		雇主如設置傾斜路代替樓梯時，應依下列規定： ／ 一、傾斜路之斜度不得大於二十度。 ／ 二、傾斜路之表面應以粗糙不滑之材料製造。 ／ 三、其他準用前條第一款、第五款、第八款之規定。
OSH-07	OSH	職業安全衛生設施規則	第39條		雇主設置於坑內之通道或階梯，為防止捲揚裝置與勞工有接觸危險之虞，應於各該場所設置隔板或隔牆等防護措施。
OSH-07	OSH	職業安全衛生設施規則	第40條		雇主僱用勞工於軌道上或接近軌道之場所從事作業時，若通行於軌道上之車輛有觸撞勞工之虞時，應配置監視人員或警告裝置等措施。
OSH-07	OSH	職業安全衛生設施規則	第41條		雇主對於下列機械、設備或器具，應使其具安全構造，並依機械設備器具安全標準之規定辦理： ／ 一、動力衝剪機械。 ／ 二、手推刨床。 ／ 三、木材加工用圓盤鋸。 ／ 四、動力堆高機。 ／ 五、研磨機。 ／ 六、研磨輪。 ／ 七、防爆電氣設備。 ／ 八、動力衝剪機械之光電式安全裝置。 ／ 九、手推刨床之刃部接觸預防裝置。 ／ 十、木材加工用圓盤鋸之反撥預防裝置及鋸齒接觸預防裝置。 ／ 十一、其他經中央主管機關指定公告者。
OSH-07	OSH	職業安全衛生設施規則	第42條		雇主對於機械之設置，應事先妥為規劃，不得使其振動力超過廠房設計安全負荷能力；振動力過大之機械以置於樓下為原則。
OSH-07	OSH	職業安全衛生設施規則	第43條		雇主對於機械之原動機、轉軸、齒輪、帶輪、飛輪、傳動輪、傳動帶等有危害勞工之虞之部分，應有護罩、護圍、套胴、跨橋等設備。 ／ 雇主對用於前項轉軸、齒輪、帶輪、飛輪等之附屬固定具，應為埋頭型或設置護罩。 ／ 雇主對於傳動帶之接頭，不得使用突出之固定具。但裝有適當防護物，足以避免災害發生者，不在此限。
OSH-07	OSH	職業安全衛生設施規則	第44條		雇主應於每一具機械分別設置開關、離合器、移帶裝置等動力遮斷裝置。但連成一體之機械，置有共同動力遮斷裝置，且在工作中途無須以人力供應原料、材料及將其取出者，不在此限。 ／ 前項機械如係切斷、引伸、壓縮、打穿、彎曲、扭絞等加工用機械者、雇主應將同項規定之動力遮斷裝置，置於從事作業之勞工無須離開其工作崗位即可操作之場所。 ／ 雇主設置之第一項動力遮斷裝置，應有易於操作且不因接觸、振動等或其他意外原因致使機械驟然開動之性能。
OSH-07	OSH	職業安全衛生設施規則	第45條		雇主對於使用動力運轉之機械，具有顯著危險者，應於適當位置設置有明顯標誌之緊急制動裝置，立即遮斷動力並與制動系統連動，能於緊急時快速停止機械之運轉。
OSH-07	OSH	職業安全衛生設施規則	第46條		雇主對於動力傳動裝置之軸承，應有適當之潤滑，運轉中禁止注油。但有安全注油裝置者，不在此限。
OSH-07	OSH	職業安全衛生設施規則	第47條		雇主對於原動機或動力傳動裝置，應有防止於停止時，因振動接觸，或其他意外原因驟然開動之裝置。
OSH-07	OSH	職業安全衛生設施規則	第48條		雇主對於具有顯著危險之原動機或動力傳動裝置，應於適當位置設置緊急制動裝置，立即遮斷動力並與剎車系統連動，於緊急時能立即停止原動機或動力傳動裝置之轉動。
OSH-07	OSH	職業安全衛生設施規則	第49條		雇主對於傳動帶，應依下列規定裝設防護物： ／ 一、離地二公尺以內之傳動帶或附近有勞工工作或通行而有接觸危險者，應裝置適當之圍柵或護網。 ／ 二、幅寬二十公分以上，速度每分鐘五百五十公尺以上，兩軸間距離三公尺以上之架空傳動帶週邊下方，有勞工工作或通行之各段，應裝設堅固適當之圍柵或護網。 ／ 三、穿過樓層之傳動帶，於穿過之洞口應設適當之圍柵或護網。
OSH-07	OSH	職業安全衛生設施規則	第50條		動力傳動裝置之轉軸，應依下列規定裝設防護物： ／ 一、離地二公尺以內之轉軸或附近有勞工工作或通行而有接觸之危險者，應有適當之圍柵、掩蓋護網或套管。 ／ 二、因位置關係勞工於通行時必須跨越轉軸者，應於跨越部份裝置適當之跨橋或掩蓋。
OSH-07	OSH	職業安全衛生設施規則	第51條		動力傳動裝置有定輪及遊輪者，雇主應依下列規定設置適當之裝置： ／ 一、移帶裝置之把柄不得設於通道上。 ／ 二、移帶裝置之把柄，其開關方向應一律向左或向右，並加標示。 ／ 三、應有防止傳動帶自行移入定輪之裝置。
OSH-07	OSH	職業安全衛生設施規則	第52條		雇主對於動力傳動裝置之未裝遊輪者，應裝置傳動帶上卸桿。
OSH-07	OSH	職業安全衛生設施規則	第53條		雇主對於傳動帶，除應指定在不用時應掛於適當之支架外，並應規定不用時不得掛於動力傳動裝置之轉軸。
OSH-07	OSH	職業安全衛生設施規則	第54條		雇主對於機械開始運轉有危害勞工之虞者，應規定固定信號，並指定指揮人員負責指揮。
OSH-07	OSH	職業安全衛生設施規則	第55條		加工物、切削工具、模具等因截斷、切削、鍛造或本身缺損，於加工時有飛散物致危害勞工之虞者，雇主應於加工機械上設置護罩或護圍。但大尺寸工件等作業，應於適當位置設置護罩或護圍。
OSH-07	OSH	職業安全衛生設施規則	第56條		雇主對於鑽孔機、截角機等旋轉刃具作業，勞工手指有觸及之虞者，應明確告知及標示勞工不得使用手套，並使勞工確實遵守。
OSH-07	OSH	職業安全衛生設施規則	第57條		雇主對於機械、設備及其相關配件之掃除、上油、檢查、修理或調整有導致危害勞工之虞者，應採取下列措施： ／ 一、停止相關機械運轉及送料。 ／ 二、上鎖及設置標示等措施，防止誤操作該機械、設備及其相關配件之起動等裝置或誤送料。 ／ 三、設置防止落下物導致危害勞工之安全設備及措施。 ／ 雇主進行前項作業前，應依作業場所狀況與機械、設備及其相關配件等，訂定危害防止計畫，使作業勞工周知，並依計畫從事作業；其內容應包括下列事項： ／ 一、作業危害之辨識、評估及控制措施。 ／ 二、作業方法及安全管制作法。 ／ 三、作業許可程序。 ／ 四、作業安全檢點方法。 ／ 第一項機械、設備及其相關配件停止運轉或拆修時，有彈簧等彈性元件、液壓、氣壓或真空蓄能等殘壓引起之危險者，雇主應採釋壓、關斷或阻隔等適當設備或措施。 ／ 第一項工作必須在運轉狀態下施行者，雇主應於危險之部分設置護罩、護圍等安全設施或使用不致危及勞工身體之足夠長度之作業用具。對連續送料生產機組等，其部分單元停機有困難，且危險部分無法設置護罩或護圍者，雇主應設置具有安全機能設計之裝置，或採取必要安全措施及書面確認作業方式之安全性，並指派現場主管在場監督。
OSH-07	OSH	職業安全衛生設施規則	第58條		雇主對於下列機械部分，其作業有危害勞工之虞者，應設置護罩、護圍或具有連鎖性能之安全門等設備。 ／ 一、紙、布、鋼纜或其他具有捲入點危險之捲胴作業機械。 ／ 二、磨床或龍門刨床之刨盤、牛頭刨床之滑板等之衝程部分。 ／ 三、直立式車床、多角車床等之突出旋轉中加工物部分。 ／ 四、帶鋸（木材加工用帶鋸除外）之鋸切所需鋸齒以外部分之鋸齒及帶輪。 ／ 五、電腦數值控制或其他自動化機械具有危險之部分。
OSH-07	OSH	職業安全衛生設施規則	第59條		雇主對車床、滾齒機械等之高度，超過從事作業勞工之身高時，應設置供勞工能安全使用，且為適當高度之工作台。
OSH-07	OSH	職業安全衛生設施規則	第60條		雇主應禁止勞工攀登運轉中之立式車床、龍門刨床等之床台。但置有緊急制動裝置使搭乘於床台或配置於操作盤之勞工能立即停止機器運轉者，不在此限。
OSH-07	OSH	職業安全衛生設施規則	第61條		雇主對於金屬、塑膠等加工用之圓盤鋸，應設置鋸齒接觸預防裝置。
OSH-07	OSH	職業安全衛生設施規則	第62條		雇主對於研磨機之使用，應依下列規定： ／ 一、研磨輪應採用經速率試驗合格且有明確記載最高使用周速度者。 ／ 二、規定研磨機之使用不得超過規定最高使用周速度。 ／ 三、規定研磨輪使用，除該研磨輪為側用外，不得使用側面。 ／ 四、規定研磨機使用，應於每日作業開始前試轉一分鐘以上，研磨輪更換時應先檢驗有無裂痕，並在防護罩下試轉三分鐘以上。 ／ 前項第一款之速率試驗，應按最高使用周速度增加百分之五十為之。直徑不滿十公分之研磨輪得免予速率試驗。
OSH-07	OSH	職業安全衛生設施規則	第63條		雇主對於棉紡機、絲紡機、手紡式或其他各種機械之高速迴轉部分易發生危險者，應裝置護罩、護蓋或其他適當之安全裝置。
OSH-07	OSH	職業安全衛生設施規則	第63條之1		雇主對於使用水柱壓力達每平方公分三百五十公斤以上之高壓水切割裝置，從事沖蝕、剝離、切除、疏通及沖擊等作業，應依下列事項辦理： ／ 一、應於事前依作業場所之狀況、高壓水切割裝置種類、容量等訂定安全衛生作業標準，使作業勞工周知，並指定專人指揮監督勞工依安全衛生作業標準從事作業。 ／ 二、為防止高壓水柱危害勞工，作業前應確認其停止操作時，具有立刻停止高壓水柱施放之功能。 ／ 三、禁止與作業無關人員進入作業場所。 ／ 四、於適當位置設置壓力表及能於緊急時立即遮斷動力之動力遮斷裝置。 ／ 五、作業時應緩慢升高系統操作壓力，停止作業時，應將壓力洩除。 ／ 六、提供防止高壓水柱危害之個人防護具，並使作業勞工確實使用。
OSH-07	OSH	職業安全衛生設施規則	第64條		雇主對於木材加工用帶鋸鋸齒（鋸切所需之部分及鋸床除外）及帶輪，應設置護罩或護圍等設備。
OSH-07	OSH	職業安全衛生設施規則	第65條		雇主對於木材加工用帶鋸之突釘型導送滾輪或鋸齒型導送滾輪，除導送面外，應設接觸預防裝置或護蓋。但設有緊急制動裝置，使勞工能停止突釘型導送滾輪或鋸齒型導送滾輪轉動者，不在此限。
OSH-07	OSH	職業安全衛生設施規則	第66條		雇主對於有自動輸送裝置以外之截角機，應裝置刃部接觸預防裝置。但設置接觸預防裝置有阻礙工作，且勞工使用送料工具時不在此限。
OSH-07	OSH	職業安全衛生設施規則	第67條		雇主應禁止勞工進入自動輸材台或帶鋸輸材台與鋸齒之間，並加以標示。
OSH-07	OSH	職業安全衛生設施規則	第68條		雇主設置固定式圓盤鋸、帶鋸、手推刨床、截角機等合計五台以上時，應指定作業管理人員負責執行下列事項： ／ 一、指揮木材加工用機械之操作。 ／ 二、檢查木材加工用機械及其安全裝置。 ／ 三、發現木材加工用機械及其安全裝置有異時，應即採取必要之措施。 ／ 四、作業中，監視送料工具等之使用情形。
OSH-07	OSH	職業安全衛生設施規則	第69條		雇主對勞工從事動力衝剪機械金屬模之安裝、拆模、調整及試模時，為防止滑塊等突降之危害應使勞工使用安全塊、安全插梢或安全開關鎖匙等之裝置。 ／ 從事前項規定作業之勞工，應確實使用雇主提供之安全塊、安全插梢或安全開關鎖匙。
OSH-07	OSH	職業安全衛生設施規則	第70條		雇主調整衝剪機械之金屬模使滑塊等動作時，對具有寸動機構或滑塊調整裝置者，應採用寸動；未具寸動機構者，應切斷衝剪機械之動力電源，於飛輪等之旋轉停止後，用手旋動飛輪調整之。
OSH-07	OSH	職業安全衛生設施規則	第71條		雇主對於衝剪機械之下列機件或機構應保持應有之性能： ／ 一、離合器及制動裝置。 ／ 二、附屬於離合器、制動之螺絲、彈簧及梢。 ／ 三、連結於離合器及制動之連結機構部分。 ／ 四、滑塊機構。 ／ 五、一行程一停止機構、連動停止機械或緊急停止機構。
OSH-07	OSH	職業安全衛生設施規則	第72條		雇主設置衝剪機械五台以上時，應指定作業管理人員負責執行下列職務： ／ 一、檢查衝壓機械及其安全裝置。 ／ 二、發現衝剪機械及其安全裝置有異狀時，應即採取必要措施。 ／ 三、衝剪機械及其安全裝置裝設有鎖式換回開關時，應保管其鎖匙。 ／ 四、直接指揮金屬模之裝置、拆卸及調整作業。
OSH-07	OSH	職業安全衛生設施規則	第73條		雇主對於離心機械，應裝置覆蓋及連鎖裝置。 ／ 前項連鎖裝置，應使覆蓋未完全關閉時無法啟動。
OSH-07	OSH	職業安全衛生設施規則	第74條		雇主對於自離心機械取出內裝物時，除置有自動取出內裝物之機械外，應規定勞工操作前，應使該機械停止運轉。
OSH-07	OSH	職業安全衛生設施規則	第75條		雇主對於離心機械之使用，應規定不得超越該機械之最高使用回轉數。
OSH-07	OSH	職業安全衛生設施規則	第76條		為防止勞工有自粉碎機及混合機之開口部分墜落之虞，雇主應有覆蓋，護圍、高度在九十公分以上之圍柵等必要設備。但設置覆蓋、護圍或圍柵有阻礙作業，且從事該項作業之勞工佩戴安全帶或安全索以防止墜落者，不在此限。 ／ 為防止由前項開口部份與可動部份之接觸而危害勞工之虞，雇主應有護圍等之設備。
OSH-07	OSH	職業安全衛生設施規則	第77條		雇主對於自粉碎機或混合機，取出內裝物時，除置有自動取出內裝物之機械外，應規定勞工操作前，應使該機械停止運轉。但基於作業需要該機械不能停止運轉，且使勞工使用工具取出內裝物時不致危及勞工安全時不在此限。
OSH-07	OSH	職業安全衛生設施規則	第78條		雇主對於滾輾紙、布、金屬箔等或其他具有捲入點之滾軋機，有危害勞工之虞時，應設護圍、導輪或具有連鎖性能之安全防護裝置等設備。
OSH-07	OSH	職業安全衛生設施規則	第79條		雇主對於滾輾橡膠、橡膠化合物、合成樹脂之滾輾機或其他具有危害之滾輾機，應設置於災害發生時，被害者能自己易於操縱之緊急制動裝置。
OSH-07	OSH	職業安全衛生設施規則	第80條		雇主對於置有紗梭之織機，應裝置導梭。
OSH-07	OSH	職業安全衛生設施規則	第81條		雇主對於引線機之引線滑車或撚線機之籠車，有危害勞工之虞者，應設護罩、護圍等設備。
OSH-07	OSH	職業安全衛生設施規則	第82條		雇主對於射出成型機、鑄鋼造形機、打模機、橡膠加硫成型機、輪胎成型機及其他加壓成型之機械等，有危害勞工之虞者，應設置安全門、雙手操作式安全裝置、感應式安全裝置或其他安全裝置。但第六十九條至第七十二條規定列舉之機械，不在此限。 ／ 前項安全門，應具有非關閉狀態即無法起動機械之性能。
OSH-07	OSH	職業安全衛生設施規則	第83條		雇主對於扇風機之葉片，有危害勞工之虞者，應設護網或護圍等設備。
OSH-07	OSH	職業安全衛生設施規則	第84條		雇主於施行旋轉輪機、離心分離機等週邊速率超越每秒二十五公尺以上之高速回轉體之試驗時，為防止高速回轉體之破裂之危險，應於專用之堅固建築物內或以堅固之隔牆隔離之場所實施。但試驗次條規定之高速回轉體以外者，其試驗設備已有堅固覆罩等足以阻擋該高速回轉體破裂引起之危害設備者，不在此限。
OSH-07	OSH	職業安全衛生設施規則	第85條		雇主於施行轉軸之重量超越一公噸，且轉軸之週邊速率在每秒一百二十公尺以上之高速回轉體之試驗時，應於事先就與該軸材質、形狀等施行非破壞檢查，確認其無破壞原因存在時始為之。
OSH-07	OSH	職業安全衛生設施規則	第86條		雇主於施行前條規定高速回轉試驗時，應以遙控操作等方法控制；使試驗中即使該高速回轉體破壞時，亦不致傷及勞工。
OSH-07	OSH	職業安全衛生設施規則	第87條		雇主對於起重升降機具之設備及有關措施，應依起重升降機具有關安全規則辦理。
OSH-07	OSH	職業安全衛生設施規則	第88條		雇主對於起重機具之作業，應規定一定之運轉指揮信號，並指派專人負責辦理。
OSH-07	OSH	職業安全衛生設施規則	第89條		雇主對於各種起重機具，應標示最高負荷，並規定使用時不得超過此項限制。
OSH-07	OSH	職業安全衛生設施規則	第90條		雇主對於起重機具之吊鉤或吊具，應有防止吊舉中所吊物體脫落之裝置。
OSH-07	OSH	職業安全衛生設施規則	第91條		雇主對於起重機具之吊鉤或吊具，為防止與吊架或捲揚胴接觸、碰撞，應有至少保持○．二五公尺距離之過捲預防裝置，如為直動式過捲預防裝置者，應保持○．○五公尺以上距離；並於鋼索上作顯著標示或設警報裝置，以防止過度捲揚所引起之損傷。
OSH-07	OSH	職業安全衛生設施規則	第92條		雇主對於起重機具之運轉，應於運轉時採取防止吊掛物通過人員上方及人員進入吊掛物下方之設備或措施。 ／ 從事前項起重機具運轉作業時，為防止吊掛物掉落，應依下列規定辦理： ／ 一、吊掛物使用吊耳時，吊耳設置位置及數量，應能確保吊掛物之平衡。 ／ 二、吊耳與吊掛物之結合方式，應能承受所吊物體之整體重量，使其不致脫落。 ／ 三、使用吊索（繩）、吊籃等吊掛用具或載具時，應有足夠強度。
OSH-07	OSH	職業安全衛生設施規則	第93條		雇主對於升降機之升降路各樓出入口，應裝置構造堅固平滑之門，並應有安全裝置，使升降搬器及升降路出入口之任一門開啟時，升降機不能開動，及升降機在開動中任一門開啟時，能停止上下。
OSH-07	OSH	職業安全衛生設施規則	第94條		雇主對於升降機各樓出入口及搬器內，應明顯標示其積載荷重或乘載之最高人數，並規定使用時不得超過限制。
OSH-07	OSH	職業安全衛生設施規則	第95條		雇主對於升降機之升降路各樓出入口門，應有連鎖裝置，使搬器地板與樓板相差七．五公分以上時，升降路出入口門不能開啟之。
OSH-07	OSH	職業安全衛生設施規則	第96條		雇主對於升降機，應設置終點極限開關、緊急剎車及其他安全裝置。
OSH-07	OSH	職業安全衛生設施規則	第97條		雇主對於起重機具所使用之吊掛構件，應使其具足夠強度，使用之吊鉤或鉤環及附屬零件，其斷裂荷重與所承受之最大荷重比之安全係數，應在四以上。但相關法規另有規定者，從其規定。
OSH-07	OSH	職業安全衛生設施規則	第98條		雇主不得以下列任何一種情況之吊鏈作為起重升降機具之吊掛用具： ／ 一、延伸長度超過百分之五以上者。 ／ 二、斷面直徑減少百分之十以上者。 ／ 三、有龜裂者。
OSH-07	OSH	職業安全衛生設施規則	第99條		雇主不得以下列任何一種情況之吊掛之鋼索作為起重升降機具之吊掛用具： ／ 一、鋼索一撚間有百分之十以上素線截斷者。 ／ 二、直徑減少達公稱直徑百分之七以上者。 ／ 三、有顯著變形或腐蝕者。 ／ 四、已扭結者。
OSH-07	OSH	職業安全衛生設施規則	第100條		雇主不得使用已變形或已龜裂之吊鉤、鉤環、鏈環，作為起重升降機具之吊掛用具。
OSH-07	OSH	職業安全衛生設施規則	第101條		雇主不得使用下列任何一種情況之纖維索、帶，作為起重升降機具之吊掛用具： ／ 一、已斷一股子索者。 ／ 二、有顯著之損傷或腐蝕者。
OSH-07	OSH	職業安全衛生設施規則	第102條		雇主對於吊鏈或未設環結之鋼索，其兩端非設有吊鉤、鉤環、鏈環或編結環首、壓縮環首者，不能作為起重機具之吊掛用具。
OSH-07	OSH	職業安全衛生設施規則	第103條		起重升降機具設備及有關措施，除依本節之規定外，並應依其他相關職業安全衛生法規規定辦理。
OSH-07	OSH	職業安全衛生設施規則	第104條		雇主對於鍋爐及壓力容器設備及有關措施，應依鍋爐及壓力容器有關安全規則之規定辦理。
OSH-07	OSH	職業安全衛生設施規則	第105條		雇主對於高壓氣體之製造、儲存、消費等，應依高壓氣體設備及容器有關安全規則之規定辦理。
OSH-07	OSH	職業安全衛生設施規則	第106條		雇主使用於儲存高壓氣體之容器，不論盛裝或空容器，應依下列規定辦理： ／ 一、確知容器之用途無誤者，方得使用。 ／ 二、容器應標明所裝氣體之品名，不得任意灌裝或轉裝。 ／ 三、容器外表顏色，不得擅自變更或擦掉。 ／ 四、容器使用時應加固定。 ／ 五、容器搬動不得粗莽或使之衝擊。 ／ 六、焊接時不得在容器上試焊。 ／ 七、容器應妥善管理、整理。
OSH-07	OSH	職業安全衛生設施規則	第107條		雇主搬運儲存高壓氣體之容器，不論盛裝或空容器，應依下列規定辦理： ／ 一、溫度保持在攝氏四十度以下。 ／ 二、場內移動儘量使用專用手推車等，務求安穩直立。 ／ 三、以手移動容器，應確知護蓋旋緊後，方直立移動。 ／ 四、容器吊起搬運不得直接用電磁鐵、吊鏈、繩子等直接吊運。 ／ 五、容器裝車或卸車，應確知護蓋旋緊後才進行，卸車時必須使用緩衝板或輪胎。 ／ 六、儘量避免與其他氣體混載，非混載不可時，應將容器之頭尾反方向置放或隔置相當間隔。 ／ 七、載運可燃性氣體時，要置備滅火器；載運毒性氣體時，要置備吸收劑、中和劑、防毒面具等。 ／ 八、盛裝容器之載運車輛，應有警戒標誌。 ／ 九、運送中遇有漏氣，應檢查漏出部位，給予適當處理。 ／ 十、搬運中發現溫度異常高昇時，應立即灑水冷卻，必要時，並應通知原製造廠協助處理。
OSH-07	OSH	職業安全衛生設施規則	第108條		雇主對於高壓氣體之貯存，應依下列規定辦理： ／ 一、貯存場所應有適當之警戒標示，禁止煙火接近。 ／ 二、貯存周圍二公尺內不得放置有煙火及著火性、引火性物品。 ／ 三、盛裝容器和空容器應分區放置。 ／ 四、可燃性氣體、有毒性氣體及氧氣之鋼瓶，應分開貯存。 ／ 五、應安穩置放並加固定及裝妥護蓋。 ／ 六、容器應保持在攝氏四十度以下。 ／ 七、貯存處應考慮於緊急時便於搬出。 ／ 八、通路面積以確保貯存處面積百分之二十以上為原則。 ／ 九、貯存處附近，不得任意放置其他物品。 ／ 十、貯存比空氣重之氣體，應注意低漥處之通風。
OSH-07	OSH	職業安全衛生設施規則	第109條		雇主對於高壓可燃性氣體之貯存，除前條規定外，電氣設備應採用防爆型，不得帶用防爆型攜帶式電筒以外之其他燈火，並應有適當之滅火機具。
OSH-07	OSH	職業安全衛生設施規則	第110條		雇主對於毒性高壓氣體之儲存，應依下列規定辦理： ／ 一、貯存處要置備吸收劑、中和劑及適用之防毒面罩或呼吸用防護具。 ／ 二、具有腐蝕性之毒性氣體，應充分換氣，保持通風良好。 ／ 三、不得在腐蝕化學藥品或煙囟附近貯藏。 ／ 四、預防異物之混入。
OSH-07	OSH	職業安全衛生設施規則	第111條		雇主對於毒性高壓氣體之使用，應依下列規定辦理： ／ 一、非對該氣體有實地瞭解之人員，不准進入。 ／ 二、工作場所空氣中之毒性氣體濃度不得超過容許濃度。 ／ 三、工作場所置備充分及適用之防護具。 ／ 四、使用毒性氣體場所，應保持通風良好。
OSH-07	OSH	職業安全衛生設施規則	第112條		雇主對於高壓氣體之廢棄，應防止火災爆炸或中毒之危害。
OSH-07	OSH	職業安全衛生設施規則	第113條		有關高壓氣體設備及必要措施，除本節之規定外，並應依其他相關職業安全衛生法規規定辦理。
OSH-07	OSH	職業安全衛生設施規則	第114條		（刪除）
OSH-07	OSH	職業安全衛生設施規則	第115條		雇主對於車輛機械應有足夠之馬力及強度，承受其規定之荷重；並應裝置名牌或相等之標示指出空重、載重、額定荷重等。
OSH-07	OSH	職業安全衛生設施規則	第116條		雇主對於勞動場所作業之車輛機械，應使駕駛者或有關人員負責執行下列事項： ／ 一、除非所有人員已遠離該機械，否則不得起動。但駕駛者依規定就位者，不在此限。 ／ 二、車輛系營建機械及堆高機，除乘坐席位外，於作業時不得搭載勞工。 ／ 三、車輛系營建機械作業時，禁止人員進入操作半徑內或附近有危險之虞之場所。但駕駛者依規定就位者或另採安全措施者，不在此限。 ／ 四、應注意遠離帶電導體，以免感電。 ／ 五、應依製造廠商規定之安全度及最大使用荷重等操作。 ／ 六、禁止停放於有滑落危險之虞之斜坡。但已採用其他設備或措施者，不在此限。 ／ 七、禁止夜間停放於交通要道。 ／ 八、不得使動力系挖掘機械於鏟、鋏、吊斗等，在負載情況下行駛。 ／ 九、不得使車輛機械供為主要用途以外之用途。但使用適合該用途之裝置無危害勞工之虞者，不在此限。 ／ 十、不得使勞工搭載於堆高機之貨叉所承載貨物之托板、撬板及其他堆高機（乘坐席以外）部分。 ／ 十一、駕駛者離開其位置時，應將吊斗等作業裝置放置於地面，並將原動機熄火、制動，並安置煞車等，防止該機械逸走。 ／ 十二、堆高機於駕駛者離開其位置時，應採將貨叉等放置於地面，並將原動機熄火、制動。 ／ 十三、車輛及堆高機之修理或附屬裝置之安裝、拆卸等作業時，於機臂、突樑、升降台及車台，應使用安全支柱、絞車等防止物體飛落之設施。 ／ 十四、使用座式操作之配衡型堆高機及側舉型堆高機，應使擔任駕駛之勞工確實使用駕駛座安全帶。但駕駛座配置有車輛傾倒時，防止駕駛者被堆高機壓傷之護欄或其他防護設施者，不在此限。 ／ 十五、車輛機械之作業或移動，有撞擊工作者之虞時，應置管制引導人員。
OSH-07	OSH	職業安全衛生設施規則	第117條		雇主對於最大速率超過每小時十公里之車輛系營建機械，應於事前依相關作業場所之地質、地形等狀況，規定車輛行駛速率，並使勞工依該速率進行作業。
OSH-07	OSH	職業安全衛生設施規則	第118條		雇主對於勞工工作場所之自設道路，應依下列規定辦理： ／ 一、應能承受擬行駛車輛機械之荷重。 ／ 二、危險區應設有標誌杆或防禦物。 ／ 三、道路，包括橋梁及涵洞等，應定期檢查，如發現有危害車輛機械行駛之情況，應予消除。 ／ 四、坡度須適當，不得有使擬行駛車輛機械滑下可能之斜度。 ／ 五、應妥予設置行車安全設備並注意其保養。 ／ 六、道路之邊緣及開口部分，應設置足以防止車輛機械翻落之設施。
OSH-07	OSH	職業安全衛生設施規則	第119條		雇主對使用於作業場所之車輛系營建機械者，應依下列規定辦理： ／ 一、駕駛棚須有良好視線，適當之通風，容易上下車；裝有擋風玻璃及窗戶者，其材料須由透明物質製造，並於破裂時，不致產生尖銳碎片。擋風玻璃上應置有動力雨刮器。 ／ 二、裝置前照燈具。但使用於已設置有作業安全所必要照明設備場所者，不在此限。 ／ 三、設置堅固頂蓬，以防止物體掉落之危害。 ／ 四、設置制動裝置，且維持正常運作，並使駕駛離開駕駛座時，確實使用該裝置制動。 ／ 五、裝設倒車或旋轉之警報裝置，或設置可偵測人員進入作業區域範圍內之警示設備。
OSH-07	OSH	職業安全衛生設施規則	第120條		雇主對於車輛系營建機械，如作業時有因該機械翻落、表土崩塌等危害勞工之虞者，應於事先調查該作業場所之地質、地形狀況等，適當決定下列事項或採必要措施，並將第二款及第三款事項告知作業勞工： ／ 一、所使用車輛系營建機械之種類及性能。 ／ 二、車輛系營建機械之行經路線。 ／ 三、車輛系營建機械之作業方法。 ／ 四、整理工作場所以預防該等機械之翻倒、翻落。
OSH-07	OSH	職業安全衛生設施規則	第121條		雇主對於車輛系營建機械之修理或附屬裝置之安裝、拆卸等作業時，應就該作業指定專人負責下列措施： ／ 一、決定作業順序並指揮作業。 ／ 二、監視於機臂，突樑下作業之勞工所使用安全支柱、絞車等之狀況。
OSH-07	OSH	職業安全衛生設施規則	第122條		雇主採自行行駛或以牽引拖曳將之裝卸於貨車等方式，運送車輛系營建機械時，如使用道板、填土等方式裝卸於車輛，為防止該車輛系營建機械之翻倒、翻落等危害，應採取下列措施： ／ 一、裝卸時選擇於平坦堅固地點為之。 ／ 二、使用道板時，應使用具有足夠長度、寬度及強度之道板，且應穩固固定該道板於適當之斜度。 ／ 三、使用填土或臨時架台時，應確認具有足夠寬度、強度，並保持適當之斜度。
OSH-07	OSH	職業安全衛生設施規則	第123條		（刪除）
OSH-07	OSH	職業安全衛生設施規則	第124條		雇主對於堆高機非置備有後扶架者，不得使用。但將桅桿後傾之際，雖有貨物之掉落亦不致危害勞工者，不在此限。
OSH-07	OSH	職業安全衛生設施規則	第125條		雇主使用堆高機之托板或撬板時，應依下列規定： ／ 一、具有充分能承受積載之貨物重量之強度。 ／ 二、無顯著之損傷，變形或腐蝕者。
OSH-07	OSH	職業安全衛生設施規則	第126條		雇主對於荷重在一公噸以上之堆高機，應指派經特殊作業安全衛生教育訓練人員操作。
OSH-07	OSH	職業安全衛生設施規則	第127條		雇主對於堆高機之操作，不得超過該機械所能承受之最大荷重，且其載運之貨物應保持穩固狀態，防止翻倒。
OSH-07	OSH	職業安全衛生設施規則	第128條		雇主於危險物存在場所使用堆高機時，應有必要之安全衛生設備  措施。
OSH-07	OSH	職業安全衛生設施規則	第128條之1		雇主對於使用高空工作車之作業，應依下列事項辦理： ／ 一、除行駛於道路上外，應於事前依作業場所之狀況、高空工作車之種類、容量等訂定包括作業方法之作業計畫，使作業勞工周知，並指定專人指揮監督勞工依計畫從事作業。 ／ 二、除行駛於道路上外，為防止高空工作車之翻倒或翻落，危害勞工，應將其外伸撐座完全伸出，並採取防止地盤不均勻沉陷、路肩崩塌等必要措施。但具有多段伸出之外伸撐座者，得依原廠設計之允許外伸長度作業。 ／ 三、在工作台以外之處所操作工作台時，為使操作者與工作台上之勞工間之連絡正確，應規定統一之指揮信號，並指定人員依該信號從事指揮作業等必要措施。 ／ 四、不得搭載勞工。但設有乘坐席位及工作台者，不在此限。 ／ 五、不得超過高空工作車之積載荷重及能力。 ／ 六、不得使高空工作車為主要用途以外之用途。但無危害勞工之虞者，不在此限。 ／ 七、使用高空工作車從事作業時，雇主應使該高空工作車工作台上之勞工佩戴安全帽及符合國家標準CNS14253-1同等以上規定之全身背負式安全帶。
OSH-07	OSH	職業安全衛生設施規則	第128條之2		雇主對於高空工作車之駕駛於離開駕駛座時，應使駕駛採取下列措施。但有勞工在工作台從事作業或將從事作業時，不在此限： ／ 一、將工作台下降至最低位置。 ／ 二、採取預防高空工作車逸走之措施，如停止原動機並確實使用制動裝置制動等，以保持於穩定狀態。 ／ 勞工在工作台從事作業或將從事作業時，前項駕駛離開駕駛座，雇主應使駕駛確實使用制動裝置制動等，以保持高空工作車於穩定狀態。
OSH-07	OSH	職業安全衛生設施規則	第128條之3		雇主採自行行駛或以牽引拖曳將之裝卸於貨車等方式，運送高空工作車時，如使用道板或利用填土等方式裝卸於車輛，為防止該高空工作車之翻倒或翻落等危害，應採取下列措施： ／ 一、裝卸時選擇於平坦堅固地點為之。 ／ 二、使用道板時，應使用具有足夠長度、寬度及強度之道板，且應穩固固定該道板於適當之斜度。 ／ 三、使用填土或臨時架台時，應確認具有足夠寬度、強度，並保持適當之斜度。
OSH-07	OSH	職業安全衛生設施規則	第128條之4		雇主使勞工從事高空工作車之修理、工作台之裝設或拆卸作業時，應指定專人監督該項作業，並執行下列事項： ／ 一、決定作業步驟並指揮作業。 ／ 二、監視作業中安全支柱、安全塊之使用狀況。
OSH-07	OSH	職業安全衛生設施規則	第128條之5		雇主使勞工於高空工作車升起之伸臂等下方從事修理、檢點等作業時，應使從事該作業勞工使用安全支柱、安全塊等，以防止伸臂等之意外落下致危害勞工。
OSH-07	OSH	職業安全衛生設施規則	第128條之6		高空工作車行駛時，除有工作台可操作行駛構造之高空工作車外，雇主不得使勞工搭載於該高空工作車之工作台上。但使該高空工作車行駛於平坦堅固之場所，並採取下列措施時，不在此限： ／ 一、規定一定之信號，並指定引導人員，依該信號引導高空工作車。 ／ 二、於作業前，事先視作業時該高空工作車工作台之高度及伸臂長度等，規定適當之速率，並使駕駛人員依該規定速率行駛。
OSH-07	OSH	職業安全衛生設施規則	第128條之7		高空工作車有工作台可操作行駛之構造者，於平坦堅固之場所以外之場所行駛時，雇主應採取下列措施： ／ 一、規定一定之信號，並指定引導人員，依該信號引導高空工作車。 ／ 二、於作業前，事先視作業時該高空工作車工作台之高度及伸臂長度、作業場所之地形及地盤之狀態等，規定適當之速率，並使駕駛人員依該規定速率行駛。
OSH-07	OSH	職業安全衛生設施規則	第128條之8		高空工作車之構造，應符合國家標準 CNS 14965、CNS 16368、CNS 16653系列、CNS18893、國際標準ISO16368、ISO16653系列、ISO18893或與其同等之標準相關規定。 ／ 前項國家標準 CNS 16368、CNS 16653 系列、CNS 18893 與國際標準 ISO16368、ISO16653系列、ISO18893有不一致者，以國際標準ISO16368、ISO 16653  系列、ISO 18893 規定為準。
OSH-07	OSH	職業安全衛生設施規則	第128條之9		雇主對於高空工作車，應指派經特殊作業安全衛生教育訓練人員操作。
OSH-07	OSH	職業安全衛生設施規則	第129條		雇主對於軌道機械，應設有適當信號裝置，並於事先通知有關勞工週知。
OSH-07	OSH	職業安全衛生設施規則	第130條		雇主對於連結軌道機械車輛時，應使用適當連結裝置。
OSH-07	OSH	職業安全衛生設施規則	第131條		雇主對於動力車鋼軌之每公尺重量，應依下列規定： ／ ┌────────┬───────┬───────┐ ／ │車輛重量        │鋼軌每公尺重量│備註          │ ／ ├────────┼───────┼───────┤ ／ │未滿五公噸      │九公斤以上    │以兩軸車輛為準│ ／ ├────────┼───────┼───────┤ ／ │五至未滿十公噸  │十二公斤以上  │              │ ／ ├────────┼───────┼───────┤ ／ │十至未滿十五公噸│十五公斤以上  │              │ ／ ├────────┼───────┼───────┤ ／ │十五公噸以上    │二十二公斤以上│              │ ／ └────────┴───────┴───────┘
OSH-07	OSH	職業安全衛生設施規則	第132條		雇主對於動力車鋼軌之舖設，應依下列規定： ／ 一、鋼軌接頭，應使用魚尾板或採取熔接固定。 ／ 二、舖設鋼軌，應使用道釘、金屬固定具等將鋼軌固定於枕木或水泥路基上。 ／ 三、軌道之坡度應保持在千分之五十以下。但動力車備有自動空氣煞車之軌道得放寬至千分之六十五以下。 ／ 前項枕木之大小及其間隔，應考慮車輛重量，路基狀況。 ／ 第一項所使用之枕木，如置於不易更換之場所，應為具有耐腐蝕性者。
OSH-07	OSH	職業安全衛生設施規則	第133條		雇主對於動力車軌道路基，如車輛在五公噸以上者，其除應由礫石、碎石等構成外，並應有充分之保固，與良好排水系統。 ／ 雇主對於前項以外之軌道路基，應注意鋼軌舖設、車輛行駛安全狀況。
OSH-07	OSH	職業安全衛生設施規則	第134條		雇主對於動力車軌道之曲線部分，應依下列規定： ／ 一、曲率半徑應在十公尺以上。 ／ 二、保持適度之軌道超高及加寬。 ／ 三、裝置適當之護軌。
OSH-07	OSH	職業安全衛生設施規則	第135條		雇主對於動力車軌道岔道部分，應設置具有充分效能之轉轍器及轍鎖；軌道之終端應設置充分效能之擋車裝置。
OSH-07	OSH	職業安全衛生設施規則	第136條		雇主對於車輛於軌道上有滑走之虞時，應設置防止滑走之裝置。
OSH-07	OSH	職業安全衛生設施規則	第137條		雇主對於隧道坑井內部裝置軌道時，其側壁與行走之車輛，應保持六十公分以上淨距。但有下列情形之一者，不在此限： ／ 一、於適當之間隔，設置有相當寬度之避車設備並有顯明標示者。 ／ 二、設置信號裝置或配置監視人員者。
OSH-07	OSH	職業安全衛生設施規則	第138條		雇主對於手推車輛之軌道，應依下列規定： ／ 一、軌道之曲率半徑應在五公尺以上。 ／ 二、傾斜應在十五分之一以下。 ／ 三、鋼軌每公尺重量應在六公斤以上。 ／ 四、置直徑九公分以上之枕木並以適當間隔配置。 ／ 五、鋼軌接頭應使用魚尾板或採取熔接等固定。
OSH-07	OSH	職業安全衛生設施規則	第139條		雇主對於軌道沿線，應依下列規定採取措施： ／ 一、軌道兩旁之危險立木，應予清除。 ／ 二、軌道之上方及兩旁與鄰近之建築物應留有適當之距離。 ／ 三、軌道附近不得任意堆放物品，邊坑上不得有危石。 ／ 四、橋梁過長時，應設置平台等。 ／ 五、工作人員經常出入之橋梁，應另行設置行人安全道。
OSH-07	OSH	職業安全衛生設施規則	第140條		雇主對於軌道沿線環境，應依下列規定實施保養： ／ 一、清除路肩及橋梁附近之叢草。 ／ 二、清除妨害視距之草木。 ／ 三、維護橋梁及隧道支架結構之良好。 ／ 四、清掃坍方。 ／ 五、清掃邊坡危石。 ／ 六、維護鋼軌接頭及道釘之完整。 ／ 七、維護路線號誌及標示之狀況良好。 ／ 八、維護軌距狀況良好。 ／ 九、維護排水系統良好。 ／ 十、維護枕木狀況良好。
OSH-07	OSH	職業安全衛生設施規則	第141條		雇主對行駛於軌道之動力車，應依下列規定： ／ 一、設置汽笛、警鈴等信號裝備。 ／ 二、於夜間或地下使用者，應設置前照燈及駕駛室之照明設備。 ／ 三、使用內燃機者，應設置標示潤滑油壓力之指示器。 ／ 四、使用電動機者，應置備自動遮斷器，其為高架式者，並應增置避雷器等。
OSH-07	OSH	職業安全衛生設施規則	第142條		雇主對行駛於軌道之動力車車輪，應依下列規定： ／ 一、車輪之踏面寬度於輪緣最大磨耗狀態下，仍能通過最大軌間。 ／ 二、輪緣之厚度於最大磨耗狀態下，仍具有充分強度且不阻礙通過岔道。 ／ 三、輪緣應保持不脫軌以上之高度，且不致觸及魚尾板。
OSH-07	OSH	職業安全衛生設施規則	第143條		雇主對行駛於軌道之載人車輛，應依下列規定： ／ 一、以設置載人專車為原則。 ／ 二、應設置人員能安全乘坐之座位及供站立時扶持之把手等。 ／ 三、應設置上下車門及安全門。 ／ 四、應有限制乘坐之人員數標示。 ／ 五、應有防止人員於乘坐或站立時摔落之防護設施。 ／ 六、凡藉捲揚裝置捲揚使用於傾斜軌道之車輛，應設搭乘人員與捲揚機操作者連繫之設備。 ／ 七、使用於傾斜度超過三十度之軌道者，應設有預防脫軌之裝置。 ／ 八、為防止因鋼索斷裂及超速危險，應設置緊急停車裝置。 ／ 九、使用於傾斜軌道者，其車輛間及車輛與鋼索套頭間，除應設置有效之鏈及鏈環外，為防止其斷裂，致車輛脫走之危險，應另設置輔助之鏈及鏈環。
OSH-07	OSH	職業安全衛生設施規則	第144條		雇主對行駛於軌道之車輛，應依下列規定： ／ 一、車輛與車輛之連結，應有確實之連接裝置。 ／ 二、凡藉捲揚裝置行駛之車輛，其捲揚鋼索之斷裂荷重之值與所承受最大荷重比之安全係數，載貨者應在六以上，載人者應在十以上。
OSH-07	OSH	職業安全衛生設施規則	第145條		雇主對行駛於軌道之動力車，應設置手煞車，十公噸以上者，應增設動力煞車。
OSH-07	OSH	職業安全衛生設施規則	第146條		雇主對於軌道車輛施予煞車制輪之壓力與制動車輪施予軌道壓力之比，在動力煞車者應為百分之五十以上，百分之七十五以下；手煞車者應為百分之二十以上。
OSH-07	OSH	職業安全衛生設施規則	第147條		雇主對行駛於軌道之動力車駕駛座，應依下列規定： ／ 一、應具備使駕駛者能安全駕駛之良好視野之構造。 ／ 二、為防止駕駛者之跌落，應設置護圍等。
OSH-07	OSH	職業安全衛生設施規則	第148條		雇主對於軌道車輛之行駛，應依鋼軌、軌距、傾斜、曲率半徑等決定速率限制，並規定駕駛者遵守之。
OSH-07	OSH	職業安全衛生設施規則	第149條		雇主對於駕駛動力車者，應規定其離開駕駛位置時，應採取煞車等措施，以防止車輛逸走；對於操作捲揚裝置者，應規定其於操作時，不得離開操作位置。
OSH-07	OSH	職業安全衛生設施規則	第150條		雇主對於勞工使用軌道手推車輛，應規定其遵守下列事項： ／ 一、車輛於上坡或水平行駛時，應保持六公尺以上之間距，於下坡行駛時，應保持二十公尺以上之間距。 ／ 二、車輛速率於下坡時，不得超過每小時十五公里。
OSH-07	OSH	職業安全衛生設施規則	第151條		雇主對於傾斜在千分之十以上之軌道區使用之手推車，應設置有效之煞車。
OSH-07	OSH	職業安全衛生設施規則	第152條		物料搬運、處置，如以車輛機械作業時，應事先清除其通道、碼頭等之阻礙物及採取必要措施。
OSH-07	OSH	職業安全衛生設施規則	第153條		雇主對於搬運、堆放或處置物料，為防止倒塌、崩塌或掉落，應採取繩索捆綁、護網、擋樁、限制高度或變更堆積等必要設施，並禁止與作業無關人員進入該等場所。
OSH-07	OSH	職業安全衛生設施規則	第154條		雇主使勞工進入供儲存大量物料之槽桶時，應依下列規定： ／ 一、應事先測定並確認無爆炸、中毒及缺氧等危險。 ／ 二、應使勞工佩掛安全帶及安全索等防護具。 ／ 三、應於進口處派人監視，以備發生危險時營救。 ／ 四、規定工作人員以由槽桶上方進入為原則。
OSH-07	OSH	職業安全衛生設施規則	第155條		雇主對於物料之搬運，應儘量利用機械以代替人力，凡四十公斤以上物品，以人力車輛或工具搬運為原則，五百公斤以上物品，以機動車輛或其他機械搬運為宜；運輸路線，應妥善規劃，並作標示。
OSH-07	OSH	職業安全衛生設施規則	第155條之1		雇主使勞工以捲揚機等吊運物料時，應依下列規定辦理： ／ 一、安裝前須核對並確認設計資料及強度計算書。 ／ 二、吊掛之重量不得超過該設備所能承受之最高負荷，並應設有防止超過負荷裝置。但設置有困難者，得以標示代替之。 ／ 三、不得供人員搭乘、吊升或降落。但臨時或緊急處理作業經採取足以防止人員墜落，且採專人監督等安全措施者，不在此限。 ／ 四、吊鉤或吊具應有防止吊舉中所吊物體脫落之裝置。 ／ 五、錨錠及吊掛用之吊鏈、鋼索、掛鉤、纖維索等吊具有異狀時應即修換。 ／ 六、吊運作業中應嚴禁人員進入吊掛物下方及吊鏈、鋼索等內側角。 ／ 七、捲揚吊索通路有與人員碰觸之虞之場所，應加防護或有其他安全設施。 ／ 八、操作處應有適當防護設施，以防物體飛落傷害操作人員，採坐姿操作者應設坐位。 ／ 九、應設有防止過捲裝置，設置有困難者，得以標示代替之。 ／ 十、吊運作業時，應設置信號指揮聯絡人員，並規定統一之指揮信號。 ／ 十一、應避免鄰近電力線作業。 ／ 十二、電源開關箱之設置，應有防護裝置。
OSH-07	OSH	職業安全衛生設施規則	第156條		雇主對於強酸、強鹼等有腐蝕性物質之搬運，應使用特別設計之車輛或工具。
OSH-07	OSH	職業安全衛生設施規則	第157條		雇主對搭載勞工於行駛中之貨車、垃圾車或資源回收車，應依下列規定： ／ 一、不得使勞工搭乘於因車輛搖動致有墜落之虞之位置。 ／ 二、勞工身體之最高部分不得超過貨車駕駛室之頂部高度；載貨台之物料高度超過駕駛室頂部者，不得超過該物料之高度。 ／ 三、其他維護搭載勞工乘坐安全之事項。
OSH-07	OSH	職業安全衛生設施規則	第158條		雇主對於物料儲存，為防止因氣候變化或自然發火發生危險者，應採取與外界隔離及溫濕控制等適當措施。
OSH-07	OSH	職業安全衛生設施規則	第159條		雇主對物料之堆放，應依下列規定： ／ 一、不得超過堆放地最大安全負荷。 ／ 二、不得影響照明。 ／ 三、不得妨礙機械設備之操作。 ／ 四、不得阻礙交通或出入口。 ／ 五、不得減少自動灑水器及火警警報器有效功用。 ／ 六、不得妨礙消防器具之緊急使用。 ／ 七、以不倚靠牆壁或結構支柱堆放為原則。並不得超過其安全負荷。
OSH-07	OSH	職業安全衛生設施規則	第160條		雇主對於捆紮貨車物料之纖維纜索，如有下列情形之一者，不得使用： ／ 一、已斷一股子索者。 ／ 二、有顯著之損傷或腐蝕者。
OSH-07	OSH	職業安全衛生設施規則	第161條		雇主對於堆積於倉庫、露存場等之物料集合體之物料積垛作業，應依下列規定： ／ 一、如作業地點高差在一．五公尺以上時，應設置使從事作業之勞工能安全上下之設備。但如使用該積垛即能安全上下者，不在此限。 ／ 二、作業地點高差在二．五公尺以上時，除前款規定外，並應指定專人採取下列措施： ／ （一）決定作業方法及順序，並指揮作業。 ／ （二）檢點工具、器具，並除去不良品。 ／ （三）應指示通行於該作業場所之勞工有關安全事項。 ／ （四）從事拆垛時，應確認積垛確無倒塌之危險後，始得指示作業。 ／ （五）其他監督作業情形。
OSH-07	OSH	職業安全衛生設施規則	第162條		雇主對於草袋、麻袋、塑膠袋等袋裝容器構成之積垛，高度在二公尺以上者，應規定其積垛與積垛間下端之距離在十公分以上。
OSH-07	OSH	職業安全衛生設施規則	第163條		雇主對於高度二公尺以上之積垛，使勞工從事拆垛作業時，應依下列規定辦理： ／ 一、不得自積垛物料中間抽出物料。 ／ 二、拆除袋裝容器構成之積垛，應使成階梯狀，除最底階外，其餘各階之高度應在一．五公尺以下。
OSH-07	OSH	職業安全衛生設施規則	第164條		雇主為防止載貨台物料之移動致有危害勞工之虞，除應提供勞工防止物料移動之適當設備，並應規定勞工使用。
OSH-07	OSH	職業安全衛生設施規則	第165條		雇主對於掀舉傾卸車之載貨台，使勞工在其下方從事修理或檢點作業時，除應提供安全擋塊或安全支柱，並應規定勞工使用。但該傾卸車已設置有防止驟然下落之設備者，不在此限。
OSH-07	OSH	職業安全衛生設施規則	第166條		雇主對於勞工從事載貨台裝卸貨物其高差在一．五公尺以上者，應提供勞工安全上下之設備。
OSH-07	OSH	職業安全衛生設施規則	第167條		雇主使勞工於載貨台從事單一之重量超越一百公斤以上物料裝卸時，應指定專人採取下列措施： ／ 一、決定作業方法及順序，並指揮作業。 ／ 二、檢點工具及器具，並除去不良品。 ／ 三、禁止與作業無關人員進入作業場所。 ／ 四、從事解纜或拆墊之作業時，應確認載貨台上之貨物無墜落之危險。 ／ 五、監督勞工作業狀況。
OSH-07	OSH	職業安全衛生設施規則	第168條		（刪除）
OSH-07	OSH	職業安全衛生設施規則	第169條		雇主對於火爐、煙囟、加熱裝置及其他易引起火災之高熱設備，除應有必要之防火構造外，並應於與建築物或可燃性物體間採取必要之隔離。
OSH-07	OSH	職業安全衛生設施規則	第170條		雇主對於高煙囟及高度在三公尺以上並作為危險物品倉庫使用之建築物，均應裝設適當避雷裝置。
OSH-07	OSH	職業安全衛生設施規則	第171條		雇主對於易引起火災及爆炸危險之場所，應依下列規定： ／ 一、不得設置有火花、電弧或用高溫成為發火源之虞之機械、器具或設備等。 ／ 二、標示嚴禁煙火及禁止無關人員進入，並規定勞工不得使用明火。
OSH-07	OSH	職業安全衛生設施規則	第172條		雇主對於工作中遇停電有導致超壓、爆炸或火災等危險之虞者，應裝置足夠容量並能於緊急時供電之發電設備。
OSH-07	OSH	職業安全衛生設施規則	第173條		雇主對於有危險物或有油類、可燃性粉塵等其他危險物存在之虞之配管、儲槽、油桶等容器，從事熔接、熔斷或使用明火之作業或有發生火花之虞之作業，應事先清除該等物質，並確認無危險之虞。
OSH-07	OSH	職業安全衛生設施規則	第174條		雇主對於從事熔接、熔斷、金屬之加熱及其他須使用明火之作業或有發生火花之虞之作業時，不得以氧氣供為通風或換氣之用。
OSH-07	OSH	職業安全衛生設施規則	第175條		雇主對於下列設備有因靜電引起爆炸或火災之虞者，應採取接地、使用除電劑、加濕、使用不致成為發火源之虞之除電裝置或其他去除靜電之裝置： ／ 一、灌注、卸收危險物於槽車、儲槽、容器等之設備。 ／ 二、收存危險物之槽車、儲槽、容器等設備。 ／ 三、塗敷含有易燃液體之塗料、粘接劑等之設備。 ／ 四、以乾燥設備中，從事加熱乾燥危險物或會生其他危險物之乾燥物及其附屬設備。 ／ 五、易燃粉狀固體輸送、篩分等之設備。 ／ 六、其他有因靜電引起爆炸、火災之虞之化學設備或其附屬設備。
OSH-07	OSH	職業安全衛生設施規則	第176條		雇主對於勞工吸菸、使用火爐或其他用火之場所，應設置預防火災所需之設備。
OSH-07	OSH	職業安全衛生設施規則	第177條		雇主對於作業場所有易燃液體之蒸氣、可燃性氣體或爆燃性粉塵以外之可燃性粉塵滯留，而有爆炸、火災之虞者，應依危險特性採取通風、換氣、除塵等措施外，並依下列規定辦理： ／ 一、指定專人對於前述蒸氣、氣體之濃度，於作業前測定之。 ／ 二、蒸氣或氣體之濃度達爆炸下限值之百分之三十以上時，應即刻使勞工退避至安全場所，並停止使用煙火及其他為點火源之虞之機具，並應加強通風。 ／ 三、使用之電氣機械、器具或設備，應具有適合於其設置場所危險區域劃分使用之防爆性能構造。 ／ 前項第三款所稱電氣機械、器具或設備，係指包括電動機、變壓器、連接裝置、開關、分電盤、配電盤等電流流通之機械、器具或設備及非屬配線或移動電線之其他類似設備。
OSH-07	OSH	職業安全衛生設施規則	第177條之1		雇主對於有爆燃性粉塵存在，而有爆炸、火災之虞之場所，使用之電氣機械、器具或設備，應具有適合於其設置場所危險區域劃分使用之防爆性能構造。
OSH-07	OSH	職業安全衛生設施規則	第177條之2		雇主對於前二條所定應有防爆性能構造之電氣機械、器具、設備，於中央主管機關公告後新安裝或換裝者，應使用符合中央主管機關指定之國家標準、國際標準或團體標準規定之合格品。 ／ 前項合格品，指符合本法第七條規定，並張貼安全標示者。
OSH-07	OSH	職業安全衛生設施規則	第177條之3		雇主對於具防爆性能構造之移動式或攜帶式電氣機械、器具、設備，應於每次使用前檢查外部結構狀況、連接之移動電線情況及防爆結構與移動電線連接狀態等；遇有損壞，應即修復。
OSH-07	OSH	職業安全衛生設施規則	第178條		雇主使用軟管以動力從事輸送硫酸、硝酸、鹽酸、醋酸、甲酚、氯磺酸、氫氧化鈉溶液等對皮膚有腐蝕性之液體時，對該輸送設備，應依下列規定： ／ 一、於操作該設備之人員易見之場所設置壓力表，及於其易於操作之位置安裝動力遮斷裝置。 ／ 二、該軟管及連接用具應具耐腐蝕性、耐熱性及耐寒性。 ／ 三、該軟管應經水壓試驗確定其安全耐壓力，並標示於該軟管，且使用時不得超過該壓力。 ／ 四、為防止軟管內部承受異常壓力，應於輸壓設備安裝回流閥等超壓防止裝置。 ／ 五、軟管與軟管或軟管與其他管線之接頭，應以連結用具確實連接。 ／ 六、以表壓力每平方公分二公斤以上之壓力輸送時，前款之連結用具應使用旋緊連接或以鉤式結合等方式，並具有不致脫落之構造。 ／ 七、指定輸送操作人員操作輸送設備，並監視該設備及其儀表。 ／ 八、該連結用具有損傷、鬆脫、腐蝕等缺陷，致腐蝕性液體有飛濺或漏洩之虞時，應即更換。 ／ 九、輸送腐蝕性物質管線，應標示該物質之名稱、輸送方向及閥之開閉狀態。
OSH-07	OSH	職業安全衛生設施規則	第179條		雇主使用壓縮氣體為輸送腐蝕性液體之動力，從事輸送作業時，應使用空氣為壓縮氣體。但作業終了時，能將氣體立即排出者，或已採取標示該氣體之存在等措施，勞工進入壓力輸送設備內部，不致發生缺氧、窒息等危險時，得使用二氧化碳或氮。
OSH-07	OSH	職業安全衛生設施規則	第179條之1		雇主對於從事灌注、卸收、儲藏危險物或有害物於化學設備、槽車或槽體等作業，應依下列規定辦理： ／ 一、從事灌注或卸收時，應事先確認所輸送物質之種類、性質及相容性，並確認輸送對象正確無誤。 ／ 二、使用軟管灌注或卸收時，應事先確定軟管結合部分已確實連接牢固始得作業。作業結束後，應確認管線內已無引起危害之殘留物後，管線始得拆離。 ／ 三、從事煤油或輕油灌注於化學設備、槽車或槽體等時，如其內部有汽油殘存者，應於事前採取確實清洗、以惰性氣體置換油氣或其他適當措施，確認安全狀態無虞後，始得作業。 ／ 四、從事環氧乙烷、乙醛或1,2－環氧丙烷灌注時，應確實將化學設備、槽車或槽體內之氣體，以氮、二氧化碳或氦、氬等惰性氣體置換，確認安全狀態無虞後，始得作業。 ／ 五、使用槽車從事灌注或卸收作業前，槽車之引擎應熄火，且設置適當之輪擋，以防止作業時車輛移動。作業結束後，並確認不致因引擎啟動而發生危害後，始得發動。
OSH-07	OSH	職業安全衛生設施規則	第180條		雇主對於建築物中熔融高熱物之處理設備，為避免引起水蒸汽爆炸，該建築物應有地板面不積水及可以防止雨水由屋頂、牆壁、窗戶等滲入之構造。
OSH-07	OSH	職業安全衛生設施規則	第181條		雇主對於以水處理高熱礦渣或廢棄高熱礦渣之場所，應依下列規定： ／ 一、應有良好之排水設備及其他足以防止水蒸汽爆炸之必要措施。 ／ 二、於廢棄高熱礦渣之場所，應加以標示高熱危險。 ／ 前項規定對於水碎處理作業，不適用之。
OSH-07	OSH	職業安全衛生設施規則	第181條之1		雇主使勞工從事金屬之加熱熔融、熔鑄作業時，對於冷卻系統應配置進出口溫度、壓力、流量監測及警報裝置；於停電或緊急狀況時，應設置緊急排放高熱熔融物之裝置及應急冷卻設施，確保冷卻效果。
OSH-07	OSH	職業安全衛生設施規則	第182條		雇主使勞工從事將金屬碎屑或碎片投入金屬熔爐之作業時，為防止爆炸，應事前確定該金屬碎屑或碎片中未雜含水分、火藥類等危險物或密閉容器等，始得作業。
OSH-07	OSH	職業安全衛生設施規則	第183條		雇主對於鼓風爐、鑄鐵爐或玻璃熔解爐或處置大量高熱物之作業場所，為防止該高熱物之飛散、溢出等引起之灼傷或其他危害，應採取適當之防範措施，並使作業勞工佩戴適當之防護具。
OSH-07	OSH	職業安全衛生設施規則	第184條		雇主對於危險物製造、處置之工作場所，為防止爆炸、火災，應依下列規定辦理： ／ 一、爆炸性物質，應遠離煙火、或有發火源之虞之物，並不得加熱、摩擦、衝擊。 ／ 二、著火性物質，應遠離煙火、或有發火源之虞之物，並不得加熱、摩擦或衝擊或使其接觸促進氧化之物質或水。 ／ 三、氧化性物質，不得使其接觸促進其分解之物質，並不得予以加熱、摩擦或撞擊。 ／ 四、易燃液體，應遠離煙火或有發火源之虞之物，未經許可不得灌注、蒸發或加熱。 ／ 五、除製造、處置必需之用料外，不得任意放置危險物。
OSH-07	OSH	職業安全衛生設施規則	第184條之1		雇主使勞工使用危險物從事作業前，應確認所使用物質之危險性，採取預防之必要措施。 ／ 雇主對於化學製程所使用之原、物料及其反應產物，應分析評估其危害及反應特性，並採取必要措施。
OSH-07	OSH	職業安全衛生設施規則	第185條		雇主對於從事危險物製造或處置之作業，應指定專人採取下列措施： ／ 一、製造或處置危險物之設備及附屬設備，有異常時應即採取必要措施。 ／ 二、於置有製造或處置危險物之設備及附屬設備之場所內，其溫度、濕度、遮光及換氣狀況有異常時，應即採取必要之措施。
OSH-07	OSH	職業安全衛生設施規則	第185條之1		雇主對於常溫下具有自燃性之四氫化矽（矽甲烷）之處理，除依高壓氣體及消防相關法規規定外，應依下列規定辦理，並留存紀錄或文件三年： ／ 一、作業前，應依中央主管機關公告之相關指引，就下列事項實施風險評估，並製作風險評估報告： ／ （一）製程或作業可能之危害。 ／ （二）可能危害之防止設備及措施。 ／ （三）危害防止設備及措施之維護方法。 ／ （四）緊急應變措施。 ／ 二、氣體設備，應具有氣密之構造及防止氣體洩漏之必要設施，並設置氣體洩漏檢知警報系統。 ／ 三、氣體容器之閥門，應具有限制最大流率之流率限制孔。 ／ 四、氣體，應儲存於室外安全處所；如必須於室內儲存者，應置於有效通風換氣之處所；使用時，應置於氣瓶櫃內。 ／ 五、未使用之氣體容器與供氣中之容器，應分隔放置。 ／ 六、提供必要之個人防護具，並使勞工確實使用。 ／ 七、避免使勞工單獨操作。 ／ 八、設置冷卻用途之灑水設備。
OSH-07	OSH	職業安全衛生設施規則	第185條之2		雇主對於硝酸銨之處理，除依消防相關法規規定外，應依下列規定辦理，並留存紀錄或文件三年： ／ 一、作業前，應依中央主管機關公告之相關指引，就下列事項實施風險評估，並製作風險評估報告： ／ （一）製程或作業可能之危害。 ／ （二）可能危害之防止設備及措施。 ／ （三）危害防止設備及措施之維護方法。 ／ （四）緊急應變措施。 ／ 二、應儲存於有效通風換氣之場所。 ／ 三、儲存場所，應採不可燃材料，或使用塗覆或包覆可防止硝酸銨滲入之材料。 ／ 四、與易燃物、還原劑、燃油、金屬粉末或其他不相容物質，應分隔放置。 ／ 五、應避免堆疊存放及搬運時造成破損溢出。 ／ 六、設置冷卻用途之灑水設備。
OSH-07	OSH	職業安全衛生設施規則	第185條之3		雇主對於有機過氧化物之處理，除依消防相關法規規定外，應依下列規定辦理，並留存紀錄或文件三年： ／ 一、作業前，應依中央主管機關公告之相關指引，就下列事項實施風險評估，並製作風險評估報告： ／ （一）製程或作業可能之危害。 ／ （二）可能危害之防止設備及措施。 ／ （三）危害防止設備及措施之維護方法。 ／ （四）緊急應變措施。 ／ 二、對於有機過氧化物儲存，為防止自然發火發生危險，應採取與外界隔離及溫濕控制等適當措施。 ／ 三、儲存場所，應設置一個以上獨立之溫度或溫度上升速率之偵測警報系統，可於異常時，發出警示。 ／ 四、有機過氧化物操作設備，應有去除靜電等必要措施。 ／ 五、戶外容器，應裝設適當避雷裝置。 ／ 六、設置冷卻用途之灑水設備。
OSH-07	OSH	職業安全衛生設施規則	第185條之4		雇主對於使用熱媒油之鍋爐本體與相關設備及輸送管線系統，操作溫度在其閃火點以上時，除依鍋爐及壓力容器安全規則及消防相關法規規定外，應依下列規定辦理，並留存紀錄或文件三年： ／ 一、作業前，應依中央主管機關公告之相關指引，就下列事項實施風險評估，並製作風險評估報告： ／ （一）製程或作業可能之危害。 ／ （二）可能危害之防止設備及措施。 ／ （三）危害防止設備及措施之維護方法。 ／ （四）緊急應變措施。 ／ 二、熱媒油加熱系統之管線、閥件及泵浦，應具有防止洩漏之構造。 ／ 三、設置溫度或壓力異常上升之監控及警報系統，確保不超過熱媒油之最高使用溫度及系統設計壓力。 ／ 四、設置冷卻或滅火用途之必要設備。
OSH-07	OSH	職業安全衛生設施規則	第186條		（刪除）
OSH-07	OSH	職業安全衛生設施規則	第187條		雇主對於工作場所實施加油作業，應依下列規定辦理： ／ 一、禁止以汽油為燃料之內燃機等機械在發動中加油。 ／ 二、設置顯著之危險警告標示。 ／ 三、備置化學乾粉、泡沫或二氧化碳等適當之油類用滅火器材。 ／ 四、油桶、輸油管等應妥為設置，以避免油料溢濺於機動車輛之引擎、排氣管或電氣設備等。
OSH-07	OSH	職業安全衛生設施規則	第188條		雇主對於存有易燃液體之蒸氣、可燃性氣體或可燃性粉塵，致有引起爆炸、火災之虞之工作場所，應有通風、換氣、除塵、去除靜電等必要設施。 ／ 雇主依前項規定所採設施，不得裝置或使用有發生明火、電弧、火花及其他可能引起爆炸、火災危險之機械、器具或設備。
OSH-07	OSH	職業安全衛生設施規則	第189條		雇主對於通風或換氣不充分之工作場所，使用可燃性氣體及氧氣從事熔接、熔斷或金屬之加熱作業時，為防止該等氣體之洩漏或排出引起爆炸、火災，應依下列規定辦理： ／ 一、氣體軟管或吹管，應使用不因其損傷、摩擦導致漏氣者。 ／ 二、氣體軟管或吹管相互連接處，應以軟管帶、軟管套及其他適當設備等固定確實套牢、連接。 ／ 三、擬供氣於氣體軟管時，應事先確定在該軟管裝置之吹管在關閉狀態或將軟管確實止栓後，始得作業。 ／ 四、氣體等之軟管供氣口之閥或旋塞，於使用時應設置標示使用者之名牌，以防止操作錯誤引起危害。 ／ 五、從事熔斷作業時，為防止自吹管放出過剩氧氣引起火災，應有充分通風換氣之設施。 ／ 六、作業中斷或完工離開作業場所時，氣體供氣口之閥或旋塞應予關閉後，將氣體軟管自氣體供氣口拆下，或將氣體軟管移放於自然通風、換氣良好之場所。
OSH-07	OSH	職業安全衛生設施規則	第190條		對於雇主為金屬之熔接、熔斷或加熱等作業所須使用可燃性氣體及氧氣之容器，應依下列規定辦理： ／ 一、容器不得設置、使用、儲藏或放置於下列場所： ／ （一）通風或換氣不充分之場所。 ／ （二）使用煙火之場所或其附近。 ／ （三）製造或處置火藥類、爆炸性物質、著火性物質或多量之易燃性物質之場所或其附近。 ／ 二、保持容器之溫度於攝氏四十度以下。 ／ 三、容器應直立穩妥放置，防止傾倒危險，並不得撞擊。 ／ 四、容器使用時，應留置專用板手於容器閥柄上，以備緊急時遮斷氣源。 ／ 五、搬運容器時應裝妥護蓋。 ／ 六、容器閥、接頭、調整器、配管口應清除油類及塵埃。 ／ 七、應輕緩開閉容器閥。 ／ 八、應清楚分開使用中與非使用中之容器。 ／ 九、容器、閥及管線等不得接觸電焊器、電路、電源、火源。 ／ 十、搬運容器時，應禁止在地面滾動或撞擊。 ／ 十一、自車上卸下容器時，應有防止衝擊之裝置。 ／ 十二、自容器閥上卸下調整器前，應先關閉容器閥，並釋放調整器之氣體，且操作人員應避開容器閥出口。
OSH-07	OSH	職業安全衛生設施規則	第191條		雇主對於異類物品接觸有引起爆炸、火災、危險之虞者，應單獨儲放，搬運時應使用專用之運搬機械。但經採取防止接觸之設施者，不在此限。
OSH-07	OSH	職業安全衛生設施規則	第192條		雇主對於起毛、反毛之操作場所、或將棉、羊毛、碎屑、木棉、稻草、紙屑及其他可燃性物質大量處理之場所，應有防止火災之安全設施。
OSH-07	OSH	職業安全衛生設施規則	第193條		雇主對於染有油污之破布、紙屑等應蓋藏於不燃性之容器內，或採用其他適當處置。
OSH-07	OSH	職業安全衛生設施規則	第194條		雇主對於建築物內設有化學設備，如反應器、蒸餾塔、吸收塔、析出器、混合器、沈澱分離器、熱交換器、計量槽、儲槽等容器本體及其閥、旋塞、配管等附屬設備時，該建築物之牆壁、柱、樓板、樑、樓梯等接近於化學設備周圍部分，為防止因危險物及輻射熱產生火災之虞，應使用不燃性材料構築。
OSH-07	OSH	職業安全衛生設施規則	第195條		雇主對於化學設備或其配管存有腐蝕性之危險物或閃火點在６５℃以上之化學物質之部分，為防止爆炸、火災、腐蝕及洩漏之危險，該部分應依危險物、化學物質之種類、溫度、濃度、壓力等，使用不易腐蝕之材料製造或裝設內襯等。
OSH-07	OSH	職業安全衛生設施規則	第196條		雇主對於化學設備或其配管，為防止危險物洩漏或操作錯誤而引起爆炸、火災之危險，應依下列規定辦理： ／ 一、化學設備或其配管之蓋板、凸緣、閥、旋塞等接合部分，應使用墊圈等使接合部密接。 ／ 二、操作化學設備或其配管之閥、旋塞、控制開關、按鈕等，應保持良好性能，標示其開關方向，必要時並以顏色、形狀等標明其使用狀態。 ／ 三、為防止供料錯誤，造成危險，應於勞工易見之位置標示其原料、材料、種類、供料對象及其他必要事項。
OSH-07	OSH	職業安全衛生設施規則	第197條		雇主對於化學設備或其附屬設備，為防止因爆炸、火災、洩漏等造成勞工之危害，應採取下列措施： ／ 一、確定為輸送原料、材料於化學設備或自該等設備卸收產品之有關閥、旋塞等之正常操作。 ／ 二、確定冷卻、加熱、攪拌及壓縮等裝置之正常操作。 ／ 三、保持溫度計、壓力計或其他計測裝置於正常操作功能。 ／ 四、保持安全閥、緊急遮斷裝置、自動警報裝置或其他安全裝置於異常狀態時之有效運轉。
OSH-07	OSH	職業安全衛生設施規則	第198條		雇主對於化學設備及其附屬設備之改善、修理、清掃、拆卸等作業，應指定專人，依下列規定辦理： ／ 一、決定作業方法及順序，並事先告知有關作業勞工。 ／ 二、為防止危險物、有害物、高溫液體或水蒸汽及其他化學物質洩漏致危害作業勞工，應將閥或旋塞雙重關閉或設置盲板。 ／ 三、應將前款之閥、旋塞等加鎖、鉛封或將把手拆離，使其無法擅動；並應設有不准開啟之標示或設置監視人員監視。 ／ 四、拆除第二款之盲板有導致危險物等或高溫液體或水蒸汽逸出之虞時，應先確認盲板與其最接近之閥或旋塞間有無第二款物質殘留，並採取必要措施。
OSH-07	OSH	職業安全衛生設施規則	第199條		雇主對於處理危險物之乾燥室，應為平房。但設置乾燥室建築物之樓層正上方無樓層或為耐火建築者，不在此限。
OSH-07	OSH	職業安全衛生設施規則	第200條		雇主對於使用之乾燥設備，應依下列規定： ／ 一、不得使用於加熱、乾燥有機過氧化物。 ／ 二、乾燥設備之外面，應以不燃性材料構築。 ／ 三、乾燥設備之內面及內部之棚、櫃等，應以不燃性材料構築。 ／ 四、乾燥設備內部應為易於清掃之構造；連接於乾燥設備附屬之電熱器、電動機、電燈等應設置專用之配線及開關，並不得產生電氣火花。 ／ 五、乾燥設備之窺視孔、出入口、排氣孔等之開口部分，應設計於著火時不延燒之位置，且能即刻密閉之構造。 ／ 六、乾燥設備之內部，應置有隨時能測定溫度之裝置，及調整內部溫度於安全溫度之裝置或溫度自動調整裝置。 ／ 七、危險物乾燥設備之熱源，不得使用明火；其他設備如使用明火，為防止火焰或火星引燃乾燥物，應設置有效之覆罩或隔牆。 ／ 八、乾燥設備之側面及底部應有堅固之構造，其上部應以輕質材料構築，或設置有效之爆風門或爆風孔等。 ／ 九、危險物之乾燥作業，應有可將乾燥產生之可燃性氣體、蒸氣或粉塵排出安全場所之設備。 ／ 十、使用液體燃料或可燃性氣體燃料為熱源之乾燥作業，為防止因燃料氣體、蒸氣之殘留，於點火時引起爆炸、火災，其燃燒室或其他點火之處所，應有換氣設備。 ／ 前項規定對於乾燥物之種類、加熱乾燥之程度、熱源之種類等無虞發生爆炸或火災者，不適用之。
OSH-07	OSH	職業安全衛生設施規則	第201條		雇主對於乾燥室之操作，應依下列規定辦理： ／ 一、乾燥中適時檢查乾燥室內外及附屬設備，發現有不妥之處，應立即整修。 ／ 二、應注意乾燥之溫度與乾燥時間，並經常保持正常狀態。 ／ 三、依熱源之種類，經常作必要檢視。 ／ 四、乾燥物應放置妥當，使不致脫落。 ／ 五、應注意乾燥室之清掃，不得有粉塵堆積。 ／ 六、注意乾燥室牆外之溫度，且不得將可燃性物品放置於其鄰近之處。 ／ 七、經加溫乾燥之可燃性物品，應冷卻至不致發生自燃危險後，再行收存。 ／ 八、經常檢查乾燥室之電氣機械、器具之使用狀況。
OSH-07	OSH	職業安全衛生設施規則	第202條		雇主對於乾燥作業，應指定專人辦理下列事項： ／ 一、開始使用乾燥設備時，或變更乾燥方法或種類時，應於事先將作業方法告知有關勞工，並直接指揮作業。 ／ 二、乾燥設備或其附屬設備有異常時，應即採取必要措施。 ／ 三、乾燥設備內部之溫度、換氣狀況及乾燥狀況有異常時，應即採取必要措施。 ／ 四、乾燥設備之鄰近場所，不得堆置易於引起火災之物質。
OSH-07	OSH	職業安全衛生設施規則	第203條		雇主對於使用乙炔熔接裝置或氧乙炔熔接裝置從事金屬之熔接、熔斷或加熱作業時，應規定其產生之乙炔壓力不得超過表壓力每平方公分一點三公斤以上。
OSH-07	OSH	職業安全衛生設施規則	第204條		雇主對於乙炔熔接裝置之乙炔發生器，應有專用之發生器室，並以置於屋外為原則，該室之開口部分應與其他建築物保持一．五公尺以上之距離；如置於屋內，該室之上方不得有樓層構造，並應遠離明火或有火花發生之虞之場所。
OSH-07	OSH	職業安全衛生設施規則	第205條		雇主對於乙炔發生器室之構造，應依下列規定： ／ 一、牆壁應以不燃性材料建造，且有相當之強度。 ／ 二、室頂應以薄鐵板或不燃性之輕質材料建造。 ／ 三、應設置突出於屋頂上之排氣管，其截面積應為地板面積之十六分之一以上，且使排氣良好，並與出入口或其他類似開口保持一．五公尺以上之距離。 ／ 四、門應以鐵板或不燃性之堅固材料建造。 ／ 五、牆壁與乙炔發生器應有適當距離，以免妨礙發生器裝置之操作及添料作業。
OSH-07	OSH	職業安全衛生設施規則	第206條		雇主對於移動式乙炔熔接裝置，於不使用時應置於耐火之安全收藏室。但將氣鐘分離，並將發生器洗淨後分別保管時，不在此限。
OSH-07	OSH	職業安全衛生設施規則	第207條		雇主對於產生之乙炔在表壓力每平方公分○．○七公斤以上者，應依下列規定辦理： ／ 一、氣體內徑未滿六十公分者，應以厚度二．○公厘以上之鋼板（管）製造；內徑在六十公分以上，未滿一百二十公分者，應以二．五公厘以上之鋼板（管）製造；內徑在一百二十公分以上，未滿二百公分者，應以三．五公厘以上之鋼板（管）製造；內徑在二百公分以上者，應以五．○公厘以上之鋼板（管）製造。 ／ 二、經發生器產生之乙炔，以壓縮裝置加壓後，送至乙炔氣槽，該氣槽除依前款規定外，並應設置適當之安全閥及壓力表。 ／ 三、發生器應有支持氣鐘升降之鐵柱及安全排氣管之設置。 ／ 四、氣槽、清淨器、配管等之與乙炔接觸之部分，不得使用銅或含銅百分之七十以上銅合金製造者。
OSH-07	OSH	職業安全衛生設施規則	第208條		雇主對於乙炔發生器應設置防止逆流或回火之安全裝置，其構造應依下列規定： ／ 一、主要部分應以厚度二公厘以上之鋼板製造，其構造應能耐內部爆炸。 ／ 二、應為水封式，當氣體逆流或回火時，應能確實防止危險。 ／ 三、有效水柱應為二十五公厘以上，並具有便於檢查水位之構造。
OSH-07	OSH	職業安全衛生設施規則	第209條		雇主對於乙炔熔接裝置及氧乙炔熔接裝置，為防止氧氣背壓過高、氧氣逆流及回火造成危險，應於每一吹管分別設置安全器。但主管及最近吹管之分岐管分別設有安全器者，不在此限。
OSH-07	OSH	職業安全衛生設施規則	第210條		雇主對於氣體集合熔接裝置之設置，應選擇於距離用火設備五公尺以上之場所，除供移動使用者外，並應設置於專用氣體裝置室內，其牆壁應與該裝置保持適當距離，以供該裝置之操作或氣體容器之更換。
OSH-07	OSH	職業安全衛生設施規則	第211條		雇主對於氣體裝置室之設置，應依下列規定： ／ 一、氣體漏洩時，應不致使其滯留於室內。 ／ 二、室頂及天花板之材料，應使用輕質之不燃性材料建造。 ／ 三、牆壁之材料，應使用不燃性材料建造，且有相當強度。
OSH-07	OSH	職業安全衛生設施規則	第212條		雇主對於乙炔熔接裝置、氧乙炔熔接裝置與氣體集合熔接裝置之導管及管線，應依下列規定： ／ 一、凸緣、旋塞、閥等之接合部分，應使用墊圈使接合面密接。 ／ 二、為防止氧氣背壓過高、氧氣逆流及回火造成危險，應於主管及分岐管設置安全器，使每一吹管有兩個以上之安全器。
OSH-07	OSH	職業安全衛生設施規則	第213條		雇主對於使用溶解乙炔之氣體集合熔接裝置之配管及其附屬器具，不得使用銅質及含銅百分之七十以上之銅合金製品。
OSH-07	OSH	職業安全衛生設施規則	第214條		雇主對於使用乙炔熔接裝置、氣體集合熔接裝置從事金屬之熔接、熔斷或加熱作業時，應依下列規定： ／ 一、應於發生器之發生器室、氣體集合裝置之氣體裝置室之易見場所揭示氣體種類、氣體最大儲存量、每小時氣體平均發生量及一次送入發生器內之電石量等。 ／ 二、發生器室及氣體裝置室內，應禁止作業無關人員進入，並加標示。 ／ 三、距離乙炔熔接裝置之發生器室三公尺、距離乙炔發生器及氣體集合裝置五公尺範圍內，應禁止吸菸、使用煙火、或從事有發生火花之虞之作業，並加標示。 ／ 四、應將閥、旋塞等之操作事項揭示於易見場所。 ／ 五、移動式乙炔熔接裝置之發生器，不得設置於高溫、通風或換氣不充分及產生強烈振動之場所。 ／ 六、為防止乙炔等氣體用與氧氣用導管或管線之混用，應採用專用色別區分，以資識別。 ／ 七、熔接裝置之設置場所，應有適當之消防設備。 ／ 八、從事該作業者，應佩載防護眼鏡及防護手套。
OSH-07	OSH	職業安全衛生設施規則	第215條		雇主對於電石碴之儲存槽坑，應置於安全之場所儲存，並採取防止乙炔發生危險之安全措施。
OSH-07	OSH	職業安全衛生設施規則	第216條		雇主對於以乙炔熔接裝置或氣體集合熔接裝置從事金屬之熔接、熔斷或加熱之作業，應指派經特殊安全衛生教育、訓練合格人員操作。
OSH-07	OSH	職業安全衛生設施規則	第217條		雇主對於使用乙炔熔接裝置從事金屬之熔接、熔斷或加熱作業時，應選任專人辦理下列事項： ／ 一、決定作業方法及指揮作業。 ／ 二、對使用中之發生器，禁止使用有發生火花之虞之工具或予以撞擊。 ／ 三、使用肥皂水等安全方法，測試乙炔熔接裝置是否漏洩。 ／ 四、發生器之氣鐘上禁止置放任何物件。 ／ 五、發生器室出入口之門，應注意關閉。 ／ 六、再裝電石於移動式乙炔熔接裝置之發生器時，應於屋外之安全場所為之。 ／ 七、開啟電石桶或氣鐘時，應禁止撞擊或發生火花。 ／ 八、作業時，應將乙炔熔接裝置發生器內存有空氣與乙炔之混合氣體排除。 ／ 九、作業中，應查看安全器之水位是否保持安全狀態。 ／ 十、應使用溫水或蒸汽等安全之方法加溫或保溫，以防止乙炔熔接裝置內水之涷結。 ／ 十一、發生器停止使用時，應保持適當水位，不得使水與殘存之電石接觸。 ／ 十二、發生器之修繕、加工、搬運、收藏，或繼續停止使用時，應完全除去乙炔及電石。 ／ 十三、監督作業勞工戴用防護眼鏡、防護手套。
OSH-07	OSH	職業安全衛生設施規則	第218條		雇主對於使用氣體集合熔接裝置從事金屬之熔接、熔斷或加熱作業時，應選任專人辦理下列事項： ／ 一、決定作業方法及指揮作業。 ／ 二、清除氣體容器閥、接頭、調整器及配管口之油漬、塵埃等。 ／ 三、更換容器時，應將該容器之口及配管口部分之氣體與空氣之混合氣體排除。 ／ 四、使用肥皂水等安全方法測試是否漏氣。 ／ 五、注意輕緩開閉旋塞或閥。 ／ 六、會同作業人員更換氣體容器。 ／ 七、作業開始之時，應確認瓶閥、壓力調整器、軟管、吹管、軟管套夾等器具，無損傷、磨耗致漏洩氣體或氧氣。 ／ 八、查看安全器，並確保勞工安全使用狀態。 ／ 九、監督從事作業勞工佩戴防護眼鏡、防護手套。
OSH-07	OSH	職業安全衛生設施規則	第219條		雇主對於勞工從事火藥爆破之砲孔充填、結線、點火及未爆火藥檢查處理等火藥爆破作業時，應規定其遵守下列事項： ／ 一、不得將涷結之火藥直接接近煙火、蒸汽管或其他高熱物體等危險方法融解火藥。 ／ 二、充填火藥或炸藥時，不得使用明火並禁止吸菸。 ／ 三、使用銅質、木質、竹質或其他不因摩擦、衝擊、產生靜電等引發爆炸危險之充填具。 ／ 四、使用粘土、砂、水袋或其他無著火或不引火之充填物。 ／ 五、點火後，充填之火藥類未發生爆炸或難予確認時，應依下列規定處理： ／ （一）使用電氣雷管時，應自發爆器卸下發爆母線、短結其端部、採取無法再點火之措施、並經五分鐘以上之時間，確認無危險之虞後，始得接近火藥類之充填地點。 ／ （二）使用電氣雷管以外者，點火後應經十五分鐘以上之時間，並確認無危險之虞後，始得接近火藥類之充填地點。
OSH-07	OSH	職業安全衛生設施規則	第220條		雇主對於從事火藥爆破作業，應指派經火藥爆破特殊安全衛生教育、訓練之人員擔任。
OSH-07	OSH	職業安全衛生設施規則	第221條		雇主對於使用導火索方式從事爆破作業，應就經火藥爆破特殊安全衛生教育、訓練人員中，指派專人辦理下列事項： ／ 一、指示從事該作業勞工之退避場所及應經路線。 ／ 二、發爆前應以信號警告，並確認所有人員均已離開危險區域。 ／ 三、一人之點火數在五以上時，應使用爆破時間指示器等能獲知退避時間之儀表。 ／ 四、應指示點火之順序及種類。 ／ 五、傳達點火信號。 ／ 六、對從事點火作業之勞工，傳達退避之信號。 ／ 七、確認有無未爆之裝藥或殘藥，並作妥善之處理。
OSH-07	OSH	職業安全衛生設施規則	第222條		雇主對於使用電氣方式從事爆破作業，應就經火藥爆破特殊安全衛生教育、訓練之人員中，指派專人辦理下列事項： ／ 一、指示從事該作業勞工之退避場所及應經路線。 ／ 二、發爆前應以信號警告，並確認所有人員均已離開危險區域。 ／ 三、指定發爆者。 ／ 四、指示有關發爆場所。 ／ 五、傳達點火信號。 ／ 六、確認有無未爆之裝藥或殘藥，並作妥善之處理。
OSH-07	OSH	職業安全衛生設施規則	第223條		雇主對於爆破作業，如勞工無法退避至安全之距離時，應設置堅固有效防護之避難所，以防止正面及上方飛石產生之危害。
OSH-07	OSH	職業安全衛生設施規則	第224條		雇主對於高度在二公尺以上之工作場所邊緣及開口部分，勞工有遭受墜落危險之虞者，應設有適當強度之護欄、護蓋等防護設備。 ／ 雇主為前項措施顯有困難，或作業之需要臨時將護欄、護蓋等拆除，應採取使勞工使用安全帶等防止因墜落而致勞工遭受危險之措施。
OSH-07	OSH	職業安全衛生設施規則	第225條		雇主對於在高度二公尺以上之處所進行作業，勞工有墜落之虞者，應以架設施工架或其他方法設置工作台。但工作台之邊緣及開口部分等，不在此限。 ／ 雇主依前項規定設置工作台有困難時，應採取張掛安全網或使勞工使用安全帶等防止勞工因墜落而遭致危險之措施，但無其他安全替代措施者，得採取繩索作業。使用安全帶時，應設置足夠強度之必要裝置或安全母索，供安全帶鉤掛。 ／ 前項繩索作業，應由受過訓練之人員為之，並於高處採用符合國際標準ISO22846  系列或與其同等標準之作業規定及設備從事工作。
OSH-07	OSH	職業安全衛生設施規則	第226條		雇主對於高度在二公尺以上之作業場所，有遇強風、大雨等惡劣氣候致勞工有墜落危險時，應使勞工停止作業。
OSH-07	OSH	職業安全衛生設施規則	第227條		雇主對勞工於以石綿板、鐵皮板、瓦、木板、茅草、塑膠等易踏穿材料構築之屋頂及雨遮，或於以礦纖板、石膏板等易踏穿材料構築之夾層天花板從事作業時，為防止勞工踏穿墜落，應採取下列設施： ／ 一、規劃安全通道，於屋架、雨遮或天花板支架上設置適當強度且寬度在三十公分以上之踏板。 ／ 二、於屋架、雨遮或天花板下方可能墜落之範圍，裝設堅固格柵或安全網等防墜設施。 ／ 三、指定屋頂作業主管指揮或監督該作業。 ／ 雇主對前項作業已採其他安全工法或設置踏板面積已覆蓋全部易踏穿屋頂、雨遮或天花板，致無墜落之虞者，得不受前項限制。
OSH-07	OSH	職業安全衛生設施規則	第227條之1		雇主對於新建、增建、改建或修建工廠之鋼構屋頂，勞工有遭受墜落危險之虞者，應依下列規定辦理： ／ 一、於邊緣及屋頂突出物頂板周圍，設置高度九十公分以上之女兒牆或適當強度欄杆。 ／ 二、於易踏穿材料構築之屋頂，應於屋頂頂面設置適當強度且寬度在三十公分以上通道，並於屋頂採光範圍下方裝設堅固格柵。 ／ 前項所定工廠，為事業單位從事物品製造或加工之固定場所。
OSH-07	OSH	職業安全衛生設施規則	第228條		雇主對勞工於高差超過一．五公尺以上之場所作業時，應設置能使勞工安全上下之設備。
OSH-07	OSH	職業安全衛生設施規則	第229條		雇主對於使用之移動梯，應符合下列之規定： ／ 一、具有堅固之構造。 ／ 二、其材質不得有顯著之損傷、腐蝕等現象。 ／ 三、寬度應在三十公分以上。 ／ 四、應採取防止滑溜或其他防止轉動之必要措施。
OSH-07	OSH	職業安全衛生設施規則	第230條		雇主對於使用之合梯，應符合下列規定： ／ 一、具有堅固之構造。 ／ 二、其材質不得有顯著之損傷、腐蝕等。 ／ 三、梯腳與地面之角度應在七十五度以內，且兩梯腳間有金屬等硬質繫材扣牢，腳部有防滑絕緣腳座套。 ／ 四、有安全之防滑梯面。 ／ 雇主不得使勞工以合梯當作二工作面之上下設備使用，並應禁止勞工站立於頂板作業。
OSH-07	OSH	職業安全衛生設施規則	第231條		雇主對於使用之梯式施工架立木之梯子，應符合下列規定： ／ 一、具有適當之強度。 ／ 二、置於座板或墊板之上，並視土壤之性質埋入地下至必要之深度，使每一梯子之二立木平穩落地，並將梯腳適當紮結。 ／ 三、以一梯連接另一梯增加其長度時，該二梯至少應疊接一．五公尺以上，並紮結牢固。
OSH-07	OSH	職業安全衛生設施規則	第232條		雇主對於勞工有墜落危險之場所，應設置警告標示，並禁止與工作無關之人員進入。
OSH-07	OSH	職業安全衛生設施規則	第233條		雇主對於以船舶運輸勞工前往作業場所時，不得超載，且應備置足夠數量救生衣、救生用具或採取其他方法，以防止勞工落水遭致危害。
OSH-07	OSH	職業安全衛生設施規則	第234條		雇主對於水上作業勞工有落水之虞時，除應使勞工穿著救生衣，設置監視人員及救生設備外，並應符合下列規定： ／ 一、使用水上動力船隻，應設置滅火器及堵漏設備。 ／ 二、使用水上動力船隻於夜間作業時，應依國際慣例懸掛燈號及有足夠照明。 ／ 三、水上作業，應備置急救設備。 ／ 四、水上作業時，應先查明舖設於水下之電纜管路及其他水下障礙物位置，經妥善處理後，再行施工。 ／ 五、有水上、岸上聯合作業情況時，應設置通訊設備或採行具聯絡功能之措施，並選任指揮聯絡人員。
OSH-07	OSH	職業安全衛生設施規則	第235條		雇主對表土之崩塌或土石之崩落，有危害勞工之虞者，應依下列規定： ／ 一、應使表土保持安全之傾斜，對有飛落之虞之土石應予清除或設置堵牆、擋土支撐等。 ／ 二、排除可能形成表土崩塌或土石飛落之雨水、地下水等。
OSH-07	OSH	職業安全衛生設施規則	第236條		雇主為防止坑內落磐、落石或側壁崩塌等對勞工之危害，應設置支撐或清除浮石等。
OSH-07	OSH	職業安全衛生設施規則	第237條		雇主對於自高度在三公尺以上之場所投下物體有危害勞工之虞時，應設置適當之滑槽、承受設備，並指派監視人員。
OSH-07	OSH	職業安全衛生設施規則	第238條		雇主對於工作場所有物體飛落之虞者，應設置防止物體飛落之設備，並供給安全帽等防護具，使勞工戴用。
OSH-07	OSH	職業安全衛生設施規則	第239條		雇主使用之電氣器材及電線等，應符合國家標準規格。
OSH-07	OSH	職業安全衛生設施規則	第239條之1		雇主對於使用之電氣設備，應依用戶用電設備裝置規則規定，於非帶電金屬部分施行接地。
OSH-07	OSH	職業安全衛生設施規則	第240條		雇主對於高壓或特高壓用開關、避雷器或類似器具等在動作時，會發生電弧之電氣器具，應與木製之壁、天花板等可燃物質保持相當距離。但使用防火材料隔離者，不在此限。
OSH-07	OSH	職業安全衛生設施規則	第241條		雇主對於電氣機具之帶電部分（電熱器之發熱體部分，電焊機之電極部分等，依其使用目的必須露出之帶電部分除外），如勞工於作業中或通行時，有因接觸（含經由導電體而接觸者，以下同）或接近致發生感電之虞者，應設防止感電之護圍或絕緣被覆。但電氣機具設於配電室、控制室、變電室等被區隔之場所，且禁止電氣作業有關人員以外之人員進入者；或設置於電桿、鐵塔等已隔離之場所，且電氣作業有關人員以外之人員無接近之虞之場所者，不在此限。
OSH-07	OSH	職業安全衛生設施規則	第242條		雇主對於連接於移動電線之攜帶型電燈，或連接於臨時配線、移動電線之架空懸垂電燈等，為防止觸及燈座帶電部分而引起感電或燈泡破損而引起之危險，應設置合乎下列規定之護罩： ／ 一、燈座露出帶電部分，應為手指不易接觸之構造。 ／ 二、應使用不易變形或破損之材料。
OSH-07	OSH	職業安全衛生設施規則	第243條		雇主為避免漏電而發生感電危害，應依下列狀況，於各該電動機具設備之連接電路上設置適合其規格，具有高敏感度、高速型，能確實動作之防止感電用漏電斷路器： ／ 一、使用對地電壓在一百五十伏特以上移動式或攜帶式電動機具。 ／ 二、於含水或被其他導電度高之液體濕潤之潮濕場所、金屬板上或鋼架上等導電性良好場所使用移動式或攜帶式電動機具。 ／ 三、於建築或工程作業使用之臨時用電設備。
OSH-07	OSH	職業安全衛生設施規則	第244條		電動機具合於下列之一者，不適用前條之規定： ／ 一、連接於非接地方式電路（該電動機具電源側電路所設置之絕緣變壓器之二次側電壓在三百伏特以下，且該絕緣變壓器之負荷側電路不可接地者）中使用之電動機具。 ／ 二、在絕緣台上使用之電動機具。 ／ 三、雙重絕緣構造之電動機具。
OSH-07	OSH	職業安全衛生設施規則	第245條		雇主對電焊作業使用之焊接柄，應有相當之絕緣耐力及耐熱性。
OSH-07	OSH	職業安全衛生設施規則	第246條		雇主對勞工於作業中或通行時，有接觸絕緣被覆配線或移動電線或電氣機具、設備之虞者，應有防止絕緣被破壞或老化等致引起感電危害之設施。
OSH-07	OSH	職業安全衛生設施規則	第247條		雇主對於發電室、變電室、受電室及其類似場所之特高壓電路，其連接狀態應以模擬線或其他方法表示。但連接於特高壓電路之回路數係二回線以下，或特高壓之匯流排係單排者，不在此限。
OSH-07	OSH	職業安全衛生設施規則	第248條		雇主對於啟斷馬達或其他電氣機具之裝置，應明顯標示其啟斷操作及用途。但如其配置方式或配置位置，已足顯示其操作及用途者，不在此限。
OSH-07	OSH	職業安全衛生設施規則	第249條		雇主對於良導體機器設備內之檢修工作所用之手提式照明燈，其使用電壓不得超過二十四伏特，且導線須為耐磨損及有良好絕緣，並不得有接頭。
OSH-07	OSH	職業安全衛生設施規則	第250條		雇主對勞工於良導體機器設備內之狹小空間，或於鋼架等致有觸及高導電性接地物之虞之場所，作業時所使用之交流電焊機，應有自動電擊防止裝置。但採自動式焊接者，不在此限。
OSH-07	OSH	職業安全衛生設施規則	第251條		雇主對於易產生非導電性及非燃燒性塵埃之工作場所，其電氣機械器具，應裝於具有防塵效果之箱內，或使用防塵型器具，以免塵垢堆積影響正常散熱，造成用電設備之燒損。
OSH-07	OSH	職業安全衛生設施規則	第252條		雇主對於有發生靜電致傷害勞工之虞之工作機械及其附屬物件，應就其發生靜電之部份施行接地，使用除電劑、或裝設無引火源之除電裝置等適當設備。
OSH-07	OSH	職業安全衛生設施規則	第253條		雇主不得於通路上使用臨時配線或移動電線。但經妥為防護而車輛或其他物體通過該配線或移動電線時不致損傷其絕緣被覆者，不在此限。
OSH-07	OSH	職業安全衛生設施規則	第254條		雇主對於電路開路後從事該電路、該電路支持物、或接近該電路工作物之敷設、建造、檢查、修理、油漆等作業時，應於確認電路開路後，就該電路採取下列設施： ／ 一、開路之開關於作業中，應上鎖或標示「禁止送電」、「停電作業中」或設置監視人員監視之。 ／ 二、開路後之電路如含有電力電纜、電力電容器等致電路有殘留電荷引起危害之虞，應以安全方法確實放電。 ／ 三、開路後之電路藉放電消除殘留電荷後，應以檢電器具檢查，確認其已停電，且為防止該停電電路與其他電路之混觸、或因其他電路之感應、或其他電源之逆送電引起感電之危害，應使用短路接地器具確實短路，並加接地。 ／ 四、前款停電作業範圍如為發電或變電設備或開關場之一部分時，應將該停電作業範圍以藍帶或網加圍，並懸掛「停電作業區」標誌；有電部分則以紅帶或網加圍，並懸掛「有電危險區」標誌，以資警示。 ／ 前項作業終了送電時，應事先確認從事作業等之勞工無感電之虞，並於拆除短路接地器具與紅藍帶或網及標誌後為之。
OSH-07	OSH	職業安全衛生設施規則	第255條		雇主對於高壓或特高壓電路，非用於啟斷負載電流之空斷開關及分段開關（隔離開關），為防止操作錯誤，應設置足以顯示該電路為無負載之指示燈或指示器等，使操作勞工易於識別該電路確無負載。但已設置僅於無負載時方可啟斷之連鎖裝置者，不在此限。
OSH-07	OSH	職業安全衛生設施規則	第256條		雇主使勞工於低壓電路從事檢查、修理等活線作業時，應使該作業勞工戴用絕緣用防護具，或使用活線作業用器具或其他類似之器具。
OSH-07	OSH	職業安全衛生設施規則	第257條		雇主使勞工於接近低壓電路或其支持物從事敷設、檢查、修理、油漆等作業時，應於該電路裝置絕緣用防護裝備。但勞工戴用絕緣用防護具從事作業而無感電之虞者，不在此限。
OSH-07	OSH	職業安全衛生設施規則	第258條		雇主使勞工從事高壓電路之檢查、修理等活線作業時，應有下列設施之一： ／ 一、使作業勞工戴用絕緣用防護具，並於有接觸或接近該電路部分設置絕緣用防護裝備。 ／ 二、使作業勞工使用活線作業用器具。 ／ 三、使作業勞工使用活線作業用絕緣工作台及其他裝備，並不得使勞工之身體或其使用中之工具、材料等導電體接觸或接近有使勞工感電之虞之電路或帶電體。
OSH-07	OSH	職業安全衛生設施規則	第259條		雇主使勞工於接近高壓電路或高壓電路支持物從事敷設、檢查、修理、油漆等作業時，為防止勞工接觸高壓電路引起感電之危險，在距離頭上、身側及腳下六十公分以內之高壓電路者，應在該電路設置絕緣用防護裝備。但已使該作業勞工戴用絕緣用防護具而無感電之虞者，不在此限。
OSH-07	OSH	職業安全衛生設施規則	第260條		雇主使勞工於特高壓之充電電路或其支持碍子從事檢查、修理、清掃等作業時，應有下列設施之一： ／ 一、使勞工使用活線作業用器具，並對勞工身體或其使用中之金屬工具、材料等導電體，應保持下表所定接近界限距離。 ／ ┌─────────────────┬──────────┐ ／ │充電電路之使用電壓（千伏特）      │接近界限距離（公分）│ ／ ├─────────────────┼──────────┤ ／ │二二以下                          │二○                │ ／ ├─────────────────┼──────────┤ ／ │超過二二，三三以下                │三○                │ ／ ├─────────────────┼──────────┤ ／ │超過三三，六六以下                │五○                │ ／ ├─────────────────┼──────────┤ ／ │超過六六，七七以下                │六○                │ ／ ├─────────────────┼──────────┤ ／ │超過七七，一一○以下              │九○                │ ／ ├─────────────────┼──────────┤ ／ │超過一一○，一五四以下            │一二○              │ ／ ├─────────────────┼──────────┤ ／ │超過一五四，一八七以下            │一四○              │ ／ ├─────────────────┼──────────┤ ／ │超過一八七，二二○以下            │一六○              │ ／ ├─────────────────┼──────────┤ ／ │超過二二○，三四五以下            │二○○              │ ／ ├─────────────────┼──────────┤ ／ │超過三四五                        │三○○              │ ／ └─────────────────┴──────────┘ ／ 二、使作業勞工使用活線作業用裝置，並不得使勞工之身體或其使用中之金屬工具、材料等導電體接觸或接近於有使勞工感電之虞之電路或帶電體。
OSH-07	OSH	職業安全衛生設施規則	第261條		雇主使勞工於接近特高壓電路或特高壓電路支持物從事檢查、修理、油漆、清掃等電氣工程作業時，應有下列設施之一。但接近特高壓電路之支持礙子，不在此限： ／ 一、使勞工使用活線作業用裝置。 ／ 二、對勞工身體或其使用中之金屬工具、材料等導電體，保持前條第一款規定之接近界限距離以上，並將接近界限距離標示於易見之場所或設置監視人員從事監視作業。
OSH-07	OSH	職業安全衛生設施規則	第262條		雇主於勞工從事裝設、拆除或接近電路等之絕緣用防護裝備時，應使勞工戴用絕緣用防護具、或使用活線用器具、或其他類似器具。
OSH-07	OSH	職業安全衛生設施規則	第263條		雇主對勞工於架空電線或電氣機具電路之接近場所從事工作物之裝設、解體、檢查、修理、油漆等作業及其附屬性作業或使用車輛系營建機械、移動式起重機、高空工作車及其他有關作業時，該作業使用之機械、車輛或勞工於作業中或通行之際，有因接觸或接近該電路引起感電之虞者，雇主除應使勞工與帶電體保持規定之接近界限距離外，並應設置護圍、或於該電路四周裝置絕緣用防護裝備等設備或採取移開該電路之措施。但採取前述設施顯有困難者，應置監視人員監視之。
OSH-07	OSH	職業安全衛生設施規則	第264條		雇主對於裝有電力設備之工廠、供公眾使用之建築物及受電電壓屬高壓以上之用電場所，應依下列規定置專任電氣技術人員，或另委託用電設備檢驗維護業，負責維護與電業供電設備分界點以內一般及緊急電力設備之用電安全： ／ 一、低壓：六百伏特以下供電，且契約容量達五十瓩以上之工廠或供公眾使用之建築物，應置初級電氣技術人員。 ／ 二、高壓：超過六百伏特至二萬二千八百伏特供電之用電場所，應置中級電氣技術人員。 ／ 三、特高壓：超過二萬二千八百伏特供電之用電場所，應置高級電氣技術人員。 ／ 前項專任電氣技術人員之資格，依用電場所及專任電氣技術人員管理規則規定辦理。
OSH-07	OSH	職業安全衛生設施規則	第265條		雇主對於高壓以上之停電作業、活線作業及活線接近作業，應將作業期間、作業內容、作業之電路及接近於此電路之其他電路系統，告知作業之勞工，並應指定監督人員負責指揮。
OSH-07	OSH	職業安全衛生設施規則	第266條		雇主對於發電室、變電室或受電室等場所應有適當之照明設備，以便於監視及確保操作之正確安全。
OSH-07	OSH	職業安全衛生設施規則	第267條		雇主對裝有特高壓用器具及電線之配電盤前面，應設置供操作者用之絕緣台。
OSH-07	OSH	職業安全衛生設施規則	第268條		雇主對於六百伏特以下之電氣設備前方，至少應有八十公分以上之水平工作空間。但於低壓帶電體前方，可能有檢修、調整、維護之活線作業時，不得低於下表規定： ／ ┌────────┬───────────┐ ／ │                │最小工作空間（公分）  │ ／ │                ├───────────┤ ／ │對地電壓（伏特）│工    作    環    境  │ ／ │                ├───┬───┬───┤ ／ │                │甲    │乙    │丙    │ ／ ├────────┼───┼───┼───┤ ／ │○至一五○      │九○  │九○  │九○  │ ／ ├────────┼───┼───┼───┤ ／ │一五一至六○○  │九○  │一○五│一二○│ ／ └────────┴───┴───┴───┘
OSH-07	OSH	職業安全衛生設施規則	第269條		雇主對於六百伏特以上之電氣設備，如配電盤、控制盤、開關、斷路器、電動機操作器、電驛及其他類似設備之前方工作空間，不得低於下表規定： ／ ┌───────────┬───────────┐ ／ │                      │最小工作空間（公分）  │ ／ │                      ├───────────┤ ／ │對地電壓（伏特）      │工    作    環    境  │ ／ │                      ├───┬───┬───┤ ／ │                      │甲    │乙    │丙    │ ／ ├───────────┼───┼───┼───┤ ／ │六○一至二五○○      │九○  │一二○│一五○│ ／ ├───────────┼───┼───┼───┤ ／ │二五○一至九○○○    │一二○│一五○│一八○│ ／ ├───────────┼───┼───┼───┤ ／ │九○○一至二五○○○  │一五○│一八○│二七○│ ／ ├───────────┼───┼───┼───┤ ／ │二五○○一至七五○○○│一八○│二四○│三○○│ ／ ├───────────┼───┼───┼───┤ ／ │七五○○一以上        │二四○│三○○│三六○│ ／ └───────────┴───┴───┴───┘
OSH-07	OSH	職業安全衛生設施規則	第270條		前兩條表中所指之「工作環境」，其類型及意義如下： ／ 一、工作環境甲：水平工作空間一邊有露出帶電部分，另一邊無露出帶電部分或亦無露出接地部分者，或兩邊為以合適之木材或絕緣材料隔離之露出帶電部分者。 ／ 二、工作環境乙：水平工作空間一邊為露出帶電部分，另一邊為接地部分者。 ／ 三、工作環境丙：操作人員所在之水平工作空間，其兩邊皆為露出帶電部分且無隔離之防護者。 ／ 前兩條電氣設備為露出者，其工作空間之水平距離，應自帶電部分算起；如屬封閉型設備，應自封閉體前端或開口算起。
OSH-07	OSH	職業安全衛生設施規則	第271條		雇主對於配電盤後面如裝設有高壓器具或電線時，應設適當之通路。
OSH-07	OSH	職業安全衛生設施規則	第272條		雇主對於絕緣用防護裝備、防護具、活線作業用工具等，應每六個月檢驗其性能一次，工作人員應於每次使用前自行檢點，不合格者應予更換。
OSH-07	OSH	職業安全衛生設施規則	第273條		雇主對於開關操作棒，須保持清潔、乾燥及符合國家標準 CNS 6654 同等以上規定之高度絕緣。
OSH-07	OSH	職業安全衛生設施規則	第274條		雇主對於電氣技術人員或其他電氣負責人員，除應責成其依電氣有關法規規定辦理，並應責成其工作遵守下列事項： ／ 一、隨時檢修電氣設備，遇有電氣火災或重大電氣故障時，應切斷電源，並即聯絡當地供電機構處理。 ／ 二、電線間、直線、分歧接頭及電線與器具間接頭，應確實接牢。 ／ 三、拆除或接裝保險絲以前，應先切斷電源。 ／ 四、以操作棒操作高壓開關，應使用橡皮手套。 ／ 五、熟悉發電室、變電室、受電室等其工作範圍內之各項電氣設備操作方法及操作順序。
OSH-07	OSH	職業安全衛生設施規則	第275條		雇主對於電氣設備，平時應注意下列事項： ／ 一、發電室、變電室、或受電室內之電路附近，不得堆放任何與電路無關之物件或放置床、舖、衣架等。 ／ 二、與電路無關之任何物件，不得懸掛或放置於電線或電氣器具。 ／ 三、不得使用未知或不明規格之工業用電氣器具。 ／ 四、電動機械之操作開關，不得設置於工作人員須跨越操作之位置。 ／ 五、防止工作人員感電之圍柵、屏障等設備，如發現有損壞，應即修補。
OSH-07	OSH	職業安全衛生設施規則	第276條		雇主為防止電氣災害，應依下列規定辦理： ／ 一、對於工廠、供公眾使用之建築物及受電電壓屬高壓以上之用電場所，電力設備之裝設及維護保養，非合格之電氣技術人員不得擔任。 ／ 二、為調整電動機械而停電，其開關切斷後，須立即上鎖或掛牌標示並簽章。復電時，應由原掛簽人取下鎖或掛牌後，始可復電，以確保安全。但原掛簽人因故無法執行職務者，雇主應指派適當職務代理人，處理復電、安全控管及聯繫等相關事宜。 ／ 三、發電室、變電室或受電室，非工作人員不得任意進入。 ／ 四、不得以肩負方式攜帶竹梯、鐵管或塑膠管等過長物體，接近或通過電氣設備。 ／ 五、開關之開閉動作應確實，有鎖扣設備者，應於操作後加鎖。 ／ 六、拔卸電氣插頭時，應確實自插頭處拉出。 ／ 七、切斷開關應迅速確實。 ／ 八、不得以濕手或濕操作棒操作開關。 ／ 九、非職權範圍，不得擅自操作各項設備。 ／ 十、遇電氣設備或電路著火者，應用不導電之滅火設備。 ／ 十一、對於廣告、招牌或其他工作物拆掛作業，應事先確認從事作業無感電之虞，始得施作。 ／ 十二、對於電氣設備及線路之敷設、建造、掃除、檢查、修理或調整等有導致感電之虞者，應停止送電，並為防止他人誤送電，應採上鎖或設置標示等措施。但採用活線作業及活線接近作業，符合第二百五十六條至第二百六十三條規定者，不在此限。
OSH-07	OSH	職業安全衛生設施規則	第277條		雇主供給勞工使用之個人防護具或防護器具，應依下列規定辦理： ／ 一、保持清潔，並予必要之消毒。 ／ 二、經常檢查，保持其性能，不用時並妥予保存。 ／ 三、防護具或防護器具應準備足夠使用之數量，個人使用之防護具應置備與作業勞工人數相同或以上之數量，並以個人專用為原則。 ／ 四、對勞工有感染疾病之虞時，應置備個人專用防護器具，或作預防感染疾病之措施。
OSH-07	OSH	職業安全衛生設施規則	第277條之1		雇主使勞工使用呼吸防護具時，應指派專人採取下列呼吸防護措施，作成執行紀錄，並留存三年： ／ 一、危害辨識及暴露評估。 ／ 二、防護具之選擇。 ／ 三、防護具之使用。 ／ 四、防護具之維護及管理。 ／ 五、呼吸防護教育訓練。 ／ 六、成效評估及改善。 ／ 前項呼吸防護措施，事業單位勞工人數達二百人以上者，雇主應依中央主管機關公告之相關指引，訂定呼吸防護計畫，並據以執行；於勞工人數未滿二百人者，得以執行紀錄或文件代替。
OSH-07	OSH	職業安全衛生設施規則	第278條		雇主對於搬運、置放、使用有刺角物、凸出物、腐蝕性物質、毒性物質或劇毒物質時，應置備適當之手套、圍裙、裹腿、安全鞋、安全帽、防護眼鏡、防毒口罩、安全面罩等並使勞工確實使用。
OSH-07	OSH	職業安全衛生設施規則	第279條		雇主對於勞工操作或接近運轉中之原動機、動力傳動裝置、動力滾捲裝置，或動力運轉之機械，勞工之頭髮或衣服有被捲入危險之虞時，應使勞工確實著用適當之衣帽。
OSH-07	OSH	職業安全衛生設施規則	第280條		雇主對於作業中有物體飛落或飛散，致危害勞工之虞時，應使勞工確實使用安全帽及其他必要之防護設施。
OSH-07	OSH	職業安全衛生設施規則	第280條之1		雇主使勞工於有車輛出入或往來之工作場所作業時，有導致勞工遭受交通事故之虞者，除應明顯設置警戒標示外，並應置備反光背心等防護衣，使勞工確實使用。
OSH-07	OSH	職業安全衛生設施規則	第281條		雇主對於在高度二公尺以上之高處作業，勞工有墜落之虞者，應使勞工確實使用安全帶、安全帽及其他必要之防護具，但經雇主採安全網等措施者，不在此限。 ／ 前項安全帶之使用，應視作業特性，依國家標準規定選用適當型式，對於鋼構懸臂突出物、斜籬、二公尺以上未設護籠等保護裝置之垂直固定梯、局限空間、屋頂或施工架組拆、工作台組拆、管線維修作業等高處或傾斜面移動，應採用符合國家標準CNS14253-1同等以上規定之全身背負式安全帶及捲揚式防墜器。
OSH-07	OSH	職業安全衛生設施規則	第282條		雇主對於從事地面下或隧道工程等作業，有物體飛落、有害物中毒、或缺氧危害之虞者；應使勞工確實使用安全帽，必要時應置備空氣呼吸器、氧氣呼吸器、防毒面具、防塵面具等防護器材。
OSH-07	OSH	職業安全衛生設施規則	第283條		雇主為防止勞工暴露於強烈噪音之工作場所，應置備耳塞、耳罩等防護具，並使勞工確實戴用。
OSH-07	OSH	職業安全衛生設施規則	第284條		雇主對於勞工以電焊、氣焊從事熔接、熔斷等作業時，應置備安全面罩、防護眼鏡及防護手套等，並使勞工確實戴用。 ／ 雇主對於前項電焊熔接、熔斷作業產生電弧，而有散發強烈非游離輻射線致危害勞工之虞之場所，應予適當隔離。但工作場所採隔離措施顯有困難者，不在此限。
OSH-07	OSH	職業安全衛生設施規則	第285條		雇主對於熔礦爐、熔鐵爐、玻璃熔解爐、或其他高溫操作場所，為防止爆炸或高熱物飛出，除應有適當防護裝置及置備適當之防護具外，並使勞工確實使用。
OSH-07	OSH	職業安全衛生設施規則	第286條		雇主應依工作場所之危害性，設置必要之職業災害搶救器材。
OSH-07	OSH	職業安全衛生設施規則	第286條之1		雇主對於勞工從事水下作業，應視作業危害性，使勞工配置必要之呼吸用具、潛水、緊急救生及連絡通訊等設備。
OSH-07	OSH	職業安全衛生設施規則	第286條之2		雇主使勞工於經地方政府因天然災害宣布停止上班期間從事外勤作業，有危害勞工之虞者，應視作業危害性，置備適當救生衣、安全帽、連絡通訊設備與其他必要之安全防護設施及交通工具。
OSH-07	OSH	職業安全衛生設施規則	第286條之3		雇主對於使用機車、自行車等交通工具從事外送作業，應置備安全帽、反光標示、高低氣溫危害預防、緊急用連絡通訊設備等合理及必要之安全衛生防護設施，並使勞工確實使用。 ／ 事業單位從事外送作業勞工人數在三十人以上，雇主應依中央主管機關發布之相關指引，訂定外送作業危害防止計畫，並據以執行；於勞工人數未滿三十人者，得以執行紀錄或文件代替。 ／ 前項所定執行紀錄或文件，應留存三年。
OSH-07	OSH	職業安全衛生設施規則	第287條		雇主對於勞工有暴露於高溫、低溫、非游離輻射線、生物病原體、有害氣體、蒸氣、粉塵或其他有害物之虞者，應置備安全衛生防護具，如安全面罩、防塵口罩、防毒面具、防護眼鏡、防護衣等適當之防護具，並使勞工確實使用。
OSH-07	OSH	職業安全衛生設施規則	第287條之1		雇主使勞工使用輸氣管面罩呼吸防護具時，應確保其供氣及性能維持正常運作，並避免使用純氧供氣。 ／ 前項情形使用空氣壓縮機供氣者，其與面罩連結之輸氣管線及接頭，應明顯標示其種類及用途；相鄰管線之接頭，應以不同規格予以區隔。
OSH-07	OSH	職業安全衛生設施規則	第288條		雇主對於勞工在作業中使用之物質，有因接觸而傷害皮膚、感染、或經由皮膚滲透吸收而發生中毒等之虞時，應置備不浸透性防護衣、防護手套、防護靴、防護鞋等適當防護具，或提供必要之塗敷用防護膏，並使勞工使用。
OSH-07	OSH	職業安全衛生設施規則	第289條		雇主對於從事輸送腐蝕性物質之勞工，為防止腐蝕性物質之飛濺、漏洩或溢流致危害勞工，應使勞工使用適當之防護具。
OSH-07	OSH	職業安全衛生設施規則	第290條		雇主對於從事電氣工作之勞工，應使其使用電工安全帽、絕緣防護具及其他必要之防護器具。
OSH-07	OSH	職業安全衛生設施規則	第291條		（刪除）
OSH-07	OSH	職業安全衛生設施規則	第292條		雇主對於有害氣體、蒸氣、粉塵等作業場所，應依下列規定辦理： ／ 一、工作場所內發散有害氣體、蒸氣、粉塵時，應視其性質，採取密閉設備、局部排氣裝置、整體換氣裝置或以其他方法導入新鮮空氣等適當措施，使其不超過勞工作業場所容許暴露標準之規定。勞工有發生中毒之虞者，應停止作業並採取緊急措施。 ／ 二、勞工暴露於有害氣體、蒸氣、粉塵等之作業時，其空氣中濃度超過八小時日時量平均容許濃度、短時間時量平均容許濃度或最高容許濃度者，應改善其作業方法、縮短工作時間或採取其他保護措施。 ／ 三、有害物工作場所，應依有機溶劑、鉛、四烷基鉛、粉塵及特定化學物質等有害物危害預防法規之規定，設置通風設備，並使其有效運轉。
OSH-07	OSH	職業安全衛生設施規則	第293條		雇主為防止含有有害物之廢氣、廢液、殘渣等廢棄物危害勞工，應採取必要防護措施，排出廢棄之。 ／ 前項廢棄物之貯存、清除、處理及排放標準，應依環境保護相關法規規定辦理。
OSH-07	OSH	職業安全衛生設施規則	第294條		雇主使勞工使用有害物從事作業前，應確認所使用物質之危害性，採取預防危害之必要措施。
OSH-07	OSH	職業安全衛生設施規則	第295條		雇主對於勞工在下列工作場所工作，應依缺氧症預防規則，採取必要措施： ／ 一、坑內、深井、沉箱、儲槽、隧道、船艙或其他自然換氣不充分，致有缺氧、窒息危害之虞者。 ／ 二、置備滅火器或滅火設備之停車塔、機房或其他建築物內部，發生二氧化碳或惰性氣體滅火藥劑噴發或洩漏，致有缺氧、窒息危害之虞者。 ／ 於前項工作場所，不得使用具有內燃機之機械，以免排出之廢氣危害勞工。但另設有效之換氣設施者，不在此限。
OSH-07	OSH	職業安全衛生設施規則	第295條之1		雇主使勞工從事畜牧、動物養殖、農作物耕作、採收、園藝、綠化服務、田野調查、量測或其他易與動、植物接觸之作業，有造成勞工傷害或感染之虞者，應採取危害預防或隔離設施、提供適當之防衛裝備或個人防護器具。
OSH-07	OSH	職業安全衛生設施規則	第296條		雇主對於受生物病原體污染之物品，應予以消毒、殺菌等適當處理，以避免勞工感染疾病。 ／ 前項處理受生物病原體污染之廢棄物時，應採用機械器具處理或提供適當防護具。
OSH-07	OSH	職業安全衛生設施規則	第297條		雇主對於有害物、生物病原體或受其污染之物品，應妥為儲存，並加警告標示。 ／ 為避免發生污染物品洩漏或遭尖銳物品穿刺，前項生物病原體或受其污染物品，應使用防止洩漏或不易穿透材質之容器盛裝儲存，且其盛裝材料應有足夠強度。
OSH-07	OSH	職業安全衛生設施規則	第297條之1		雇主對於工作場所有生物病原體危害之虞者，應採取下列感染預防措施： ／ 一、危害暴露範圍之確認。 ／ 二、相關機械、設備、器具等之管理及檢點。 ／ 三、警告傳達及標示。 ／ 四、健康管理。 ／ 五、感染預防作業標準。 ／ 六、感染預防教育訓練。 ／ 七、扎傷事故之防治。 ／ 八、個人防護具之採購、管理及配戴演練。 ／ 九、緊急應變。 ／ 十、感染事故之報告、調查、評估、統計、追蹤、隱私權維護及紀錄。 ／ 十一、感染預防之績效檢討及修正。 ／ 十二、其他經中央主管機關指定者。 ／ 前項預防措施於醫療保健服務業，應增列勞工工作前預防感染之預防注射等事項。 ／ 前二項之預防措施，應依作業環境特性，訂定實施計畫及將執行紀錄留存三年，於僱用勞工人數在三十人以下之事業單位，得以執行紀錄或文件代替。
OSH-07	OSH	職業安全衛生設施規則	第297條之2		雇主對於作業中遭生物病原體污染之針具或尖銳物品扎傷之勞工，應建立扎傷感染災害調查制度及採取下列措施： ／ 一、指定專責單位或專人負責接受報告、調查、處理、追蹤及紀錄等事宜，相關紀錄應留存三年。 ／ 二、調查扎傷勞工之針具或尖銳物品之危害性及感染源。但感染源之調查需進行個案之血液檢查者，應經當事人同意後始得為之。 ／ 三、前款調查結果勞工有感染之虞者，應使勞工接受特定項目之健康檢查，並依醫師建議，採取對扎傷勞工採血檢驗與保存、預防性投藥及其他必要之防治措施。
OSH-07	OSH	職業安全衛生設施規則	第298條		雇主對於處理有害物、或勞工暴露於強烈噪音、振動、超音波及紅外線、紫外線、微波、雷射、射頻波等非游離輻射或因生物病原體污染等之有害作業場所，應去除該危害因素，採取使用代替物、改善作業方法或工程控制等有效之設施。
OSH-07	OSH	職業安全衛生設施規則	第299條		雇主應於明顯易見之處所設置警告標示牌，並禁止非與從事作業有關之人員進入下列工作場所： ／ 一、處置大量高熱物體或顯著濕熱之場所。 ／ 二、處置大量低溫物體或顯著寒冷之場所。 ／ 三、具有強烈微波、射頻波或雷射等非游離輻射之場所。 ／ 四、氧氣濃度未達百分之十八之場所。 ／ 五、有害物超過勞工作業場所容許暴露標準之場所。 ／ 六、處置特殊有害物之場所。 ／ 七、遭受生物病原體顯著污染之場所。 ／ 前項禁止進入之規定，對於緊急時並使用有效防護具之有關人員不適用之。
OSH-07	OSH	職業安全衛生設施規則	第299條之1		雇主使勞工於冷藏室、冷凍室、地窖及其他密閉使用之設施內部作業時，於該作業期間，應採取該設施出入口之門或蓋等不致閉鎖之措施。但該門或蓋有易自內部開啟之構造或該設施內部設置有通報裝置或警報裝置等得與外部有效聯絡者，不在此限。
OSH-07	OSH	職業安全衛生設施規則	第300條		（因條文排版無法完整呈現內容，請詳閱 ／ 完整條文 ／ 檔案） ／ 雇主對於發生噪音之工作場所，應依下列規定辦理： ／ 一、勞工工作場所因機械設備所發生之聲音超過九十分貝時，雇主應採取工程控制、減少勞工噪音暴露時間，使勞工噪音暴露工作日八小時日時量平均不超過（一）表列之規定值或相當之劑量值，且任何時間不得暴露於峰值超過一百四十分貝之衝擊性噪音或一百十五分貝之連續性噪音；對於勞工八小時日時量平均音壓級超過八十五分貝或暴露劑量超過百分之五十時，雇主應使勞工戴用有效之耳塞、耳罩等防音防護具。 ／ （一）勞工暴露之噪音音壓級及其工作日容許暴露時間如下列對照表： ／ ┌───────────────┬───────────┐ ／ │工作日容許暴露時間（小時）    │Ａ權噪音音壓級（dBA） │ ／ ├───────────────┼───────────┤ ／ │八                            │九十                  │ ／ ├───────────────┼───────────┤ ／ │六                            │九十二                │ ／ ├───────────────┼───────────┤ ／ │四                            │九十五                │ ／ ├───────────────┼───────────┤ ／ │三                            │九十七                │ ／ ├───────────────┼───────────┤ ／ │二                            │一百                  │ ／ ├───────────────┼───────────┤ ／ │一                            │一百零五              │ ／ ├───────────────┼───────────┤ ／ │二分之一                      │一百一十              │ ／ ├───────────────┼───────────┤ ／ │四分之一                      │一百一十五            │ ／ └───────────────┴───────────┘ ／ （二）勞工工作日暴露於二種以上之連續性或間歇性音壓級之噪音時，其暴露劑量之計算方法為： ／ 第一種噪音音壓級之    第二種噪音音壓級之 ／ 暴露時間              暴露時間 ／ ──────────＋──────────＋……＝＞＜１ ／ 該噪音音壓級對應容許  該噪音音壓級對應容許 ／ 暴露時間              暴露時間 ／ 其和大於一時，即屬超出容許暴露劑量。 ／ （三）測定勞工八小時日時量平均音壓級時，應將八十分貝以上之噪音以增加五分貝降低容許暴露時間一半之方式納入計算。 ／ 二、工作場所之傳動馬達、球磨機、空氣鑽等產生強烈噪音之機械，應予以適當隔離，並與一般工作場所分開為原則。 ／ 三、發生強烈振動及噪音之機械應採消音、密閉、振動隔離或使用緩衝阻尼、慣性塊、吸音材料等，以降低噪音之發生。 ／ 四、噪音超過九十分貝之工作場所，應標示並公告噪音危害之預防事項，使勞工周知。
OSH-07	OSH	職業安全衛生設施規則	第300條之1		雇主對於勞工八小時日時量平均音壓級超過八十五分貝或暴露劑量超過百分之五十之工作場所，應採取下列聽力保護措施，作成執行紀錄並留存三年： ／ 一、噪音監測及暴露評估。 ／ 二、噪音危害控制。 ／ 三、防音防護具之選用及佩戴。 ／ 四、聽力保護教育訓練。 ／ 五、健康檢查及管理。 ／ 六、成效評估及改善。 ／ 前項聽力保護措施，事業單位勞工人數達一百人以上者，雇主應依作業環境特性，訂定聽力保護計畫據以執行；於勞工人數未滿一百人者，得以執行紀錄或文件代替。
OSH-07	OSH	職業安全衛生設施規則	第301條	Y	雇主僱用勞工從事振動作業，應使勞工每天全身振動暴露時間不超過下列各款之規定： ／ 一、垂直振動三分之一八音度頻帶中心頻率（單位為赫、HZ）之加速度（單位為每平方秒公尺、M ／ S2），不得超過表一規定之容許時間。 ／ 二、水平振動三分之一八音度頻帶中心頻率之加速度，不得超過表二規定之容許時間。
OSH-07	OSH	職業安全衛生設施規則	第302條		雇主僱用勞工從事局部振動作業，應使勞工使用防振把手等之防振設備外，並應使勞工每日振動暴露時間不超過下表規定之時間： ／ 局部振動每日容許暴露時間表 ／ ┌────────────┬─────────────────┐ ／ │每日容許暴露時間        │水平及垂直各方向局部振動          │ ／ │                        │最大加速度值公尺／平方秒（m／s2） │ ／ ├────────────┼─────────────────┤ ／ │四小時以上，未滿八小時  │4                                 │ ／ │                        │                                  │ ／ │二小時以上，未滿四小時  │6                                 │ ／ │                        │                                  │ ／ │一小時以上，未滿二小時  │8                                 │ ／ │                        │                                  │ ／ │未滿一小時              │12                                │ ／ └────────────┴─────────────────┘
OSH-07	OSH	職業安全衛生設施規則	第303條		雇主對於顯著濕熱、寒冷之室內作業場所，對勞工健康有危害之虞者，應設置冷氣、暖氣或採取通風等適當之空氣調節設施。
OSH-07	OSH	職業安全衛生設施規則	第303條之1	Y	雇主使勞工從事戶外作業，其熱危害風險等級達表三熱指數對照表第四級以上者，應依下列規定辦理。但勞工作業時間短暫或現場設置確有困難，且已採取第三百二十四條之六所定熱危害預防措施者，不在此限： ／ 一、於作業場所設置遮陽設施，並提供風扇、水霧或其他具降低作業環境溫度效果之設備。 ／ 二、於鄰近作業場所設置遮陽及具有冷氣、風扇或自然通風良好等具降溫效果之休息場所，並提供充足飲水或適當飲料。
OSH-07	OSH	職業安全衛生設施規則	第304條		雇主於室內作業場所設置有發散大量熱源之熔融爐、爐灶時，應設置局部排氣或整體換氣裝置，將熱空氣直接排出室外，或採取隔離、屏障或其他防止勞工熱危害之適當措施。
OSH-07	OSH	職業安全衛生設施規則	第305條		雇主對於已加熱之窯爐，非在適當冷卻後不得使勞工進入其內部從事作業。
OSH-07	OSH	職業安全衛生設施規則	第306條		雇主對作業上必須實施人工濕潤時，應使用清潔之水源噴霧，並避免噴霧器及其過濾裝置受細菌及其他化學物質之污染。 ／ 人工濕潤工作場所濕球溫度超過攝氏二十七度，或濕球與乾球溫度相差攝氏一．四度以下時，應立即停止人工濕潤。
OSH-07	OSH	職業安全衛生設施規則	第307條		對中央空調系統採用噴霧處理時，噴霧器及其過濾裝置，應避免受細菌及其他化學物質之污染。
OSH-07	OSH	職業安全衛生設施規則	第308條		雇主對坑內之溫度，應保持在攝氏三十七度以下；溫度在攝氏三十七度以上時，應使勞工停止作業。但已採取防止高溫危害人體之措施、從事救護或防止危害之搶救作業者，不在此限。
OSH-07	OSH	職業安全衛生設施規則	第309條		雇主對於勞工經常作業之室內作業場所，除設備及自地面算起高度超過四公尺以上之空間不計外，每一勞工原則上應有十立方公尺以上之空間。
OSH-07	OSH	職業安全衛生設施規則	第310條		雇主對坑內或儲槽內部作業，應設置適當之機械通風設備。但坑內作業場所以自然換氣能充分供應必要之空氣量者，不在此限。
OSH-07	OSH	職業安全衛生設施規則	第311條		雇主對於勞工經常作業之室內作業場所，其窗戶及其他開口部分等可直接與大氣相通之開口部分面積，應為地板面積之二十分之一以上。但設置具有充分換氣能力之機械通風設備者，不在此限。 ／ 雇主對於前項室內作業場所之氣溫在攝氏十度以下換氣時，不得使勞工暴露於每秒一公尺以上之氣流中。
OSH-07	OSH	職業安全衛生設施規則	第312條		雇主對於勞工工作場所應使空氣充分流通，必要時，應依下列規定以機械通風設備換氣： ／ 一、應足以調節新鮮空氣、溫度及降低有害物濃度。 ／ 二、其換氣標準如下： ／ ┌─────────────────┬──────────┐ ／ │工作場所每一勞工所佔立方公尺數    │每分鐘每一勞工所需之│ ／ │                                  │新鮮空氣之立方公尺數│ ／ ├─────────────────┼──────────┤ ／ │未滿五．七                        │○．六以上          │ ／ ├─────────────────┼──────────┤ ／ │五．七以上未滿十四．二            │○．四以上          │ ／ ├─────────────────┼──────────┤ ／ │十四．二以上未滿二八．三          │○．三以上          │ ／ ├─────────────────┼──────────┤ ／ │二八．三以上                      │○．一四以上        │ ／ └─────────────────┴──────────┘
OSH-07	OSH	職業安全衛生設施規則	第313條		雇主對於勞工工作場所之採光照明，應依下列規定辦理： ／ 一、各工作場所須有充分之光線。但處理感光材料、坑內及其他特殊作業之工作場所不在此限。 ／ 二、光線應分佈均勻，明暗比並應適當。 ／ 三、應避免光線之刺目、眩耀現象。 ／ 四、各工作場所之窗面面積比率不得小於室內地面面積十分之一。但採用人工照明，照度符合第六款規定者，不在此限。 ／ 五、採光以自然採光為原則，但必要時得使用窗簾或遮光物。 ／ 六、作業場所面積過大、夜間或氣候因素自然採光不足時，可用人工照明，依下表規定予以補足： ／ ┌────────────────────┬─────────┐ ／ │照度表                                  │照明種類          │ ／ ├───────────────┬────┼─────────┤ ／ │場所或作業別                  │照明米燭│場所別採全面照明，│ ／ │                              │光數    │作業別採局部照明  │ ／ ├───────────────┼────┼─────────┤ ／ │室外走道、及室外一般照明      │二○米燭│全面照明          │ ／ │                              │光以上  │                  │ ／ ├───────────────┼────┼─────────┤ ／ │一、走道、樓梯、倉庫、儲藏室堆│五○米燭│一、全面照明      │ ／ │    置粗大物件處所。          │光以上  │二、全面照明      │ ／ │二、搬運粗大物件，如煤炭、泥土│        │                  │ ／ │    等。                      │        │                  │ ／ ├───────────────┼────┼─────────┤ ／ │一、機械及鍋爐房、升降機、裝箱│一○○米│一、全面照明      │ ／ │    、精細物件儲藏室、更衣室、│燭光以上│二、局部照明      │ ／ │    盥洗室、廁所等。          │        │                  │ ／ │二、須粗辨物體如半完成之鋼鐵產│        │                  │ ／ │    品、配件組合、磨粉、粗紡棉│        │                  │ ／ │    布極其他初步整理之工業製造│        │                  │ ／ │    。                        │        │                  │ ／ ├───────────────┼────┼─────────┤ ／ │須細辨物體如零件組合、粗車床工│二○○米│局部照明          │ ／ │作、普通檢查及產品試驗、淺色紡│燭光以上│                  │ ／ │織及皮革品、製罐、防腐、肉類包│        │                  │ ／ │裝、木材處理等。              │        │                  │ ／ ├───────────────┼────┼─────────┤ ／ │一、須精辨物體如細車床、較詳細│三○○米│一、局部照明      │ ／ │    檢查及精密試驗、分別等級、│燭光以上│二、全面照明      │ ／ │    織布、淺色毛織等。        │        │                  │ ／ │二、一般辦公場所              │        │                  │ ／ ├───────────────┼────┼─────────┤ ／ │須極細辨物體，而有較佳之對襯，│五○○至│局部照明          │ ／ │如精密組合、精細車床、精細檢查│一○○○│                  │ ／ │、玻璃磨光、精細木工、深色毛織│米燭光以│                  │ ／ │等。                          │上      │                  │ ／ ├───────────────┼────┼─────────┤ ／ │須極精辨物體而對襯不良，如極精│一○○○│局部照明          │ ／ │細儀器組合、檢查、試驗、鐘錶珠│米燭光以│                  │ ／ │寶之鑲製、菸葉分級、印刷品校對│上      │                  │ ／ │、深色織品、縫製等。          │        │                  │ ／ └───────────────┴────┴─────────┘ ／ 七、燈盞裝置應採用玻璃燈罩及日光燈為原則，燈泡須完全包蔽於玻璃罩中。 ／ 八、窗面及照明器具之透光部份，均須保持清潔。
OSH-07	OSH	職業安全衛生設施規則	第314條		雇主對於下列場所之照明設備，應保持其適當照明，遇有損壞，應即修復： ／ 一、階梯、升降機及出入口。 ／ 二、電氣機械器具操作部份。 ／ 三、高壓電氣、配電盤處。 ／ 四、高度二公尺以上之勞工作業場所。 ／ 五、堆積或拆卸作業場所。 ／ 六、修護鋼軌或行於軌道上之車輛更換，連接作業場所。 ／ 七、其他易因光線不足引起勞工災害之場所。
OSH-07	OSH	職業安全衛生設施規則	第315條		雇主對於勞工工作場所，應經常保持清潔，並防止鼠類、蚊蟲及其他病媒等對勞工健康之危害。
OSH-07	OSH	職業安全衛生設施規則	第316條		雇主對於勞工工作場所之底板、周圍牆壁、容器等有被生物病原體污染之虞者，應予適當消毒。
OSH-07	OSH	職業安全衛生設施規則	第317條		雇主對於受有害物或具有惡臭物污染之場所，應予適當之清洗。 ／ 前項工作場所之地板及周圍牆壁，應採用排水良好之適當構造，或使用不浸透性材料塗布。
OSH-07	OSH	職業安全衛生設施規則	第318條		雇主對於勞工從事其身體或衣著有被污染之虞之特殊作業時，應置備該勞工洗眼、洗澡、漱口、更衣、洗滌等設備。前項設備，應依下列規定設置： ／ 一、刺激物、腐蝕性物質或毒性物質污染之工作場所，每十五人應設置一個冷熱水沖淋設備。 ／ 二、刺激物、腐蝕性物質或毒性物質污染之工作場所，每五人應設置一個冷熱水盥洗設備。
OSH-07	OSH	職業安全衛生設施規則	第319條		雇主應依下列各款規定設置廁所及盥洗設備，但坑內等特殊作業場所置有適當數目之便器者，不在此限： ／ 一、男女廁所以分別設置為原則，並予以明顯標示。 ／ 二、男用廁所之大便器數目，以同時作業男工每二十五人以內設置一個以上為原則，最少不得低於六十人一個。 ／ 三、男用廁所之小便器數目，應以同時作業男工每十五人以內設置一個以上為原則，最少不得低於三十人一個。 ／ 四、女用廁所之大便器數目，應以同時作業女工每十五人以內設置一個以上為原則，最少不得低於二十人一個。 ／ 五、女用廁所應設加蓋桶。 ／ 六、大便器應為不使污染物浸透於土中之構造。 ／ 七、應設置充分供應清潔水質之洗手設備。 ／ 八、盥洗室內應備有適當之清潔劑，且不得盛放有機溶劑供勞工清潔皮膚。 ／ 九、浴室應男女分別設置。 ／ 十、廁所及便器不得與工作場所直接通連，廁所與廚房及食堂應距離三十公尺以上。但衛生沖水式廁所不在此限。 ／ 十一、廁所及便器每日至少應清洗一次，並每週消毒一次。 ／ 十二、廁所應保持良好通風。 ／ 十三、僱有身心障礙者，應設置身心障礙者專用設備，並予以適當標示。
OSH-07	OSH	職業安全衛生設施規則	第320條		雇主應依下列規定於適當場所充分供應勞工所需之飲用水或其他飲料： ／ 一、飲水處所及盛水容器應保持清潔，盛器須予加蓋，並應有不致於被有害物、污水污染等適當防止措施。 ／ 二、不得設置共用之杯具。 ／ 三、飲用水應符合飲用水水質衛生標準，其水源非自來水水源者，應定期檢驗合格。 ／ 四、非作為飲用水之水源，如工業用水、消防用水等，必須有明顯標誌以資識別。
OSH-07	OSH	職業安全衛生設施規則	第321條		（刪除）
OSH-07	OSH	職業安全衛生設施規則	第322條		雇主對於廚房及餐廳，應依下列規定辦理： ／ 一、餐廳、廚房應隔離，並有充分之採光、照明，且易於清掃之構造。 ／ 二、餐廳面積，應以同時進餐之人數每人一平方公尺以上為原則。 ／ 三、餐廳應設有供勞工使用之餐桌、座椅及其他設備。 ／ 四、應保持清潔，門窗應裝紗網，並採用以三槽式洗滌暨餐具消毒設備及保存設備為原則。 ／ 五、通風窗之面積不得少於總面積百分之十二。 ／ 六、應設穩妥有蓋之垃圾容器及適當排水設備。 ／ 七、應設有防止蒼蠅等害蟲、鼠類及家禽等侵入之設備。 ／ 八、廚房之地板應採用不滲透性材料，且為易於排水及清洗之構造。 ／ 九、污水及廢物應置於廚房外並妥予處理。 ／ 十、廚房應設機械排氣裝置以排除煙氣及熱。
OSH-07	OSH	職業安全衛生設施規則	第323條		雇主對於供應勞工之餐食，應保持清潔並注意營養。
OSH-07	OSH	職業安全衛生設施規則	第324條		（刪除）
OSH-07	OSH	職業安全衛生設施規則	第324條之1		雇主使勞工從事重複性之作業，為避免勞工因姿勢不良、過度施力及作業頻率過高等原因，促發肌肉骨骼疾病，應採取下列危害預防措施，作成執行紀錄並留存三年： ／ 一、分析作業流程、內容及動作。 ／ 二、確認人因性危害因子。 ／ 三、評估、選定改善方法及執行。 ／ 四、執行成效之評估及改善。 ／ 五、其他有關安全衛生事項。 ／ 前項危害預防措施，事業單位勞工人數達一百人以上者，雇主應依作業特性及風險，參照中央主管機關公告之相關指引，訂定人因性危害預防計畫，並據以執行；於勞工人數未滿一百人者，得以執行紀錄或文件代替。
OSH-07	OSH	職業安全衛生設施規則	第324條之2		雇主使勞工從事輪班、夜間工作、長時間工作等作業，為避免勞工因異常工作負荷促發疾病，應採取下列疾病預防措施，作成執行紀錄並留存三年： ／ 一、辨識及評估高風險群。 ／ 二、安排醫師面談及健康指導。 ／ 三、調整或縮短工作時間及更換工作內容之措施。 ／ 四、實施健康檢查、管理及促進。 ／ 五、執行成效之評估及改善。 ／ 六、其他有關安全衛生事項。 ／ 前項疾病預防措施，事業單位依規定配置有醫護人員從事勞工健康服務者，雇主應依勞工作業環境特性、工作形態及身體狀況，參照中央主管機關公告之相關指引，訂定異常工作負荷促發疾病預防計畫，並據以執行；依規定免配置醫護人員者，得以執行紀錄或文件代替。
OSH-07	OSH	職業安全衛生設施規則	第324條之3		雇主為預防勞工於執行職務，因他人行為致遭受身體或精神上不法侵害，應採取下列暴力預防措施，並留存紀錄或文件三年： ／ 一、辨識及評估危害。 ／ 二、適當配置作業場所。 ／ 三、依工作適性適當調整人力。 ／ 四、建構行為規範。 ／ 五、辦理危害預防及溝通技巧訓練。 ／ 六、設置申訴管道並公開揭示。 ／ 七、建立事件之調查及處理程序。 ／ 八、依申訴人需求，提供或轉介法律、醫療或心理諮商之協助及保護措施。 ／ 九、執行成效之評估及改善。 ／ 十、其他有關安全衛生事項。 ／ 前項暴力預防措施，事業單位勞工人數達一百人以上者，雇主應依勞工執行職務之風險特性，參照中央主管機關公告之相關指引，訂定執行職務遭受不法侵害預防計畫，並據以執行；於勞工人數未達一百人者，得以執行紀錄或文件代替。
OSH-07	OSH	職業安全衛生設施規則	第324條之4		雇主對於具有顯著之濕熱、寒冷、多濕暨發散有害氣體、蒸氣、粉塵及其他有害勞工健康之工作場所，應於各該工作場所外，設置供勞工休息、飲食等設備。但坑內等特殊作業場所設置有困難者，不在此限。
OSH-07	OSH	職業安全衛生設施規則	第324條之5		雇主對於連續站立作業之勞工，應設置適當之坐具，以供休息時使用。
OSH-07	OSH	職業安全衛生設施規則	第324條之6		雇主使勞工從事戶外作業，為防範環境引起之熱疾病，應視天候狀況採取下列危害預防措施： ／ 一、降低作業場所之溫度。 ／ 二、提供陰涼之休息場所。 ／ 三、提供適當之飲料或食鹽水。 ／ 四、調整作業時間。 ／ 五、增加作業場所巡視之頻率。 ／ 六、實施健康管理及適當安排工作。 ／ 七、採取勞工熱適應相關措施。 ／ 八、留意勞工作業前及作業中之健康狀況。 ／ 九、實施勞工熱疾病預防相關教育宣導。 ／ 十、建立緊急醫療、通報及應變處理機制。
OSH-07	OSH	職業安全衛生設施規則	第324條之7		雇主使勞工從事外送作業，應評估交通、天候狀況、送達件數、時間及地點等因素，並採取適當措施，合理分派工作，避免造成勞工身心健康危害。
OSH-07	OSH	職業安全衛生設施規則	第325條		各業特殊環境安全衛生設施標準及特殊危險、有害作業場所安全衛生設施標準，中央主管機關依其性質另行規定之。
OSH-07	OSH	職業安全衛生設施規則	第325條之1		事業單位以數位方式經營商品交易或運送，且交付無僱傭關係之個人親自履行外送作業時，應依中央主管機關公告之相關指引採取下列危害預防措施，並留存紀錄或文件三年： ／ 一、於事前告知外送作業工作者於使用機車、自行車等交通工具期間應確實使用安全帽、反光標示、高低氣溫危害預防、緊急連絡機制等合理及必要之安全衛生防護設施。 ／ 二、評估交通、天候狀況、送達件數、時間及地點等因素，合理分派工作。
OSH-07	OSH	職業安全衛生設施規則	第326條		本規則規定之一切有關安全衛生設施，雇主應切實辦理，並應經常注意維修與保養。如發現有異常時，應即補修或採其他必要措施。如有臨時拆除或使其暫時喪失效能之必要時，應顧及勞工身體及作業狀況，使其暫停工作或採其他必要措施，於其原因消除後，應即恢復原狀。
OSH-07	OSH	職業安全衛生設施規則	第326條之1		自營作業者獨立作業或以其作業交付承攬時，適用本規則有關雇主義務之規定。 ／ 受工作場所負責人指揮或監督從事勞動之人員，於事業單位工作場所從事勞動，比照該事業單位之勞工，適用本規則之規定。
OSH-07	OSH	職業安全衛生設施規則	第326條之2		（刪除）
OSH-07	OSH	職業安全衛生設施規則	第326條之3		（刪除）
OSH-07	OSH	職業安全衛生設施規則	第326條之4		（刪除）
OSH-07	OSH	職業安全衛生設施規則	第326條之5		（刪除）
OSH-07	OSH	職業安全衛生設施規則	第326條之6		（刪除）
OSH-07	OSH	職業安全衛生設施規則	第326條之7		（刪除）
OSH-07	OSH	職業安全衛生設施規則	第326條之8		（刪除）
OSH-07	OSH	職業安全衛生設施規則	第326條之9		（刪除）
OSH-07	OSH	職業安全衛生設施規則	第327條		雇主應規定勞工遵守下列事項，以維護依本規則規定設置之安全衛生設備： ／ 一、不得任意拆卸或使其失去效能。 ／ 二、發現被拆卸或喪失效能時，應即報告雇主或主管人員。
OSH-07	OSH	職業安全衛生設施規則	第328條		本規則自發布日施行。 ／ 本規則中華民國一百零三年七月一日修正發布之條文，自一百零三年七月三日施行；一百零八年四月三十日修正發布之第二百七十七條之一，自一百零九年一月一日施行；一百十一年八月十二日修正發布之第一百二十八條之九，自一百十三年一月一日施行；一百十三年八月一日修正發布之第二百二十七條之一，自一百十四年一月一日施行。 ／ 本規則中華民國一百十五年六月三十日修正發布之條文，除第二十一條之三、第五十七條、第一百十六條、第一百八十五條之一至第一百八十五條之四，自一百十六年一月一日施行外，自一百十五年七月一日施行。
OSH-08	OSH	危險性工作場所審查及檢查辦法	第1條		本辦法依勞動檢查法（以下簡稱本法）第二十六條第二項規定訂定之。
OSH-08	OSH	危險性工作場所審查及檢查辦法	第2條		本法第二十六條第一項規定之危險性工作場所分類如下： ／ 一、甲類：指下列工作場所： ／ （一）從事石油產品之裂解反應，以製造石化基本原料之工作場所。 ／ （二）製造、處置、使用危險物、有害物之數量達本法施行細則附表一及附表二規定數量之工作場所。 ／ 二、乙類：指下列工作場所或工廠： ／ （一）使用異氰酸甲酯、氯化氫、氨、甲醛、過氧化氫或吡啶，從事農藥原體合成之工作場所。 ／ （二）利用氯酸鹽類、過氯酸鹽類、硝酸鹽類、硫、硫化物、磷化物、木炭粉、金屬粉末及其他原料製造爆竹煙火類物品之爆竹煙火工廠。 ／ （三）從事以化學物質製造爆炸性物品之火藥類製造工作場所。 ／ 三、丙類：指蒸汽鍋爐之傳熱面積在五百平方公尺以上，或高壓氣體類壓力容器一日之冷凍能力在一百五十公噸以上或處理能力符合下列規定之一者： ／ （一）一千立方公尺以上之氧氣、有毒性及可燃性高壓氣體。 ／ （二）五千立方公尺以上之前款以外之高壓氣體。 ／ 四、丁類：指下列之營造工程： ／ （一）建築物高度在八十公尺以上之建築工程。 ／ （二）單跨橋梁之橋墩跨距在七十五公尺以上或多跨橋梁之橋墩跨距在五十公尺以上之橋梁工程。 ／ （三）採用壓氣施工作業之工程。 ／ （四）長度一千公尺以上或需開挖十五公尺以上豎坑之隧道工程。 ／ （五）開挖深度達十八公尺以上，且開挖面積達五百平方公尺以上之工程。 ／ （六）工程中模板支撐高度七公尺以上，且面積達三百三十平方公尺以上者。 ／ 五、其他經中央主管機關指定公告者。
OSH-08	OSH	危險性工作場所審查及檢查辦法	第3條		本辦法用詞，定義如下： ／ 一、製程修改：指危險性工作場所既有安全防護措施未能控制新潛在危害之製程化學品、技術、設備、操作程序或規模之變更。 ／ 二、液化石油氣：指混合三個碳及四個碳之碳氫化合物為主要成分之碳氫化合物。 ／ 三、冷凍用高壓氣體：指使用於冷凍、冷卻、冷藏、製冰及其他凍結使用之高壓氣體。 ／ 四、一般高壓氣體：指液化石油氣及冷凍用高壓氣體以外之高壓氣體。 ／ 五、加氣站：指直接將液化石油氣或壓縮天然氣灌裝於「固定在使用該氣體為燃料之車輛之容器」之固定式製造設備。 ／ 六、審查：指勞動檢查機構對工作場所有關資料之書面審查。 ／ 七、檢查：指勞動檢查機構對工作場所有關資料及設施之現場檢查。
OSH-08	OSH	危險性工作場所審查及檢查辦法	第4條		事業單位應於甲類工作場所、丁類工作場所使勞工作業三十日前，向當地勞動檢查機構（以下簡稱檢查機構）申請審查。 ／ 事業單位應於乙類工作場所、丙類工作場所使勞工作業四十五日前，向檢查機構申請審查及檢查。
OSH-08	OSH	危險性工作場所審查及檢查辦法	第5條	Y	事業單位向檢查機構申請審查甲類工作場所，應填具申請書（如格式一），並檢附下列資料各三份： ／ 一、安全衛生管理基本資料，如附件一。 ／ 二、製程安全評估定期實施辦法第四條所定附表一至附表十四。 ／ 前項之申請，應登錄於中央主管機關指定之資訊網站。
OSH-08	OSH	危險性工作場所審查及檢查辦法	第6條		前條資料事業單位應依作業實際需要，於事前由下列人員組成評估小組實施評估： ／ 一、工作場所負責人。 ／ 二、曾受國內外製程安全評估專業訓練或具有製程安全評估專業能力，並有證明文件，且經中央主管機關認可者（以下簡稱製程安全評估人員）。 ／ 三、依職業安全衛生管理辦法設置之職業安全衛生人員。 ／ 四、工作場所作業主管。 ／ 五、熟悉該場所作業之勞工。 ／ 事業單位未置前項第二款所定製程安全評估人員者，得以在國內完成製程安全評估人員訓練之下列執業技師任之： ／ 一、工業安全技師及下列技師之一： ／ （一）化學工程技師。 ／ （二）職業衛生技師。 ／ （三）機械工程技師。 ／ （四）電機工程技師。 ／ 二、工程技術顧問公司僱用之工業安全技師及前款各目所定技師之一。 ／ 前項人員兼具工業安全技師資格及前項第一款各目所定技師資格之一者，得為同一人。 ／ 第一項實施評估之過程及結果，應予記錄。
OSH-08	OSH	危險性工作場所審查及檢查辦法	第7條		檢查機構對第五條之申請，應依其檢附之資料實施審查，並得就該工作場所之職業安全衛生設施及管理實施檢查。 ／ 審查之結果，檢查機構應於受理申請後三十日內，以書面通知事業單位。但可歸責於事業單位者，不在此限。
OSH-08	OSH	危險性工作場所審查及檢查辦法	第8條		事業單位對經檢查機構審查合格之工作場所，應於製程修改時或至少每五年重新評估第五條檢附之資料，為必要之更新及記錄，並報請檢查機構備查。 ／ 前項重新評估，準用第六條之規定。
OSH-08	OSH	危險性工作場所審查及檢查辦法	第9條	Y	事業單位向檢查機構申請審查及檢查乙類工作場所，應填具申請書（如格式二），並檢附下列資料各三份： ／ 一、安全衛生管理基本資料，如附件一。 ／ 二、製程安全評估報告書，如附件二。 ／ 三、製程修改安全計畫，如附件三。 ／ 四、緊急應變計畫，如附件四。 ／ 五、稽核管理計畫，如附件五。
OSH-08	OSH	危險性工作場所審查及檢查辦法	第10條		前條資料事業單位應依作業實際需要，於事前組成評估小組實施評估。 ／ 前項評估小組之組成及評估，準用第六條之規定。
OSH-08	OSH	危險性工作場所審查及檢查辦法	第11條	Y	檢查機構對第九條之申請，應依同條檢附之資料，實施審查。 ／ 檢查機構於審查後，應對下列設施實施檢查： ／ 一、火災爆炸危害預防設施，如附件七。 ／ 二、有害物洩漏及中毒危害預防設施，如附件八。 ／ 審查及檢查之結果，檢查機構應於受理申請後四十五日內，以書面通知事業單位。但可歸責於事業單位者，不在此限。
OSH-08	OSH	危險性工作場所審查及檢查辦法	第12條		事業單位對經檢查機構審查及檢查合格之工作場所，應於製程修改時或至少每五年依第九條檢附之資料重新評估一次，為必要之更新並記錄之。 ／ 前項重新評估，準用第六條之規定。
OSH-08	OSH	危險性工作場所審查及檢查辦法	第13條	Y	事業單位向檢查機構申請審查及檢查丙類工作場所，應填具申請書（如格式三），並檢附第九條各款規定之應審查資料各三份。
OSH-08	OSH	危險性工作場所審查及檢查辦法	第14條		前條資料事業單位應依作業實際需要，於事前組成評估小組實施評估。 ／ 前項評估小組之組成及評估，準用第六條之規定。
OSH-08	OSH	危險性工作場所審查及檢查辦法	第15條	Y	檢查機構對第十三條之申請，應依同條檢附之資料，實施審查。 ／ 檢查機構於審查後，應對下列設施實施檢查： ／ 一、一般高壓氣體製造設施，如附件九。 ／ 二、液化石油氣製造設施，如附件十。 ／ 三、冷凍用高壓氣體製造設施，如附件十一。 ／ 四、加氣站製造設施，如附件十二。 ／ 五、鍋爐設施，如附件十三。 ／ 審查及檢查之結果，檢查機構應於受理申請後四十五日內，以書面通知事業單位。但可歸責於事業單位者，不在此限。
OSH-08	OSH	危險性工作場所審查及檢查辦法	第16條		事業單位對經檢查機構審查及檢查合格之工作場所，應於製程修改時或至少每五年依第十三條檢附之資料重新評估一次，為必要之更新並記錄之。 ／ 前項重新評估，準用第六條之規定。
OSH-08	OSH	危險性工作場所審查及檢查辦法	第17條	Y	事業單位向檢查機構申請審查丁類工作場所，應填具申請書（如格式四），並檢附施工安全評估人員及其所僱之專任工程人員、相關執業技師或開業建築師之簽章文件，及下列資料各三份︰ ／ 一、施工計畫書，內容如附件十四。 ／ 二、施工安全評估報告書，內容如附件十五。 ／ 前項專任工程人員、相關執業技師或開業建築師簽章文件，以職業安全衛生設施涉及專業技術部分之事項為限。 ／ 事業單位提出審查申請時，應確認專任工程人員、相關執業技師或開業建築師之簽章無誤。 ／ 對於工程內容較複雜、工期較長、施工條件變動性較大等特殊狀況之營造工程，得報經檢查機構同意後，分段申請審查。
OSH-08	OSH	危險性工作場所審查及檢查辦法	第18條		前條資料事業單位應於事前由下列人員組成評估小組實施評估： ／ 一、工作場所負責人。 ／ 二、曾受國內外施工安全評估專業訓練或具有施工安全評估專業能力，具有證明文件，且經中央主管機關認可者（以下簡稱施工安全評估人員）。 ／ 三、專任工程人員。 ／ 四、依職業安全衛生管理辦法設置之職業安全衛生人員。 ／ 五、工作場所作業主管（含承攬人之人員）。 ／ 事業單位未置前項第二款之施工安全評估人員者，得以在國內完成施工安全評估人員訓練之下列開（執）業人員任之： ／ 一、工業安全技師及下列人員之一： ／ （一）建築師。 ／ （二）土木工程技師。 ／ （三）結構工程技師。 ／ （四）大地工程技師。 ／ （五）水利工程技師。 ／ 二、工程技術顧問公司僱用之工業安全技師及前款第二目至第五目所定人員之一。 ／ 前項人員兼具工業安全技師資格及前項第一款各目所定人員資格之一者，得為同一人。 ／ 第一項實施評估之過程及結果，應予記錄。
OSH-08	OSH	危險性工作場所審查及檢查辦法	第19條		第十七條之審查，檢查機構認有必要時，得前往該工作場所實施檢查。 ／ 第十七條審查之結果，檢查機構應於受理申請後三十日內，以書面通知事業單位。但可歸責於事業單位者，不在此限。
OSH-08	OSH	危險性工作場所審查及檢查辦法	第20條	Y	事業單位對經審查合格之工作場所，於施工過程中變更主要分項工程施工方法時，應就變更部分重新評估後，就評估之危害，採取必要之預防措施，更新施工計畫書及施工安全評估報告書，並記錄之。 ／ 前項重新評估，準用第十八條之規定。 ／ 第一項所定變更主要分項工程施工方法，如附件十六例示施工方法變更之情形。
OSH-08	OSH	危險性工作場所審查及檢查辦法	第21條		檢查機構為執行危險性工作場所審查、檢查，得就個案邀請專家學者協助之。
OSH-08	OSH	危險性工作場所審查及檢查辦法	第22條		檢查機構實施危險性工作場所審查、檢查時，製程安全評估小組、施工安全評估小組成員應列席說明。
OSH-08	OSH	危險性工作場所審查及檢查辦法	第23條		檢查機構實施危險性工作場所審查、檢查時，應摘要記錄過程及決議等事項。
OSH-08	OSH	危險性工作場所審查及檢查辦法	第23條之1		爆竹煙火工廠向檢查機構申請審查或檢查時，應檢附由爆竹煙火管理條例主管機關核發之製造許可文件影本。
OSH-08	OSH	危險性工作場所審查及檢查辦法	第24條		本辦法自發布日施行。
OSH-09	OSH	職業安全衛生管理辦法	第1條		本辦法依職業安全衛生法（以下簡稱本法）第二十三條第五項規定訂定之。
OSH-09	OSH	職業安全衛生管理辦法	第1條之1		雇主應依其事業之規模、性質，設置安全衛生組織及人員，建立職業安全衛生管理制度，透過規劃、實施、評估及改善措施等管理功能，實現安全衛生管理目標，提升安全衛生管理水準。
OSH-09	OSH	職業安全衛生管理辦法	第2條	Y	本辦法之事業，依危害風險之不同區分如下： ／ 一、第一類事業：具顯著風險者。 ／ 二、第二類事業：具中度風險者。 ／ 三、第三類事業：具低度風險者。 ／ 前項各款事業之例示，如附表一。
OSH-09	OSH	職業安全衛生管理辦法	第2條之1		事業單位應依下列規定設職業安全衛生管理單位（以下簡稱管理單位）： ／ 一、第一類事業之事業單位勞工人數在一百人以上者，應設直接隸屬雇主之專責一級管理單位。 ／ 二、第二類事業勞工人數在三百人以上者，應設直接隸屬雇主之一級管理單位。 ／ 前項第一款專責一級管理單位之設置，於勞工人數在三百人以上者，自中華民國九十九年一月九日施行；勞工人數在二百人至二百九十九人者，自一百年一月九日施行；勞工人數在一百人至一百九十九人者，自一百零一年一月九日施行。
OSH-09	OSH	職業安全衛生管理辦法	第3條	Y	第二條所定事業之雇主應依附表二之規模，置職業安全衛生業務主管及管理人員（以下簡稱管理人員）。 ／ 第一類事業之事業單位勞工人數在一百人以上者，所置管理人員應為專職；第二類事業之事業單位勞工人數在三百人以上者，所置管理人員應至少一人為專職。 ／ 依前項規定所置專職管理人員，應常駐廠場執行業務，不得兼任其他法令所定專責（任）人員或從事其他與職業安全衛生無關之工作。
OSH-09	OSH	職業安全衛生管理辦法	第3條之1		前條第一類事業之事業單位對於所屬從事製造之一級單位，勞工人數在一百人以上未滿三百人者，應另置甲種職業安全衛生業務主管一人，勞工人數三百人以上者，應再至少增置專職職業安全衛生管理員一人。 ／ 營造業之事業單位對於橋樑、道路、隧道或輸配電等距離較長之工程，應於每十公里內增置營造業丙種職業安全衛生業務主管一人。
OSH-09	OSH	職業安全衛生管理辦法	第3條之2		事業單位勞工人數之計算，包含原事業單位及其承攬人、再承攬人之勞工及其他受工作場所負責人指揮或監督從事勞動之人員，於同一期間、同一工作場所作業時之總人數。 ／ 事業設有總機構者，其勞工人數之計算，包含所屬各地區事業單位作業勞工之人數。
OSH-09	OSH	職業安全衛生管理辦法	第4條		事業單位勞工人數未滿三十人者，雇主或其代理人經職業安全衛生業務主管安全衛生教育訓練合格，得擔任該事業單位職業安全衛生業務主管。但屬第二類及第三類事業之事業單位，且勞工人數在五人以下者，得由經職業安全衛生教育訓練規則第三條附表一所列丁種職業安全衛生業務主管教育訓練合格之雇主或其代理人擔任。
OSH-09	OSH	職業安全衛生管理辦法	第5條		（刪除）
OSH-09	OSH	職業安全衛生管理辦法	第5條之1		職業安全衛生組織、人員、工作場所負責人及各級主管之職責如下： ／ 一、職業安全衛生管理單位：擬訂、規劃、推動及督導安全衛生管理事項，並指導有關部門實施。 ／ 二、職業安全衛生委員會：對雇主擬訂之安全衛生政策提出建議，並審議、協調、考核及建議安全衛生相關事項。 ／ 三、職業安全衛生業務主管： ／ （一）事業單位置有職業安全（衛生）管理師、職業安全衛生管理員者：主管及督導安全衛生管理事項。 ／ （二）事業單位未置有職業安全（衛生）管理師、職業安全衛生管理員者：擬訂、規劃、推動及查核安全衛生管理事項。 ／ 四、職業安全（衛生）管理師、職業安全衛生管理員：擬訂、規劃、推動及查核安全衛生管理事項，並指導有關部門實施。 ／ 五、工作場所負責人：綜理該工作場所之安全衛生管理事項。 ／ 六、各級主管：依職責指揮、監督所屬執行安全衛生管理事項，並協調及指導有關人員實施。 ／ 七、一級單位之職業安全衛生人員：協助一級單位主管擬訂、規劃、推動及查核所屬部門安全衛生管理事項，並指導有關人員實施。 ／ 前項各款人員，雇主應使其接受安全衛生教育訓練。
OSH-09	OSH	職業安全衛生管理辦法	第6條	Y	事業分散於不同地區者，應於各該地區之事業單位依第二條至第三條之二規定，設管理單位及置管理人員。事業單位勞工人數之計算，以各該地區事業單位作業勞工之總人數為準。 ／ 事業設有總機構者，除各該地區事業單位之管理單位及管理人員外，應依下列規定另於總機構或其地區事業單位設綜理全事業之職業安全衛生事務之管理單位，及依附表二之一之規模置管理人員，並依第五條之一規定辦理安全衛生管理事項： ／ 一、第一類事業勞工人數在五百人以上者，應設直接隸屬雇主之專責一級管理單位。 ／ 二、第二類事業勞工人數在五百人以上者，應設直接隸屬雇主之一級管理單位。 ／ 三、第三類事業勞工人數在三千人以上者，應設管理單位。 ／ 前項規定所置管理人員，應為專職。但第二類及第三類事業之職業安全衛生業務主管，不在此限。
OSH-09	OSH	職業安全衛生管理辦法	第6條之1		第一類事業單位或其總機構已實施第十二條之二職業安全衛生管理系統相關管理制度，管理績效並經中央主管機關審查通過者，得不受第二條之一、第三條及前條有關一級管理單位應為專責及職業安全衛生業務主管應為專職之限制。
OSH-09	OSH	職業安全衛生管理辦法	第7條		職業安全衛生業務主管除第四條規定者外，雇主應自該事業之相關主管或辦理職業安全衛生事務者選任之。但營造業之事業單位，應由曾受營造業職業安全衛生業務主管教育訓練者選任之。 ／ 下列職業安全衛生人員，雇主應自事業單位勞工中具備下列資格者選任之： ／ 一、職業安全管理師： ／ （一）高等考試職業安全衛生類科錄取或具有工業安全技師資格。 ／ （二）領有職業安全管理甲級技術士證照。 ／ （三）曾任勞動檢查員，具有職業安全檢查工作經驗三年以上。 ／ （四）修畢工業安全相關科目十八學分以上，並具有國內外大專以上校院工業安全相關類科碩士以上學位。 ／ 二、職業衛生管理師： ／ （一）高等考試職業安全衛生類科錄取或具有職業衛生技師資格。 ／ （二）領有職業衛生管理甲級技術士證照。 ／ （三）曾任勞動檢查員，具有職業衛生檢查工作經驗三年以上。 ／ （四）修畢工業衛生相關科目十八學分以上，並具有國內外大專以上校院工業衛生相關類科碩士以上學位。 ／ 三、職業安全衛生管理員： ／ （一）具有職業安全管理師或職業衛生管理師資格。 ／ （二）領有職業安全衛生管理乙級技術士證照。 ／ （三）曾任勞動檢查員，具有職業安全衛生檢查工作經驗二年以上。 ／ （四）修畢工業安全衛生相關科目十八學分以上，並具有國內外大專以上校院工業安全衛生相關科系畢業。 ／ （五）普通考試職業安全衛生類科錄取。 ／ 前項大專以上校院工業安全相關類科碩士、工業衛生相關類科碩士、工業安全衛生相關科系與工業安全、工業衛生及工業安全衛生相關科目由中央主管機關定之。地方主管機關依中央主管機關公告之科系及科目辦理。 ／ 第二項第一款第四目及第二款第四目，自中華民國一百零一年七月一日起不再適用；第二項第三款第四目，自一百零三年七月一日起不再適用。
OSH-09	OSH	職業安全衛生管理辦法	第8條		職業安全衛生人員因故未能執行職務時，雇主應即指定適當代理人。其代理期間不得超過三個月。 ／ 勞工人數在三十人以上之事業單位，其職業安全衛生人員離職時，應即報當地勞動檢查機構備查。
OSH-09	OSH	職業安全衛生管理辦法	第9條		（刪除）
OSH-09	OSH	職業安全衛生管理辦法	第10條		適用第二條之一及第六條第二項規定之事業單位，應設職業安全衛生委員會（以下簡稱委員會）。
OSH-09	OSH	職業安全衛生管理辦法	第11條		委員會置委員七人以上，除雇主為當然委員及第一款規定者外，由雇主視該事業單位之實際需要指定下列人員組成： ／ 一、勞工代表。 ／ 二、事業內各部門之主管、監督、指揮人員。 ／ 三、職業安全衛生人員。 ／ 四、勞工健康服務人員。 ／ 五、其他與安全衛生有關之專業人員。 ／ 委員任期為二年，並以雇主為主任委員，綜理會務。 ／ 委員會由主任委員指定一人為秘書，輔助其綜理會務。 ／ 第一項第一款之勞工代表，應佔委員人數三分之一以上；事業單位設有工會者，由工會推派之；無工會組織而有勞資會議者，由勞方代表推選之；無工會組織且無勞資會議者，由勞工共同推選之。
OSH-09	OSH	職業安全衛生管理辦法	第12條		委員會應每三個月至少開會一次，辦理下列事項： ／ 一、對雇主擬訂之職業安全衛生政策提出建議。 ／ 二、協調、建議職業安全衛生管理計畫。 ／ 三、審議安全、衛生教育訓練實施計畫。 ／ 四、審議作業環境監測計畫、監測結果及採行措施。 ／ 五、審議健康管理、職業病預防及健康促進事項。 ／ 六、審議各項安全衛生提案。 ／ 七、審議事業單位自動檢查及安全衛生稽核事項。 ／ 八、審議機械、設備或原料、材料危害之預防措施。 ／ 九、審議職業災害調查報告。 ／ 十、考核現場安全衛生管理績效。 ／ 十一、審議承攬業務安全衛生管理事項。 ／ 十二、其他有關職業安全衛生管理事項。 ／ 前項委員會審議、協調、考核及建議安全衛生相關事項，應作成紀錄，並保存三年。 ／ 第一項委員會議由主任委員擔任主席，必要時得召開臨時會議。
OSH-09	OSH	職業安全衛生管理辦法	第12條之1		雇主使勞工從事工作前，應就工作場所內之建築物、機械、設備、器具、原料、材料等或作業活動及其他可能引起之危害因素實施風險評估，並依評估結果，採取必要之預防設備及措施。 ／ 雇主應依其事業單位之規模、性質及前項風險評估結果，訂定職業安全衛生管理計畫，要求各級主管依其職責指揮、監督所屬人員執行；勞工人數未滿三十人之事業單位，得以安全衛生管理執行紀錄或文件代替職業安全衛生管理計畫。 ／ 勞工人數在一百人以上之事業單位，應另訂定職業安全衛生管理規章。 ／ 第二項職業安全衛生管理計畫，應包括下列事項： ／ 一、機械、設備或器具之管理。 ／ 二、危害性化學品之分類、標示、通識及管理。 ／ 三、有害作業環境之採樣策略規劃及監測。 ／ 四、危險性工作場所之製程或施工安全評估。 ／ 五、採購管理、承攬管理及變更管理。 ／ 六、安全衛生作業標準。 ／ 七、定期檢查、重點檢查、作業檢點及現場巡視。 ／ 八、安全衛生教育訓練。 ／ 九、個人防護具之管理。 ／ 十、健康檢查、管理及促進。 ／ 十一、安全衛生資訊之蒐集、分享及運用。 ／ 十二、緊急應變措施。 ／ 十三、職業災害、虛驚事故、影響身心健康事件之調查處理及統計分析。 ／ 十四、安全衛生管理稽核及績效評估措施。 ／ 十五、其他安全衛生管理措施。 ／ 第二項職業安全衛生管理事項之執行，應作成紀錄，並保存三年。
OSH-09	OSH	職業安全衛生管理辦法	第12條之2		下列事業單位，雇主應依國家標準CNS 45001同等以上規定，建置適合該事業單位之職業安全衛生管理系統，並據以執行： ／ 一、第一類事業勞工人數在二百人以上者。 ／ 二、第二類事業勞工人數在五百人以上者。 ／ 三、有從事石油裂解之石化工業工作場所者。 ／ 四、有從事製造、處置或使用危害性之化學品，數量達中央主管機關規定量以上之工作場所者。 ／ 五、其他經中央主管機關指定公告者。 ／ 前項安全衛生管理之執行，應作成紀錄，並保存三年。
OSH-09	OSH	職業安全衛生管理辦法	第12條之3		第十二條之二第一項之事業單位應建立變更管理程序，於引進或修改製程、作業程序、材料及設備前，辨識可能危害及評估其職業災害之風險，並依風險評估結果採取必要之預防設備及措施。 ／ 前項變更，雇主應檢討與更新相關安全衛生文件，使勞工充分知悉及接受相關教育訓練。 ／ 前二項執行紀錄，應保存三年。
OSH-09	OSH	職業安全衛生管理辦法	第12條之4		第十二條之二第一項之事業單位應建立採購管理程序，對於機械、設備、器具、物料、原料及個人防護具等之採購、租賃，其契約內容應有符合法令及實際需要之職業安全衛生具體規範，並於驗收、使用前確認其符合規定。 ／ 前項事業單位將營繕工程交付規劃、設計時，應依工程特性實施風險評估及訂定施工管理相關規範，並納入施工及監造履約要件，要求施工者評估施工風險與採取必要之預防設備及措施。 ／ 前二項執行紀錄，應保存三年。
OSH-09	OSH	職業安全衛生管理辦法	第12條之5		第十二條之二第一項之事業單位，以其事業交付承攬或與承攬人、再承攬人之工作者共同作業時，除應依本法第二十六條或第二十七條規定辦理外，應就承攬人之安全衛生管理能力、職業災害與事故通報、危險作業管制、教育訓練、進場管制、緊急應變及安全衛生績效評估等事項，訂定承攬管理計畫，並促使承攬人、再承攬人及其工作者，遵守職業安全衛生法令及原事業單位所定之職業安全衛生管理事項。 ／ 前項事業單位將營繕工程交付二個以上施工者施工時，應指定施工者之一實施整體工程施工風險評估及採取必要之統合管理。 ／ 前二項執行紀錄，應保存三年。
OSH-09	OSH	職業安全衛生管理辦法	第12條之6		第十二條之二第一項之事業單位，應評估潛在風險，訂定緊急狀況預防、準備及應變之計畫，並定期辦理教育訓練與緊急應變演練，及依演練結果檢討修正應變計畫。 ／ 前項計畫，應包括下列事項： ／ 一、應變組織及職責。 ／ 二、通報程序。 ／ 三、各項緊急狀況處理程序。 ／ 四、避難疏散措施。 ／ 五、必要應變設備。 ／ 六、與外部救援單位之聯繫機制。 ／ 第一項執行紀錄，應保存三年。
OSH-09	OSH	職業安全衛生管理辦法	第12條之7		事業單位已實施第十二條之二職業安全衛生管理系統相關管理制度，且管理績效良好者，中央主管機關得分級公開表揚之。
OSH-09	OSH	職業安全衛生管理辦法	第13條		雇主對電氣機車、蓄電池機車、電車、蓄電池電車、內燃機車、內燃動力車及蒸汽機車等（以下於本條中稱電氣機車等），應每三年就整體定期實施檢查一次。 ／ 雇主對前項之電氣機車等應每年依下列規定定期實施檢查一次： ／ 一、電氣機車、蓄電池機車、電車及蓄電池電車應檢查電動機、控制裝置、制動器、自動遮斷器、車架、連結裝置、蓄電池、避雷器、配線、接觸器具及各種儀表之有無異常。 ／ 二、內燃機車及內燃動力車應檢查引擎、動力傳動裝置、制動器、車架、連結裝置及各種儀表之有無異常。 ／ 三、蒸汽機車應檢查氣缸、閥、蒸氣管、調壓閥、安全閥及各種儀表之有無異常。 ／ 雇主對電氣機車等應每月依下列規定就其車體所裝置項目定期實施檢查一次： ／ 一、電氣機車、蓄電池機車、電車及蓄電池電車應檢查電路、制動器及連結裝置之有無異常。 ／ 二、內燃機車或內燃動力車應檢查制動器及連結裝置之有無異常。 ／ 三、蒸汽機車應檢查火室、易熔栓、水位計、給水裝置、制動器及連結裝置之有無異常。
OSH-09	OSH	職業安全衛生管理辦法	第14條		雇主對一般車輛，應每三個月就車輛各項安全性能定期實施檢查一次。
OSH-09	OSH	職業安全衛生管理辦法	第15條		車輛頂高機應每三個月檢查一次以上，維持其安全性能。
OSH-09	OSH	職業安全衛生管理辦法	第15條之1		雇主對高空工作車，應每年就下列事項實施檢查一次： ／ 一、壓縮壓力、閥間隙及其他原動機有無異常。 ／ 二、離合器、變速箱、差速齒輪、傳動軸及其他動力傳動裝置有無異常。 ／ 三、主動輪、從動輪、上下轉輪、履帶、輪胎、車輪軸承及其他走行裝置有無異常。 ／ 四、轉向器之左右回轉角度、肘節、軸、臂及其他操作裝置有無異常。 ／ 五、制動能力、制動鼓、制動塊及其他制動裝置有無異常。 ／ 六、伸臂、升降裝置、屈折裝置、平衡裝置、工作台及其他作業裝置有無異常。 ／ 七、油壓泵、油壓馬達、汽缸、安全閥及其他油壓裝置有無異常。 ／ 八、電壓、電流及其他電氣系統有無異常。 ／ 九、車體、操作裝置、安全裝置、連鎖裝置、警報裝置、方向指示器、燈號裝置及儀表有無異常。
OSH-09	OSH	職業安全衛生管理辦法	第15條之2		雇主對高空工作車，應每月依下列規定定期實施檢查一次： ／ 一、制動裝置、離合器及操作裝置有無異常。 ／ 二、作業裝置及油壓裝置有無異常。 ／ 三、安全裝置有無異常。
OSH-09	OSH	職業安全衛生管理辦法	第16條		雇主對車輛系營建機械，應每年就該機械之整體定期實施檢查一次。 ／ 雇主對前項之車輛系營建機械，應每月依下列規定定期實施檢查一次： ／ 一、制動器、離合器、操作裝置及作業裝置之有無異常。 ／ 二、鋼索及鏈等之有無損傷。 ／ 三、吊斗及鏟斗之有無損傷。 ／ 四、倒車或旋轉警示燈及蜂鳴器之有無異常。
OSH-09	OSH	職業安全衛生管理辦法	第17條		雇主對堆高機，應每年就該機械之整體定期實施檢查一次。 ／ 雇主對前項之堆高機，應每月就下列規定定期實施檢查一次： ／ 一、制動裝置、離合器及方向裝置。 ／ 二、積載裝置及油壓裝置。 ／ 三、貨叉、鍊條、頂蓬及桅桿。
OSH-09	OSH	職業安全衛生管理辦法	第18條		雇主對以動力驅動之離心機械，應每年就下列規定機械之一部分，定期實施檢查一次： ／ 一、回轉體。 ／ 二、主軸軸承。 ／ 三、制動器。 ／ 四、外殼。 ／ 五、配線、接地線、電源開關。 ／ 六、設備之附屬螺栓。
OSH-09	OSH	職業安全衛生管理辦法	第19條		雇主對固定式起重機，應每年就該機械之整體定期實施檢查一次。 ／ 雇主對前項之固定式起重機，應每月依下列規定定期實施檢查一次。 ／ 一、過捲預防裝置、警報裝置、制動器、離合器及其他安全裝置有無異常。 ／ 二、鋼索及吊鏈有無損傷。 ／ 三、吊鉤、抓斗等吊具有無損傷。 ／ 四、配線、集電裝置、配電盤、開關及控制裝置有無異常。 ／ 五、對於纜索固定式起重機之鋼纜等及絞車裝置有無異常。 ／ 前項檢查於輻射區及高溫區，停用超過一個月者得免實施。惟再度使用時，仍應為之。
OSH-09	OSH	職業安全衛生管理辦法	第20條		雇主對移動式起重機，應每年依下列規定定期實施檢查一次： ／ 一、伸臂及外伸撐座、動力傳導裝置及其他結構項目有無損傷。 ／ 二、迴轉裝置（含螺栓、螺帽等）有無異常並依原製造廠規定量測位移及螺栓扭力值。 ／ 三、過捲預防裝置、警報裝置、制動器、離合器及其他安全裝置有無異常。 ／ 四、鋼索、吊鏈及吊具有無損傷。 ／ 五、配線、集電裝置、配電盤、開關及其他機械電氣項目有無異常。 ／ 雇主對前項移動式起重機，應每月依下列規定定期實施檢查一次： ／ 一、過捲預防裝置、警報裝置、制動器、離合器及其他安全裝置有無異常。 ／ 二、鋼索及吊鏈有無損傷。 ／ 三、吊鉤、抓斗等吊具有無損傷。 ／ 四、配線、集電裝置、配電盤、開關及控制裝置有無異常。
OSH-09	OSH	職業安全衛生管理辦法	第21條		雇主對人字臂起重桿應每年就該機械之整體定期實施檢查一次。 ／ 雇主對前項人字臂起重桿，應每月依下列規定定期實施檢查一次： ／ 一、過捲預防裝置、制動器、離合器及其他安全裝置有無異常。 ／ 二、捲揚機之安置狀況。 ／ 三、鋼索有無損傷。 ／ 四、導索之結頭部分有無異常。 ／ 五、吊鉤、抓斗等吊具有無損傷。 ／ 六、配線、開關及控制裝置有無異常。
OSH-09	OSH	職業安全衛生管理辦法	第22條		雇主對升降機，應每年就該機械之整體定期實施檢查一次。 ／ 雇主對前項之升降機，應每月依下列規定定期實施檢查一次： ／ 一、終點極限開關、緊急停止裝置、制動器、控制裝置及其他安全裝置有無異常。 ／ 二、鋼索或吊鏈有無損傷。 ／ 三、導軌之狀況。 ／ 四、設置於室外之升降機者，為導索結頭部分有無異常。
OSH-09	OSH	職業安全衛生管理辦法	第23條		雇主對營建用提升機，應每月依下列規定定期實施檢查一次： ／ 一、制動器及離合器有無異常。 ／ 二、捲揚機之安裝狀況。 ／ 三、鋼索有無損傷。 ／ 四、導索之固定部位有無異常。
OSH-09	OSH	職業安全衛生管理辦法	第24條		雇主對吊籠應每月依下列規定定期實施檢查一次： ／ 一、過捲預防裝置、制動器、控制裝置及其他安全裝置有無異常。 ／ 二、吊臂、伸臂及工作台有無損傷。 ／ 三、升降裝置、配線、配電盤有無異常。
OSH-09	OSH	職業安全衛生管理辦法	第25條		雇主對簡易提升機，應每年定期實施檢查一次。 ／ 雇主對前項之簡易提升機，應每月依下列規定定期實施檢查一次： ／ 一、過捲預防裝置、制動器、控制裝置及其他安全裝置有無異常。 ／ 二、鋼索及吊鏈有無損傷。 ／ 三、導軌狀況。
OSH-09	OSH	職業安全衛生管理辦法	第26條		雇主對以動力驅動之衝剪機械，應每年依下列規定機械之一部分，定期實施檢查一次： ／ 一、離合器及制動裝置。 ／ 二、曲柄軸、飛輪、滑塊、連結螺栓及連桿。 ／ 三、一行程一停止機構及緊急制動器。 ／ 四、電磁閥、減壓閥及壓力表。 ／ 五、配線及開關。
OSH-09	OSH	職業安全衛生管理辦法	第27條		雇主對乾燥設備、以氣體燃料或液體燃料等為熱源之加熱設備，及其附屬設備（含排氣裝置、排風導管等），應每年依下列規定定期實施檢查一次： ／ 一、內面、外面及外部之棚櫃等有無損傷、變形或腐蝕。 ／ 二、危險物之乾燥設備中，排出因乾燥產生之氣體、蒸氣或粉塵等之設備有無異常。 ／ 三、使用液體燃料或可燃性液體為熱源之乾燥設備，燃燒室或點火處之換氣設備有無異常。 ／ 四、窺視孔、出入孔、排氣孔等開口部有無異常。 ／ 五、內部溫度測定裝置及調整裝置有無異常。 ／ 六、設置於內部之電氣機械器具或配線有無異常。 ／ 七、加熱設備之燃料供應系統控制閥、電磁遮斷閥，或其他安全遮斷裝置之功能有無異常。
OSH-09	OSH	職業安全衛生管理辦法	第28條		雇主對乙炔熔接裝置（除此等裝置之配管埋設於地下之部分外）應每年就裝置之損傷、變形、腐蝕等及其性能定期實施檢查一次。
OSH-09	OSH	職業安全衛生管理辦法	第29條		雇主對氣體集合熔接裝置（除此等裝置之配管埋設於地下之部分外）應每年就裝置之損傷、變形、腐蝕等及其性能定期實施檢查一次。
OSH-09	OSH	職業安全衛生管理辦法	第30條		雇主對高壓電氣設備，應於每年依下列規定定期實施檢查一次： ／ 一、高壓受電盤及分電盤（含各種電驛、儀表及其切換開關等）之動作試驗。 ／ 二、高壓用電設備絕緣情形、接地電阻及其他安全設備狀況。 ／ 三、自備屋外高壓配電線路情況。
OSH-09	OSH	職業安全衛生管理辦法	第31條		雇主對於低壓電氣設備，應每年依下列規定定期實施檢查一次： ／ 一、低壓受電盤及分電盤（含各種電驛、儀表及其切換開關等）之動作試驗。 ／ 二、低壓用電設備絕緣情形，接地電阻及其他安全設備狀況。 ／ 三、自備屋外低壓配電線路情況。
OSH-09	OSH	職業安全衛生管理辦法	第31條之1		雇主對於防爆電氣設備，應每月依下列規定定期實施檢查一次： ／ 一、本體有無損傷、變形。 ／ 二、配管、配線等有無損傷、變形及異常狀況。 ／ 三、其他保持防爆性能之必要事項。
OSH-09	OSH	職業安全衛生管理辦法	第32條		雇主對鍋爐應每月依下列規定定期實施檢查一次： ／ 一、鍋爐本體有無損傷。 ／ 二、燃燒裝置： ／ （一）油加熱器及燃料輸送裝置有無損傷。 ／ （二）噴燃器有無損傷及污髒。 ／ （三）過濾器有無堵塞或損傷。 ／ （四）燃燒器瓷質部及爐壁有無污髒及損傷。 ／ （五）加煤機及爐篦有無損傷。 ／ （六）煙道有無洩漏、損傷及風壓異常。 ／ 三、自動控制裝置： ／ （一）自動起動停止裝置、火焰檢出裝置、燃料切斷裝置、水位調節裝置、壓力調節裝置機能有無異常。 ／ （二）電氣配線端子有無異常。 ／ 四、附屬裝置及附屬品： ／ （一）給水裝置有無損傷及作動狀態。 ／ （二）蒸汽管及停止閥有無損傷及保溫狀態。 ／ （三）空氣預熱器有無損傷。 ／ （四）水處理裝置機能有無異常。
OSH-09	OSH	職業安全衛生管理辦法	第33條		雇主對高壓氣體特定設備、高壓氣體容器及第一種壓力容器，應每月依下列規定定期實施檢查一次： ／ 一、本體有無損傷、變形。 ／ 二、蓋板螺栓有無損耗。 ／ 三、管、凸緣、閥及旋塞等有無損傷、洩漏。 ／ 四、壓力表及溫度計及其他安全裝置有無損傷。 ／ 五、平台支架有無嚴重腐蝕。 ／ 對於有保溫部分或有高游離輻射污染之虞之場所，得免實施。
OSH-09	OSH	職業安全衛生管理辦法	第34條		雇主對小型鍋爐應每年依下列規定定期實施檢查一次： ／ 一、鍋爐本體有無損傷。 ／ 二、燃燒裝置有無異常。 ／ 三、自動控制裝置有無異常。 ／ 四、附屬裝置及附屬品性能是否正常。 ／ 五、其他保持性能之必要事項。
OSH-09	OSH	職業安全衛生管理辦法	第35條		雇主對第二種壓力容器應每年依下列規定定期實施檢查一次： ／ 一、內面及外面有無顯著損傷、裂痕、變形及腐蝕。 ／ 二、蓋、凸緣、閥、旋塞等有無異常。 ／ 三、安全閥、壓力表與其他安全裝置之性能有無異常。 ／ 四、其他保持性能之必要事項。
OSH-09	OSH	職業安全衛生管理辦法	第36條		雇主對小型壓力容器應每年依下列規定定期實施檢查一次： ／ 一、本體有無損傷。 ／ 二、蓋板螺旋有無異常。 ／ 三、管及閥等有無異常。 ／ 四、其他保持性能之必要事項。
OSH-09	OSH	職業安全衛生管理辦法	第37條		雇主對高壓氣體儲存能力在一百立方公尺或一公噸以上之儲槽應注意有無沈陷現象，並應每年定期測定其沈陷狀況一次。
OSH-09	OSH	職業安全衛生管理辦法	第38條		雇主對特定化學設備或其附屬設備，應每二年依下列規定定期實施檢查一次： ／ 一、特定化學設備或其附屬設備（不含配管）： ／ （一）內部有無足以形成其損壞原因之物質存在。 ／ （二）內面及外面有無顯著損傷、變形及腐蝕。 ／ （三）蓋、凸緣、閥、旋塞等之狀態。 ／ （四）安全閥、緊急遮斷裝置與其他安全裝置及自動警報裝置之性能。 ／ （五）冷卻、攪拌、壓縮、計測及控制等性能。 ／ （六）備用動力源之性能。 ／ （七）其他為防止丙類第一種物質或丁類物質之漏洩之必要事項。 ／ 二、配管 ／ （一）熔接接頭有無損傷、變形及腐蝕。 ／ （二）凸緣、閥、旋塞等之狀態。 ／ （三）接於配管之供為保溫之蒸氣管接頭有無損傷、變形或腐蝕。
OSH-09	OSH	職業安全衛生管理辦法	第39條		雇主對化學設備及其附屬設備，應就下列事項，每二年定期實施檢查一次： ／ 一、內部是否有造成爆炸或火災之虞。 ／ 二、內部與外部是否有顯著之損傷、變形及腐蝕。 ／ 三、蓋板、凸緣、閥、旋塞等之狀態。 ／ 四、安全閥或其他安全裝置、壓縮裝置、計測裝置之性能。 ／ 五、冷卻裝置、攪拌裝置、壓縮裝置、計測裝置及控制裝置之性能。 ／ 六、預備電源或其代用裝置之性能。 ／ 七、其他防止爆炸或火災之必要事項。
OSH-09	OSH	職業安全衛生管理辦法	第40條		雇主對局部排氣裝置、空氣清淨裝置及吹吸型換氣裝置應每年依下列規定定期實施檢查一次： ／ 一、氣罩、導管及排氣機之磨損、腐蝕、凹凸及其他損害之狀況及程度。 ／ 二、導管或排氣機之塵埃聚積狀況。 ／ 三、排氣機之注油潤滑狀況。 ／ 四、導管接觸部分之狀況。 ／ 五、連接電動機與排氣機之皮帶之鬆弛狀況。 ／ 六、吸氣及排氣之能力。 ／ 七、設置於排放導管上之採樣設施是否牢固、鏽蝕、損壞、崩塌或其他妨礙作業安全事項。 ／ 八、其他保持性能之必要事項。
OSH-09	OSH	職業安全衛生管理辦法	第41條		雇主對設置於局部排氣裝置內之空氣清淨裝置，應每年依下列規定定期實施檢查一次： ／ 一、構造部分之磨損、腐蝕及其他損壞之狀況及程度。 ／ 二、除塵裝置內部塵埃堆積之狀況。 ／ 三、濾布式除塵裝置者，有濾布之破損及安裝部分鬆弛之狀況。 ／ 四、其他保持性能之必要措施。
OSH-09	OSH	職業安全衛生管理辦法	第42條		雇主對異常氣壓之再壓室或減壓艙，應就下列事項，每個月依下列規定定期實施檢查一次： ／ 一、輸氣設備及排氣設備之運作狀況。 ／ 二、通話設備及警報裝置之運作狀況。 ／ 三、電路有無漏電。 ／ 四、電器、機械器具及配線有無損傷。
OSH-09	OSH	職業安全衛生管理辦法	第43條		雇主對施工架及施工構臺，應就下列事項，每週定期實施檢查一次： ／ 一、架材之損傷、安裝狀況。 ／ 二、立柱、橫檔、踏腳桁等之固定部分，接觸部分及安裝部分之鬆弛狀況。 ／ 三、固定材料與固定金屬配件之損傷及腐蝕狀況。 ／ 四、扶手、護欄等之拆卸及脫落狀況。 ／ 五、基腳之下沈及滑動狀況。 ／ 六、斜撐材、索條、橫檔等補強材之狀況。 ／ 七、立柱、踏腳桁、橫檔等之損傷狀況。 ／ 八、懸臂樑與吊索之安裝狀況及懸吊裝置與阻檔裝置之性能。 ／ 九、壁連座之間距及連接構件之狀況。 ／ 強風大雨等惡劣氣候、四級以上之地震襲擊後及每次停工之復工前，亦應實施前項檢查。
OSH-09	OSH	職業安全衛生管理辦法	第44條		雇主對營造工程之模板支撐架，應每週依下列規定實施檢查： ／ 一、架材之損傷、安裝狀況。 ／ 二、支柱等之固定部分、接觸部分及搭接重疊部分之鬆弛狀況。 ／ 三、固定材料與固定金屬配件之損傷及腐蝕狀況。 ／ 四、基腳（礎）之沉陷及滑動狀況。 ／ 五、斜撐材、水平繫條等補強材之狀況。 ／ 強風大雨等惡劣氣候、四級以上之地震襲擊後、每次停工之復工前及混凝土澆置作業前，亦應實施前項檢查。
OSH-09	OSH	職業安全衛生管理辦法	第44條之1		雇主對於機械、設備，應依本章第一節及第二節規定，實施定期檢查。但雇主發現有腐蝕、劣化、損傷或堪用性之虞，應實施安全評估，並縮短其檢查期限。
OSH-09	OSH	職業安全衛生管理辦法	第45條		雇主對第二種壓力容器及減壓艙，應於初次使用前依下列規定實施重點檢查： ／ 一、確認胴體、端板之厚度是否與製造廠所附資料符合。 ／ 二、確認安全閥吹洩量是否足夠。 ／ 三、各項尺寸、附屬品與附屬裝置是否與容器明細表符合。 ／ 四、經實施耐壓試驗無局部性之膨出、伸長或洩漏之缺陷。 ／ 五、其他保持性能之必要事項。
OSH-09	OSH	職業安全衛生管理辦法	第46條		雇主對捲揚裝置於開始使用、拆卸、改裝或修理時，應依下列規定實施重點檢查： ／ 一、確認捲揚裝置安裝部位之強度，是否符合捲揚裝置之性能需求。 ／ 二、確認安裝之結合元件是否結合良好，其強度是否合乎需求。 ／ 三、其他保持性能之必要事項。
OSH-09	OSH	職業安全衛生管理辦法	第47條		雇主對局部排氣裝置或除塵裝置，於開始使用、拆卸、改裝或修理時，應依下列規定實施重點檢查： ／ 一、導管或排氣機粉塵之聚積狀況。 ／ 二、導管接合部分之狀況。 ／ 三、吸氣及排氣之能力。 ／ 四、其他保持性能之必要事項。
OSH-09	OSH	職業安全衛生管理辦法	第48條		雇主對異常氣壓之輸氣設備應依下列規定實施重點檢查： ／ 一、對輸氣設備初次使用或予分解後加以改造、修理或停用一個月以上擬再度使用時，應對該設備實施重點檢查。 ／ 二、於輸氣設備發生故障或因出水或發生其他異常，致高壓室內作業勞工有遭受危險之虞時，應迅即使勞工自沈箱、壓氣潛盾等撤離，避免危難，應即檢點輸氣設備之有無異常，沈箱等之有無異常沈降或傾斜及其他必要事項。
OSH-09	OSH	職業安全衛生管理辦法	第49條		雇主對特定化學設備或其附屬設備，於開始使用、改造、修理時，應依下列規定實施重點檢查一次： ／ 一、特定化學設備或其附屬設備（不含配管）： ／ （一）內部有無足以形成其損壞原因之物質存在。 ／ （二）內面及外面有無顯著損傷、變形及腐蝕。 ／ （三）蓋、凸緣、閥、旋塞等之狀態。 ／ （四）安全閥、緊急遮斷裝置與其他安全裝置及自動警報裝置之性能。 ／ （五）冷卻、攪拌、壓縮、計測及控制等性能。 ／ （六）備用動力源之性能。 ／ （七）其他為防止丙類第一種物質或丁類物質之漏洩之必要事項。 ／ 二、配管： ／ （一）熔接接頭有無損傷、變形及腐蝕。 ／ （二）凸緣、閥、旋塞等之狀態。 ／ （三）接於配管之蒸氣管接頭有無損傷、變形或腐蝕。
OSH-09	OSH	職業安全衛生管理辦法	第50條		雇主對車輛機械，應每日作業前依下列各項實施檢點： ／ 一、制動器、連結裝置、各種儀器之有無異常。 ／ 二、蓄電池、配線、控制裝置之有無異常。
OSH-09	OSH	職業安全衛生管理辦法	第50條之1		雇主對高空工作車，應於每日作業前就其制動裝置、操作裝置及作業裝置之性能實施檢點。
OSH-09	OSH	職業安全衛生管理辦法	第51條		雇主對捲揚裝置應於每日作業前就其制動裝置、安全裝置、控制裝置及鋼索通過部分狀況實施檢點。
OSH-09	OSH	職業安全衛生管理辦法	第52條		雇主對固定式起重機，應於每日作業前依下列規定實施檢點，對置於瞬間風速可能超過每秒三十公尺或四級以上地震後之固定式起重機，應實施各部安全狀況之檢點： ／ 一、過捲預防裝置、制動器、離合器及控制裝置性能。 ／ 二、直行軌道及吊運車橫行之導軌狀況。 ／ 三、鋼索運行狀況。
OSH-09	OSH	職業安全衛生管理辦法	第53條		雇主對移動式起重機，應於每日作業前對過捲預防裝置、過負荷警報裝置、制動器、離合器 、控制裝置及其他警報裝置之性能實施檢點。
OSH-09	OSH	職業安全衛生管理辦法	第54條		雇主對人字臂起重桿，應於每日作業前依下列規定實施檢點，對置於瞬間風速可能超過每秒三十公尺（以設於室外者為限）或四級以上地震後之人字臂起重桿，應就其安全狀況實施檢點： ／ 一、過捲預防裝置、制動器、離合器及控制裝置之性能。 ／ 二、鋼索通過部分狀況。
OSH-09	OSH	職業安全衛生管理辦法	第54條之1		雇主對營建用或載貨用之升降機，應於每日作業前對搬器及升降路所有出入口門扉之連鎖裝置之性能實施檢點。
OSH-09	OSH	職業安全衛生管理辦法	第55條		雇主對營建用提升機，應於每日作業前，依下列規定實施檢點： ／ 一、制動器及離合器性能。 ／ 二、鋼索通過部分狀況。
OSH-09	OSH	職業安全衛生管理辦法	第56條		雇主對吊籠，應於每日作業前依下列規定實施檢點，如遇強風、大雨、大雪等惡劣氣候後， 應實施第三款至第五款之檢點： ／ 一、鋼索及其緊結狀態有無異常。 ／ 二、扶手等有無脫離。 ／ 三、過捲預防裝置、制動器、控制裝置及其他安全裝置之機能有無異常。 ／ 四、升降裝置之擋齒機能。 ／ 五、鋼索通過部分狀況。
OSH-09	OSH	職業安全衛生管理辦法	第57條		雇主對簡易提升機，應於每日作業前對制動性能實施檢點。
OSH-09	OSH	職業安全衛生管理辦法	第58條		雇主對第十六條、第十九條至第二十五條及第五十二條至前條規定之起重機械使用之吊掛用鋼索、吊鏈、纖維索、吊鉤、吊索、鏈環等用具，應於每日作業前實施檢點。
OSH-09	OSH	職業安全衛生管理辦法	第59條		雇主對第二十六條之衝剪機械，應於每日作業前依下列規定，實施檢點： ／ 一、離合器及制動器之機能。 ／ 二、曲柄軸、飛輪、滑塊、連桿、連接螺栓之有無鬆懈狀況。 ／ 三、一行程一停止機構及緊急制動裝置之機能。 ／ 四、安全裝置之性能。 ／ 五、電氣、儀表。
OSH-09	OSH	職業安全衛生管理辦法	第60條		雇主對工業用機器人，應於每日作業前依下列規定實施檢點；檢點時，應儘可能在可動範圍外為之： ／ 一、制動裝置之機能。 ／ 二、緊急停止裝置之機能。 ／ 三、接觸防止設施之狀況及該設施與機器人間連鎖裝置之機能。 ／ 四、相連機器與機器人間連鎖裝置之機能。 ／ 五、外部電線、配管等有無損傷。 ／ 六、供輸電壓、油壓及空氣壓有無異常。 ／ 七、動作有無異常。 ／ 八、有無異常之聲音或振動。 ／ 雇主對協同作業機器人，應於每日作業前，依前項第一款、第二款及第四款至第八款規定實施檢點，並確認協同作業所使用安全功能有無異常。
OSH-09	OSH	職業安全衛生管理辦法	第61條		雇主對高壓氣體製造設備，應於使用開始前及使用終了後，檢點該設備有無異常，且應依所製造之高壓氣體種類及製造設備狀況，一日一次以上就該設備之動作狀況實施檢點。
OSH-09	OSH	職業安全衛生管理辦法	第62條		雇主對高壓氣體消費設備，應於使用開始前及使用終了後，檢點該設備有無異常，一日一次以上就該設備之動作狀況實施檢點。
OSH-09	OSH	職業安全衛生管理辦法	第63條		雇主對營建工程施工架設備、施工構臺、支撐架設備、露天開挖擋土支撐設備、隧道或坑道開挖支撐設備、沉箱、圍堰及壓氣施工設備、打樁設備等，應於每日作業前及使用終了後，檢點該設備有無異常或變形。
OSH-09	OSH	職業安全衛生管理辦法	第64條		雇主使勞工從事下列危險性設備作業時，應使該勞工就其作業有關事項實施檢點： ／ 一、鍋爐之操作作業。 ／ 二、第一種壓力容器之操作作業。 ／ 三、高壓氣體特定設備之操作作業。 ／ 四、高壓氣體容器之操作作業。
OSH-09	OSH	職業安全衛生管理辦法	第65條		雇主使勞工從事下列高壓氣體作業時，應使該勞工就其作業有關事項實施檢點： ／ 一、高壓氣體之灌裝作業。 ／ 二、高壓氣體容器儲存作業。 ／ 三、高壓氣體之運輸作業。 ／ 四、高壓氣體之廢棄作業。
OSH-09	OSH	職業安全衛生管理辦法	第66條		雇主使勞工從事工業用機器人之教導及操作作業時，應使該勞工就其作業有關事項實施檢點。
OSH-09	OSH	職業安全衛生管理辦法	第67條		雇主使勞工從事營造作業時，應就下列事項，使該勞工就其作業有關事項實施檢點： ／ 一、打樁設備之組立及操作作業。 ／ 二、擋土支撐之組立及拆除作業。 ／ 三、露天開挖之作業。 ／ 四、隧道、坑道開挖作業。 ／ 五、混凝土作業。 ／ 六、鋼架施工作業。 ／ 七、施工構臺之組立及拆除作業。 ／ 八、建築物之拆除作業。 ／ 九、施工架之組立及拆除作業。 ／ 十、模板支撐之組立及拆除作業。 ／ 十一、其他營建作業。
OSH-09	OSH	職業安全衛生管理辦法	第68條		雇主使勞工從事缺氧危險或局限空間作業時，應使該勞工就其作業有關事項實施檢點。
OSH-09	OSH	職業安全衛生管理辦法	第69條		雇主使勞工從事下列有害物作業時，應使該勞工就其作業有關事項實施檢點： ／ 一、有機溶劑作業。 ／ 二、鉛作業。 ／ 三、四烷基鉛作業。 ／ 四、特定化學物質作業。 ／ 五、粉塵作業。
OSH-09	OSH	職業安全衛生管理辦法	第70條		雇主使勞工從事下列異常氣壓作業時，應使該勞工就其作業有關事項實施檢點： ／ 一、潛水作業。 ／ 二、高壓室內作業。 ／ 三、沈箱作業。 ／ 四、氣壓沈箱、沈筒、潛盾施工等作業。
OSH-09	OSH	職業安全衛生管理辦法	第71條		雇主使勞工從事金屬之熔接、熔斷或加熱作業時，應就下列事項，使該勞工就其作業有關事項實施檢點： ／ 一、乙炔熔接裝置。 ／ 二、氣體集合熔接裝置。 ／ 三、氧乙炔熔接裝置。
OSH-09	OSH	職業安全衛生管理辦法	第72條		雇主使勞工從事危害性化學品之製造、處置及使用作業時，應使該勞工就其作業有關事項實施檢點。
OSH-09	OSH	職業安全衛生管理辦法	第73條		雇主使勞工從事林場作業時，應使該勞工就其作業有關事項實施檢點。
OSH-09	OSH	職業安全衛生管理辦法	第74條		雇主使勞工從事船舶清艙解體作業時，應使該勞工就其作業有關事項實施檢點。
OSH-09	OSH	職業安全衛生管理辦法	第75條		雇主使勞工從事碼頭裝卸作業時，應使該勞工就其作業有關事項實施檢點。
OSH-09	OSH	職業安全衛生管理辦法	第76條		（刪除）
OSH-09	OSH	職業安全衛生管理辦法	第77條		雇主使勞工對其作業中之纖維纜索、乾燥室、防護用具、電氣機械器具及自設道路等實施檢點。
OSH-09	OSH	職業安全衛生管理辦法	第78條		雇主依第五十條至第五十六條及第五十八條至第七十七條實施之檢點，其檢點對象、內容，應依實際需要訂定，以檢點手冊或檢點表等為之。
OSH-09	OSH	職業安全衛生管理辦法	第79條		雇主依第十三條至第六十三條規定實施之自動檢查，應訂定自動檢查計畫。
OSH-09	OSH	職業安全衛生管理辦法	第80條		雇主依第十三條至第四十九條規定實施之定期檢查、重點檢查應就下列事項記錄，並保存三年： ／ 一、檢查年月日。 ／ 二、檢查方法。 ／ 三、檢查部分。 ／ 四、檢查結果。 ／ 五、實施檢查者之姓名。 ／ 六、依檢查結果應採取改善措施之內容。
OSH-09	OSH	職業安全衛生管理辦法	第81條		勞工、主管人員及職業安全衛生管理人員實施檢查、檢點時，發現對勞工有危害之虞者，應即報告上級主管。 ／ 雇主依第十三條至第七十七條規定實施自動檢查，發現有異常時，應立即檢修及採取必要措施。
OSH-09	OSH	職業安全衛生管理辦法	第82條		雇主依第十三條至第七十七條規定實施之自動檢查，於其他法令另有規定者外，應依該規定為之。
OSH-09	OSH	職業安全衛生管理辦法	第83條		雇主依第十三條至第七十七條規定之自動檢查，除依本法所定之其他法令另有規定者外，應指定具專業知能或操作資格之適當人員為之。
OSH-09	OSH	職業安全衛生管理辦法	第84條		事業單位以其事業交付承攬或再承攬時，如該承攬人使用之機械、設備或器具係由原事業單位提供者，該機械、設備或器具應由原事業單位實施定期檢查及重點檢查。 ／ 前項定期檢查及重點檢查於有必要時得由承攬人或再承攬人會同實施。 ／ 第一項之定期檢查及重點檢查如承攬人或再承攬人具有實施之能力時，得以書面約定由承攬人或再承攬人為之。
OSH-09	OSH	職業安全衛生管理辦法	第85條		事業單位承租、承借機械、設備或器具供勞工使用者，應對該機械、設備或器具實施自動檢查。 ／ 前項自動檢查之定期檢查及重點檢查，於事業單位承租、承借機械、設備或器具時，得以書面約定由出租、出借人為之。
OSH-09	OSH	職業安全衛生管理辦法	第86條		勞工人數在三十人以上之事業單位，依第二條之一至第三條之一、第六條規定設管理單位或置管理人員時，應依中央主管機關公告之內容及方式登錄，報請勞動檢查機構備查；變更時，亦同。
OSH-09	OSH	職業安全衛生管理辦法	第87條	Y	雇主依第十條規定設委員會時，應製作委員會名冊（如附表三），並依中央主管機關公告之內容及方式登錄，報請勞動檢查機構備查；變更時，亦同。
OSH-09	OSH	職業安全衛生管理辦法	第88條		於本辦法發布日前，依已廢止之工廠安全衛生管理人員設置辦法、勞工安全衛生組織及管理人員設置辦法及修正前之勞工安全衛生組織管理及自動檢查辦法規定，取得勞工安全衛生管理人員資格者，於本辦法施行後，其資格不受影響。
OSH-09	OSH	職業安全衛生管理辦法	第89條		（刪除）
OSH-09	OSH	職業安全衛生管理辦法	第89條之1		政府機關（構），對於第二條之一、第三條及第六條之規定，因其他法規限制，得於組織修編完成前，以報經中央主管機關核定之職業安全衛生管理規章或職業安全衛生管理計畫替代之。
OSH-09	OSH	職業安全衛生管理辦法	第89條之2		雇主依第五條之一、第十二條至第十二條之六及第八十條規定所作之紀錄，應以紙本保存。但以電子紀錄形式保存，並能隨時調閱查對者，不在此限。
OSH-09	OSH	職業安全衛生管理辦法	第90條		本辦法自發布日施行。但除中華民國九十七年一月九日修正發布之第二條之一第一項第一款、第六條第二項第一款已另定施行日期者外，第二條、第二條之一、第三條、第三條之一、第三條之二、第五條之一、第六條、第七條、第十條、第十二條之一至第十二條之六規定，自發布後六個月施行。 ／ 本辦法中華民國一百零三年六月二十六日修正發布之條文，自一百零三年七月三日施行。 ／ 本辦法中華民國一百零五年二月十九日修正發布之條文，除第六條之一及第十二條之七規定，自一百零五年七月一日施行外，自一百零六年一月一日施行。 ／ 本辦法中華民國一百零九年九月二十四日修正發布之第四條規定，自發布後六個月施行。 ／ 本辦法中華民國一百十一年一月五日修正發布之第四條規定，自一百十一年一月七日施行。 ／ 本辦法中華民國一百十五年六月二十九日修正發布之條文，自一百十五年七月一日施行。
OSH-10	OSH	勞工健康保護規則	第1條		本規則依職業安全衛生法（以下簡稱本法）第六條第三項、第二十條第三項、第二十一條第三項及第二十二條第三項規定訂定之。
OSH-10	OSH	勞工健康保護規則	第2條	Y	本規則用詞，定義如下： ／ 一、特別危害健康作業：指符合附表一之物理性及化學性危害之作業。 ／ 二、第一類事業、第二類事業及第三類事業：指職業安全衛生管理辦法第二條及其附表所定之事業。 ／ 三、臨時性作業：指正常作業以外之作業，其作業期間不超過三個月，且一年內不再重複者。 ／ 四、長期夜間工作：指勞工於前一年度有下列情形之一者： ／ （一）於午後十時至翌晨六時期間工作三小時以上之工作日數，達當月工作日數二分之一，且累計達六個月以上。 ／ （二）於午後十時至翌晨六時期間工作之工作時數，累計達七百小時以上。 ／ 五、勞工健康服務人員：指從事勞工健康服務之醫師、護理人員、心理師、物理治療師、職能治療師或公共衛生師。
OSH-10	OSH	勞工健康保護規則	第3條	Y	事業單位勞工人數在三百人以上或從事特別危害健康作業之勞工人數在五十人以上者，應視其規模及性質，分別依附表二與附表三所定之人力配置及臨場服務頻率，僱用或特約從事勞工健康服務之醫師及僱用從事勞工健康服務之護理人員（以下簡稱醫護人員），辦理勞工健康服務。 ／ 前項所定事業單位，經醫護人員評估勞工有心理、肌肉骨骼疾病預防，或有建立整體性職業健康相關調查分析及規劃推動勞工健康服務需求者，得僱用勞工健康服務相關人員提供服務。 ／ 前項僱用之人員，於勞工人數在三千人以上者，得納入附表三計算。但僱用從事勞工健康服務護理人員之比例，應達四分之三以上。
OSH-10	OSH	勞工健康保護規則	第4條	Y	事業單位勞工人數在五十人以上未達三百人者，應視其規模及性質，依附表四所定特約醫護人員臨場服務頻率，辦理勞工健康服務。 ／ 前項所定事業單位，經醫護人員評估勞工有心理或肌肉骨骼疾病預防需求者，得特約勞工健康服務相關人員提供服務；其服務頻率，得納入附表四計算。但各年度由從事勞工健康服務護理人員之總服務頻率，應達二分之一以上。
OSH-10	OSH	勞工健康保護規則	第5條		事業單位特約勞工健康服務人員辦理勞工健康服務，應依其事業之危害風險分類或特別危害健康作業，委託依勞工健康服務專業機構管理規則認可之機構，由該機構指派其符合第七條所定資格之人員為之。
OSH-10	OSH	勞工健康保護規則	第6條		第三條或第十三條第三項所定僱用之勞工健康服務人員，不得兼任其他法令所定專責（任）人員或從事其他與勞工健康服務無關之工作。 ／ 前項人員因故依勞動相關法令請假超過三十日，未能執行職務時，雇主得委託前條所定之機構，指派符合第七條規定資格之人員代理之。 ／ 雇主依本規則規定僱用之勞工健康服務人員，應依中央主管機關公告之方式報請備查；變更時，亦同。 ／ 雇主委託勞工健康服務專業機構辦理者，亦應依前項規定辦理。
OSH-10	OSH	勞工健康保護規則	第7條	Y	從事勞工健康服務之醫師，應符合下列資格之一： ／ 一、職業醫學科專科醫師（以下簡稱職醫）資格。 ／ 二、具中央衛生福利主管機關所定之專科醫師資格，並依附表五規定之課程訓練合格。 ／ 從事勞工健康服務之護理人員、勞工健康服務相關人員，應符合下列資格，且具實務工作經驗二年以上，並依附表六規定之課程訓練合格： ／ 一、護理人員：護理師或護士資格。 ／ 二、勞工健康服務相關人員：心理師、職能治療師、物理治療師或公共衛生師資格。
OSH-10	OSH	勞工健康保護規則	第8條		雇主應使其勞工健康服務人員接受下列課程之在職教育訓練，其訓練時間每三年合計至少十二小時，且每一類課程至少二小時： ／ 一、職業安全衛生或勞工職業災害保險及保護相關法規。 ／ 二、職場健康風險評估及管理實務。 ／ 從事勞工健康服務之醫師為職醫者，應接受前項第一款所定課程之在職教育訓練，其訓練時間每三年合計至少二小時，不受前項規定之限制。 ／ 第一項及第二項訓練，得於中央主管機關建置之網站接受數位學習課程，其時數之採計，不超過六小時。 ／ 前條課程訓練、第一項及第二項所定之在職教育訓練，得由各級勞工、衛生主管機關或勞動檢查機構自行辦理，或由中央主管機關認可之機構或訓練單位辦理。 ／ 前項辦理訓練之機關（構）或訓練單位，應依中央主管機關公告之內容及方式登錄系統。
OSH-10	OSH	勞工健康保護規則	第9條		雇主應使勞工健康服務人員臨場辦理下列勞工健康服務事項： ／ 一、勞工體格（健康）檢查結果之分析與評估、健康管理及資料保存。 ／ 二、協助雇主選配勞工從事適當之工作。 ／ 三、辦理健康檢查結果異常者之追蹤管理及健康指導。 ／ 四、辦理未滿十八歲勞工、有母性健康危害之虞之勞工、職業傷病勞工與職業健康相關高風險勞工之評估及個案管理。 ／ 五、職業衛生或職業健康之相關調查分析及傷害、疾病紀錄之保存。 ／ 六、工作相關疾病預防之健康保護與健康促進等措施之策劃及實施、健康諮詢與急救及緊急處置。 ／ 七、定期向雇主報告及勞工健康服務之建議。 ／ 八、其他經中央主管機關指定公告者。
OSH-10	OSH	勞工健康保護規則	第10條		事業單位對其他受工作場所負責人指揮或監督從事勞動之人員，應比照該事業單位勞工，辦理前條所定勞工健康服務事項。 ／ 前項從事勞動之人員不提供個人健康資料及書面同意者，事業單位仍應辦理前條第五款至第七款規定之事項。
OSH-10	OSH	勞工健康保護規則	第11條		為辦理前二條所定勞工健康服務，雇主應使勞工健康服務人員，配合職業安全衛生、人力資源管理及相關部門人員訪視現場，辦理下列事項： ／ 一、辨識與評估工作場所環境、作業及組織內部影響勞工身心健康之危害因子，並提出改善措施之建議。 ／ 二、提出作業環境安全衛生設施改善規劃之建議。 ／ 三、調查勞工健康情形與作業之關連性，並採取必要之預防及健康促進措施。 ／ 四、提供復工勞工之職能評估、職務再設計或調整之諮詢及建議。 ／ 五、其他經中央主管機關指定公告者。
OSH-10	OSH	勞工健康保護規則	第12條		第九條至第十一條所定勞工健康服務事項，事業單位依第三條規定僱用勞工健康服務人員辦理者，應依勞工作業環境特性及性質，訂定勞工健康服務計畫，據以執行，每年評估成效及檢討；依第四條規定以特約勞工健康服務人員辦理者，其勞工健康服務計畫，得以執行紀錄或文件代替。
OSH-10	OSH	勞工健康保護規則	第13條	Y	屬第二類事業或第三類事業，且未具特別危害健康作業之雇主，使其勞工提供勞務之場所有下列情形之一者，得訂定勞工健康管理方案，據以辦理，不受第三條及第四條有關辦理勞工健康服務規定之限制： ／ 一、工作場所分布不同地區。 ／ 二、勞工提供勞務之場所，非於雇主設施內或其可支配管理處。 ／ 前項勞工健康管理方案之內容，包括下列事項，並應每年評估成效及檢討： ／ 一、工作環境危害性質。 ／ 二、勞工作業型態及分布。 ／ 三、高風險群勞工健康檢查情形評估。 ／ 四、依評估結果採行之下列勞工健康服務措施： ／ （一）安排醫師面談及健康指導。 ／ （二）採取書面或遠端通訊等方式，提供評估、建議或諮詢服務。 ／ 雇主執行前項規定，應僱用勞工健康服務護理人員或依第五條規定委託勞工健康服務專業機構辦理，並實施必要之臨場健康服務，其服務頻率依附表七規定辦理。
OSH-10	OSH	勞工健康保護規則	第14條	Y	雇主執行第九條至第十三條所定相關事項，應依附表八規定項目填寫紀錄表，並依相關建議事項採取必要措施。 ／ 前項紀錄表及採行措施之文件，應保存三年。
OSH-10	OSH	勞工健康保護規則	第15條		事業單位應參照工作場所大小、分布、危險狀況與勞工人數，備置足夠急救藥品及器材，並置急救人員辦理急救事宜。但已具有急救功能之醫療保健服務業，不在此限。 ／ 前項急救人員應具下列資格之一，且不得有失聰、兩眼裸視或矯正視力後均在零點六以下、失能及健康不良等，足以妨礙急救情形： ／ 一、醫護人員。 ／ 二、經職業安全衛生教育訓練規則所定急救人員之安全衛生教育訓練合格。 ／ 三、緊急醫療救護法所定救護技術員。 ／ 第一項所定急救藥品與器材，應置於適當固定處所及保持清潔，至少每六個月定期檢查。對於被污染或失效之物品，應隨時予以更換及補充。 ／ 第一項急救人員，每一輪班次應至少置一人；其每一輪班次勞工人數超過五十人者，每增加五十人，應再置一人。但事業單位有下列情形之一，且已建置緊急連線、通報或監視裝置等措施者，不在此限： ／ 一、第一類事業，每一輪班次僅一人作業。 ／ 二、第二類或第三類事業，每一輪班次勞工人數未達五人。 ／ 急救人員因故未能執行職務時，雇主應即指定具第二項資格之人員，代理其職務。
OSH-10	OSH	勞工健康保護規則	第16條	Y	雇主僱用勞工時，除應依附表九所定之檢查項目實施一般體格檢查外，另應按其作業類別，依附表十所定之檢查項目實施特殊體格檢查。 ／ 有下列情形之一者，得免實施前項所定一般體格檢查： ／ 一、非繼續性之臨時性或短期性工作，其工作期間在六個月以內。 ／ 二、其他法規已有體格或健康檢查之規定。 ／ 三、其他經中央主管機關指定公告。 ／ 第一項所定檢查距勞工前次檢查未超過第十七條或第十九條規定之定期檢查期限，經勞工提出證明者，得免實施。
OSH-10	OSH	勞工健康保護規則	第17條		雇主對在職勞工，應依下列規定，定期實施一般健康檢查： ／ 一、年滿六十歲者，每年檢查一次。 ／ 二、四十歲以上未滿六十歲者，每二年檢查一次。 ／ 三、未滿四十歲者，每三年檢查一次。 ／ 前項所定一般健康檢查之項目，應依前條附表九規定辦理。但經檢查為先天性辨色力異常者，得免再實施辨色力檢查。
OSH-10	OSH	勞工健康保護規則	第18條	Y	雇主對在職勞工有從事長期夜間工作之情形者，應於當年度依附表十一所定項目，實施長期夜間工作健康檢查。
OSH-10	OSH	勞工健康保護規則	第19條		雇主使勞工從事特別危害健康作業，應每年或於變更其作業時，依第十六條附表十所定項目，實施特殊健康檢查。 ／ 雇主使勞工接受定期特殊健康檢查時，應將勞工作業內容、最近一次之作業環境監測紀錄及危害暴露情形等作業經歷資料交予醫師。 ／ 前項作業環境監測紀錄及危害暴露情形等資料，屬游離輻射作業者，應依游離輻射防護法相關規定辦理。
OSH-10	OSH	勞工健康保護規則	第20條		第十六條至第十九條規定之檢查結果，應依中央主管機關公告之格式記錄。 ／ 前項檢查結果之紀錄保存，應依下列規定辦理： ／ 一、第十六條附表九、第十八條附表十一之檢查紀錄至少保存七年。 ／ 二、第十六條附表十之檢查紀錄至少保存十年。
OSH-10	OSH	勞工健康保護規則	第21條		從事下列作業之各項特殊體格（健康）檢查紀錄，應至少保存三十年： ／ 一、游離輻射。 ／ 二、粉塵。 ／ 三、三氯乙烯及四氯乙烯。 ／ 四、聯苯胺與其鹽類、4－胺基聯苯及其鹽類、4－硝基聯苯及其鹽類、β－萘胺及其鹽類、二氯聯苯胺及其鹽類及α－萘胺及其鹽類。 ／ 五、鈹及其化合物。 ／ 六、氯乙烯。 ／ 七、苯。 ／ 八、鉻酸與其鹽類、重鉻酸及其鹽類。 ／ 九、砷及其化合物。 ／ 十、鎳及其化合物。 ／ 十一、1,3－丁二烯。 ／ 十二、甲醛。 ／ 十三、銦及其化合物。 ／ 十四、石綿。 ／ 十五、鎘及其化合物。 ／ 十六、苯乙烯。
OSH-10	OSH	勞工健康保護規則	第22條		雇主使勞工從事特別危害健康作業時，應建立其暴露評估及健康管理資料，並將其定期實施之特殊健康檢查，依下列規定分級實施健康管理： ／ 一、第一級管理：特殊健康檢查或健康追蹤檢查結果，全部項目正常，或部分項目異常，而經職醫綜合判定為無異常者。 ／ 二、第二級管理：特殊健康檢查或健康追蹤檢查結果，部分或全部項目異常，經職醫綜合判定為異常，而與工作無關者。 ／ 三、第三級管理：特殊健康檢查或健康追蹤檢查結果，部分或全部項目異常，經職醫綜合判定為異常，而無法確定此異常與工作之相關性，應進一步請職醫評估者。 ／ 四、第四級管理：特殊健康檢查或健康追蹤檢查結果，部分或全部項目異常，經職醫綜合判定為異常，且與工作有關者。 ／ 前項所定健康管理，屬於第二級管理以上者，應由職醫註明其不適宜從事之作業與其他應處理及注意事項；屬於第三級管理或第四級管理者，並應由職醫註明臨床診斷。 ／ 雇主對於第一項所定第二級管理者，應提供勞工個人健康指導；第三級管理者，應請職醫實施健康追蹤檢查，必要時應會同職業安全衛生人員實施疑似工作相關疾病之現場評估，且應依評估結果重新分級，並將分級結果及採行措施依中央主管機關公告之方式通報；屬於第四級管理者，經職醫評估現場仍有工作危害因子之暴露者，應採取危害控制及相關管理措施。 ／ 前項健康追蹤檢查紀錄，依前二條規定辦理。
OSH-10	OSH	勞工健康保護規則	第23條		特別危害健康作業之管理、監督人員或相關人員及於各該場所從事其他作業之人員，有受健康危害之虞者，適用第十九條規定。但臨時性作業者，不在此限。
OSH-10	OSH	勞工健康保護規則	第24條		雇主於勞工經體格檢查、健康檢查或健康追蹤檢查後，應採取下列措施： ／ 一、參採醫師之建議，告知勞工，並適當配置勞工於工作場所作業。 ／ 二、對檢查結果異常之勞工，應由醫護人員提供其健康指導；其經醫師健康評估結果，不能適應原有工作者，應參採醫師之建議，變更其作業場所、更換工作或縮短工作時間，並採取健康管理措施。 ／ 三、將檢查結果發給受檢勞工。 ／ 四、彙整受檢勞工之歷年健康檢查紀錄。 ／ 前項第二款規定之健康指導及評估建議，應由第三條、第四條或第十三條規定之醫護人員為之。但依規定免僱用或特約醫護人員者，得由辦理勞工體格及健康檢查之醫護人員為之。 ／ 第一項規定之勞工體格及健康檢查紀錄、健康指導與評估及健康管理措施等資料，雇主應使僱用之醫護人員保存及管理；未僱用醫護人員者，應指派適當人員為之。 ／ 前項資料之蒐集、處理及利用，雇主應使僱用之醫護人員或指派之適當人員遵守本法、本規則及個人資料保護法等相關規定。
OSH-10	OSH	勞工健康保護規則	第25條		雇主使勞工從事本法第十九條規定之高溫度、異常氣壓、高架、精密或重體力勞動作業時，應參採從事勞工健康服務醫師綜合評估勞工之體格或健康檢查結果之建議，適當配置勞工之工作及休息時間。 ／ 前項醫師之評估，依第三條或第四條規定免僱用或特約醫師者，得由辦理勞工體格及健康檢查之醫師為之。
OSH-10	OSH	勞工健康保護規則	第26條		離職勞工要求提供其健康檢查有關資料時，雇主不得拒絕。但超過保存期限者，不在此限。
OSH-10	OSH	勞工健康保護規則	第27條		雇主實施勞工特殊健康檢查，應將辦理期程、作業類別與辦理勞工體格及健康檢查之醫療機構等內容，登錄於中央主管機關公告之系統。
OSH-10	OSH	勞工健康保護規則	第28條		雇主於定期實施勞工健康檢查時，得由辦理勞工體格與健康檢查之醫療機構，對受檢勞工說明癌症防治法及口腔健康法等癌症篩檢相關規定；對於符合癌症篩檢條件之勞工，得經勞工同意，一併進行癌症篩檢。 ／ 前項之檢查結果不列入健康檢查紀錄表。 ／ 前二項所定篩檢之項目、對象、時程、資料申報、經費及其他規定事項，依中央衛生福利主管機關規定辦理。
OSH-10	OSH	勞工健康保護規則	第29條		本規則除第五條、第六條第二項至第四項、第十三條第三項自中華民國一百十六年七月一日施行，及第二條附表一、第十六條附表九、附表十、第十七條、第十八條、第二十條、第二十一條自一百十七年一月一日施行外，自一百十五年七月一日施行。
OSH-11	OSH	職業安全衛生教育訓練規則	第1條		本規則依職業安全衛生法（以下簡稱本法）第三十二條第三項規定訂定之。
OSH-11	OSH	職業安全衛生教育訓練規則	第2條		本規則之安全衛生教育訓練分類如下： ／ 一、職業安全衛生業務主管之安全衛生教育訓練。 ／ 二、職業安全衛生管理人員之安全衛生教育訓練。 ／ 三、勞工作業環境監測人員之安全衛生教育訓練。 ／ 四、施工安全評估人員及製程安全評估人員之安全衛生教育訓練。 ／ 五、高壓氣體作業主管、營造作業主管及有害作業主管之安全衛生教育訓練。 ／ 六、具有危險性之機械或設備操作人員之安全衛生教育訓練。 ／ 七、特殊作業人員之安全衛生教育訓練。 ／ 八、勞工健康服務護理人員及勞工健康服務相關人員之安全衛生教育訓練。 ／ 九、急救人員之安全衛生教育訓練。 ／ 十、一般安全衛生教育訓練。 ／ 十一、前十款之安全衛生在職教育訓練。 ／ 十二、其他經中央主管機關指定之安全衛生教育訓練。
OSH-11	OSH	職業安全衛生教育訓練規則	第3條	Y	雇主對擔任職業安全衛生業務主管之勞工，應於事前使其接受職業安全衛生業務主管之安全衛生教育訓練。雇主或其代理人擔任職業安全衛生業務主管者，亦同。 ／ 前項教育訓練課程及時數，依附表一之規定。 ／ 第一項人員，具備下列資格之一者，得免接受第一項之安全衛生教育訓練： ／ 一、具有職業安全管理師、職業衛生管理師、職業安全衛生管理員資格。 ／ 二、經職業安全管理師、職業衛生管理師、職業安全衛生管理員教育訓練合格領有結業證書。 ／ 三、接受職業安全管理師、職業衛生管理師、職業安全衛生管理員之教育訓練期滿，並經第二十八條第三項規定之測驗合格，領有職業安全衛生業務主管教育訓練結業證書。
OSH-11	OSH	職業安全衛生教育訓練規則	第4條	Y	雇主對擔任營造業職業安全衛生業務主管之勞工，應於事前使其接受營造業職業安全衛生業務主管之安全衛生教育訓練。雇主或其代理人擔任營造業職業安全衛生業務主管者，亦同。 ／ 前項教育訓練課程及時數，依附表二之規定。 ／ 第一項人員，於中華民國九十八年一月八日前，具下列資格之一，且有一年以上營造工作經歷者，得免接受第一項之安全衛生教育訓練： ／ 一、勞工安全管理師。 ／ 二、勞工衛生管理師。 ／ 三、勞工安全衛生管理員。 ／ 四、經勞工安全管理師、勞工衛生管理師、勞工安全衛生管理員、勞工安全衛生業務主管訓練合格領有結業證書者。
OSH-11	OSH	職業安全衛生教育訓練規則	第5條	Y	雇主對擔任下列職業安全衛生管理人員之勞工，應於事前使其接受職業安全衛生管理人員之安全衛生教育訓練： ／ 一、職業安全管理師。 ／ 二、職業衛生管理師。 ／ 三、職業安全衛生管理員。 ／ 前項訓練課程及時數，依附表三之規定。
OSH-11	OSH	職業安全衛生教育訓練規則	第6條	Y	雇主對擔任下列作業環境監測人員之勞工，應於事前使其接受作業環境監測人員之安全衛生教育訓練： ／ 一、甲級化學性因子作業環境監測人員。 ／ 二、甲級物理性因子作業環境監測人員。 ／ 三、乙級化學性因子作業環境監測人員。 ／ 四、乙級物理性因子作業環境監測人員。 ／ 前項訓練課程及時數，依附表四之規定。
OSH-11	OSH	職業安全衛生教育訓練規則	第7條	Y	雇主對擔任施工安全評估之勞工，應於事前使其接受施工安全評估人員之安全衛生教育訓練。 ／ 前項教育訓練課程及時數，依附表五之規定。
OSH-11	OSH	職業安全衛生教育訓練規則	第8條	Y	雇主對擔任製程安全評估之勞工，應於事前使其接受製程安全評估人員之安全衛生教育訓練。 ／ 前項教育訓練課程及時數，依附表六之規定。
OSH-11	OSH	職業安全衛生教育訓練規則	第9條	Y	雇主對擔任下列作業主管之勞工，應於事前使其接受高壓氣體作業主管之安全衛生教育訓練： ／ 一、高壓氣體製造安全主任。 ／ 二、高壓氣體製造安全作業主管。 ／ 三、高壓氣體供應及消費作業主管。 ／ 前項教育訓練課程及時數，依附表七之規定。
OSH-11	OSH	職業安全衛生教育訓練規則	第10條	Y	雇主對擔任下列作業主管之勞工，應於事前使其接受營造作業主管之安全衛生教育訓練： ／ 一、擋土支撐作業主管。 ／ 二、露天開挖作業主管。 ／ 三、模板支撐作業主管。 ／ 四、隧道等挖掘作業主管。 ／ 五、隧道等襯砌作業主管。 ／ 六、施工架組配作業主管。 ／ 七、鋼構組配作業主管。 ／ 八、屋頂作業主管。 ／ 九、其他經中央主管機關指定之人員。 ／ 前項教育訓練課程及時數，依附表八之規定。
OSH-11	OSH	職業安全衛生教育訓練規則	第11條	Y	雇主對擔任下列作業主管之勞工，應於事前使其接受有害作業主管之安全衛生教育訓練： ／ 一、有機溶劑作業主管。 ／ 二、鉛作業主管。 ／ 三、四烷基鉛作業主管。 ／ 四、缺氧作業主管。 ／ 五、特定化學物質作業主管。 ／ 六、粉塵作業主管。 ／ 七、高壓室內作業主管。 ／ 八、潛水作業主管。 ／ 九、其他經中央主管機關指定之人員。 ／ 前項教育訓練課程及時數，依附表九之規定。
OSH-11	OSH	職業安全衛生教育訓練規則	第12條	Y	雇主對擔任下列具有危險性之機械操作之勞工，應於事前使其接受具有危險性之機械操作人員之安全衛生教育訓練： ／ 一、吊升荷重在三公噸以上之固定式起重機或吊升荷重在一公噸以上之斯達卡式起重機操作人員。 ／ 二、吊升荷重在三公噸以上之移動式起重機操作人員。 ／ 三、吊升荷重在三公噸以上之人字臂起重桿操作人員。 ／ 四、導軌或升降路之高度在二十公尺以上之營建用提升機操作人員。 ／ 五、吊籠操作人員。 ／ 六、其他經中央主管機關指定之人員。 ／ 前項人員，係指須經具有危險性之機械操作人員訓練或技能檢定取得資格者。 ／ 自營作業者擔任第一項各款具有危險性之機械操作人員，應於事前接受第一項所定職類之安全衛生教育訓練。 ／ 第一項教育訓練課程及時數，依附表十之規定。
OSH-11	OSH	職業安全衛生教育訓練規則	第13條	Y	雇主對擔任下列具有危險性之設備操作之勞工，應於事前使其接受具有危險性之設備操作人員之安全衛生教育訓練： ／ 一、鍋爐操作人員。 ／ 二、第一種壓力容器操作人員。 ／ 三、高壓氣體特定設備操作人員。 ／ 四、高壓氣體容器操作人員。 ／ 五、其他經中央主管機關指定之人員。 ／ 前項人員，係指須經具有危險性設備操作人員訓練或技能檢定取得資格者。 ／ 自營作業者擔任第一項各款具有危險性之設備操作人員，應於事前接受第一項所定職類之安全衛生教育訓練。 ／ 第一項教育訓練課程及時數，依附表十一之規定。
OSH-11	OSH	職業安全衛生教育訓練規則	第14條	Y	雇主對下列勞工，應使其接受特殊作業安全衛生教育訓練： ／ 一、小型鍋爐操作人員。 ／ 二、荷重在一公噸以上之堆高機操作人員。 ／ 三、吊升荷重在零點五公噸以上未滿三公噸之固定式起重機操作人員或吊升荷重未滿一公噸之斯達卡式起重機操作人員。 ／ 四、吊升荷重在零點五公噸以上未滿三公噸之移動式起重機操作人員。 ／ 五、吊升荷重在零點五公噸以上未滿三公噸之人字臂起重桿操作人員。 ／ 六、高空工作車操作人員。 ／ 七、使用起重機具從事吊掛作業人員。 ／ 八、以乙炔熔接裝置或氣體集合熔接裝置從事金屬之熔接、切斷或加熱作業人員。 ／ 九、火藥爆破作業人員。 ／ 十、胸高直徑七十公分以上之伐木作業人員。 ／ 十一、機械集材運材作業人員。 ／ 十二、高壓室內作業人員。 ／ 十三、潛水作業人員。 ／ 十四、油輪清艙作業人員。 ／ 十五、其他經中央主管機關指定之人員。 ／ 自營作業者擔任前項各款之操作或作業人員，應於事前接受前項所定職類之安全衛生教育訓練。 ／ 第一項第九款火藥爆破作業人員，依事業用爆炸物爆破專業人員訓練及管理辦法規定，參加爆破人員專業訓練，受訓期滿成績及格，並提出結業證書者，得予採認。 ／ 第一項教育訓練課程及時數，依附表十二之規定。
OSH-11	OSH	職業安全衛生教育訓練規則	第15條		雇主對從事勞工健康服務之護理人員及勞工健康服務相關人員，應使其接受勞工健康服務之安全衛生教育訓練。 ／ 前項教育訓練課程、時數及講師資格，依勞工健康保護規則之規定。
OSH-11	OSH	職業安全衛生教育訓練規則	第16條	Y	雇主對工作場所急救人員，應使其接受急救人員之安全衛生教育訓練。但醫護人員及緊急醫療救護法所定之救護技術員，不在此限。 ／ 前項教育訓練課程及時數，依附表十三之規定。
OSH-11	OSH	職業安全衛生教育訓練規則	第17條	Y	雇主對新僱勞工或在職勞工於變更工作前，應使其接受適於各該工作必要之一般安全衛生教育訓練。但其工作環境、工作性質與變更前相當者，不在此限。 ／ 無一定雇主之勞工或其他受工作場所負責人指揮或監督從事勞動之人員，應接受前項安全衛生教育訓練。 ／ 前二項教育訓練課程及時數，依附表十四之規定。 ／ 中央主管機關指定之職業安全衛生教育訓練網路教學課程，事業單位之勞工上網學習，取得認證時數後，得採認為一般安全衛生教育訓練時數。但中央主管機關認可之職業安全衛生教育訓練網路教學課程，其時數至多採認二小時。 ／ 第一項及第二項之工作者，進入營繕工程工作場所從事作業前，依營造安全衛生設施標準第十一條之二規定，經營造作業安全訓練合格者，得免接受第一項之安全衛生教育訓練。
OSH-11	OSH	職業安全衛生教育訓練規則	第18條		雇主對擔任下列工作之勞工，應依工作性質使其接受安全衛生在職教育訓練： ／ 一、職業安全衛生業務主管。 ／ 二、職業安全衛生管理人員。 ／ 三、勞工健康服務護理人員及勞工健康服務相關人員。 ／ 四、勞工作業環境監測人員。 ／ 五、施工安全評估人員及製程安全評估人員。 ／ 六、高壓氣體作業主管、營造作業主管及有害作業主管。 ／ 七、具有危險性之機械及設備操作人員。 ／ 八、特殊作業人員。 ／ 九、急救人員。 ／ 十、工作場所負責人及各級主管。 ／ 十一、職業安全衛生委員會成員。 ／ 十二、下列作業之人員： ／ （一）營造作業。 ／ （二）車輛系營建機械作業。 ／ （三）起重機具吊掛搭乘設備作業。 ／ （四）缺氧作業。 ／ （五）局限空間作業。 ／ （六）氧乙炔熔接裝置作業。 ／ （七）製造、處置或使用危害性化學品作業。 ／ 十三、前述各款以外之一般勞工。 ／ 十四、其他經中央主管機關指定之人員。 ／ 無一定雇主之勞工或其他受工作場所負責人指揮或監督從事勞動之人員，亦應接受前項第十二款或第十三款規定人員之一般安全衛生在職教育訓練。 ／ 雇主或其代理人依第三條或第四條規定擔任各該業務主管者，應接受第一項第一款之安全衛生在職教育訓練。
OSH-11	OSH	職業安全衛生教育訓練規則	第19條		雇主對擔任前條第一項各款工作之勞工，應使其接受下列時數之安全衛生在職教育訓練： ／ 一、第一款之勞工：每二年至少六小時。 ／ 二、第二款之勞工：每二年至少十二小時。 ／ 三、第三款之勞工：每三年至少十二小時。 ／ 四、第四款至第六款之勞工：每三年至少六小時。 ／ 五、第七款至第十三款之勞工：每三年至少三小時。 ／ 前項第三款教育訓練之課程及講師資格，依勞工健康保護規則之規定。 ／ 中央主管機關指定之安全衛生在職教育訓練數位學習課程，事業單位之勞工上網學習，取得認證時數後，得採認為第一項之時數。
OSH-11	OSH	職業安全衛生教育訓練規則	第20條		安全衛生之教育訓練，得由下列單位（以下簡稱訓練單位）辦理： ／ 一、勞工主管機關、衛生主管機關、勞動檢查機構或目的事業主管機關。 ／ 二、依法設立之非營利法人。 ／ 三、依法組織之雇主團體。 ／ 四、依法組織之勞工團體。 ／ 五、中央衛生福利主管機關醫院評鑑合格者或大專校院設有醫、護科系者。 ／ 六、報經中央主管機關核可之非以營利為目的之急救訓練單位。 ／ 七、大專校院設有安全衛生相關科系所或訓練種類相關科系所者。 ／ 八、事業單位。 ／ 九、其他經中央主管機關核可者。 ／ 前項第二款至第四款之訓練單位對外招生辦理教育訓練（以下簡稱對外招訓），應符合下列各款規定，並經中央主管機關認可： ／ 一、依法設立職業訓練機構，並與其設立目的相符。 ／ 二、推廣安全衛生之績效良好。 ／ 第一項第二款至第四款之訓練單位對外招訓，有下列情形之一者，不受前項認可規定之限制： ／ 一、雇主團體、勞工團體對所屬會員辦理之非經常性安全衛生教育訓練。 ／ 二、其他經中央主管機關核可辦理之安全衛生教育訓練。 ／ 第一項第八款之訓練單位，以辦理其勞工或相關承攬事業間之安全衛生教育訓練為限。 ／ 中央主管機關所屬機關（構）或中央主管機關捐助成立之財團法人辦理第三條至第十六條、第十八條之教育訓練，應報請中央主管機關備查，並依第二十三條、第二十五條、第二十六條、第二十九條及第三十條第一項之規定辦理。
OSH-11	OSH	職業安全衛生教育訓練規則	第20條之1		申請前條第二項之認可者，應檢附下列文件，向中央主管機關提出： ／ 一、申請書。 ／ 二、職業訓練機構設立證書影本。 ／ 三、安全衛生推廣績效證明文件。 ／ 四、其他經中央主管機關規定之文件。 ／ 前項文件未備齊者，中央主管機關得通知其限期補正；屆期未補正或補正未完全者，不予受理。
OSH-11	OSH	職業安全衛生教育訓練規則	第20條之2		經中央主管機關依第二十條第二項規定認可之訓練單位（以下簡稱認可訓練單位）對外招訓時，應參照中央主管機關公告之相關指引，建立安全衛生教育訓練自主管理制度。
OSH-11	OSH	職業安全衛生教育訓練規則	第20條之3		認可訓練單位符合下列各款規定者，得向中央主管機關申請職業安全衛生教育訓練單位評鑑；其評鑑結果分為優等、甲等、乙等及丙等，並公開之： ／ 一、獲人才發展品質管理系統評核等級達通過，且於有效期限內。 ／ 二、近三年辦理第三條至第十六條之教育訓練達十班次。 ／ 三、近五年內未曾受主管機關依本法第四十八條或職業訓練法第三十九條規定，所為之撤銷或廢止認可（許可）、定期停止訓練業務或停訓整頓。 ／ 前項評鑑範圍，包括安全衛生教育訓練之講師、教材、教學、環境、設施、行政、資訊管理及其他中央主管機關認有必要之事項。
OSH-11	OSH	職業安全衛生教育訓練規則	第20條之4		申請前條第一項之評鑑者，應檢附下列文件，向中央主管機關提出： ／ 一、評鑑自評表。 ／ 二、符合前條第一項規定之資格文件。 ／ 三、其他經中央主管機關規定之文件。 ／ 前項文件未備齊者，中央主管機關得通知其限期補正；屆期未補正或補正未完全者，不予受理。
OSH-11	OSH	職業安全衛生教育訓練規則	第21條		認可訓練單位，辦理下列教育訓練，應依第二十條之三第一項規定經中央主管機關評鑑，並具甲等以上之資格： ／ 一、第五條、第十二條第一項第一款、第二款、第十三條第一項第一款、第二款及第十四條第一項第二款之教育訓練。 ／ 二、第十八條第一項第二款之在職教育訓練。 ／ 三、其他經中央主管機關指定者。
OSH-11	OSH	職業安全衛生教育訓練規則	第22條		第二十條第一項第五款之訓練單位，以辦理勞工健康服務護理人員、勞工健康服務相關人員及急救人員安全衛生教育訓練為限；第六款之訓練單位，以辦理急救人員安全衛生教育訓練為限。 ／ 第二十條第一項第二款至第四款及第七款至第九款之訓練單位，辦理急救訓練時，應與中央衛生福利主管機關醫院評鑑合格或大專校院設有醫、護科系者合辦。 ／ 第二十條第一項第二款至第四款及第六款至第九款之訓練單位，除為醫護專業團體外，辦理勞工健康服務護理人員及勞工健康服務相關人員訓練時，應與中央衛生福利主管機關醫院評鑑合格者或大專校院設有醫、護科系者合辦。
OSH-11	OSH	職業安全衛生教育訓練規則	第23條	Y	訓練單位辦理第三條至第十六條之教育訓練前，應檢附下列文件，報請直轄市、縣（市）政府（以下簡稱地方主管機關）核定；變更時亦同： ／ 一、教育訓練場所報備書（格式一）。 ／ 二、符合第二十條第一項第六款、第九款、第二項、第三項及第二十一條規定之資格文件。 ／ 三、置備之安全衛生量測設備及個人防護具（格式二、格式三）。 ／ 四、使用之術科場地、實習機具及設備（格式四）。 ／ 五、教育訓練場所之設施（格式五）。 ／ 六、符合各類場所消防安全設備設置標準之文件。 ／ 七、建築主管機關核可有關訓練場所符合教學使用之建物用途證明。 ／ 前項第三款應置備之安全衛生量測設備及個人防護具，應為申請訓練場所專用，使用之實習機具及設備，於實習或實作期間，不得做為其他用途使用。 ／ 第一項第四款之實習機具及設備，於實習或實作期間，不得做為其他用途使用。辦理中央主管機關公告之教育訓練職類者，其場地、實習機具及設備，應經技術士技能檢定術科測試場地及機具設備評鑑合格或經中央主管機關認可。 ／ 第一項第七款，有下列情形之一者，不適用之： ／ 一、政府機關（構）、大專校院相關科系所辦理之安全衛生教育訓練。 ／ 二、中央衛生福利主管機關醫院評鑑合格者辦理之急救人員安全衛生教育訓練。 ／ 三、事業單位對其勞工或其承攬人勞工辦理之安全衛生教育訓練。 ／ 四、雇主團體、勞工團體對所屬會員於其會所或政府機關場所辦理之安全衛生教育訓練。 ／ 五、其他因特殊需要，經地方主管機關許可之安全衛生教育訓練。
OSH-11	OSH	職業安全衛生教育訓練規則	第24條		前條經核定之訓練單位，應於地方主管機關核定之區域內辦理安全衛生教育訓練。但依第二十條之三第一項規定經中央主管機關評鑑職類優等者，不在此限。
OSH-11	OSH	職業安全衛生教育訓練規則	第25條	Y	訓練單位辦理第三條至第十六條之教育訓練者，應於十五日前檢附下列文件，報請地方主管機關備查： ／ 一、教育訓練計畫報備書（格式六）。 ／ 二、教育訓練課程表（格式七）。 ／ 三、講師概況（格式八）。 ／ 四、學員名冊（格式九）。 ／ 五、負責之專責輔導員名單。 ／ 前項訓練課程，學科、術科每日上課時數，不得逾八小時，術科實習應於日間實施，學科得於夜間辦理。但夜間上課每日以三小時為原則，惟不得超過午後十時。 ／ 第一項第二款至第四款之文件內容有變動者，訓練單位應檢附變更事項之文件，至遲於開訓前一日報請地方主管機關備查，始可開訓。
OSH-11	OSH	職業安全衛生教育訓練規則	第26條		訓練單位辦理第十八條第一項第一款至第九款之安全衛生在職教育訓練，應於十五日前檢附前條第一項第一款至第四款所定之文件，報請地方主管機關備查。 ／ 前項規定，勞工主管機關或勞動檢查機構不適用之。 ／ 中央主管機關得公告安全衛生在職教育訓練課程綱要，供訓練單位辦理。 ／ 第一項檢附之前條第一項第二款至第四款所定之文件內容有變動者，訓練單位應檢附變更事項之文件，至遲於開訓前一日報請地方主管機關備查，始可開訓。
OSH-11	OSH	職業安全衛生教育訓練規則	第27條	Y	第三條至第十六條之教育訓練技術或管理職類，中央主管機關得就其一部或全部，公告測驗方式為技術士技能檢定，或依第二十八條第三項規定辦理。 ／ 訓練單位對於接受前項職類教育訓練期滿者，應於結訓後十五日內，發給訓練期滿證明（格式十）。
OSH-11	OSH	職業安全衛生教育訓練規則	第28條	Y	訓練單位對於接受前條以外之第三條至第十六條之教育訓練，應實施結訓測驗；測驗合格者，應於結訓後十五日內，發給結業證書（格式十一）。 ／ 前項測驗文字及語文應為中文。 ／ 訓練單位辦理前條第一項經中央主管機關公告之教育訓練者，其測驗應於中央主管機關認可之測驗試場辦理；測驗合格者，應發給結業證書（格式十一）。 ／ 測驗所需費用，由訓練單位所收取之訓練費用支應。
OSH-11	OSH	職業安全衛生教育訓練規則	第29條	Y	訓練單位對於第三條至第十六條之教育訓練，應將第二十五條第一項規定之文件及下列文件，於教育訓練結束後十日內做成電子檔，至少保存十年： ／ 一、學員簽到紀錄（格式十二）。 ／ 二、受訓學員點名紀錄（格式十三）。 ／ 三、受訓學員成績冊（格式十四）。 ／ 四、受訓學員訓練期滿證明核發清冊（格式十五）或結業證書核發清冊（格式十六）。
OSH-11	OSH	職業安全衛生教育訓練規則	第30條		訓練單位對第二十三條、第二十五條、第二十六條及前條規定之文件，應依中央主管機關公告之內容、期限及方式登錄。 ／ 訓練單位停止辦理安全衛生教育訓練業務，應於十五日前報請地方主管機關備查，並將前條規定建置資料之電子檔移送中央主管機關。
OSH-11	OSH	職業安全衛生教育訓練規則	第31條	Y	訓練單位辦理第十七條及第十八條之教育訓練，應將包括訓練教材、課程表相關之訓練計畫、受訓人員名冊、簽到紀錄、課程內容等實施資料保存三年。 ／ 認可訓練單位，於辦理前項教育訓練時，應依中央主管機關公告之內容、期限及方式登錄。 ／ 訓練單位對於接受第十八條教育訓練者，應於其結業證書（格式十一）背面記錄或發給在職教育訓練紀錄（格式十七）。
OSH-11	OSH	職業安全衛生教育訓練規則	第32條		地方主管機關對於訓練單位辦理本規則之教育訓練，得予查核；中央主管機關於必要時，得予抽查。 ／ 前項主管機關為查核及監督訓練單位辦理之教育訓練成效，得向其索取教育訓練相關資料。
OSH-11	OSH	職業安全衛生教育訓練規則	第33條		訓練單位辦理安全衛生教育訓練時，應辦理下列事項： ／ 一、指派專責輔導員。 ／ 二、查核受訓學員之參訓資格。 ／ 三、查核受訓學員簽到紀錄及點名等相關事項。 ／ 四、查核受訓學員之上課情形。 ／ 五、調課或代課之處理。 ／ 六、隨時注意訓練場所各項安全衛生設施。 ／ 七、協助學員處理及解決訓練有關問題。 ／ 八、其他經中央主管機關認有必要之事項。 ／ 訓練單位對受訓學員缺課時數達課程總時數五分之一以上者，應通知其退訓；受訓學員請假超過三小時或曠課者，應通知其補足全部課程。 ／ 第一項第一款專責輔導員，應具職業安全衛生管理員資格。但辦理急救人員教育訓練之專責輔導員，得由具醫護人員資格、高級或中級救護技術員合格證書者擔任之。 ／ 訓練單位對於第一項之專責輔導員，應使其接受中央主管機關指定之講習，每二年至少六小時。
OSH-11	OSH	職業安全衛生教育訓練規則	第34條		訓練單位辦理安全衛生教育訓練所收取之費用，應用於講師授課酬勞、講師培訓、測驗費、證書費、職員薪津、辦公費、房租、必要教學支出及從事安全衛生活動之用。
OSH-11	OSH	職業安全衛生教育訓練規則	第35條	Y	訓練單位辦理第三條至第十四條及第十六條之教育訓練時，講師資格應符合附表十五之規定。
OSH-11	OSH	職業安全衛生教育訓練規則	第36條		訓練單位對第三條至第十六條之教育訓練教材之編製，應設編輯及審查會，並依法定課程名稱、時數及中央主管機關公告之課程綱要編輯，於審查完成後，將編輯及審查之相關資料連同教材，報請中央主管機關備查；修正時亦同。 ／ 前項教育訓練教材經中央主管機關指定或統一編製者，訓練單位應以其為教材使用，不得自行編製。
OSH-11	OSH	職業安全衛生教育訓練規則	第37條		前條教材內容之編撰，應依下列原則辦理： ／ 一、符合勞動法令及著作權法有關規定。 ／ 二、使用中文敘述，輔以圖說、實例或職業災害案例等具體說明，如有必要引用國外原文者，加註中文，以為對照。 ／ 三、使用公制單位，如有必要使用公制以外之單位者，換算為公制，以為對照。 ／ 四、編排以橫式為之，由左至右。 ／ 五、載明編輯委員。
OSH-11	OSH	職業安全衛生教育訓練規則	第38條		訓練單位有下列情事之一者，由主管機關依本法第四十八條規定，予以警告，並令其限期改正： ／ 一、未依第三十三條規定辦理。 ／ 二、訓練教材、訓練方式或訓練目標違反勞動法令規定。 ／ 三、未依訓練計畫內容實施。 ／ 四、經主管機關查核，發現違反本規則之情事。 ／ 五、其他違反中央主管機關規定之情事。
OSH-11	OSH	職業安全衛生教育訓練規則	第39條		訓練單位有下列情事之一者，由主管機關依本法第四十八條規定，處以罰鍰，並令其限期改正： ／ 一、訓練場所、訓練設備、安全衛生設施不良，未能符合核備之條件。 ／ 二、招訓廣告或簡章內容有虛偽不實。 ／ 三、未於核備之訓練場所實施教育訓練。 ／ 四、訓練計畫未依規定報請訓練所在地主管機關備查。 ／ 五、未置備第二十五條第一項規定之資料或資料紀錄不實。 ／ 六、未依規定辦理結訓測驗。 ／ 七、未依規定辦理訓練期滿證明或結業證書之發給。 ／ 八、未依公告之規定，登錄指定文件。 ／ 九、未核實登載訓練期滿證明或結業證書核發清冊資料。 ／ 十、拒絕、規避或阻撓主管機關業務查核或評鑑。 ／ 十一、未依訓練計畫內容實施，情節重大。 ／ 十二、未經中央主管機關依第二十條第二項規定認可即對外招訓。 ／ 十三、未具評鑑甲等以上之資格即辦理第二十一條各款所列教育訓練。 ／ 十四、停止辦理訓練業務，未依第三十條第二項規定報請地方主管機關備查，或未將教育訓練建置資料之電子檔移送中央主管機關。 ／ 十五、經主管機關依前條規定令其限期改正，屆期未改正。
OSH-11	OSH	職業安全衛生教育訓練規則	第40條		訓練單位有前二條之情形，屆期未改正或情節重大者，由主管機關依本法第四十八條規定，撤銷或廢止其認可，或定期停止其訓練業務之一部或全部。 ／ 前項訓練單位相關人員涉及刑責者，應移送司法機關偵辦。 ／ 不具訓練單位資格之團體，經查證確有假冒訓練單位名義，辦理本規則所定安全衛生教育訓練之情事者，除移請原許可之主管機關依規定處理外，其相關人員涉及刑責者，並移送司法機關偵辦。 ／ 經撤銷或廢止認可之訓練單位，於撤銷或廢止後三年內，有下列情形之一者，中央主管機關應不予認可： ／ 一、以同一名稱或於同一地點申請認可。 ／ 二、其負責人以不同申請單位之負責人申請認可。
OSH-11	OSH	職業安全衛生教育訓練規則	第41條		（刪除）
OSH-11	OSH	職業安全衛生教育訓練規則	第42條		第五條、第十二條第一項第一款及第二款規定之安全衛生教育訓練課程及時數，於二年內已受相同種類之教育訓練課程及時數相同，且有證明者，得抵充之。
OSH-11	OSH	職業安全衛生教育訓練規則	第42條之1		本規則中華民國一百十四年九月四日修正施行前，已對外招訓之下列訓練單位，應於一百十六年十二月三十一日前，經中央主管機關依第二十條第二項認可；經認可後，始得對外招訓： ／ 一、原經認可得對外招訓之非營利法人。 ／ 二、未經認可之非營利法人、雇主團體及勞工團體。 ／ 前項第一款所定原經認可之非營利法人，屆期未經中央主管機關依第二十條第二項重新認可者，得廢止其原認可。
OSH-11	OSH	職業安全衛生教育訓練規則	第42條之2		本規則中華民國一百十四年九月四日修正施行前，訓練單位曾經評鑑且評鑑結果未明定效期者，應於本規則修正施行之日起五年內，依第二十條之三申請評鑑；屆期未申請評鑑者，中央主管機關得廢止其原經評鑑之結果。
OSH-11	OSH	職業安全衛生教育訓練規則	第42條之3		本規則所定之認可、評鑑事項，中央主管機關得委託學術機構或相關專業團體辦理之。
OSH-11	OSH	職業安全衛生教育訓練規則	第42條之4		事業單位以數位方式經營商品交易或運送，且交付無僱傭關係之個人親自履行外送作業時，對於新加入者，應使其接受安全衛生教育訓練，至少一小時，課程內容如下： ／ 一、危害辨識及預防。 ／ 二、安全衛生防護裝備使用。 ／ 三、緊急事故應變處理。 ／ 事業單位對親自履行外送作業之個人，每年亦應依前項規定之時數及課程內容，辦理安全衛生在職教育訓練。 ／ 前二項之講師，應具職業安全衛生管理人員資格，或從事職業安全衛生管理相關工作三年以上。 ／ 第一項及第二項之訓練，以數位方式辦理者，其課程內容應由事業單位具前項講師資格之人員審查後，並經中央主管機關認可。
OSH-11	OSH	職業安全衛生教育訓練規則	第43條		本規則自發布日施行。 ／ 本規則中華民國一百十年七月七日修正發布之第三條附表一、第四條附表二、第五條附表三、第十三條附表十一、第十六條附表十三，自發布後六個月施行，及第十四條第一項第六款、第十八條第一項第十二款、第二十條第三項、第二十一條第一項第一款、第十七條附表十四自發布後一年施行。 ／ 本規則中華民國一百十四年九月四日修正發布之條文，自一百十五年一月一日施行。 ／ 本規則中華民國一百十五年六月二十五日修正發布之條文，除第三條附表一、第四條附表二、第五條附表三自一百十六年一月一日施行外，自一百十五年七月一日施行。
OSH-12	OSH	危害性化學品標示及通識規則	第1條		本規則依職業安全衛生法（以下簡稱本法）第十條第三項規定訂定之。
OSH-12	OSH	危害性化學品標示及通識規則	第2條		本法第十條所稱具有危害性之化學品（以下簡稱危害性化學品），指下列危險物或有害物： ／ 一、危險物：符合國家標準 CNS15030 分類，具有物理性危害者。 ／ 二、有害物：符合國家標準 CNS15030 分類，具有健康危害者。
OSH-12	OSH	危害性化學品標示及通識規則	第3條		本規則用詞，定義如下： ／ 一、製成品：指在製造過程中，已形成特定形狀或依特定設計，而其最終用途全部或部分決定於該特定形狀或設計，且在正常使用狀況下不會釋放出危害性化學品之物品。 ／ 二、容器：指任何袋、筒、瓶、箱、罐、桶、反應器、儲槽、管路及其他可盛裝危害性化學品者。但不包含交通工具內之引擎、燃料槽或其他操作系統。 ／ 三、製造者：指製造危害性化學品供批發、零售、處置或使用之廠商。 ／ 四、輸入者：指從國外進口危害性化學品之廠商。 ／ 五、供應者：指批發或零售危害性化學品之廠商。
OSH-12	OSH	危害性化學品標示及通識規則	第4條		下列物品不適用本規則： ／ 一、事業廢棄物。 ／ 二、菸草或菸草製品。 ／ 三、食品、飲料、藥品、醫療器材、化粧品。 ／ 四、製成品。 ／ 五、非工業用途之一般民生消費商品。 ／ 六、滅火器。 ／ 七、在反應槽或製程中正進行化學反應之中間產物。 ／ 八、其他經中央主管機關指定者。
OSH-12	OSH	危害性化學品標示及通識規則	第5條	Y	雇主對裝有危害性化學品之容器，應依附表一規定之分類及標示要項，參照附表二之格式明顯標示下列事項，所用文字以中文為主，必要時並輔以作業勞工所能瞭解之外文： ／ 一、危害圖式。 ／ 二、內容： ／ （一）名稱。 ／ （二）危害成分。 ／ （三）警示語。 ／ （四）危害警告訊息。 ／ （五）危害防範措施。 ／ （六）製造者、輸入者或供應者之名稱、地址及電話。 ／ 前項容器內之危害性化學品為混合物者，其應標示之危害成分指混合物之危害性中符合國家標準CNS15030分類，具有物理性危害或健康危害之所有危害物質成分。 ／ 第一項容器之容積在一百毫升以下者，得僅標示名稱、危害圖式及警示語。
OSH-12	OSH	危害性化學品標示及通識規則	第6條		雇主對前條第二項之混合物，應依其混合後之危害性予以標示。 ／ 前項危害性之認定方式如下： ／ 一、混合物已作整體測試者，依整體測試結果。 ／ 二、混合物未作整體測試者，其健康危害性，除有科學資料佐證外，應依國家標準CNS15030分類之混合物分類標準，對於燃燒、爆炸及反應性等物理性危害，使用有科學根據之資料評估。
OSH-12	OSH	危害性化學品標示及通識規則	第7條		第五條標示之危害圖式形狀為直立四十五度角之正方形，其大小需能辨識清楚。圖式符號應使用黑色，背景為白色，圖式之紅框有足夠警示作用之寬度。
OSH-12	OSH	危害性化學品標示及通識規則	第8條		雇主對裝有危害性化學品之容器屬下列情形之一者，得免標示： ／ 一、外部容器已標示，僅供內襯且不再取出之內部容器。 ／ 二、內部容器已標示，由外部可見到標示之外部容器。 ／ 三、勞工使用之可攜帶容器，其危害性化學品取自有標示之容器，且僅供裝入之勞工當班立即使用。 ／ 四、危害性化學品取自有標示之容器，並供實驗室自行作實驗、研究之用。
OSH-12	OSH	危害性化學品標示及通識規則	第9條		雇主對裝有危害性化學品之容器有下列情形之一者，得於明顯之處，設置標示有第五條第一項規定事項之公告板，以代替容器標示。但屬於管系者，得掛使用牌或漆有規定識別顏色及記號替代之： ／ 一、裝同一種危害性化學品之數個容器，置放於同一處所。 ／ 二、導管或配管系統。 ／ 三、反應器、蒸餾塔、吸收塔、析出器、混合器、沈澱分離器、熱交換器、計量槽或儲槽等化學設備。 ／ 四、冷卻裝置、攪拌裝置或壓縮裝置等設備。 ／ 五、輸送裝置。 ／ 前項第二款至第五款之容器有公告板者，其內容之製造者、輸入者或供應者之名稱、地址及電話經常變更，但備有安全資料表者，得免標示第五條第一項第二款第六目之事項。
OSH-12	OSH	危害性化學品標示及通識規則	第10條	Y	雇主對裝有危害性化學品之容器，於運輸時已依交通法規有關運輸之規定設置標示者，該容器於工作場所內運輸時，得免再依附表一標示。 ／ 勞工從事卸放、搬運、處置或使用危害性化學品作業時，雇主應依本規則辦理。
OSH-12	OSH	危害性化學品標示及通識規則	第11條		製造者、輸入者或供應者提供危害性化學品與事業單位或自營作業者前，應於容器上予以標示。 ／ 前項標示，準用第五條至第九條之規定。
OSH-12	OSH	危害性化學品標示及通識規則	第12條	Y	雇主對含有危害性化學品或符合附表三規定之每一化學品，應依附表四提供勞工安全資料表。 ／ 前項安全資料表所用文字以中文為主，必要時並輔以作業勞工所能瞭解之外文。
OSH-12	OSH	危害性化學品標示及通識規則	第13條		製造者、輸入者或供應者提供前條之化學品與事業單位或自營作業者前，應提供安全資料表，該化學品為含有二種以上危害成分之混合物時，應依其混合後之危害性，製作安全資料表。 ／ 前項化學品，應列出其危害成分之化學名稱，其危害性之認定方式如下： ／ 一、混合物已作整體測試者，依整體測試結果。 ／ 二、混合物未作整體測試者，其健康危害性，除有科學資料佐證外，依國家標準CNS15030分類之混合物分類標準；對於燃燒、爆炸及反應性等物理性危害，使用有科學根據之資料評估。 ／ 第一項所定安全資料表之內容項目、格式及所用文字，適用前條規定。
OSH-12	OSH	危害性化學品標示及通識規則	第14條		前條所定混合物屬同一種類之化學品，其濃度不同而危害成分、用途及危害性相同時，得使用同一份安全資料表，但應註明不同化學品名稱。
OSH-12	OSH	危害性化學品標示及通識規則	第15條		製造者、輸入者、供應者或雇主，應依實際狀況檢討安全資料表內容之正確性，適時更新，並至少每三年檢討一次。 ／ 前項安全資料表更新之內容、日期、版次等更新紀錄，應保存三年。
OSH-12	OSH	危害性化學品標示及通識規則	第15條之1		製造者、輸入者、供應者依前三條規定提供之安全資料表，其內容有誤寫、缺漏或其他類此顯然錯誤，主管機關或勞動檢查機構應令其限期補正；屆期未補正者，依本法第四十四條第一項及第四十九條規定辦理。
OSH-12	OSH	危害性化學品標示及通識規則	第16條		（刪除）
OSH-12	OSH	危害性化學品標示及通識規則	第17條	Y	雇主為防止勞工未確實知悉危害性化學品之危害資訊，致引起之職業災害，應採取下列必要措施： ／ 一、依實際狀況訂定危害通識計畫，適時檢討更新，並依計畫確實執行，其執行紀錄保存三年。 ／ 二、製作危害性化學品清單，其內容、格式參照附表五。 ／ 三、將危害性化學品之安全資料表置於工作場所易取得之處。 ／ 四、使勞工接受製造、處置或使用危害性化學品之教育訓練，其課程內容及時數依職業安全衛生教育訓練規則之規定辦理。 ／ 五、其他使勞工確實知悉危害性化學品資訊之必要措施。 ／ 前項第一款危害通識計畫，應含危害性化學品清單、安全資料表、標示、危害通識教育訓練等必要項目之擬訂、執行、紀錄及修正措施。
OSH-12	OSH	危害性化學品標示及通識規則	第18條		製造者、輸入者或供應者為維護國家安全或商品營業秘密之必要，而保留揭示安全資料表中之危害性化學品成分之名稱、化學文摘社登記號碼、含量或製造者、輸入者或供應者名稱時，應檢附下列文件，向中央主管機關申請核定： ／ 一、認定為國家安全或商品營業秘密之證明。 ／ 二、為保護國家安全或商品營業秘密所採取之對策。 ／ 三、對申請者及其競爭者之經濟利益評估。 ／ 四、該商品中危害性化學品成分之危害性分類說明及證明。 ／ 前項申請檢附之文件不齊全者，申請者應於收受中央主管機關補正通知後三十日內補正，補正次數以二次為限；逾期未補正者，不予受理。 ／ 中央主管機關辦理第一項事務，於核定前得聘學者專家提供意見。 ／ 申請者取得第一項安全資料表中之保留揭示核定後，經查核有資料不實或未依核定事項辦理者，中央主管機關得撤銷或廢止其核定。
OSH-12	OSH	危害性化學品標示及通識規則	第18條之1		危害性化學品成分屬於下列規定者，不得申請保留安全資料表內容之揭示： ／ 一、勞工作業場所容許暴露標準所列之化學物質。 ／ 二、屬於國家標準CNS15030分類之下列級別者： ／ （一）急毒性物質第一級、第二級或第三級。 ／ （二）腐蝕或刺激皮膚物質第一級。 ／ （三）嚴重損傷或刺激眼睛物質第一級。 ／ （四）呼吸道或皮膚致敏物質。 ／ （五）生殖細胞致突變性物質。 ／ （六）致癌物質。 ／ （七）生殖毒性物質。 ／ （八）特定標的器官毒性物質－單一暴露第一級。 ／ （九）特定標的器官毒性物質－重複暴露第一級。 ／ （十）吸入性危害物質第一級。 ／ 三、其他經中央主管機關指定公告者。 ／ 前條及前項有關保留揭示申請範圍、核定後化學品標示、安全資料表之保留揭示，按中央主管機關所定之技術指引及申請工具辦理。
OSH-12	OSH	危害性化學品標示及通識規則	第19條		主管機關、勞動檢查機構為執行業務或醫師、緊急應變人員為緊急醫療及搶救之需要，得要求製造者、輸入者、供應者或事業單位提供安全資料表及其保留揭示之資訊，製造者、輸入者、供應者或事業單位不得拒絕。 ／ 前項取得商品營業秘密者，有保密之義務。
OSH-12	OSH	危害性化學品標示及通識規則	第20條		對裝有危害性化學品之船舶、航空器或運送車輛之標示，應依交通法規有關運輸之規定辦理。
OSH-12	OSH	危害性化學品標示及通識規則	第21條		對放射性物質、國家標準 CNS15030 分類之環境危害性化學品之標示，應依游離輻射及環境保護相關法規規定辦理。
OSH-12	OSH	危害性化學品標示及通識規則	第22條		對農藥及環境用藥等危害性化學品之標示，應依農藥及環境用藥相關法規規定辦理。
OSH-12	OSH	危害性化學品標示及通識規則	第23條		本規則自中華民國一百零三年七月三日施行。 ／ 本規則修正條文，除中華民國一百零七年十一月九日修正發布之第十二條附表四，自一百零九年一月一日施行；一百十五年八月二十六日修正發布之第五條附表一、第十二條附表四，自一百十八年一月一日施行外，自發布日施行。
OSH-14	OSH	高溫作業勞工作息時間標準	第1條		本標準依職業安全衛生法第十九條第二項規定訂定之。
OSH-14	OSH	高溫作業勞工作息時間標準	第2條		本標準所定高溫作業，為勞工工作日時量平均綜合溫度熱指數達第五條連續作業規定值以上之下列作業： ／ 一、於鍋爐房從事之作業。 ／ 二、灼熱鋼鐵或其他金屬塊壓軋及鍛造之作業。 ／ 三、於鑄造間處理熔融鋼鐵或其他金屬之作業。 ／ 四、鋼鐵或其他金屬類物料加熱或熔煉之作業。 ／ 五、處理搪瓷、玻璃、電石及熔爐高溫熔料之作業。 ／ 六、於蒸汽火車、輪船機房從事之作業。 ／ 七、從事蒸汽操作、燒窯等作業。 ／ 八、其他經中央主管機關指定之高溫作業。 ／ 前項作業，不包括已採取自動化操作方式且勞工無暴露熱危害之虞者。
OSH-14	OSH	高溫作業勞工作息時間標準	第3條		綜合溫度熱指數計算方法如下： ／ 一、戶外有日曬情形者。 ／ 綜合溫度熱指數＝0.7×（自然濕球溫度）＋0.2×（黑球溫度）＋0.1×（乾球溫度） ／ 二、戶內或戶外無日曬情形者。 ／ 綜合溫度熱指數＝0.7×（自然濕球溫度）＋0.3×（黑球溫度）。 ／ 時量平均綜合溫度熱指數計算方法如下： ／ 第一次綜合溫度熱指數×第一次工作時間＋第二次綜合溫度熱指數 ／ ×第二次工作時間＋……＋第n次綜合溫度熱指數×第n次工作時間 ／ ───────────────────────────── ／ 第一次工作時間＋第二次工作時間＋……＋第n次工作時間 ／ 依前二項各測得之溫度及綜合溫度熱指數均以攝氏溫度表示之。
OSH-14	OSH	高溫作業勞工作息時間標準	第4條		本標準所稱輕工作，指僅以坐姿或立姿進行手臂部動作以操縱機器者。所稱中度工作，指於走動中提舉或推動一般重量物體者。所稱重工作，指鏟、掘、推等全身運動之工作者。
OSH-14	OSH	高溫作業勞工作息時間標準	第5條		高溫作業勞工如為連續暴露達一小時以上者，以每小時計算其暴露時量平均綜合溫度熱指數，間歇暴露者，以二小時計算其暴露時量平均綜合溫度熱指數，並依下表規定，分配作業及休息時間。 ／ ┌───┬────┬────┬────┬────┬────┐ ／ │時量平│輕 工 作│  30.6  │  31.4  │  32.2  │  33.0  │ ／ │均綜合├────┼────┼────┼────┼────┤ ／ │溫度熱│中度工作│  28.0  │  29.4  │  31.1  │  32.6  │ ／ │指數值├────┼────┼────┼────┼────┤ ／ │℃    │重 工 作│  25.9  │  27.9  │  30.0  │  32.1  │ ／ ├───┴────┼────┼────┼────┼────┤ ／ │ 時  間  比  例 │連    續│25％休息│50％休息│75％休息│ ／ │ 每 小 時 作 息 │作    業│75％作業│50％作業│25％作業│ ／ └────────┴────┴────┴────┴────┘
OSH-14	OSH	高溫作業勞工作息時間標準	第6條		勞工於操作中須接近黑球溫度五十度以上高溫灼熱物體者，雇主應供給身體熱防護設備並使勞工確實使用。 ／ 前項黑球溫度之測定位置為勞工工作時之位置。
OSH-14	OSH	高溫作業勞工作息時間標準	第6條之1		雇主對於首次從事高溫作業之勞工，應規劃適當之熱適應期間，並採取必要措施，以增加其生理機能調適能力。
OSH-14	OSH	高溫作業勞工作息時間標準	第7條		實施本標準後降低工作時間之勞工，其原有工資不得減少。
OSH-14	OSH	高溫作業勞工作息時間標準	第8條		雇主原訂高溫作業勞工之工作條件優於本標準者，從其規定。
OSH-14	OSH	高溫作業勞工作息時間標準	第9條		雇主使勞工從事高溫作業時，應充分供應飲用水及食鹽，並採取指導勞工避免高溫作業危害之必要措施。
OSH-14	OSH	高溫作業勞工作息時間標準	第10條		本標準自發布日施行。 ／ 本標準修正條文，自中華民國一百零三年七月三日施行。
OSH-15	OSH	高架作業勞工保護措施標準	第1條		本標準依職業安全衛生法第十九條第二項規定訂定之。
OSH-15	OSH	高架作業勞工保護措施標準	第2條		本標準適用於從事高架作業之有關事業。
OSH-15	OSH	高架作業勞工保護措施標準	第3條		本標準所稱高架作業，係指雇主使勞工從事之下列作業： ／ 一、未設置平台、護欄等設備而已採取必要安全措施，其高度在二公尺以上者。 ／ 二、已依規定設置平台、護欄等設備，並採取防止墜落之必要安全措施，其高度在五公尺以上者。 ／ 前項高度之計算方式依下列規定： ／ 一、露天作業場所，自勞工站立位置，半徑三公尺範圍內最低點之地面或水面起至勞工立足點平面間之垂直距離。 ／ 二、室內作業或儲槽等場所，自勞工站立位置與地板間之垂直距離。
OSH-15	OSH	高架作業勞工保護措施標準	第4條		雇主使勞工從事高架作業時，應減少工作時間，每連續作業二小時，應給予作業勞工下列休息時間： ／ 一、高度在二公尺以上未滿五公尺者，至少有二十分鐘休息。 ／ 二、高度在五公尺以上未滿二十公尺者，至少有二十五分鐘休息。 ／ 三、高度在二十公尺以上者，至少有三十五分鐘休息。
OSH-15	OSH	高架作業勞工保護措施標準	第5條		前條所定休息時間，雇主因搶修或其他特殊作業需要，經採取相對減少工作時間或其他保護措施，得調整之。
OSH-15	OSH	高架作業勞工保護措施標準	第6條		雇主應使作業勞工於安全設施良好之地面或平台等處所休息。
OSH-15	OSH	高架作業勞工保護措施標準	第7條		雇主僱用勞工從事高架作業時，應依勞工健康保護規則之規定，實施勞工健康檢查及管理。
OSH-15	OSH	高架作業勞工保護措施標準	第8條		勞工有下列情事之一者，雇主不得使其從事高架作業： ／ 一、酒醉或有酒醉之虞者。 ／ 二、身體虛弱，經醫師診斷認為身體狀況不良者。 ／ 三、情緒不穩定，有安全顧慮者。 ／ 四、勞工自覺不適從事工作者。 ／ 五、其他經主管人員認定者。
OSH-15	OSH	高架作業勞工保護措施標準	第9條		本標準自發布日施行。 ／ 本標準修正條文，自中華民國一百零三年七月三日施行。
OSH-16	OSH	精密作業勞工視機能保護設施標準	第1條		本標準依職業安全衛生法第六條及第十九條規定訂定之。
OSH-16	OSH	精密作業勞工視機能保護設施標準	第2條		本標準適用於從事精密作業之有關事業。
OSH-16	OSH	精密作業勞工視機能保護設施標準	第3條		本標準所稱精密作業，係指雇主使勞工從事下列凝視作業，且每日凝視作業時間合計在二小時以上者。 ／ 一、小型收發機用天線及信號耦合器等之線徑在零點一六毫米以下非自動繞線機之線圈繞線。 ／ 二、精密零件之切削、加工、量測、組合、檢試。 ／ 三、鐘、錶、珠寶之鑲製、組合、修理。 ／ 四、製圖、印刷之繪製及文字、圖案之校對。 ／ 五、紡織之穿針。 ／ 六、織物之瑕疵檢驗、縫製、刺繡。 ／ 七、自動或半自動瓶裝藥品、飲料、酒類等之浮游物檢查。 ／ 八、以放大鏡、顯微鏡或外加光源從事記憶盤、半導體、積體電路元件、光纖等之檢驗、判片、製造、組合、熔接。 ／ 九、電腦或電視影像顯示器之調整或檢視。 ／ 十、以放大鏡或顯微鏡從事組織培養、微生物、細胞、礦物等之檢驗或判片。 ／ 十一、記憶盤製造過程中，從事磁蕊之穿線、檢試、修理。 ／ 十二、印刷電路板上以人工插件、焊接、檢視、修補。 ／ 十三、從事硬式磁碟片（鋁基板）拋光後之檢視。 ／ 十四、隱形眼鏡之拋光、切削鏡片後之檢視。 ／ 十五、蒸鍍鏡片等物品之檢視。
OSH-16	OSH	精密作業勞工視機能保護設施標準	第4條		雇主使勞工從事精密作業時，應依其作業實際需要施予適當之照明，除從事第三條第八款至第十一款之作業時，其照明得酌減外，其作業台面局部照明不得低於一千米燭光。
OSH-16	OSH	精密作業勞工視機能保護設施標準	第5條		雇主使勞工從事第三條第一款至第三款及第十一款至第十五款規定之作業時，作業台面不得產生反射耀眼光線，其採色並應與處理物件有較佳對比之顏色。
OSH-16	OSH	精密作業勞工視機能保護設施標準	第6條		雇主使勞工從事第三條第六款，第七款規定之作業，如採用發光背景時，應使光度均勻。
OSH-16	OSH	精密作業勞工視機能保護設施標準	第7條		雇主使勞工從事精密作業時，其工作台面照明與其半徑一公尺以內接鄰地區照明之比率不得低於一比五分之一，與鄰近地區照明之比率不得低於一比二十分之一。
OSH-16	OSH	精密作業勞工視機能保護設施標準	第8條		雇主採用輔助局部照明時，應使勞工眼睛與光源之連線和眼睛與注視工作點之連線所成之角度，在三十度以上。如在三十度以內應設置適當之遮光裝置，不得產生眩目之大面積光源。
OSH-16	OSH	精密作業勞工視機能保護設施標準	第9條		雇主使勞工從事精密作業時，應縮短工作時間，於連續作業二小時，給予作業勞工至少十五分鐘之休息。
OSH-16	OSH	精密作業勞工視機能保護設施標準	第10條		雇主使勞工從事精密作業時，應注意勞工作業姿態，使其眼球與工作點之距離保持在明視距離約三十公分。但使用放大鏡或顯微鏡等器具作業者，不在此限。
OSH-16	OSH	精密作業勞工視機能保護設施標準	第11條		雇主應採取指導勞工保護眼睛之必要措施。
OSH-16	OSH	精密作業勞工視機能保護設施標準	第12條		本標準自發布日施行。 ／ 本標準中華民國一百零三年六月三十日修正條文，自一百零三年七月三日施行。
OSH-17	OSH	重體力勞動作業勞工保護措施標準	第1條		本標準依職業安全衛生法第十九條規定訂定之。
OSH-17	OSH	重體力勞動作業勞工保護措施標準	第2條		本標準所定重體力勞動作業，指下列作業： ／ 一、以人力搬運或揹負重量在四十公斤以上物體之作業。 ／ 二、以站立姿勢從事伐木作業。 ／ 三、以手工具或動力手工具從事鑽岩、挖掘等作業。 ／ 四、坑內人力搬運作業。 ／ 五、從事薄板壓延加工，其重量在二十公斤以上之人力搬運作業及壓延後之人力剝離作業。 ／ 六、以四點五公斤以上之鎚及動力手工具從事敲擊等作業。 ／ 七、站立以鏟或其他器皿裝盛五公斤以上物體做投入與出料或類似之作業。 ／ 八、站立以金屬棒從事熔融金屬熔液之攪拌、除渣作業。 ／ 九、站立以壓床或氣鎚等從事十公斤以上物體之鍛造加工作業，且鍛造物必須以人力固定搬運者。 ／ 十、鑄造時雙人以器皿裝盛熔液其總重量在八十公斤以上或單人搯金屬熔液之澆鑄作業。 ／ 十一、以人力拌合混凝土之作業。 ／ 十二、以人工拉力達四十公斤以上之纜索拉線作業。 ／ 十三、其他中央主管機關指定之作業。
OSH-17	OSH	重體力勞動作業勞工保護措施標準	第3條		雇主使勞工從事重體力勞動作業時，應考慮勞工之體能負荷情形，減少工作時間給予充分休息，休息時間每小時不得少於二十分鐘。
OSH-17	OSH	重體力勞動作業勞工保護措施標準	第4條		雇主僱用勞工從事重體力勞動作業時，應依勞工健康保護規則之規定，實施勞工健康檢查及管理。
OSH-17	OSH	重體力勞動作業勞工保護措施標準	第5條		雇主使勞工從事重體力勞動作業時，應充分供應飲用水及食鹽，並採取必要措施指導勞工避免重體力勞動之危害。
OSH-17	OSH	重體力勞動作業勞工保護措施標準	第6條		雇主使勞工從事重體力勞動作業時，應致力於作業方法之改善、作業頻率之減低、搬運距離之縮短、搬運物體重量之減少及適當搬運速度之調整，並儘量以機械代替人力。
OSH-17	OSH	重體力勞動作業勞工保護措施標準	第7條		雇主原訂重體力勞動作業勞工保護措施標準，優於本標準者，從其規定。
OSH-17	OSH	重體力勞動作業勞工保護措施標準	第8條		本標準自發布日施行。 ／ 本標準修正條文，自中華民國一百零三年七月三日施行。
OSH-18	OSH	異常氣壓危害預防標準	第1條		本標準依職業安全衛生法第六條第三項及第十九條第二項規定訂定之。
OSH-18	OSH	異常氣壓危害預防標準	第2條		本標準所稱異常氣壓作業，種類如下： ／ 一、高壓室內作業：指沈箱施工法或壓氣潛盾施工法及其他壓氣施工法中，於表壓力（以下簡稱壓力）超過大氣壓之作業室（以下簡稱作業室）或豎管內部實施之作業。 ／ 二、潛水作業：指使用潛水器具之水肺或水面供氣設備等，於水深超過十公尺之水中實施之作業。
OSH-18	OSH	異常氣壓危害預防標準	第3條		本標準用詞，定義如下： ／ 一、氣閘室：指對高壓室內作業之勞工於進出作業室之際，實施加、減壓之處所。 ／ 二、耐氧試驗：指對從事異常氣壓作業勞工在高壓艙以每平方公分一點八公斤（六十呎）之壓力，使其呼吸純氧三十分鐘之試驗。
OSH-18	OSH	異常氣壓危害預防標準	第4條		雇主僱用勞工從事異常氣壓作業時，應依勞工健康保護規則之規定，實施勞工健康檢查及管理。
OSH-18	OSH	異常氣壓危害預防標準	第5條		雇主使勞工於作業室內從事高壓室內作業時，其每一勞工占有之氣積應在四立方公尺以上。
OSH-18	OSH	異常氣壓危害預防標準	第6條		雇主使勞工於氣閘室接受加、減壓時，其每一勞工占有之氣積應在零點六立方公尺以上；底面積應在零點三平方公尺以上。
OSH-18	OSH	異常氣壓危害預防標準	第7條		雇主對輸往沈箱之作業室或氣閘室之輸氣管，不得通過豎管；輸往作業室者，應在該管接近作業室之處設置逆止閥。
OSH-18	OSH	異常氣壓危害預防標準	第8條		雇主應於空氣壓縮機與作業室或與氣閘室之間，設置空氣清淨裝置，以清淨輸往各該室之空氣。
OSH-18	OSH	異常氣壓危害預防標準	第9條		雇主在作業室或氣閘室應設置專用之排氣管。雇主對氣閘室內供勞工減壓用之排氣管，其內徑在五十三公厘以下。
OSH-18	OSH	異常氣壓危害預防標準	第10條		雇主將輸往作業室之輸氣調節用閥或旋塞之操作場所設於沈箱、壓氣潛盾等之外部時，應於該場所設置可表示各該室內壓力之壓力表，設於其內部時，應使各該操作勞工攜帶攜帶式壓力表；將供高壓室內作業勞工加、減壓用之輸、排氣調節用閥或旋塞之操作場所設於氣閘室外部或內部時，亦同。 ／ 前項壓力表之刻度盤，應使用單位刻度在每平方公分零點二公斤以下者。
OSH-18	OSH	異常氣壓危害預防標準	第11條		雇主為防止產生自空氣壓縮機之空氣及通過其附設冷卻裝置之空氣，輸往作業室或氣閘室時，發生異常升溫，應設置能迅即告知操作該空氣壓縮機之勞工及其他有關人員之自動警報裝置。
OSH-18	OSH	異常氣壓危害預防標準	第12條		雇主應在氣閘室外設置可觀察室內之觀察孔或可掌握室內狀況之設施。
OSH-18	OSH	異常氣壓危害預防標準	第13條		雇主使勞工從事高壓室內作業時，應置備呼吸用防護具、繩索、緊急照明裝置及發生緊急狀況時可使勞工迅即避難或救出之必要用具。
OSH-18	OSH	異常氣壓危害預防標準	第14條		雇主使勞工從事潛水作業而使用水面供氣時，應對每一從事潛水作業勞工分別設置可調節供氣之儲氣槽（以下簡稱調節用氣槽）及緊急備用儲氣槽（以下簡稱備用氣槽）。但調節用氣槽符合第二項規定者，得免設備用氣槽。 ／ 前項備用氣槽，應符合下列規定： ／ 一、槽內空氣壓力應經常維持在最深潛水深度時壓力之一點五倍以上。 ／ 二、槽之內容積應大於下列計算所得之值： ／ V ＝（0.03D＋4）×60／P ／ V ：槽之內容積（單位：公升） ／ D ：最深潛水深度（單位：公尺） ／ P ：槽內空氣壓力（單位：公斤／平方公分）
OSH-18	OSH	異常氣壓危害預防標準	第15條		雇主使勞工從事潛水作業而使用水面供氣時，應設置空氣清淨裝置及計測供氣量之流量計及壓力表。
OSH-18	OSH	異常氣壓危害預防標準	第15條之1	Y	雇主使勞工從事潛水作業深度超過三十點五公尺（一百呎），且超過附表四之一、附表四之四、附表四之七、附表五、附表五之一、附表五之二所定免減壓潛水時間限制者，應於現場設置減壓艙。
OSH-18	OSH	異常氣壓危害預防標準	第16條		雇主使勞工從事高壓室內作業時，應於每一高壓室內置高壓室內作業主管，使其從事下列事項： ／ 一、勞工之配置及直接指揮作業。 ／ 二、檢點測定二氧化碳、一氧化碳、甲烷、硫化氫及具有危險或有害氣體濃度之儀器。 ／ 三、清點進出作業室之作業勞工。 ／ 四、與操作作業室輸氣調節用閥或旋塞之勞工密切連繫，維持作業室內之壓力於適當狀態。 ／ 五、與操作氣閘室輸、排氣調節用閥或旋塞之勞工密切連繫，使接受加、減壓之勞工所受加、減壓速率及加、減壓時間符合第十八條至第二十二條及第二十五條之規定。 ／ 六、作業室內勞工發生健康異常時，能即採取緊急措施。
OSH-18	OSH	異常氣壓危害預防標準	第17條		雇主應嚴禁與工作無關人員擅進作業室及氣閘室，並將有關禁止事項揭示於沈箱、壓氣潛盾等之外面顯明易見之處所。
OSH-18	OSH	異常氣壓危害預防標準	第18條		雇主在氣閘室對高壓室內作業實施加壓時，其加壓速率每分鐘應維持在每平方公分零點八公斤以下。
OSH-18	OSH	異常氣壓危害預防標準	第19條	Y	雇主使勞工從事高壓室內作業時，該勞工自開始加壓至開始減壓之高壓下時間，應符合下列規定： ／ 一、作業壓力在每平方公分四公斤以下且勞工之一日作業次數在二次以下者： ／ （一）初次作業時，於附表一「作業壓力欄」取該次作業壓力對照「高壓下時間欄」規定之最長時間。 ／ （二）第二次作業時，於附表一「作業壓力欄」及「高壓下時間欄」取得最高作業壓力及初次高壓下時間對照「第二次高壓下時間欄」規定之時間。 ／ 二、作業壓力超過每平方公分四公斤或勞工之一日作業次數超過二次者： ／ （一）初次作業時，於附表二「作業壓力欄」取該次作業壓力對照「高壓下時間欄」規定之最長時間。 ／ （二）第二次以後之作業時，於附表二「作業壓力欄」取最高作業壓力對照「高壓下時間欄」規定之最長時間，減去自附表三求得之修正時間；當日該作業勞工之高壓下時間之合計，超過於附表二「作業壓力欄」所取最高作業壓力對照「一日內高壓下時間欄」規定之時間者，應再減去該超過之部分。
OSH-18	OSH	異常氣壓危害預防標準	第20條	Y	雇主使勞工於當日從事二次以上高壓室內作業時，為減少其體內氮氣殘留，應於前次減壓終了時起算，連續給與下列規定以上之時間為「中間壓減時間」，且在此時間內不得使其從事重體力作業： ／ 一、合於前條第一款規定者，於附表一「作業壓力欄」及「高壓下時間欄」取初次之作業壓力及高壓下時間對照「中間壓減時間欄」規定之時間。 ／ 二、合於前條第二款規定者，於附表二「作業壓力欄」及「高壓下時間欄」取前次作業壓力及高壓下時間對照「中間壓減時間欄」規定之時間。
OSH-18	OSH	異常氣壓危害預防標準	第21條	Y	雇主對當日從事高壓室內作業終了之勞工，為減少其體內氮氣殘留，應於最後一次減壓終了時起算，連續給與下列規定以上之時間，為「終工壓減時間」，且在此時間內不得使其從事重體力作業： ／ 一、合於第十九條第一款規定者，於附表一「作業壓力欄」及「高壓下時間欄」取最後一次之作業壓力及高壓下時間對照「終工壓減時間欄」規定之時間。 ／ 二、合於第十九條第二款規定者，於附表二「作業壓力欄」及「高壓下時間欄」取最後一次作業壓力及高壓下時間對照「終工壓減時間欄」規定之時間。
OSH-18	OSH	異常氣壓危害預防標準	第22條	Y	雇主對一日從事二次以上高壓室內作業之勞工，於第二次以後之作業給與之減壓時間，有關第二十條第二款及前條之高壓下時間，應依附表三加算修正時間。
OSH-18	OSH	異常氣壓危害預防標準	第23條		雇主為防止二氧化碳危害高壓室內作業勞工，應在作業室及氣閘室採取換氣及其他必要措施，以抑制二氧化碳之分壓，使其不超過相當一大氣壓下之濃度為五千 ppm。 ／ 前項壓力與濃度依下列公式換算： ／ C ＝P1×1,000,000／P ／ C ：二氧化碳之濃度（單位：ppm） ／ P1：二氧化碳之分壓（單位：公斤／平方公分） ／ P ：高壓室內之絕對壓力（單位：公斤／平方公分） ／ ppm ：溫度在攝氏二十五度、一大氣壓條件下，每立方公尺空氣中氣狀物 ／ 之立方公分數。
OSH-18	OSH	異常氣壓危害預防標準	第24條		雇主為防止作業室內之危險或有害氣體危害高壓室內作業勞工，應採取換氣、測定氣體濃度及其他必要措施。
OSH-18	OSH	異常氣壓危害預防標準	第25條	Y	雇主在氣閘室為高壓室內作業實施減壓時，其減壓時間，應依下列規定： ／ 一、減壓速率每分鐘應維持在每平方公分零點八公斤以下。合於第十九條第一款規定者，於附表一「作業壓力欄」及「高壓下時間欄」取該次作業壓力及高壓下時間對照「減壓階欄」規定之時間實施減壓；當減壓至各階壓力時，應迅即停止減壓，且其停止時間不得少於同欄規定之時間。 ／ 二、合於第十九條第二款規定者，於附表二「作業壓力欄」及「高壓下時間欄」取該次作業壓力及高壓下時間對照「減壓階欄」規定之時間實施減壓；當減壓至各階壓力時，應迅即停止減壓，且其停止時間不得少於同欄規定之時間。 ／ 三、雇主對一日從事二次以上高壓室內作業之勞工實施第二次以後作業減壓時，前項第二款或第三款之高壓下時間，依第二十二條之規定加算修正時間。
OSH-18	OSH	異常氣壓危害預防標準	第26條		雇主因緊急事故必須使高壓室內作業勞工避難或救出時，在必要限度內得增加前條規定之減壓速率或縮短停止減壓時間。 ／ 雇主為前項行為時，應於勞工避難或救出後，迅即將該勞工送入再壓室或氣閘室，加壓至原高壓室內作業相等之壓力。 ／ 依前項實施加壓時，其加壓速率依第十八條之規定。
OSH-18	OSH	異常氣壓危害預防標準	第27條		雇主在氣閘室為高壓室內作業實施減壓時，應採取下列必要措施： ／ 一、氣閘室底面之照明應在二十米燭光以上。 ／ 二、氣閘室溫度在攝氏十度以下時，應供給毛毯或其他適當保暖用具。 ／ 三、減壓時間在一小時以上者，應供給椅子或其他休憩用具。 ／ 四、在事前將當次減壓時間告知該勞工。
OSH-18	OSH	異常氣壓危害預防標準	第28條		雇主實施高壓室內作業時，應在氣閘室內設置壓力自動記錄表，將每一勞工在氣閘室內受減壓之狀況，併同勞工姓名、減壓日期及時間，每日作成紀錄，並保存十五年。
OSH-18	OSH	異常氣壓危害預防標準	第29條		雇主實施高壓室內作業時，應設置必要之通話設備，並於氣閘室附近配置連絡員，使其擔任高壓室內作業勞工與空氣壓縮機操作勞工間之連絡及採取必要措施。 ／ 雇主應規定前項通話設備發生故障時之連絡方法，事前告知相關勞工，並揭示於勞工易見之處所。
OSH-18	OSH	異常氣壓危害預防標準	第30條		雇主實施高壓室內作業時，應依下列各款規定實施檢點，並採取必要措施： ／ 一、每日應實施檢點者： ／ （一）第七條之輸氣管、第九條之排氣管及前條之通話設備。 ／ （二）輸往作業室、氣閘室之輸氣調節用閥及旋塞。 ／ （三）作業室、氣閘室之排氣調節用閥及旋塞。 ／ （四）作業室、氣閘室之輸氣用空氣壓縮機之附屬冷卻裝置。 ／ （五）第十三條之用具。 ／ 二、每週應實施檢點者： ／ （一）第十一條之自動警報裝置。 ／ （二）作業室、氣閘室之輸氣用空氣壓縮機。 ／ 三、每月應實施檢點者： ／ （一）第十條及第三十六條之壓力表。 ／ （二）第八條之空氣清淨裝置。 ／ （三）設置於沈箱、壓氣潛盾等之電路。 ／ 雇主依前項規定實施檢點，其檢點、改善或採取必要措施，應作成紀錄，保存三年。
OSH-18	OSH	異常氣壓危害預防標準	第31條		雇主於輸氣設備發生故障、出水或其他異常，致高壓室內作業勞工有遭受危害之虞時，應迅即使勞工自沈箱、壓氣潛盾等撤離，並採取避難等措施。 ／ 雇主於採取前項措施後，應即確認輸氣設備是否正常，沈箱等有無異常沈降或傾斜及其他必要安全事項。非確認安全前，不得使指定人員以外之其他人員進入沈箱、壓氣潛盾等。
OSH-18	OSH	異常氣壓危害預防標準	第32條		雇主為沈降沈箱而抽出作業室內之空氣時，應先撤出該室內作業之勞工。 ／ 雇主於前項作業後，應即確認無出水或有害氣體及其他必要安全事項。非確認安全前，不得使指定人員以外之其他人員進入沈箱。
OSH-18	OSH	異常氣壓危害預防標準	第33條		雇主於作業室內施炸後，為防止缺氧或有害氣體之危害，在確認該作業室內之空氣恢復至正常狀態前，應嚴禁任何人進入作業室。
OSH-18	OSH	異常氣壓危害預防標準	第34條		雇主實施高壓室內作業前，應將超過大氣壓下可著燃之物質之燃燒危險性告知勞工，並就沈箱、壓氣潛盾等應有下列必要之設備及措施： ／ 一、使用置有護罩之安全電燈或使用不因燈泡之破裂而著燃之電燈。 ／ 二、使用不發生火花或電弧之電路開關。 ／ 三、使用不因高溫而有引火之虞之暖氣設備。 ／ 四、嚴禁煙火，並禁止任何人攜帶火柴、打火機等產生火源之物品進入，並將有關禁止事項揭示於氣閘室外顯明易見之處所。 ／ 五、不得在作業室內從事熔接、熔斷、或使用煙火、電弧作業。
OSH-18	OSH	異常氣壓危害預防標準	第35條		雇主為防止沈箱之異常沈降致危害高壓室內作業勞工，刃口下方之掘深度不得超過五十公分。
OSH-18	OSH	異常氣壓危害預防標準	第36條		雇主應使高壓室內作業主管攜帶手電筒、緊急用信號設備、壓力表，及在高壓下可測定二氧化碳或其他有害氣體等濃度之測定儀器。
OSH-18	OSH	異常氣壓危害預防標準	第37條		雇主實施潛水作業所僱用之勞工，應選任符合下列規定之一者擔任： ／ 一、持有依法設立之訓練項目載有職業潛水職類之職業訓練機構，依中央主管機關公告之課程、時數、設備及師資所辦理之職業訓練結訓證書。 ／ 二、領有中央主管機關認可之潛水人員技術士證。 ／ 三、於國外接受訓練，並領有相當職業潛水之執照，經報請中央主管機關認可。 ／ 前項潛水作業，應依下列潛水作業種類及工作範圍之規定辦理： ／ 一、空氣潛水作業： ／ （一）水肺空氣潛水：使用水肺空氣潛水，並具減壓艙之操作能力，其潛水作業最大深度限制為三十九點六公尺（一百三十呎）。 ／ （二）水面供氣空氣潛水：使用水肺空氣潛水，並具水面供氣空氣潛水能力，其潛水作業最大深度限制為五十七點九公尺（一百九十呎）。 ／ 二、人工調和混合氣潛水作業，應具前款空氣潛水作業操作能力、人工調和混合氣供氣系統檢驗及潛水鐘之操作能力者，其潛水作業深度限制如下： ／ （一）潛水最大作業深度限制為九十一點五公尺（三百呎）。但使用氮氧混合氣體從事潛水作業時，不得超過四十二點七公尺（一百四十呎）。 ／ （二）潛水深度達六十七點一公尺（二百二十呎）至九十一點五公尺（三百呎）或減壓時間超過一百二十分鐘者，需使用潛水鐘。 ／ 三、飽和潛水作業：具前二款及飽和潛水系統檢驗之操作能力。 ／ 本標準中華民國一百零一年一月一日修正生效前，已領有潛水作業特殊安全衛生訓練合格證書者，可繼續從事潛水作業。
OSH-18	OSH	異常氣壓危害預防標準	第37條之1		雇主使勞工從事潛水作業前，應訂定潛水作業安全衛生計畫據以實施，內容包括潛水目的、作業環境、作業編組、人員名冊與資格、器具設備、作業時間、正常程序及緊急應變處理程序等。
OSH-18	OSH	異常氣壓危害預防標準	第38條		雇主使勞工從事潛水作業，作業現場應設置救援潛水員一名。該救援潛水員應於潛水作業全程穿著潛水裝備（水面供氣之頭盔及配重帶除外），待命下水。
OSH-18	OSH	異常氣壓危害預防標準	第39條		雇主使勞工從事潛水作業時，應置潛水作業主管，辦理下列事項： ／ 一、確認潛水作業安全衛生計畫。 ／ 二、潛水作業安全衛生管理及現場技術指揮。 ／ 三、確認潛水人員進出工作水域時與潛水作業主管之快速連繫方法。 ／ 四、確認緊急時救起潛水人員之待命船隻、人員及後送程序。 ／ 五、確認勞工置備之工作手冊中，記載各種訓練、醫療、投保、作業經歷、緊急連絡人等紀錄。 ／ 六、於潛水作業前，實施潛水設備檢點，並就潛水人員資格、體能狀況及使用個人裝備等，實施作業檢點，相關紀錄應保存五年。 ／ 七、填具潛水日誌，記錄每位潛水人員作業情形、減壓時間及工作紀錄，資料保存十五年。 ／ 前項潛水作業主管應符合第三十七條所定之潛水作業種類及工作範圍，並經潛水作業主管教育訓練合格。 ／ 第一項第六款之設備檢點，依下列規定辦理，發現異常時，採取必要措施： ／ 一、使用水面供氣設備者：應檢點潛水器、供氣管、信號索、安全索及壓力調節器，並於作業期間，每小時檢查風向及調整空壓機進氣口位置。 ／ 二、使用緊急用氣瓶外之水肺供氣者：應檢點潛水器及第五十二條之壓力調節器。 ／ 三、使用水肺以外之氣瓶供氣者：應檢點潛水器、供氣管、信號索、安全索及第五十二條之壓力調節器。 ／ 四、使用人工調和混合氣者：應檢點混合氣比例及氣瓶壓力，並檢測空氣中氧濃度。
OSH-18	OSH	異常氣壓危害預防標準	第40條		雇主使勞工從事潛水作業前，應備置必要之急救藥品及器材，並公告下列資料： ／ 一、減壓艙所在地。 ／ 二、潛水病醫療機構及醫師。 ／ 三、海陸空運輸有關資訊。 ／ 四、國軍或其他急難救援單位。
OSH-18	OSH	異常氣壓危害預防標準	第41條		雇主使勞工從事潛水作業，其作業場所有船隻進入或進行爆破、拖網等危害勞工作業之虞者，應安排船舶戒護，並於作業場所設置必要而顯著之警告標示及措施。 ／ 前項警告標示，應具有警告功能並包括下列項目： ／ 一、符合規定之潛水作業警告旗誌。 ／ 二、警示燈、錨標。
OSH-18	OSH	異常氣壓危害預防標準	第42條		雇主使勞工從事下列特殊危險潛水作業時，應依其作業特性，提供必要之潛水作業裝備與工具，並告知特殊危害預防事項： ／ 一、水下爆破之潛水作業。 ／ 二、水下切割及熔接之潛水作業。 ／ 三、進出沈船、洞穴，佈設海底管線之潛水作業。 ／ 四、寒冷或高溫水域之潛水作業。 ／ 五、海域探測之潛水作業。 ／ 六、水域遭受有毒或其他污染之潛水作業。 ／ 七、夜間及低能見度水域之潛水作業。 ／ 八、高速水流或渦流之水域之潛水作業。 ／ 九、特殊海洋生物危害勞工作業安全之潛水作業。
OSH-18	OSH	異常氣壓危害預防標準	第43條	Y	雇主使勞工從事潛水作業而使用水肺或水面供氣供給空氣，正常上浮速率不得超過每分鐘九點一公尺（三十呎），勞工之潛水程序應依其潛水深度、自開始下潛至開始上浮之滯底時間、至第一減壓站時間、減壓站深度之停留時間、總上浮時間、重複潛水代號或組群等從事潛水作業，不得超過附表四、附表四之一、附表四之二之規定，並每次作成紀錄，保存五年。
OSH-18	OSH	異常氣壓危害預防標準	第44條	Y	雇主使勞工從事潛水作業而使用水肺或水面供氣方式供給空氣，勞工在水面使用氧氣減壓時，應符合下列規定： ／ 一、於離開潛水深度十二點二公尺（四十呎）之減壓站開始，以每分鐘十二點二公尺（四十呎）速率上浮至水面、卸裝、進入減壓艙，並使用空氣以每分鐘三十點五公尺（一百呎）速率加壓至減壓艙內十五點二公尺（五十呎）深度，此正常的水面間歇總時間不得超過五分鐘。 ／ 二、依附表四之規定，參照表內之潛水深度、滯底時間、艙內氧氣呼吸單元數量（每一單元為呼吸純氧三十分鐘及呼吸空氣休息五分鐘）、總上浮時間等從事潛水作業。 ／ 前項水面間歇總時間超過五分鐘時，應依附表四之三規定辦理，並每次作成紀錄，保存五年。
OSH-18	OSH	異常氣壓危害預防標準	第45條	Y	雇主使勞工於九十一點五公尺（三百呎）以上高海拔地區從事潛水作業，應依附表四之四、附表四之五規定辦理。 ／ 雇主使勞工從事前項潛水作業後，該勞工欲離開該潛水據點至他處，其間換算海拔高程壓力差超過三百零五公尺（一千呎），應依附表四之六規定辦理，完成水面上休息，並每次作成紀錄，保存五年。
OSH-18	OSH	異常氣壓危害預防標準	第45條之1	Y	雇主使勞工從事潛水作業而使用氮氧人工調和混合氣供給氣體時，應參照附表四之七之相當空氣潛水深度，並依其減壓時程作業，其氧氣濃度不得超過百分之四十，且氧分壓不得超過一點四絕對大氣壓力。
OSH-18	OSH	異常氣壓危害預防標準	第46條	Y	雇主使勞工從事潛水作業而使用氦氧人工調和混合氣供給氣體時，勞工自開始下潛至開始上浮之滯底時間，應依附表五之規定，參照表內之潛水深度、滯底時間、至第一減壓站時間、減壓站深度之停留時間、總上浮時間等從事潛水作業，並每次作成紀錄，保存五年。
OSH-18	OSH	異常氣壓危害預防標準	第47條	Y	雇主使勞工從事潛水作業而使用人工調和混合氣供氣，勞工在水面使用氧氣減壓時，應符合下列規定： ／ 一、於離開潛水深度十二點二公尺（四十呎）之減壓站開始，以每分鐘十二點二公尺（四十呎）速率上浮至水面、卸裝、進入減壓艙，並使用空氣以每分鐘三十點五公尺（一百呎）速率加壓至減壓艙內十五點二公尺（五十呎）深度，此正常的水面間歇總時間不得超過五分鐘。 ／ 二、依附表五之規定，參照表內之潛水深度、滯底時間、艙內氧氣呼吸單元數量（每一單元為呼吸純氧三十分鐘及呼吸空氣休息五分鐘）、總上浮時間等從事潛水作業。 ／ 前項水面間歇總時間超過五分鐘時，應依附表四之三規定辦理，並每次作成紀錄，保存五年。
OSH-18	OSH	異常氣壓危害預防標準	第48條	Y	雇主因發生緊急事故，為救出潛水作業勞工，得在必要限度內增加第四十三條至第四十七條規定之上浮速率或縮短減壓站停留時間。 ／ 雇主依前項增加上浮速率或縮短減壓站停留時間者，應於勞工救出後，採取下列措施： ／ 一、有症狀者，立即送醫治療。 ／ 二、無症狀者，依附表四之三處置。 ／ 三、進入減壓艙再加壓時，加壓速率依潛水人員可容忍範圍為之。但不得超過每分鐘二十四點四公尺（八十呎）。
OSH-18	OSH	異常氣壓危害預防標準	第49條	Y	雇主使勞工從事飽和潛水作業時，潛水鐘往下巡潛之距離與深度限制，應符合附表五之一；往上巡潛之距離與深度限制，應符合附表五之二規定，並作成紀錄，保存五年。
OSH-18	OSH	異常氣壓危害預防標準	第50條		雇主使用水面供氣設備供氣時，應於潛水深度壓力下，對每一潛水作業勞工每分鐘供給六十公升以上。
OSH-18	OSH	異常氣壓危害預防標準	第51條		雇主使用緊急用氣瓶外之水肺供氣時，應採取下列必要措施： ／ 一、於潛水前，應告知潛水作業勞工該氣瓶現有之供氣能力。 ／ 二、設置潛水作業主管，全程掌握作業實況，以利採取必要措施。 ／ 三、單人潛水需有繩索繫著；二人共潛需隨時在互相視線可及之處。
OSH-18	OSH	異常氣壓危害預防標準	第52條		雇主使用充填壓力超過每平方公分十公斤之氣瓶供氣時，應使用有二段以上減壓方式的壓力調節器。
OSH-18	OSH	異常氣壓危害預防標準	第53條		雇主使勞工從事潛水作業時，應供給下潛或上浮使用之安全索，並監督勞工確實使用。 ／ 前項安全索，應依減壓站之停留深度以木標或布條作記錄。
OSH-18	OSH	異常氣壓危害預防標準	第54條		雇主使勞工從事潛水作業，應依下列規定就其設備實施一次以上之檢點，有異常應採取必要措施： ／ 一、使用水面供氣設備者： ／ （一）每週檢點空氣壓縮機或手動氣泵。 ／ （二）每月檢點第十五條之空氣清淨裝置及第五十七條之深度表。 ／ （三）每季檢點第五十七條之水中計時器。 ／ （四）每半年檢點第十五條之流量計。 ／ 二、使用緊急用氣瓶外之水肺供氣者： ／ （一）每月檢點第五十七條之深度表。 ／ （二）每季檢點第五十七條之水中計時器。 ／ （三）每半年檢點氣瓶。 ／ 三、使用人工調和混合氣者： ／ （一）每週檢點空氣及人工調和混合氣之供氣設備。 ／ （二）每月檢點空氣清淨裝置及校對深度表。 ／ （三）每季檢點水中計時器。 ／ （四）每半年檢點流量計。 ／ 四、每月依附表九檢點飽和潛水作業裝備。 ／ 五、充填氧氣、空氣、混合氣之水肺氣瓶、緊急備用氣瓶、高壓氣瓶每五年應送至合格檢驗單位，以工作壓力之一點五倍實施水壓測試。 ／ 雇主依前項規定實施檢點，或改善採取必要措施時，應將其概要作成紀錄，保存五年。
OSH-18	OSH	異常氣壓危害預防標準	第55條		雇主實施潛水作業所需之呼吸供氣，不得使用純氧。 ／ 前項供氣使用之氣體標準換算為一大氣壓力，應符合下列規定： ／ 一、水氣低於六十七ppm。 ／ 二、一氧化碳低於十ppm。 ／ 三、二氧化碳低於一千ppm。 ／ 四、油霧低於每立方公尺五毫克。
OSH-18	OSH	異常氣壓危害預防標準	第56條		雇主使勞工使用水面供氣設備實施潛水作業時，應至少置連絡員一名，潛水作業勞工超過一人者，每增加二人再置連絡員一名，使其從事下列事項： ／ 一、與潛水作業勞工密切連繫，指導該勞工適當下潛或上浮。 ／ 二、與操作供氣設備之勞工密切連繫，供應潛水作業勞工所必要之空氣。 ／ 三、因供氣設備發生故障或其他異常致有危害潛水作業勞工之虞時，應立即與該勞工連繫。 ／ 四、使用頭盔式潛水器實施潛水作業者，應確認該勞工正確著裝。
OSH-18	OSH	異常氣壓危害預防標準	第57條		雇主使用水面供氣設備實施潛水作業時，應使潛水作業勞工攜帶緊急用水肺、信號索、水中計時器、深度表及潛水刀。但潛水作業勞工與連絡員得以通話裝置通話時，得免攜帶信號索。 ／ 雇主使用水肺從事潛作業時，應使潛水作業勞工攜帶水中計時器、深度表及潛水刀外，並應使其著用救生衣。
OSH-18	OSH	異常氣壓危害預防標準	第58條	Y	雇主使勞工從事潛水作業而使用水肺供給空氣時，應按潛水作業深度及工作環境特性，於適當處所置附表六規定之裝備，並適時定期檢查及保持清潔。
OSH-18	OSH	異常氣壓危害預防標準	第59條	Y	雇主使勞工從事潛水作業而使用水面供氣供給空氣時，應按潛水作業深度及工作環境特性，於適當處所置附表七規定之裝備，並適時定期檢查及保持清潔。
OSH-18	OSH	異常氣壓危害預防標準	第60條	Y	雇主使勞工從事潛水作業而使用水面供氣供給人工調和混合氣時，應按潛水作業深度及工作環境特性，於適當處所置附表八規定之裝備，並適時定期檢查及保持清潔。
OSH-18	OSH	異常氣壓危害預防標準	第61條	Y	雇主使勞工從事飽和潛水作業時，應按潛水作業深度及工作環境特性，於適當之處所置附表九規定之裝備，並適時定期檢查及保持清潔。
OSH-18	OSH	異常氣壓危害預防標準	第62條		雇主實施高壓室內作業時，應設再壓室或採取可隨時利用再壓室之措施。 ／ 前項再壓室應避免接近下列場所： ／ 一、危險物、火藥類或大量易燃性物質之處置、儲存場所。 ／ 二、有出水、土砂崩塌之虞之場所。
OSH-18	OSH	異常氣壓危害預防標準	第63條		雇主應嚴禁與工作無關人員進入再壓室及其操作場所，並將有關禁止事項揭示於勞工易見之處所。
OSH-18	OSH	異常氣壓危害預防標準	第64條		雇主使用再壓室時，依下列規定： ／ 一、於當日使用前，應檢點再壓室之輸氣設備、排氣設備、通話設備及警報裝置之動作狀況，認有異常時應即改善。 ／ 二、不得使用純氧加壓。 ／ 三、除進出之必要外，應關閉主室與副室間之門，且使各室內之壓力相等。 ／ 四、應持續監視加壓及減壓狀況。 ／ 五、應記錄每次之加壓及減壓狀況。
OSH-18	OSH	異常氣壓危害預防標準	第65條		雇主應嚴禁任何人攜帶危險物、有著火、爆炸或因高溫而有引火之虞之物質進入再壓室，並將其有關禁止事項揭示於勞工易見之處所。
OSH-18	OSH	異常氣壓危害預防標準	第66條		再壓室應設置主再壓室及副再壓室。但移動型者，不在此限。
OSH-18	OSH	異常氣壓危害預防標準	第67條		再壓室之主再壓室及副再壓室之門應保持各該再壓室之氣密，且各室之壓力相等時，其門亦可易於開啟。
OSH-18	OSH	異常氣壓危害預防標準	第68條		再壓室之主再壓室及副再壓室，均應設置可自外面觀察之視窗。
OSH-18	OSH	異常氣壓危害預防標準	第69條		表示再壓室內壓力之壓力表，應設置於再壓室之輸氣及排氣調節用閥或旋塞之操作場所。
OSH-18	OSH	異常氣壓危害預防標準	第70條		再壓室應設專用輸氣管及排氣管，排氣管之前端應予開放。
OSH-18	OSH	異常氣壓危害預防標準	第71條		再壓室之地面、內部裝飾、床台、床具及其他器具，應使用不燃性、耐燃或經耐燃處理之材料。
OSH-18	OSH	異常氣壓危害預防標準	第72條		再壓室內部之暖氣設備應具有不著火或不因高溫而有引火之虞者。
OSH-18	OSH	異常氣壓危害預防標準	第73條		再壓室內部不得設置開關及插座等電路連接器。
OSH-18	OSH	異常氣壓危害預防標準	第74條		再壓室內部之電氣機械器具不得有產生火花、電弧或因高溫而有引火之虞者再壓室之照明器具，除前項規定外，依下列規定辦理： ／ 一、應直接附置於再壓室頂上。 ／ 二、應具可耐再壓室之最高使用壓力。 ／ 三、應置有堅固之金屬製護罩。
OSH-18	OSH	異常氣壓危害預防標準	第75條		再壓室內部之電路不得有分歧。
OSH-18	OSH	異常氣壓危害預防標準	第76條		再壓室內部及外部應設置通訊及警報設備，並將使用方法揭示於勞工易見之處所。
OSH-18	OSH	異常氣壓危害預防標準	第77條		再壓室內應置滅火所必要之水、砂或其他物品。但設有防火用灑水裝置、軟質水管或移動刑再壓室者，不在此限。
OSH-18	OSH	異常氣壓危害預防標準	第78條		減壓艙應具有下列設備： ／ 一、內、外雙向通話系統。 ／ 二、可調節式氧氣呼吸口罩。 ／ 三、內、外控制供氣及排氣系統。 ／ 四、水、砂桶等滅火器具。 ／ 五、內部照明系統。 ／ 六、視窗。 ／ 七、供氣及排氣之深度控制閥及深度表。 ／ 八、計時表。 ／ 九、安全閥。 ／ 前項減壓艙應置於潛水工作船或工作站等之安全處所。
OSH-18	OSH	異常氣壓危害預防標準	第79條		雇主應嚴禁與工作無關人員進入減壓艙及操作區域，並將有關安全須知揭示於勞工易見之處所。
OSH-18	OSH	異常氣壓危害預防標準	第80條		雇主使用減壓艙時，依下列規定： ／ 一、由具有資格之減壓艙操作員操作該減壓艙。使用減壓艙治療潛水病時，應依醫師指示為之。 ／ 二、使用前，應檢點減壓艙之供、排氣設備及第七十八條第一項裝備。 ／ 三、潛水人員進入減壓艙後，應按空氣或人工調和混和氣減壓表內規定之深度、時間及減壓艙標準操作程序執行減壓。 ／ 四、如醫療需要，使潛水人員呼吸純氧減壓時，應確定該潛水人員曾通過耐氧試驗，並於執行前通知該潛水人員。 ／ 五、從事減壓艙操作人員應持續監視減壓全程狀況，如有異常應立即作緊急處置。 ／ 六、減壓艙使用前，應事先與最近之潛水醫療單位連絡，並保持通訊，以利緊急支援。 ／ 七、應記錄每次作業之狀況。
OSH-18	OSH	異常氣壓危害預防標準	第81條		雇主應嚴禁與任何人攜帶危險物、有著火、爆炸或因高溫而有引火之虞之物質進入減壓艙，並將其有關禁止事項及正確滅火程序揭示於勞工易見之處所。
OSH-18	OSH	異常氣壓危害預防標準	第82條		減壓艙應設置主艙及副艙。但移動型者，不在此限。
OSH-18	OSH	異常氣壓危害預防標準	第83條		減壓艙之主艙及副艙之門，應保持各該艙之氣密，且各艙內之壓力相等時，其門亦可易於開啟。
OSH-18	OSH	異常氣壓危害預防標準	第84條		減壓艙之主艙及副艙，均應設置可自外面觀察之視窗。
OSH-18	OSH	異常氣壓危害預防標準	第85條		表示減壓艙內壓力之壓力表，應設置於減壓艙之供氣及排氣調用閥或旋塞之操作場所。
OSH-18	OSH	異常氣壓危害預防標準	第86條		減壓艙應設下列供氣系統： ／ 一、主供氣系統：足夠供減壓艙加壓至五十公尺深度兩次，並安全上升至水面全程供氣之氣量。 ／ 二、副供氣系統：足夠供減壓艙加壓至五十公尺深度一次及安全上升之一小時供氣之氣量。 ／ 三、減壓艙內之供氣及排氣管應為專用，排氣口應確保開放。 ／ 四、呼吸用之專用空氣壓縮機及空氣過濾器。 ／ 五、呼吸用之純氧供氣瓶組及其專用調節器。
OSH-18	OSH	異常氣壓危害預防標準	第87條		減壓艙之地面、內部裝飾、床台、床具及其他器具，應使用不燃性、耐燃性或經耐燃處理之材料。
OSH-18	OSH	異常氣壓危害預防標準	第88條		減壓艙內部之暖氣設備應具有不著火或不因高溫而有引火之虞者。
OSH-18	OSH	異常氣壓危害預防標準	第89條		減壓艙內部不得設置開關及插座等電路連接器。
OSH-18	OSH	異常氣壓危害預防標準	第90條		減壓艙內部之電氣機械器具不得有產生火花、電弧或因高溫而有引火之虞者。減壓艙之照明器具，除前項規定外，應依下列規定辦理： ／ 一、應直接附置於減壓艙頂上。 ／ 二、應具可耐減壓艙之最高使用壓力。 ／ 三、應置有堅固之金屬製護罩。
OSH-18	OSH	異常氣壓危害預防標準	第91條		減壓艙內部之電路，不得有分歧。
OSH-18	OSH	異常氣壓危害預防標準	第92條		減壓艙內部及外部應設置通訊及警報設備，並將使用方法揭示於勞工易見之處所。
OSH-18	OSH	異常氣壓危害預防標準	第93條		減壓艙內應置滅火所必要之水、砂或其他物品。但設有防火用灑水裝置、軟質水管或移動型減壓艙者，不在此限。
OSH-18	OSH	異常氣壓危害預防標準	第94條		本標準自發布日施行。 ／ 本標準中華民國一百零一年一月四日修正條文，自一百零一年一月一日施行。 ／ 本標準中華民國一百零三年六月二十五日修正條文，自一百零三年七月三日施行。
OSH-20	OSH	妊娠與分娩後女性及未滿十八歲勞工禁止從事危險性或有害性工作認定標準	第1條		本標準依職業安全衛生法（以下簡稱本法）第二十九條第二項及第三十條第四項規定訂定之。
OSH-20	OSH	妊娠與分娩後女性及未滿十八歲勞工禁止從事危險性或有害性工作認定標準	第2條	Y	本法第二十九條第一項所定危險性或有害性工作之認定標準如附表一。 ／ 未滿十五歲者，不得從事本法第二十九條第一項所定危險性或有害性工作。
OSH-20	OSH	妊娠與分娩後女性及未滿十八歲勞工禁止從事危險性或有害性工作認定標準	第3條	Y	本法第三十條第一項所定危險性或有害性工作之認定標準如附表二。
OSH-20	OSH	妊娠與分娩後女性及未滿十八歲勞工禁止從事危險性或有害性工作認定標準	第4條	Y	本法第三十條第二項所定危險性或有害性工作之認定標準如附表三。
OSH-20	OSH	妊娠與分娩後女性及未滿十八歲勞工禁止從事危險性或有害性工作認定標準	第5條		本標準自中華民國一百零三年七月三日施行。 ／ 本標準修正條文，除中華民國一百十四年十一月二十日修正發布之第二條附表一工作別五，自一百十六年一月一日施行外，自發布日施行。
OSH-22	OSH	女性勞工母性健康保護實施辦法	第1條		本辦法依職業安全衛生法（以下簡稱本法）第三十一條第三項規定訂定之。
OSH-22	OSH	女性勞工母性健康保護實施辦法	第2條		本辦法用詞，定義如下： ／ 一、母性健康保護：指對於女性勞工從事有母性健康危害之虞之工作所採取之措施，包括危害評估與控制、醫師面談指導、風險分級管理、工作適性安排及其他相關措施。 ／ 二、母性健康保護期間（以下簡稱保護期間）：指雇主於得知女性勞工妊娠之日起至分娩後一年之期間。
OSH-22	OSH	女性勞工母性健康保護實施辦法	第3條		事業單位勞工人數依勞工健康保護規則第三條或第四條規定，應配置醫護人員辦理勞工健康服務者，其勞工於保護期間，從事可能影響胚胎發育、妊娠或哺乳期間之母體及嬰兒健康之下列工作，應實施母性健康保護： ／ 一、工作暴露於具有依國家標準CNS15030分類，屬生殖毒性物質第一級、生殖細胞致突變性物質第一級或其他對哺乳功能有不良影響之化學品者。 ／ 二、易造成健康危害之工作，包括勞工作業姿勢、人力提舉、搬運、推拉重物、輪班、夜班、單獨工作及工作負荷等。 ／ 三、其他經中央主管機關指定公告者。
OSH-22	OSH	女性勞工母性健康保護實施辦法	第4條		具有鉛作業之事業中，雇主使女性勞工從事鉛及其化合物散布場所之工作者，應實施母性健康保護。
OSH-22	OSH	女性勞工母性健康保護實施辦法	第5條		雇主使保護期間之勞工暴露於本法第三十條第一項或第二項之危險性或有害性工作之作業環境或型態，應實施危害評估。 ／ 雇主使前項之勞工，從事本法第三十條第一項第五款至第十四款及第二項第三款至第五款之工作，應實施母性健康保護。 ／ 前二條及前項之母性健康保護，雇主應參照中央主管機關公告之技術指引辦理之；事業單位勞工人數依勞工健康保護規則第三條或第四條規定，應配置醫護人員辦理勞工健康服務者，雇主另應依勞工作業環境特性、工作型態及身體狀況，訂定母性健康保護計畫，並據以執行。
OSH-22	OSH	女性勞工母性健康保護實施辦法	第6條	Y	雇主對於前三條之母性健康保護，應使職業安全衛生人員會同從事勞工健康服務醫護人員，辦理下列事項： ／ 一、辨識與評估工作場所環境及作業之危害，包含物理性、化學性、生物性、人因性、工作流程及工作型態等。 ／ 二、依評估結果區分風險等級，並實施分級管理。 ／ 三、協助雇主實施工作環境改善與危害之預防及管理。 ／ 四、其他經中央主管機關指定公告者。 ／ 雇主執行前項業務時，應依附表一填寫作業場所危害評估及採行措施，並使從事勞工健康服務醫護人員告知勞工其評估結果及管理措施。
OSH-22	OSH	女性勞工母性健康保護實施辦法	第7條	Y	勞工於保護期間，雇主應使從事勞工健康服務醫護人員與其面談，並提供健康指導及管理。 ／ 前項之面談，發現勞工健康狀況異常，需進一步評估或追蹤檢查者，雇主應轉介婦產科專科醫師或其他專科醫師，並請其註明臨床診斷與應處理及注意事項。 ／ 勞工於接受第一項之面談時，應依附表二填寫健康情形，並提供孕婦健康手冊予醫護人員。
OSH-22	OSH	女性勞工母性健康保護實施辦法	第8條		勞工於保護期間，因工作條件改變、作業程序變更、健康異常或有不適反應，經醫師診斷證明不適原有工作者，雇主應依前二條規定重新辦理。
OSH-22	OSH	女性勞工母性健康保護實施辦法	第9條		雇主使保護期間之勞工從事第三條或第五條第二項之工作，應依下列原則區分風險等級： ／ 一、符合下列條件之一者，屬第一級管理： ／ （一）作業場所空氣中暴露濃度低於容許暴露標準十分之一。 ／ （二）第三條或第五條第二項之工作或其他情形，經醫師評估無害母體、胎兒或嬰兒健康。 ／ 二、符合下列條件之一者，屬第二級管理： ／ （一）作業場所空氣中暴露濃度在容許暴露標準十分之一以上未達二分之一。 ／ （二）第三條或第五條第二項之工作或其他情形，經醫師評估可能影響母體、胎兒或嬰兒健康。 ／ 三、符合下列條件之一者，屬第三級管理： ／ （一）作業場所空氣中暴露濃度在容許暴露標準二分之一以上。 ／ （二）第三條或第五條第二項之工作或其他情形，經醫師評估有危害母體、胎兒或嬰兒健康。 ／ 前項規定對於有害輻射散布場所之工作，應依游離輻射防護安全標準之規定辦理。
OSH-22	OSH	女性勞工母性健康保護實施辦法	第10條		雇主使女性勞工從事第四條之鉛及其化合物散布場所之工作，應依下列血中鉛濃度區分風險等級，但經醫師評估須調整風險等級者，不在此限： ／ 一、第一級管理：血中鉛濃度低於五 μg/dl 者。 ／ 二、第二級管理：血中鉛濃度在五 μg/dl 以上未達十 μg/dl。 ／ 三、第三級管理：血中鉛濃度在十 μg/dl 以上者。
OSH-22	OSH	女性勞工母性健康保護實施辦法	第11條		前二條風險等級屬第二級管理者，雇主應使從事勞工健康服務醫師提供勞工個人面談指導，並採取危害預防措施；屬第三級管理者，應即採取工作環境改善及有效控制措施，完成改善後重新評估，並由醫師註明其不適宜從事之作業與其他應處理及注意事項。 ／ 雇主使保護期間之勞工從事第三條或第五條第二項之工作，經採取母性健康保護，風險等級屬第一級或第二級管理者，應經醫師評估可繼續從事原工作，並向當事人說明危害資訊，經當事人書面同意後，始得為之；風險等級屬第三級管理者，應依醫師適性評估建議，採取變更工作條件、調整工時、調換工作等母性健康保護。
OSH-22	OSH	女性勞工母性健康保護實施辦法	第12條	Y	對保護期間之勞工為適性評估者，雇主應將第六條、第七條之評估結果與最近一次之健康檢查、作業環境監測紀錄及危害暴露情形等資料，提供予勞工健康服務之醫師或職業醫學科專科醫師，並由醫師依附表三，提供工作適性安排之建議。 ／ 雇主應參照前項醫師之建議，採取必要之母性健康保護，對其建議有疑慮時，應再請職業醫學科專科醫師進行現場訪視，提供綜合之適性評估及變更工作條件、調整工時、調換工作等母性健康保護之建議。
OSH-22	OSH	女性勞工母性健康保護實施辦法	第13條		雇主對於前條適性評估之建議，應使從事勞工健康服務之醫師與勞工面談，告知工作調整之建議，並聽取勞工及單位主管意見。 ／ 雇主所採取母性健康保護，應尊重勞工意願，並依勞動基準法、性別平等工作法及游離輻射防護法之規定辦理。 ／ 勞工對於雇主所採取之母性健康管理措施，有配合之義務。
OSH-22	OSH	女性勞工母性健康保護實施辦法	第14條		雇主依本辦法採取之危害評估、控制方法、面談指導、適性評估及相關採行措施之執行情形，均應予記錄，並將相關文件及紀錄至少保存三年。 ／ 前項文件或紀錄等勞工個人資料之蒐集、處理及利用，應遵守本法、本辦法及個人資料保護法等相關規定。
OSH-22	OSH	女性勞工母性健康保護實施辦法	第15條		女性勞工分娩滿一年後，仍在哺乳者，得請求雇主採取母性健康保護。
OSH-22	OSH	女性勞工母性健康保護實施辦法	第16條		本辦法自中華民國一百零四年一月一日施行。 ／ 本辦法修正條文，除中華民國一百零九年九月十六日修正發布之第三條及第五條，自一百十年三月一日施行；一百十三年五月三十一日修正發布之第三條及第五條，自一百十三年七月一日施行外，自發布日施行。
OSH-23	OSH	工業用機器人危害預防標準	第1條		本標準依職業安全衛生法第六條第三項規定訂定之。
OSH-23	OSH	工業用機器人危害預防標準	第2條		本標準用詞，定義如下： ／ 一、工業用機器人（以下簡稱機器人）：指具有操作機及記憶裝置（含可變順序控制裝置及固定順序控制裝置），並依記憶裝置之訊息，操作機可以自動作伸縮、屈伸、移動、旋轉或為前述動作之複合動作之機器。 ／ 二、操作機：指具有類似人體上肢之功能，可以自動作伸縮、屈伸、移動、旋轉或為前述動作之複合動作，以從事下列作業之一者： ／ （一）使用設置於其前端之機器手或藉吸盤等握持物件，並使之作空間性移動之作業。 ／ （二）使用裝設於其前端之噴布用噴槍、熔接用焊槍等工具，實施噴布、噴膠或熔接等作業。 ／ 三、可動範圍：指依記憶裝置之訊息，操作機及該機器人之各部（含設於操作機前端之工具）在構造上可動之最大範圍。 ／ 四、教導相關作業：指機器人操作機之動作程序、位置或速度之設定、變更或確認。 ／ 五、檢查相關作業：指從事機器人之檢查、修理、調整、清掃、上油及其結果之確認。 ／ 六、協同作業：指使工作者與固定或移動操作之機器人，共同合作之作業。 ／ 七、協同作業空間：指使工作者與固定或移動操作之機器人，共同作業之安全防護特定範圍。
OSH-23	OSH	工業用機器人危害預防標準	第3條		雇主選用機器人時，應採取避免下列危害之措施： ／ 一、錯誤操作、錯誤動作及故障時引起之危害。 ／ 二、動力源異常引起之危害。 ／ 三、因人、物之進入可動範圍引起之危害。 ／ 四、關連機器故障引起之危害。
OSH-23	OSH	工業用機器人危害預防標準	第4條		雇主設置之機器人，應具有發生異常時可立即停止動作並維持安全之緊急停止裝置。
OSH-23	OSH	工業用機器人危害預防標準	第5條		雇主為防止工作者與機器人接觸引起之危害，機器人應具備下列機能： ／ 一、從運轉狀態變換為教導狀態時，可自動降低操作機之動作速度。但使用固定順序型之機器人，不在此限。 ／ 二、如操作機可調整者，從運轉狀態變換為教導狀態時，可自動降低其輸出。 ／ 三、遇下列狀態時，可自動停止動作，並設置指示燈： ／ （一）因油壓、氣壓或電壓之變動，有發生錯誤動作之虞時。 ／ （二）因停電等致動力源被遮斷時。 ／ （三）因關連機器發生故障時。 ／ （四）因控制裝置發生異常時。 ／ 四、機器人因緊急停止裝置或因前款機能停止後，非經人為再啟動之操作，不能開始動作。 ／ 五、因工作者碰觸致對操作機產生衝擊力時，能自動停止運轉。
OSH-23	OSH	工業用機器人危害預防標準	第6條		機器人遇有第四條緊急停止或前條第三款狀況停止運轉時，其握持部應仍能繼續穩定握持其所握持之物件。
OSH-23	OSH	工業用機器人危害預防標準	第7條		雇主設置之機器人之控制面盤，應依下列規定： ／ 一、控制面盤具有下列機能者，其開關之位置及使用狀態等應明確標示： ／ （一）電源之開、關。 ／ （二）油壓或氣壓之開、關。 ／ （三）起動、停止。 ／ （四）自動、手動、教導或確認等動作狀態之變換。 ／ （五）操作機動作速度之設定。 ／ （六）操作機之動作。 ／ （七）緊急停止裝置之動作。 ／ 二、緊急停止裝置用開關，應為易操作之構造，且應設在易操作之位置，並應設置紅色標示。 ／ 三、緊急停止裝置用開關，其四周不得設置可能發生錯誤操作之其他開關。
OSH-23	OSH	工業用機器人危害預防標準	第8條		雇主設置之機器人之固定式控制面盤，應符合下列規定： ／ 一、設置可作自動、手動動作狀態變換之開關。但使用固定順序型之機器人，不在此限。 ／ 二、於手動動作狀態時，設置可顯示動作狀態之指示燈。但使用固定順序型之機器人，不在此限。 ／ 三、設置可顯示自動動作狀態之指示燈。 ／ 四、設置接地用端子。 ／ 五、緊急停止裝置用開關以外之開關，設置護圈或為埋頭型。
OSH-23	OSH	工業用機器人危害預防標準	第9條		雇主設置之機器人之移動式控制面盤，應依下列規定： ／ 一、使用控制面盤操作機器人時，除操作緊急停止裝置外，無法再以該控制面盤以外之其他裝置使該機器人發生動作。 ／ 二、在教導狀態下，控制面盤動作之開關，放手時可自動使該機器人立即停止動作之構造。 ／ 三、連接於控制面盤之移動電纜線，應有必要之強度及耐磨性。
OSH-23	OSH	工業用機器人危害預防標準	第10條		雇主所使用之機器人應設置下列端子： ／ 一、可將緊急停止裝置動作或第五條第三款自動停止之顯示訊號，以及停止關連機器之訊號輸出之端子。 ／ 二、當關連機器發生故障時，可輸入停止機器人運轉所需訊號之端子。 ／ 三、可自第十八條第五款之開關輸入使緊急停止裝置動作所需訊號之端子。
OSH-23	OSH	工業用機器人危害預防標準	第11條		雇主設置之機器人，應具有易於安全實施教導相關作業及檢查相關作業之性能。
OSH-23	OSH	工業用機器人危害預防標準	第12條		雇主設置之機器人，除在使用上有必要之部分外，不得有凸出、銳角或齒輪之露出等危險部分。
OSH-23	OSH	工業用機器人危害預防標準	第13條		雇主使用氣壓驅動之機器人，應具有使驅動用汽缸內之殘壓易於安全排放之構造。
OSH-23	OSH	工業用機器人危害預防標準	第14條		雇主設置之機器人，其操作機關節部分等可標示動作方向者，其標示之動作方向應與控制面盤上該操作機動作開關之標示一致。
OSH-23	OSH	工業用機器人危害預防標準	第15條		雇主設置之機器人，應具有適應環境之下列性能： ／ 一、不受設置場所之溫度、溼度、粉塵、振動等影響。 ／ 二、於易燃液體之蒸氣、可燃性氣體、可燃性粉塵等滯留或爆燃性粉塵積存之場所，而有火災爆炸之虞者，其使用之電氣設備，應依危險區域劃分，具有適合該區域之防爆性能構造。
OSH-23	OSH	工業用機器人危害預防標準	第16條		雇主應於機器人顯明易見之位置標示下列事項： ／ 一、製造者名稱。 ／ 二、製造年月。 ／ 三、型式。 ／ 四、驅動用原動機之額定輸出。
OSH-23	OSH	工業用機器人危害預防標準	第17條		雇主設置機器人，應就下列事項依說明書確實查對： ／ 一、型式。 ／ 二、構造（包括主要部分之名稱）及動作原理（控制方式、驅動方式等）。 ／ 三、驅動用原動機之額定輸出。 ／ 四、額定搬運重量。 ／ 五、於自動運轉中操作機前端部之最大動作速度及教導運轉中操作機前端部之動作速度。 ／ 六、操作機最大之力或力矩，以及教導運轉中操作機之力或力矩。 ／ 七、可動範圍。 ／ 八、油壓、氣壓及電壓之容許變動範圍。 ／ 九、噪音音壓級。 ／ 十、安全機能之種類及性能。 ／ 十一、設置方法及設置時安全上應注意事項。 ／ 十二、搬運方法及搬運時安全上應注意事項。 ／ 十三、自動運轉時（包括起動及發生異常時）安全上應注意事項。 ／ 十四、教導相關作業方法及實施該作業時應注意事項。 ／ 十五、檢查相關作業方法及實施該作業時應注意事項，以及確保安全所應保留之作業空間。 ／ 十六、作業前之檢點及定期檢查項目、方法、判定基準及實施時期。 ／ 十七、其他與設置機器人有關之事項。
OSH-23	OSH	工業用機器人危害預防標準	第18條		雇主對機器人之配置，應符合下列規定： ／ 一、確保能安全實施作業之必要空間。 ／ 二、固定式控制面盤設於可動範圍之外，且使操作工作者可泛視機器人全部動作之位置。 ／ 三、壓力表、油壓表及其他計測儀器設於顯明易見之位置，並標示安全作業範圍。 ／ 四、電氣配線及油壓配管、氣壓配管設於不致受到操作機、工具等損傷之處所。 ／ 五、緊急停止裝置用開關，設置於控制面盤以外之適當處所。 ／ 六、於機器人顯明易見之位置，設置緊急停止裝置及指示燈等。
OSH-23	OSH	工業用機器人危害預防標準	第19條		雇主設置之機器人阻擋裝置，依下列規定： ／ 一、機械性阻擋裝置，應有充分之強度。 ／ 二、電氣性阻擋裝置之動作回路，應與控制機器人之程式回路分別設置。
OSH-23	OSH	工業用機器人危害預防標準	第20條		機器人於設置後，應確認該機器人之動作與關連機器間之運動狀況及阻擋裝置之機能，無異常後始得使用。
OSH-23	OSH	工業用機器人危害預防標準	第21條		雇主於機器人可動範圍之外側，依下列規定設置圍柵或護圍： ／ 一、出入口以外之處所，應使工作者不易進入可動範圍內。 ／ 二、設置之出入口應標示並告知工作者於運轉中禁止進入，並應採取下列措施之一： ／ （一）出入口設置光電式安全裝置、安全墊或其他具同等功能之裝置。 ／ （二）在出入口設置門扉或張設支柱穩定、從其四周容易識別之繩索、鏈條等，且於開啟門扉或繩索、鏈條脫開時，其緊急停止裝置應具有可立即發生動作之機能。 ／ 雇主使用協同作業之機器人時，應符合國家標準 CNS14490 系列、國際標準ISO10218系列或與其同等標準之規定，並就下列事項實施評估，製作安全評估報告留存後，得不受前項規定之限制： ／ 一、從事協同作業之機器人運作或製程簡介。 ／ 二、安全管理計畫。 ／ 三、安全驗證報告書或符合聲明書。 ／ 四、試運轉試驗安全程序書及報告書。 ／ 五、啟始起動安全程序書及報告書。 ／ 六、自動檢查計畫及執行紀錄表。 ／ 七、緊急應變處置計畫。 ／ 雇主使用協同作業之機器人，應於其設計變更時及至少每五年，重新評估前項資料，並記錄、保存相關報告等資料五年。 ／ 前二項所定評估，雇主應召集下列各款人員，組成評估小組實施之： ／ 一、工作場所負責人。 ／ 二、機器人之設計、製造或安裝之專業人員。但實施前項所定至少每五年之重新評估時，得由雇主指定熟稔協同作業機器人製程之人員擔任之。 ／ 三、依職業安全衛生管理辦法設置之職業安全衛生人員。 ／ 四、工作場所作業主管。 ／ 五、熟悉該場所作業之工作者。
OSH-23	OSH	工業用機器人危害預防標準	第22條		前條之光電式安全裝置，應符合下列規定： ／ 一、檢知有工作者接近可動範圍時，可使緊急停止裝置立即動作。 ／ 二、具有可檢知工作者進入可動範圍內所必要之光軸數目。 ／ 三、採取使受光器不致受到非來自投光器之其他光線感應之措施。
OSH-23	OSH	工業用機器人危害預防標準	第23條		雇主對運轉中之機器人，應於可動範圍外可泛視機器人動作之位置設置監視人員，並禁止工作者任意進入機器人可動範圍內。 ／ 雇主應禁止非協同作業之相關工作者，進入協同作業空間。
OSH-23	OSH	工業用機器人危害預防標準	第24條		雇主應就下列事項訂定安全作業標準，並使工作者依該標準實施作業： ／ 一、機器人之操作方法及步驟，包括起動方法及開關操作方法等作業之必要事項。 ／ 二、實施教導相關作業時，該作業中操作機之速度。 ／ 三、工作者二人以上共同作業時之聯絡信號。 ／ 四、發生異常狀況時，工作者採取之應變措施。 ／ 五、因緊急停止裝置動作致機器人停止運轉後再起動前，確認異常狀況解除及確認安全之方法。
OSH-23	OSH	工業用機器人危害預防標準	第25條		雇主使工作者從事機器人操作作業時，為防止從事作業工作者以外人員誤觸或擅自操作起動開關、切換開關等，應在各開關處標示「作業中」或在控制面盤蓋上鎖。
OSH-23	OSH	工業用機器人危害預防標準	第26條		雇主使工作者於機器人可動範圍內實施作業時，應採取下列之一或具有相同作用之措施，以便發生異常狀況時能立即停止該機器人運轉： ／ 一、於可動範圍外可泛視機器人全部動作之位置設置監視人員從事下列事項： ／ （一）於發生異常狀況時，立即使緊急停止裝置發生動作。 ／ （二）嚴禁從事作業以外之人員進入可動範圍內。 ／ 二、將緊急停止裝置用開關交付在可動範圍內從事作業之工作者自行操作。 ／ 三、使用具有第九條第一款、第二款構造之移動式控制面盤實施作業。 ／ 從事操作機器人之工作者如無法掌握機器人可動部分之全部動作狀態者，應採取前項第一款之措施。
OSH-23	OSH	工業用機器人危害預防標準	第27條		雇主使工作者從事教導相關作業前，應確認下列事項，如發現有異常時，應即改善並採取必要措施： ／ 一、外部電纜線之被覆或外套管有無損傷。 ／ 二、操作機之動作有無異常。 ／ 三、控制裝置及緊急停止裝置之機能是否正常。 ／ 四、空氣或油有無由配管漏洩。 ／ 前項第一款之確認作業應於停止運轉後實施；第二款及第三款之確認作業應於可動範圍外側實施。
OSH-23	OSH	工業用機器人危害預防標準	第28條		雇主在操作機前端設置焊槍、噴布用噴槍等作業工具之機器人，如須對其工具加以清理時，應採用自動清理之方式，以避免工作者進入可動範圍。但作業有困難者，不在此限。
OSH-23	OSH	工業用機器人危害預防標準	第29條		雇主使工作者從事氣壓系統部分之分解、零配件之更換等作業時，應於事前排放驅動用汽缸內之殘壓。
OSH-23	OSH	工業用機器人危害預防標準	第30條		雇主使工作者從事機器人之運轉狀況確認作業時，應在可動範圍外實施。但作業有困難者，不在此限。
OSH-23	OSH	工業用機器人危害預防標準	第31條		雇主使工作者於可動範圍內從事教導相關作業或檢查相關作業時，應採取第二十四條至第三十條之必要措施。但關閉驅動源從事教導相關作業或停止運轉實施檢查相關作業時，則不適用第二十四條及第二十六條之規定。
OSH-23	OSH	工業用機器人危害預防標準	第32條		雇主使工作者起動機器人前，應先確認下列事項，並規定一定之聯絡信號： ／ 一、在可動範圍內無任何人存在。 ／ 二、移動式控制面盤、工具等均已置於規定位置。 ／ 三、機器人或關連機器之異常指示燈等均未顯示有異常。
OSH-23	OSH	工業用機器人危害預防標準	第33條		雇主對自動運轉之機器人，在其起動後應確認指示燈等顯示在自動運轉中。因機器人或關連機器發生異常而必須進入可動範圍內搶修時，應於人員進入前，以緊急停止裝置動作等方式停止機器人之運轉，除使工作者攜帶安全栓外，應在啟動開關處作禁止觸動之標示。
OSH-23	OSH	工業用機器人危害預防標準	第34條		雇主為防止機器人握持物件或加工物件之飛落、掉落引起危害，應依各該物件之重量、溫度、化學性質等，採取適當防護設施。
OSH-23	OSH	工業用機器人危害預防標準	第35條		雇主對儲存機器人作業程式之磁帶、磁片、磁碟、光碟或穿孔帶等及其容器應標示該程式之內容，以防止選用錯誤。
OSH-23	OSH	工業用機器人危害預防標準	第36條		雇主應有防止粉塵、溫度、濕度、磁力等影響磁帶、磁片、磁碟、光碟或穿孔帶等造成機器人錯誤動作之措施。
OSH-23	OSH	工業用機器人危害預防標準	第37條		本標準自發布日施行。 ／ 本標準修正條文，自中華民國一百零三年七月三日施行。 ／ 本標準中華民國一百零七年二月十四日修正發布之條文，自發布日施行。
OSH-25	OSH	勞動檢查法第二十八條所定勞工有立即發生危險之虞認定標準	第1條		本標準依勞動檢查法第二十八條第二項規定訂定之。
OSH-25	OSH	勞動檢查法第二十八條所定勞工有立即發生危險之虞認定標準	第2條		有立即發生危險之虞之類型如下： ／ 一、墜落。 ／ 二、感電。 ／ 三、倒塌、崩塌。 ／ 四、火災、爆炸。 ／ 五、中毒、缺氧。
OSH-25	OSH	勞動檢查法第二十八條所定勞工有立即發生危險之虞認定標準	第3條		有立即發生墜落危險之虞之情事如下： ／ 一、於高差二公尺以上之工作場所邊緣及開口部分，未設置符合規定之護欄、護蓋、安全網或配掛安全帶之防墜設施。 ／ 二、於高差二公尺以上之處所進行作業時，未使用高空工作車，或未以架設施工架等方法設置工作臺；設置工作臺有困難時，未採取張掛安全網或配掛安全帶之設施。 ／ 三、於石綿板、鐵皮板、瓦、木板、茅草、塑膠等易踏穿材料構築之屋頂從事作業時，未於屋架上設置防止踏穿及寬度三十公分以上之踏板、裝設安全網或配掛安全帶。 ／ 四、於高差超過一‧五公尺以上之場所作業，未設置符合規定之安全上下設備。 ／ 五、高差超過二層樓或七‧五公尺以上之鋼構建築，未張設安全網，且其下方未具有足夠淨空及工作面與安全網間具有障礙物。 ／ 六、使用移動式起重機吊掛平台從事貨物、機械等之吊升，鋼索於負荷狀態且非不得已情形下，使人員進入高度二公尺以上平台運搬貨物或駕駛車輛機械，平台未採取設置圍欄、人員未使用安全母索、安全帶等足以防止墜落之設施。
OSH-25	OSH	勞動檢查法第二十八條所定勞工有立即發生危險之虞認定標準	第4條		有立即發生感電危險之虞之情事如下： ／ 一、對電氣機具之帶電部分，於作業進行中或通行時，有因接觸（含經由導電體而接觸者）或接近致發生感電之虞者，未設防止感電之護圍或絕緣被覆。 ／ 二、使用對地電壓在一百五十伏特以上移動式或攜帶式電動機具，或於含水或被其他導電度高之液體濕潤之潮濕場所、金屬板上或鋼架上等導電性良好場所使用移動式或攜帶式電動機具，未於各該電動機具之連接電路上設置適合其規格，具有高敏感度、高速型，能確實動作之防止感電用漏電斷路器。 ／ 三、於良導體機器設備內之狹小空間，或於鋼架等有觸及高導電性接地物之虞之場所，作業時所使用之交流電焊機（不含自動式焊接者），未裝設自動電擊防止裝置。 ／ 四、於架空電線或電氣機具電路之接近場所從事工作物之裝設、解體、檢查、修理、油漆等作業及其附屬性作業或使用車輛系營建機械、移動式起重機、高空工作車及其他有關作業時，該作業使用之機械、車輛或勞工於作業中或通行之際，有因接觸或接近該電路引起感電之虞者，未使勞工與帶電體保持規定之接近界線距離，未設置護圍或於該電路四周裝置絕緣用防護裝備或採取移開該電路之措施。 ／ 五、從事電路之檢查、修理等活線作業時，未使該作業勞工戴用絕緣用防護具，或未使用活線作業用器具或其他類似之器具，對高壓電路未使用絕緣工作台及其他裝備，或使勞工之身體、其使用中之工具、材料等導電體接觸或接近有使勞工感電之虞之電路或帶電體。
OSH-25	OSH	勞動檢查法第二十八條所定勞工有立即發生危險之虞認定標準	第5條		有立即發生倒塌、崩塌危險之虞之情事如下： ／ 一、施工架之垂直方向五‧五公尺、水平方向七‧五公尺內，未與穩定構造物妥實連接。 ／ 二、露天開挖場所開挖深度在一‧五公尺以上，或有地面崩塌、土石飛落之虞時，未設擋土支撐、反循環樁、連續壁、邊坡保護或張設防護網之設施。 ／ 三、隧道、坑道作業有落磐或土石崩塌之虞，未設置支撐、岩栓或噴凝土之支持構造及未清除浮石；隧道、坑道進出口附近表土有崩塌或土石飛落，未設置擋土支撐、張設防護網、清除浮石或邊坡保護之措施，進出口之地質惡劣時，未採鋼筋混凝土從事洞口之防護。 ／ 四、模板支撐支柱基礎之周邊易積水，導致地盤軟弱，或軟弱地盤未強化承載力。
OSH-25	OSH	勞動檢查法第二十八條所定勞工有立即發生危險之虞認定標準	第6條		有立即發生火災、爆炸危險之虞之情事如下： ／ 一、對於有危險物或有油類、可燃性粉塵等其他危險物存在之配管、儲槽、油桶等容器，從事熔接、熔斷或使用明火之作業或有發生火花之虞之作業，未事先清除該等物質，並確認安全無虞。 ／ 二、對於存有易燃液體之蒸氣或有可燃性氣體滯留，而有火災、爆炸之作業場所，未於作業前測定前述蒸氣、氣體之濃度；或其濃度爆炸下限值之百分之三十以上時，未即刻使勞工退避至安全場所，並停止使用煙火及其他點火源之機具。 ／ 三、對於存有易燃液體之蒸氣、可燃性氣體或可燃性粉塵，致有引起火災、爆炸之工作場所，未有通風、換氣、除塵、去除靜電等必要設施。 ／ 四、對於化學設備及其附屬設備之改善、修理、清掃、拆卸等作業，有危險物洩漏致危害作業勞工之虞，未指定專人依規定將閥或旋塞設置雙重關閉或設置盲板。 ／ 五、對於設置熔融高熱物處理設備之建築物及處理、廢棄高熱礦渣之場所，未設有良好排水設備及其他足以防止蒸氣爆炸之必要措施。 ／ 六、局限空間作業場所，使用純氧換氣。
OSH-25	OSH	勞動檢查法第二十八條所定勞工有立即發生危險之虞認定標準	第7條		有立即發生中毒、缺氧危險之虞之情事如下： ／ 一、於曾裝儲有機溶劑或其混合物之儲槽內部、通風不充分之室內作業場所，或在未設有密閉設備、局部排氣裝置或整體換氣裝置之儲槽等之作業場所，未供給作業勞工輸氣管面罩，並使其確實佩戴使用。 ／ 二、製造、處置或使用特定化學物質危害預防標準所稱之丙類第一種或丁類物質之特定化學管理設備時，未設置適當之溫度、壓力及流量之計測裝置及發生異常之自動警報裝置。 ／ 三、製造、處置或使用特定化學物質危害預防標準所稱之丙類第一種及丁類物質之特定化學管理設備，未設遮斷原料、材料、物料之供輸、未設卸放製品之裝置、未設冷卻用水之裝置，或未供輸惰性氣體。 ／ 四、處置或使用特定化學物質危害預防標準所稱之丙類第一種或丁類物質時，未設洩漏時能立即警報之器具及除卻危害必要藥劑容器之設施。 ／ 五、在人孔、下水道、溝渠、污（蓄）水池、坑道、隧道、水井、集水（液）井、沈箱、儲槽、反應器、蒸餾塔、生（消）化槽、穀倉、船艙、逆打工法之地下層、筏基坑、溫泉業之硫磺儲水桶及其他自然換氣不充分之工作場所有下列情形之一時： ／ （一）空氣中氧氣濃度未滿百分之十八、硫化氫濃度超過十 PPM  或一氧化碳濃度超過三十五PPM時，未確實配戴空氣呼吸器等呼吸防護具、安全帶及安全索。 ／ （二）未確實配戴空氣呼吸器等呼吸防護具時，未置備通風設備予以適當換氣，或未置備空氣中氧氣、硫化氫、一氧化碳濃度之測定儀器，並未隨時測定保持氧氣濃度在百分之十八以上、硫化氫濃度在十PPM以下及一氧化碳濃度在三十五 PPM  以下。
OSH-25	OSH	勞動檢查法第二十八條所定勞工有立即發生危險之虞認定標準	第8條		中央主管機關得指定其他有立即發生危險之虞之情事，並公告之。
OSH-25	OSH	勞動檢查法第二十八條所定勞工有立即發生危險之虞認定標準	第9條		本標準自發布日施行。
OSH-34	OSH	缺氧症預防規則	第1條		本規則依職業安全衛生法第六條第三項規定訂定之。
OSH-34	OSH	缺氧症預防規則	第2條		本規則適用於從事缺氧危險作業之有關事業。 ／ 前項缺氧危險作業，指於下列缺氧危險場所從事之作業： ／ 一、長期間未使用之水井、坑井、豎坑、隧道、沈箱、或類似場所等之內部。 ／ 二、貫通或鄰接下列之一之地層之水井、坑井、豎坑、隧道、沈箱、或類似場所等之內部。 ／ （一）上層覆有不透水層之砂礫層中，無含水、無湧水或含水、湧水較少之部分。 ／ （二）含有亞鐵鹽類或亞錳鹽類之地層。 ／ （三）含有甲烷、乙烷或丁烷之地層。 ／ （四）湧出或有湧出碳酸水之虞之地層。 ／ （五）腐泥層。 ／ 三、供裝設電纜、瓦斯管或其他地下敷設物使用之暗渠、人孔或坑井之內部。 ／ 四、滯留或曾滯留雨水、河水或湧水之槽、暗渠、人孔或坑井之內部。 ／ 五、滯留、曾滯留、相當期間置放或曾置放海水之熱交換器、管、槽、暗渠、人孔、溝或坑井之內部。 ／ 六、密閉相當期間之鋼製鍋爐、儲槽、反應槽、船艙等內壁易於氧化之設備之內部。但內壁為不銹鋼製品或實施防銹措施者，不在此限。 ／ 七、置放煤、褐煤、硫化礦石、鋼材、鐵屑、原木片、木屑、乾性油、魚油或其他易吸收空氣中氧氣之物質等之儲槽、船艙、倉庫、地窖、貯煤器或其他儲存設備之內部。 ／ 八、以含有乾性油之油漆塗敷天花板、地板、牆壁或儲具等，在油漆未乾前即予密閉之地下室、倉庫、儲槽、船艙或其他通風不充分之設備之內部。 ／ 九、穀物或飼料之儲存、果蔬之燜熟、種子之發芽或蕈類之栽培等使用之倉庫、地窖、船艙或坑井之內部。 ／ 十、置放或曾置放醬油、酒類、胚子、酵母或其他發酵物質之儲槽、地窖或其他釀造設備之內部。 ／ 十一、置放糞尿、腐泥、污水、紙漿液或其他易腐化或分解之物質之儲槽、船艙、槽、管、暗渠、人孔、溝、或坑井等之內部。 ／ 十二、使用乾冰從事冷凍、冷藏或水泥乳之脫鹼等之冷藏庫、冷凍庫、冷凍貨車、船艙或冷凍貨櫃之內部。 ／ 十三、置放或曾置放氦、氬、氮、氟氯烷、二氧化碳或其他惰性氣體之鍋爐、儲槽、反應槽、船艙或其他設備之內部。 ／ 十四、其他經中央主管機關指定之場所。
OSH-34	OSH	缺氧症預防規則	第3條		本規則用詞，定義如下： ／ 一、缺氧：指空氣中氧氣濃度未滿百分之十八之狀態。 ／ 二、缺氧症：指因作業場所缺氧引起之症狀。
OSH-34	OSH	缺氧症預防規則	第4條		雇主使勞工從事缺氧危險作業時，應置備測定空氣中氧氣濃度之必要測定儀器，並採取隨時可確認空氣中氧氣濃度、硫化氫等其他有害氣體濃度之措施。
OSH-34	OSH	缺氧症預防規則	第5條		雇主使勞工從事缺氧危險作業時，應予適當換氣，以保持該作業場所空氣中氧氣濃度在百分之十八以上。但為防止爆炸、氧化或作業上有顯著困難致不能實施換氣者，不在此限。 ／ 雇主依前項規定實施換氣時，不得使用純氧。
OSH-34	OSH	缺氧症預防規則	第6條		雇主使勞工從事隧道或坑井之開鑿作業時，為防止甲烷或二氧化碳之突出導致勞工罹患缺氧症，應於事前就該作業場所及其四周，藉由鑽探孔或其他適當方法調查甲烷或二氧化碳之狀況，依調查結果決定甲烷、二氧化碳之處理方法、開鑿時期及程序後實施作業。
OSH-34	OSH	缺氧症預防規則	第7條		雇主於地下室、機械房、船艙或其他通風不充分之室內作業場所，置備以二氧化碳等為滅火劑之滅火器或滅火設備時，依下列規定： ／ 一、應有預防因勞工誤觸導致翻倒滅火器或確保把柄不易誤動之設施。 ／ 二、禁止勞工不當操作，並將禁止規定公告於顯而易見之處所。
OSH-34	OSH	缺氧症預防規則	第8條		雇主使勞工於冷藏室、冷凍室、地窖及其他密閉使用之設施內部作業時，於該作業期間，應採取該設施出入口之門或蓋等不致閉鎖之措施。但該門或蓋有易自內部開啟之構造或該設施內部設置有通報裝置或警報裝置等得與外部有效聯絡者，不在此限。
OSH-34	OSH	缺氧症預防規則	第9條		雇主使勞工於儲槽、鍋爐或反應槽之內部或其他通風不充分之場所，使用氬、二氧化碳或氦等從事熔接作業時，應予適當換氣以保持作業場所空氣中氧氣濃度在百分之十八以上。但為防止爆炸、氧化或作業上有顯著困難致不能實施換氣者，不在此限。 ／ 雇主依前項規定實施換氣時，不得使用純氧。
OSH-34	OSH	缺氧症預防規則	第10條		雇主使勞工於設置有輸送氦、氬、氮、氟氯烷、二氧化碳及其他惰性氣體等配管之鍋爐、儲槽、反應槽或船艙等內部從事作業時，依下列規定： ／ 一、應關閉輸送配管之閥、旋塞或設置盲板。 ／ 二、應於顯而易見之處所標示配管內之惰性氣體名稱及開閉方向，以防誤操作。 ／ 雇主依前項規定關閉閥、旋塞或設置盲板時，應予上鎖外，並將其意旨公布於勞工易見之場所。
OSH-34	OSH	缺氧症預防規則	第11條		雇主使勞工於通風不充分之室內作業場所作業時，為防止儲槽、反應槽等容器之安全閥等排出之惰性氣體流入，應設置可使安全閥等所排出之氣體直接排放於外部之設施。
OSH-34	OSH	缺氧症預防規則	第12條		雇主使勞工於銜接有吸引內部空氣之配管之儲槽、反應槽或其他密閉使用之設施內部作業時，於該作業期間，應採取該設施等出入口之門或蓋等不致閉鎖之措施。
OSH-34	OSH	缺氧症預防規則	第13條		雇主採用壓氣施工法實施作業之場所，如存有或鄰近第二條第二項第二款第一目或第二目規定之地層時，應調查該作業之井或配管有否空氣之漏洩、漏洩之程度及該作業場所空氣中氧氣之濃度。
OSH-34	OSH	缺氧症預防規則	第14條		雇主使勞工於接近第二條第二項第二款第一目或第二目規定之地層或貫通該地層之井或置有配管之地下室、坑等之內部從事作業時，應設置將缺氧空氣直接排出外部之設備或將可能漏洩缺氧空氣之地點予以封閉等預防缺氧空氣流入該作業場所之必要措施。
OSH-34	OSH	缺氧症預防規則	第15條		雇主使勞工於地下室或溝之內部及其他通風不充分之室內作業場所從事拆卸或安裝輸送主成分為甲烷、乙烷、丙烷、丁烷或此類混入空氣的氣體配管作業時，應採取確實遮斷該氣體之設施，使其不致流入拆卸或安裝作業場所。
OSH-34	OSH	缺氧症預防規則	第16條		雇主使勞工從事缺氧危險作業時，於當日作業開始前、所有勞工離開作業場所後再次開始作業前及勞工身體或換氣裝置等有異常時，應確認該作業場所空氣中氧氣濃度、硫化氫等其他有害氣體濃度。 ／ 前項確認結果應予記錄，並保存三年。
OSH-34	OSH	缺氧症預防規則	第17條		雇主使勞工從事缺氧危險作業時，對進出各該場所勞工，應予確認或點名登記。
OSH-34	OSH	缺氧症預防規則	第18條		雇主使勞工於缺氧危險場所或其鄰接場所作業時，應將下列注意事項公告於作業場所入口顯而易見之處所，使作業勞工周知： ／ 一、有罹患缺氧症之虞之事項。 ／ 二、進入該場所時應採取之措施。 ／ 三、事故發生時之緊急措施及緊急聯絡方式。 ／ 四、空氣呼吸器等呼吸防護具、安全帶等、測定儀器、換氣設備、聯絡設備等之保管場所。 ／ 五、缺氧作業主管姓名。 ／ 雇主應禁止非從事缺氧危險作業之勞工，擅自進入缺氧危險場所；並應將禁止規定公告於勞工顯而易見之處所。
OSH-34	OSH	缺氧症預防規則	第19條		雇主依第十三條規定之調查結果，發現有缺氧空氣漏洩入作業場所時，應即通知有關人員及將緊急措施公告於勞工顯而易見之處所，並禁止與作業無關人員進入。
OSH-34	OSH	缺氧症預防規則	第20條		雇主使勞工從事缺氧危險作業時，應於每一班次指定缺氧作業主管從事下列監督事項： ／ 一、決定作業方法並指揮勞工作業。 ／ 二、第十六條規定事項。 ／ 三、當班作業前確認換氣裝置、測定儀器、空氣呼吸器等呼吸防護具、安全帶等及其他防止勞工罹患缺氧症之器具或設備之狀況，並採取必要措施。 ／ 四、監督勞工對防護器具或設備之使用狀況。 ／ 五、其他預防作業勞工罹患缺氧症之必要措施。
OSH-34	OSH	缺氧症預防規則	第21條		雇主使勞工從事缺氧危險作業時，應指派一人以上之監視人員，隨時監視作業狀況，發覺有異常時，應即與缺氧作業主管及有關人員聯繫，並採取緊急措施。
OSH-34	OSH	缺氧症預防規則	第22條		雇主使勞工從事缺氧危險作業，如受鄰接作業場所之影響致有發生缺氧危險之虞時，應與各該作業場所密切保持聯繫。
OSH-34	OSH	缺氧症預防規則	第23條		雇主使勞工從事缺氧危險作業，如發現從事該作業之勞工有立即發生缺氧危險之虞時，雇主或工作場所負責人應即令停止作業，並使從事該作業之全部勞工即刻退避至安全場所。 ／ 前項作業場所在未確認危險已解除前，雇主不得使指定人員以外之勞工進入該場所，並將該意旨公告於勞工顯而易見之處所。
OSH-34	OSH	缺氧症預防規則	第24條		雇主對從事缺氧危險作業之勞工，應依職業安全衛生教育訓練規則規定施予必要之安全衛生教育訓練。
OSH-34	OSH	缺氧症預防規則	第25條		雇主使勞工從事缺氧危險作業，未能依第五條或第九條規定實施換氣時，應置備適當且數量足夠之空氣呼吸器等呼吸防護具，並使勞工確實戴用。
OSH-34	OSH	缺氧症預防規則	第26條		雇主使勞工從事缺氧危險作業，勞工有因缺氧致墜落之虞時，應供給該勞工使用之梯子、安全帶或救生索，並使勞工確實使用。
OSH-34	OSH	缺氧症預防規則	第27條		雇主使勞工從事缺氧危險作業時，應置備空氣呼吸器等呼吸防護具、梯子、安全帶或救生索等設備，供勞工緊急避難或救援人員使用。
OSH-34	OSH	缺氧症預防規則	第28條		雇主應於缺氧危險作業場所置救援人員，於其擔任救援作業期間，應提供並使其使用空氣呼吸器等呼吸防護具。
OSH-34	OSH	缺氧症預防規則	第29條		雇主使勞工從事缺氧危險作業時，應定期或每次作業開始前確認第二十五條至第二十八條規定防護設備之數量及效能，認有異常時，應立即採取必要之措施。
OSH-34	OSH	缺氧症預防規則	第30條		雇主使勞工戴用輸氣管面罩之連續作業時間，每次不得超過一小時。
OSH-34	OSH	缺氧症預防規則	第31條		雇主對從事缺氧危險作業之勞工，發生下列症狀時，應即由醫師診治： ／ 一、顏面蒼白或紅暈、脈搏及呼吸加快、呼吸困難，目眩或頭痛等缺氧症之初期症狀。 ／ 二、意識不明、痙攣、呼吸停止或心臟停止跳動等缺氧症之末期症狀。 ／ 三、硫化氫、一氧化碳等其他有害物中毒症狀。
OSH-34	OSH	缺氧症預防規則	第32條		本規則自發布日施行。 ／ 本規則修正條文，自中華民國一百零三年七月三日施行。
OSH-36	OSH	營造安全衛生設施標準	第1條		本標準依職業安全衛生法第六條第三項規定訂定之。 ／ 本標準未規定者，適用其他有關職業安全衛生法令之規定。
OSH-36	OSH	營造安全衛生設施標準	第1條之1		本標準用詞，定義如下： ／ 一、露天開挖：指於室外採人工或機械實施土、砂、岩石等之開挖，包括土木構造物、建築物之基礎開挖、地下埋設物之管溝開挖與整地，及其他相關之開挖。 ／ 二、露天開挖作業：指使勞工從事露天開挖之作業。 ／ 三、露天開挖場所：指露天開挖區及與其相鄰之場所，包括測量、鋼筋組立、模板組拆、灌漿、管道及管路設置、擋土支撐組拆與搬運，及其他與露天開挖相關之場所。
OSH-36	OSH	營造安全衛生設施標準	第2條		本標準適用於從事營造作業之有關事業。
OSH-36	OSH	營造安全衛生設施標準	第3條		本標準規定之一切安全衛生設施，雇主應依下列規定辦理： ／ 一、於施工規劃階段，應依設計階段之風險評估及圖說等資料，實施風險評估，並將必要之安全衛生設施納入考量。 ／ 二、依營建法規等規定須有施工計畫者，應將前款之安全衛生設施納入施工計畫內。 ／ 三、前二款規定，於工程施工期間須切實辦理。 ／ 四、經常注意與保養以保持其效能，發現有異常時，應即補修或採其他必要措施。 ／ 五、有臨時拆除或使其暫時失效之必要時，應顧及勞工安全及作業狀況，使其暫停工作或採其他必要措施，於其原因消失後，應即恢復原狀。 ／ 前項第三款之工程施工期間包含開工前之準備及竣工後之驗收、保固維修等工作期間。
OSH-36	OSH	營造安全衛生設施標準	第4條		本標準規定雇主應設置之安全衛生設備及措施，雇主應規定勞工遵守下列事項： ／ 一、不得任意拆卸或使其失效，以保持其應有效能。 ／ 二、發現被拆卸或失效時，應即停止作業並應報告雇主或直屬主管人員。
OSH-36	OSH	營造安全衛生設施標準	第5條		雇主對於工作場所暴露之鋼筋、鋼材、鐵件、鋁件及其他材料等易生職業災害者，應採取彎曲尖端、加蓋或加裝護套等防護設施。
OSH-36	OSH	營造安全衛生設施標準	第6條		雇主使勞工於營造工程工作場所作業前，應指派所僱之職業安全衛生人員、工作場所負責人、專任工程人員等專業人員，或委託專業單位，依施工規劃階段之風險評估及施工計畫等資料，再實施風險評估，並採適當防護設施，以防止職業災害之發生。 ／ 依營建法規等規定應有施工計畫者，均應將前項防護設施列入施工計畫執行。
OSH-36	OSH	營造安全衛生設施標準	第7條		雇主對於營造工程用之模板、施工架等材料拆除後，應採取拔除或釘入凸出之鐵釘、鐵條等防護措施。
OSH-36	OSH	營造安全衛生設施標準	第8條		雇主對於工作場所，應依下列規定設置適當圍籬、警告標示： ／ 一、工作場所之周圍應設置固定式圍籬，並於明顯位置裝設警告標示。 ／ 二、大規模施工之土木工程，或設置前款圍籬有困難之其他工程，得於其工作場所周圍以移動式圍籬、警示帶圍成之警示區替代之。
OSH-36	OSH	營造安全衛生設施標準	第8條之1		雇主對於車輛機械，為避免於作業時發生該機械翻落或表土崩塌等情事，應就下列事項事先進行調查： ／ 一、該作業場所之天候、地質及地形狀況等。 ／ 二、所使用車輛機械之種類及性能。 ／ 三、車輛機械之行經路線。 ／ 四、車輛機械之作業方法。 ／ 依前項調查，有危害勞工之虞者，應整理工作場所。 ／ 第一項第三款及第四款事項，應於作業前告知勞工。
OSH-36	OSH	營造安全衛生設施標準	第9條		雇主對工作場所中原有之電線、電力配管、電信管線、電線桿及拉線、給水管、石油及石油產品管線、煤氣事業管線、危險物或有害物管線等，如有妨礙工程施工安全者，應確實掌握狀況予以妥善處理；如有安全之虞者，非經管線權責單位同意，不得任意挖掘、剪接、移動或於其鄰近從事加熱工作。
OSH-36	OSH	營造安全衛生設施標準	第10條		（刪除）
OSH-36	OSH	營造安全衛生設施標準	第10條之1		雇主對於軌道上作業或鄰近軌道之場所從事作業時，為防止軌道機械等碰觸引起之危害，應依下列規定辦理： ／ 一、設置於坑道、隧道、橋梁等供勞工通行之軌道，應於適當間隔處設置避難處所。但軌道側有相關空間，與軌道運行之機械無碰觸危險，或採人車分行管制措施者，不在此限。 ／ 二、通行於軌道上之車輛有碰觸勞工之虞時，應設置於車輛接近作業人員前，能發出電鈴或蜂鳴器等監視警報裝置或配置監視人員。 ／ 三、對於從事軌道維護作業或通行於軌道機械之替換、連結、解除連結作業時，應保持作業安全所必要之照明。
OSH-36	OSH	營造安全衛生設施標準	第11條		雇主對於工作場所人員及車輛機械出入口處，應依下列規定辦理： ／ 一、事前調查地下埋設物之埋置深度、危害物質，並於評估後採取適當防護措施，以防止車輛機械輾壓而發生危險。 ／ 二、工作場所出入口應設置方便人員及車輛出入之拉開式大門，作業上無出入必要時應關閉，並標示禁止無關人員擅入工作場所。但車輛機械出入頻繁之場所，必須打開工地大門等時，應置交通引導人員，引導車輛機械出入。 ／ 三、人員出入口與車輛機械出入口應分隔設置。但設有警告標誌足以防止交通事故發生者不在此限。 ／ 四、應置管制人員辦理下列事項： ／ （一）管制出入人員，非有適當防護具不得讓其出入。 ／ （二）管制、檢查出入之車輛機械，非具有許可文件上記載之要件，不得讓其出入。 ／ 五、規劃前款第二目車輛機械接受管制所需必要之停車處所，不得影響工作場所外道路之交通。 ／ 六、維持車輛機械進出有充分視線淨空。
OSH-36	OSH	營造安全衛生設施標準	第11條之1		雇主對於進入營繕工程工作場所作業人員，應提供適當安全帽，並使其正確戴用。
OSH-36	OSH	營造安全衛生設施標準	第11條之2		雇主對於進入營繕工程工作場所作業人員，應於事前使其接受中央主管機關指定之營造作業安全訓練。但已依職業安全衛生教育訓練規則第四條、第五條、第七條或第十條等規定接受安全衛生教育訓練者，不在此限。
OSH-36	OSH	營造安全衛生設施標準	第12條		雇主對於工作場所儲存有易燃性物料時，應有防止太陽直接照射之遮蔽物外，並應隔離儲存、設置禁止煙火之警告標誌及適當之滅火器材。
OSH-36	OSH	營造安全衛生設施標準	第13條		雇主使勞工於下列有發生倒塌、崩塌之虞之場所作業者，應有防止發生倒塌、崩塌之設施： ／ 一、邊坡上方或其周邊。 ／ 二、構造物或其他物體之上方、內部或其周邊。
OSH-36	OSH	營造安全衛生設施標準	第14條		雇主使勞工鄰近溝渠、水道、埤池、水庫、河川、湖潭、港灣、堤堰、海岸或其他水域場所作業，致勞工有落水之虞者，應依下列規定辦理： ／ 一、設置防止勞工落水之設施或使勞工著用救生衣。 ／ 二、於作業場所或其附近設置下列救生設備。但水深、水流及水域範圍等甚小，備置船筏有困難，且使勞工著用救生衣、提供易於攀握之救生索、救生圈或救生浮具等足以防止溺水者，不在此限： ／ （一）依水域危險性及勞工人數，備置足敷使用之動力救生船、救生艇、輕艇或救生筏；每艘船筏應配備長度十五公尺，直徑九點五毫米之聚丙烯纖維繩索，且其上掛繫與最大可救援人數相同數量之救生圈、船鈎及救生衣。 ／ （二）有湍流、潮流之情況，應預先架設延伸過水面且位於作業場所上方之繩索，其上掛繫可支持拉住落水者之救生圈。 ／ （三）可通知相關人員參與救援行動之警報系統或電訊連絡設備。
OSH-36	OSH	營造安全衛生設施標準	第15條		雇主使勞工於有發生水位暴漲或土石流之地區作業者，除依前條之規定外，應依下列規定辦理： ／ 一、建立作業連絡系統，包括無線連絡器材、連絡信號、連絡人員等。 ／ 二、選任專責警戒人員，辦理下列事項： ／ （一）隨時與河川管理當局或相關機關連絡，了解該地區及上游降雨量。 ／ （二）監視作業地點上游河川水位或土石流狀況。 ／ （三）獲知上游河川水位暴漲或土石流時，應即通知作業勞工迅即撤離。 ／ （四）發覺作業勞工不及撤離時，應即啟動緊急應變體系，展開救援行動。
OSH-36	OSH	營造安全衛生設施標準	第16條		雇主使勞工於有遭受溺水或土石流淹沒危險之地區中作業，應依下列規定辦理： ／ 一、依作業環境、河川特性擬訂緊急應變計畫，內容應包括通報系統、撤離程序、救援程序，並訓練勞工使用各種逃生、救援器材。 ／ 二、對於第十四條及前條之救生衣、救生圈、救生繩索、救生船、警報系統、連絡器材等應維護保養。作業期間應每日實施檢點，以保持性能。 ／ 三、通報系統之通報單位、救援單位等之連絡人員姓名、電話等，應揭示於工務所顯明易見處。 ／ 四、第一款規定之緊急應變計畫、訓練紀錄，第二款規定之逃生、救援器材之維護保養、檢點紀錄，在完工前，應留存備查。
OSH-36	OSH	營造安全衛生設施標準	第17條		雇主對於高度二公尺以上之工作場所，勞工作業有墜落之虞者，應訂定墜落災害防止計畫，依下列風險控制之先後順序規劃，並採取適當墜落災害防止設施： ／ 一、經由設計或工法之選擇，儘量使勞工於地面完成作業，減少高處作業項目。 ／ 二、經由施工程序之變更，優先施作永久構造物之上下設備或防墜設施。 ／ 三、設置護欄、護蓋。 ／ 四、張掛安全網。 ／ 五、設置警示線系統。 ／ 六、限制作業人員進入管制區。 ／ 七、使勞工佩掛安全帶。 ／ 八、對於因開放邊線、組模作業、收尾作業等及採取第一款至第四款規定之設施致增加其作業危險者，應訂定保護計畫並實施。
OSH-36	OSH	營造安全衛生設施標準	第18條		雇主使勞工於屋頂從事作業時，應指派專人督導，並依下列規定辦理： ／ 一、因屋頂斜度、屋面性質或天候等因素，致勞工有墜落、滾落之虞者，應採取適當安全措施。 ／ 二、於斜度大於三十四度，即高底比為二比三以上，或為滑溜之屋頂，從事作業者，應設置適當之護欄，支承穩妥且寬度在四十公分以上之適當工作臺及數量充分、安裝牢穩之適當梯子。但設置護欄有困難者，應提供背負式安全帶使勞工佩掛，並掛置於堅固錨錠、可供鈎掛之堅固物件或安全母索等裝置上。 ／ 三、於易踏穿材料構築之屋頂作業時，應先規劃安全通道，於屋架上設置適當強度，且寬度在三十公分以上之踏板，並於下方適當範圍裝設堅固格柵或安全網等防墜設施。但雇主設置踏板面積已覆蓋全部易踏穿屋頂或採取其他安全工法，致無踏穿墜落之虞者，不在此限。 ／ 於前項第三款之易踏穿材料構築屋頂作業時，雇主應指派屋頂作業主管於現場辦理下列事項： ／ 一、決定作業方法，指揮勞工作業。 ／ 二、實施檢點，檢查材料、工具、器具等，並汰換其不良品。 ／ 三、監督勞工確實使用個人防護具。 ／ 四、確認安全衛生設備及措施之有效狀況。 ／ 五、前二款未確認前，應管制勞工或其他人員不得進入作業。 ／ 六、其他為維持作業勞工安全衛生所必要之設備及措施。 ／ 前項第二款之汰換不良品規定，對於進行拆除作業之待拆物件不適用之。
OSH-36	OSH	營造安全衛生設施標準	第18條之1		（刪除）
OSH-36	OSH	營造安全衛生設施標準	第19條		雇主對於高度二公尺以上之屋頂、鋼梁、開口部分、階梯、樓梯、坡道、工作臺、擋土牆、擋土支撐、施工構臺、橋梁墩柱及橋梁上部結構、橋臺等場所作業，勞工有遭受墜落危險之虞者，應於該處設置護欄、護蓋或安全網等防護設備。 ／ 雇主設置前項設備有困難，或因作業之需要臨時將護欄、護蓋或安全網等防護設備開啟或拆除者，應採取使勞工使用安全帶等防止墜落措施。但其設置困難之原因消失後，應依前項規定辦理。
OSH-36	OSH	營造安全衛生設施標準	第20條		雇主依規定設置之護欄，應依下列規定辦理： ／ 一、具有高度九十公分以上之上欄杆、中間欄杆或等效設備（以下簡稱中欄杆）、腳趾板及杆柱等構材；其上欄杆、中欄杆及地盤面與樓板面間之上下開口距離，應不大於五十五公分。 ／ 二、以木材構成者，其規格如下： ／ （一）上欄杆應平整，且其斷面應在三十平方公分以上。 ／ （二）中欄杆斷面應在二十五平方公分以上。 ／ （三）腳趾板高度應在十公分以上，厚度在一公分以上，並密接於地盤面或樓板面舖設。 ／ （四）杆柱斷面應在三十平方公分以上，相鄰間距不得超過二公尺。 ／ 三、以鋼管構成者，其上欄杆、中欄杆及杆柱之直徑均不得小於三點八公分，杆柱相鄰間距不得超過二點五公尺。 ／ 四、採用前二款以外之其他材料或型式構築者，應具同等以上之強度。 ／ 五、任何型式之護欄，其杆柱、杆件之強度及錨錠，應使整個護欄具有抵抗於上欄杆之任何一點，於任何方向加以七十五公斤之荷重，而無顯著變形之強度。 ／ 六、除必須之進出口外，護欄應圍繞所有危險之開口部分。 ／ 七、護欄前方二公尺內之樓板、地板，不得堆放任何物料、設備，並不得使用梯子、合梯、踏凳作業及停放車輛機械供勞工使用。但護欄高度超過堆放之物料、設備、梯、凳及車輛機械之最高部達九十公分以上，或已採取適當安全設施足以防止墜落者，不在此限。 ／ 八、以金屬網、塑膠網遮覆上欄杆、中欄杆與樓板或地板間之空隙者，依下列規定辦理： ／ （一）得不設腳趾板。但網應密接於樓板或地板，且杆柱之間距不得超過一點五公尺。 ／ （二）網應確實固定於上欄杆、中欄杆及杆柱。 ／ （三）網目大小不得超過十五平方公分。 ／ （四）固定網時，應有防止網之反彈設施。
OSH-36	OSH	營造安全衛生設施標準	第21條		雇主設置之護蓋，應依下列規定辦理： ／ 一、應具有能使人員及車輛安全通過之強度。 ／ 二、應以有效方法防止滑溜、掉落、掀出或移動。 ／ 三、供車輛通行者，得以車輛後軸載重之二倍設計之，並不得妨礙車輛之正常通行。 ／ 四、為柵狀構造者，柵條間隔不得大於三公分。 ／ 五、上面不得放置機動設備或超過其設計強度之重物。 ／ 六、臨時性開口處使用之護蓋，表面漆以黃色並書以警告訊息。
OSH-36	OSH	營造安全衛生設施標準	第22條		雇主設置之安全網，應依下列規定辦理： ／ 一、安全網之材料、強度、檢驗及張掛方式，應符合下列國家標準規定之一： ／ （一）CNS 14252。 ／ （二）CNS 16079-1及CNS16079-2。 ／ 二、工作面至安全網架設平面之攔截高度，不得超過七公尺。但鋼構組配作業得依第一百五十一條之規定辦理。 ／ 三、為足以涵蓋勞工墜落時之拋物線預測路徑範圍，使用於結構物四周之安全網時，應依下列規定延伸適當之距離。但結構物外緣牆面設置垂直式安全網者，不在此限： ／ （一）攔截高度在一點五公尺以下者，至少應延伸二點五公尺。 ／ （二）攔截高度超過一點五公尺且在三公尺以下者，至少應延伸三公尺。 ／ （三）攔截高度超過三公尺者，至少應延伸四公尺。 ／ 四、工作面與安全網間不得有障礙物；安全網之下方應有足夠之淨空，以避免墜落人員撞擊下方平面或結構物。 ／ 五、材料、垃圾、碎片、設備或工具等掉落於安全網上，應即清除。 ／ 六、安全網於攔截勞工或重物後應即測試，其防墜性能不符第一款之規定時，應即更換。 ／ 七、張掛安全網之作業勞工應在適當防墜設施保護之下，始可進行作業。 ／ 八、安全網及其組件每週應檢查一次。有磨損、劣化或缺陷之安全網，不得繼續使用。
OSH-36	OSH	營造安全衛生設施標準	第23條		雇主提供勞工使用之安全帶或安裝安全母索時，應依下列規定辦理： ／ 一、安全帶之材料、強度及檢驗應符合國家標準CNS 7534高處作業用安全帶、CNS 6701安全帶（繫身型）、CNS 14253背負式安全帶、CNS 14253-1全身背負式安全帶及CNS 7535高處作業用安全帶檢驗法之規定。 ／ 二、安全母索得由鋼索、尼龍繩索或合成纖維之材質構成，其最小斷裂強度應在二千三百公斤以上。 ／ 三、安全帶或安全母索繫固之錨錠，至少應能承受每人二千三百公斤之拉力。 ／ 四、安全帶之繫索或安全母索應予保護，避免受切斷或磨損。 ／ 五、安全帶或安全母索不得鈎掛或繫結於護欄之杆件。但該等杆件之強度符合第三款規定者，不在此限。 ／ 六、安全帶、安全母索及其配件、錨錠，在使用前或承受衝擊後，應進行檢查，有磨損、劣化、缺陷或其強度不符第一款至第三款之規定者，不得再使用。 ／ 七、勞工作業中，需使用補助繩移動之安全帶，應具備補助掛鈎，以供勞工作業移動中可交換鈎掛使用。但作業中水平移動無障礙，中途不需拆鈎者，不在此限。 ／ 八、水平安全母索之設置，應依下列規定辦理： ／ （一）水平安全母索之設置高度應大於三點八公尺，相鄰二錨錠點間之最大間距得採下式計算之值，其計算值超過十公尺者，以十公尺計： ／ L=4（H-3）， ／ 其中H≧3.8，且L≦10 ／ L：母索錨錠點之間距（單位：公尺） ／ H：垂直淨空高度（單位：公尺） ／ （二）錨錠點與另一繫掛點間、相鄰二錨錠點間或母索錨錠點間之安全母索僅能繫掛一條安全帶。 ／ （三）每條安全母索能繫掛安全帶之條數，應標示於母索錨錠端。 ／ 九、垂直安全母索之設置，應依下列規定辦理： ／ （一）安全母索之下端應有防止安全帶鎖扣自尾端脫落之設施。 ／ （二）每條安全母索應僅提供一名勞工使用。但勞工作業或爬昇位置之水平間距在一公尺以下者，得二人共用一條安全母索。
OSH-36	OSH	營造安全衛生設施標準	第24條		雇主對於坡度小於十五度之勞工作業區域，距離開口部分、開放邊線或其他有墜落之虞之地點超過二公尺時，得設置警示線、管制通行區，代替護欄、護蓋或安全網之設置。 ／ 設置前項之警示線、管制通行區，應依下列規定辦理： ／ 一、警示線應距離開口部分、開放邊線二公尺以上。 ／ 二、每隔二點五公尺以下設置高度九十公分以上之杆柱，杆柱之上端及其二分之一高度處，設置黃色或紅色之警示繩、帶，其最小張力強度至少二百二十五公斤以上。 ／ 三、作業進行中，應禁止作業勞工跨越警示線。 ／ 四、管制通行區之設置依前三款之規定辦理，僅供作業相關勞工通行。
OSH-36	OSH	營造安全衛生設施標準	第25條		雇主對廢止使用之開口應予封閉，對暫不使用之開口應採取加蓋等設備，以防止勞工墜落。
OSH-36	OSH	營造安全衛生設施標準	第26條		雇主對於置放於高處，位能超過十二公斤‧公尺之物件有飛落之虞者，應予以固定之。
OSH-36	OSH	營造安全衛生設施標準	第27條		雇主設置覆網攔截位能小於十二公斤‧公尺之高處物件時，應依下列規定辦理： ／ 一、方形、菱形之網目任一邊長不得大於二公分，其餘形狀之網目，每一網目不得大於四平方公分，其強度應能承受直徑四十五公分、重七十五公斤之物體自高度一公尺處落下之衝擊力，其張掛方式比照第二十二條第一款之安全網規定。 ／ 二、覆網下之最低點應離作業勞工工作平面三公尺以上，如其距離不足三公尺，應改以其他設施防護。 ／ 三、覆網攔截之飛落物件應隨時清理。 ／ 四、覆網有劣化、破損、腐蝕等情況應即更換。
OSH-36	OSH	營造安全衛生設施標準	第28條		雇主不得使勞工以投擲之方式運送任何物料。但採取下列安全設施者不在此限： ／ 一、劃定充分適當之滑槽承受飛落物料區域，設置能阻擋飛落物落地彈跳之圍屏，並依第二十四條第二項第二款之規定設置警示線。 ／ 二、設置專責監視人員於地面全時監視，嚴禁人員進入警示線之區域內，非俟停止投擲作業，不得使勞工進入。 ／ 前項作業遇強風大雨，致物料有飛落偏離警示線區域之虞時，應即停止作業。
OSH-36	OSH	營造安全衛生設施標準	第29條		雇主對於營造用各類物料之儲存、堆積及排列，應井然有序；且不得儲存於距庫門或升降機二公尺範圍以內或足以妨礙交通之地點。倉庫內應設必要之警告標示、護圍及防火設備。
OSH-36	OSH	營造安全衛生設施標準	第30條		雇主對於放置各類物料之構造物或平臺，應具安全之負荷強度。
OSH-36	OSH	營造安全衛生設施標準	第31條		雇主對於各類物料之儲存，應妥為規劃，不得妨礙火警警報器、滅火器、急救設備、通道、電氣開關及保險絲盒等緊急設備之使用狀態。
OSH-36	OSH	營造安全衛生設施標準	第32條		雇主對於鋼材之儲存，應依下列規定辦理： ／ 一、預防傾斜、滾落，必要時應用纜索等加以適當捆紮。 ／ 二、儲存之場地應為堅固之地面。 ／ 三、各堆鋼材之間應有適當之距離。 ／ 四、置放地點應避免在電線下方或上方。 ／ 五、採用起重機吊運鋼材時，應將鋼材重量等顯明標示，以便易於處理及控制其起重負荷量，並避免在電力線下操作。
OSH-36	OSH	營造安全衛生設施標準	第33條		雇主對於砂、石等之堆積，應依下列規定辦理： ／ 一、不得妨礙勞工出入，並避免於電線下方或接近電線之處。 ／ 二、堆積場於勞工進退路處，不得有任何懸垂物。 ／ 三、砂、石清倉時，應使勞工佩掛安全帶並設置監視人員。 ／ 四、堆積場所經常灑水或予以覆蓋，以避免塵土飛揚。
OSH-36	OSH	營造安全衛生設施標準	第34條		雇主對於樁、柱、鋼套管、鋼筋籠等易滑動、滾動物件之堆放，應置於堅實、平坦之處，並加以適當之墊襯、擋樁或其他防止滑動之必要措施。
OSH-36	OSH	營造安全衛生設施標準	第35條		雇主對於磚、瓦、木塊、管料、鋼筋、鋼材或相同及類似營建材料之堆放，應置放於穩固、平坦之處，整齊緊靠堆置，其高度不得超過一點八公尺，儲存位置鄰近開口部分時，應距離該開口部分二公尺以上。
OSH-36	OSH	營造安全衛生設施標準	第36條		雇主對於袋裝材料之儲存，應依下列規定辦理，以保持穩定； ／ 一、堆放高度不得超過十層。 ／ 二、至少每二層交錯一次方向。 ／ 三、五層以上部分應向內退縮，以維持穩定。 ／ 四、交錯方向易引起材料變質者，得以不影響穩定之方式堆放。
OSH-36	OSH	營造安全衛生設施標準	第37條		雇主對於管料之儲存，應依下列規定辦理： ／ 一、儲存於堅固而平坦之臺架上，並預防尾端突出、伸展或滾落。 ／ 二、依規格大小及長度分別排列，以利取用。 ／ 三、分層疊放，每層中置一隔板，以均勻壓力及防止管料滑出。 ／ 四、管料之置放，避免在電線上方或下方。
OSH-36	OSH	營造安全衛生設施標準	第38條		（刪除）
OSH-36	OSH	營造安全衛生設施標準	第39條		雇主對於不能藉高空工作車或其他方法安全完成之二公尺以上高處營造作業，應設置適當之施工架。
OSH-36	OSH	營造安全衛生設施標準	第40條		雇主對於施工構臺、懸吊式施工架、懸臂式施工架、高度七公尺以上且立面面積達三百三十平方公尺之施工架、高度七公尺以上之吊料平臺、升降機直井工作臺、鋼構橋橋面板下方工作臺或其他類似工作臺等之構築及拆除，應依下列規定辦理： ／ 一、事先就預期施工時之最大荷重，應由所僱之專任工程人員或委由相關執業技師，依結構力學原理妥為設計，置備施工圖說及強度計算書，經簽章確認後，據以執行。 ／ 二、建立按施工圖說施作之查驗機制。 ／ 三、設計、施工圖說、簽章確認紀錄及查驗等相關資料，於未完成拆除前，應妥存備查。 ／ 有變更設計時，其強度計算書及施工圖說，應重新製作，並依前項規定辦理。
OSH-36	OSH	營造安全衛生設施標準	第41條		雇主對於懸吊式施工架、懸臂式施工架及高度五公尺以上施工架之組配及拆除（以下簡稱施工架組配）作業，應指派施工架組配作業主管於作業現場辦理下列事項： ／ 一、決定作業方法，指揮勞工作業。 ／ 二、實施檢點，檢查材料、工具、器具等，並汰換其不良品。 ／ 三、監督勞工確實使用個人防護具。 ／ 四、確認安全衛生設備及措施之有效狀況。 ／ 五、前二款未確認前，應管制勞工或其他人員不得進入作業。 ／ 六、其他為維持作業勞工安全衛生所必要之設備及措施。 ／ 前項第二款之汰換不良品規定，對於進行拆除作業之待拆物件不適用之。
OSH-36	OSH	營造安全衛生設施標準	第42條		雇主使勞工從事施工架組配作業，應依下列規定辦理： ／ 一、將作業時間、範圍及順序等告知作業勞工。 ／ 二、禁止作業無關人員擅自進入組配作業區域內。 ／ 三、強風、大雨、大雪等惡劣天候，實施作業預估有危險之虞時，應即停止作業。 ／ 四、於紮緊、拆卸及傳遞施工架構材等之作業時，設寬度在二十公分以上之施工架踏板，並採取使勞工使用安全帶等防止發生勞工墜落危險之設備與措施。 ／ 五、吊升或卸放材料、器具、工具等時，要求勞工使用吊索、吊物專用袋。 ／ 六、構築使用之材料有突出之釘類均應釘入或拔除。 ／ 七、對於使用之施工架，事前依本標準及其他安全規定檢查後，始得使用。 ／ 勞工進行前項第四款之作業而被要求使用安全帶等時，應遵照使用之。
OSH-36	OSH	營造安全衛生設施標準	第43條		雇主對於構築施工架之材料，應依下列規定辦理： ／ 一、不得有顯著之損壞、變形或腐蝕。 ／ 二、使用之竹材，應以竹尾末梢外徑四公分以上之圓竹為限，且不得有裂隙或腐蝕者，必要時應加防腐處理。 ／ 三、使用之木材，不得有顯著損及強度之裂隙、蛀孔、木結、斜紋等，並應完全剝除樹皮，方得使用。 ／ 四、使用之木材，不得施以油漆或其他處理以隱蔽其缺陷。 ／ 五、使用之鋼材等金屬材料，應符合國家標準 CNS4750  鋼管施工架同等以上抗拉強度。
OSH-36	OSH	營造安全衛生設施標準	第44條		雇主對於施工架及施工構臺，應經常予以適當之保養並維持各部分之牢穩。
OSH-36	OSH	營造安全衛生設施標準	第45條		雇主為維持施工架及施工構臺之穩定，應依下列規定辦理： ／ 一、施工架及施工構臺不得與混凝土模板支撐或其他臨時構造連接。 ／ 二、對於未能與結構體連接之施工架，應以斜撐材或其他相關設施作適當而充分之支撐。 ／ 三、施工架在適當之垂直、水平距離處與構造物妥實連接，其間隔在垂直方向以不超過五點五公尺，水平方向以不超過七點五公尺為限。但獨立而無傾倒之虞或已依第五十九條第五款規定辦理者，不在此限。 ／ 四、因作業需要而局部拆除繫牆桿、壁連座等連接設施時，應採取補強或其他適當安全設施，以維持穩定。 ／ 五、獨立之施工架在該架最後拆除前，至少應有三分之一之踏腳桁不得移動，並使之與橫檔或立柱紮牢。 ／ 六、鬆動之磚、排水管、煙囪或其他不當材料，不得用以建造或支撐施工架及施工構臺。 ／ 七、施工架及施工構臺之基礎地面應平整，且夯實緊密，並襯以適當材質之墊材，以防止滑動或不均勻沈陷。
OSH-36	OSH	營造安全衛生設施標準	第46條		雇主對於施工架上物料之運送、儲存及荷重之分配，應依下列規定辦理： ／ 一、於施工架上放置或搬運物料時，避免施工架發生突然之振動。 ／ 二、施工架上不得放置或運轉動力機械及設備，或以施工架作為固定混凝土輸送管、垃圾管槽之用，以免因振動而影響作業安全。但無作業危險之虞者，不在此限。 ／ 三、施工架上之載重限制應於明顯易見之處明確標示，並規定不得超過其荷重限制及應避免發生不均衡現象。 ／ 雇主對於施工構臺上物料之運送、儲存及荷重之分配，準用前項第一款及第三款規定。
OSH-36	OSH	營造安全衛生設施標準	第47條		雇主不得使勞工在施工架上使用梯子、合梯或踏凳等從事作業。
OSH-36	OSH	營造安全衛生設施標準	第48條		雇主使勞工於高度二公尺以上施工架上從事作業時，應依下列規定辦理： ／ 一、應供給足夠強度之工作臺。 ／ 二、工作臺寬度應在四十公分以上並舖滿密接之踏板，其支撐點應有二處以上，並應綁結固定，使其無脫落或位移之虞，踏板間縫隙不得大於三公分。 ／ 三、活動式踏板使用木板時，其寬度應在二十公分以上，厚度應在三點五公分以上，長度應在三點六公尺以上；寬度大於三十公分時，厚度應在六公分以上，長度應在四公尺以上，其支撐點應有三處以上，且板端突出支撐點之長度應在十公分以上，但不得大於板長十八分之一，踏板於板長方向重疊時，應於支撐點處重疊，重疊部分之長度不得小於二十公分。 ／ 四、工作臺應低於施工架立柱頂點一公尺以上。 ／ 前項第三款之板長，於狹小空間場所得不受限制。
OSH-36	OSH	營造安全衛生設施標準	第49條		（刪除）
OSH-36	OSH	營造安全衛生設施標準	第50條		（刪除）
OSH-36	OSH	營造安全衛生設施標準	第51條		雇主於施工架上設置人員上下設備時，應依下列規定辦理： ／ 一、確實檢查施工架各部分之穩固性，必要時應適當補強，並將上下設備架設處之立柱與建築物之堅實部分牢固連接。 ／ 二、施工架任一處步行至最近上下設備之距離，應在三十公尺以下。
OSH-36	OSH	營造安全衛生設施標準	第52條		雇主構築施工架時，有鄰近結構物之周遭或跨越工作走道者，應於其下方設計斜籬及防護網等，以防止物體飛落引起災害。
OSH-36	OSH	營造安全衛生設施標準	第53條		雇主構築施工架時，有鄰近或跨越車輛通道者，應於該通道設置護籠等安全設施，以防車輛之碰撞危險。
OSH-36	OSH	營造安全衛生設施標準	第54條		雇主對於原木施工架，應依下列規定辦理： ／ 一、立柱應垂直或稍向構造物傾斜，應有適當之排列間距，且不大於二點五公尺。 ／ 二、立柱柱腳應依土壤性質，埋入適當深度或襯以墊板、座鈑等以防止滑動或下沈。 ／ 三、立柱延伸之接頭屬搭接式接頭者，其搭接部份應有一公尺以上之長度，且捆綁二處以上，屬對接式接頭者，應以一點八公尺以上長度之補強材捆綁於二對接之立柱，並捆綁四處以上。 ／ 四、二施工架於一構造物之轉角處相遇時，於該轉角處之施工架外面，至少應裝一立柱或採取其它補強措施。 ／ 五、施工架之橫檔應確實平放，並以螺栓、鐵鉤、繩索或其他方法使與立柱紮結牢固。橫檔垂直間距不得超過四公尺以上，其最低位置不得高於地面三公尺以上。 ／ 六、水平位置連接之橫檔接頭，至少應重疊一公尺以上，其連接端應緊紮於立柱上。但經採用特殊方法，足以保持其受力之均衡者，不在此限。 ／ 七、施工架上之踏腳桁，應依下列規定： ／ （一）應平直並與橫檔紮牢。 ／ （二）不用橫檔時，踏腳桁應紮緊於立柱上，並用已紮穩之三角木支撐。 ／ （三）踏腳桁之一端利用牆壁支撐時，則該端至少應有十公分深之接觸面。 ／ （四）踏腳桁之尺寸，應依預期之荷重決定。 ／ （五）支持工作臺之兩相鄰踏腳桁之間距，應視預期載重及工作臺舖板之材質及厚度定之。以不及四公分厚之踏板構築者，間距不得超過一公尺；以四至五公分厚之踏板構築者，不得超過一點五公尺；以五公分厚以上之踏板構築者，不得超過二公尺。 ／ 八、施工架之立柱、橫檔、踏腳桁之連接及交叉部分，應以鐵線、螺栓或其他適當方式紮結牢固，並以適當之斜撐材及對角撐材補強。
OSH-36	OSH	營造安全衛生設施標準	第55條		雇主對於使用圓竹構築之施工架，應依下列規定辦理： ／ 一、以獨立直柱式施工架為限。 ／ 二、立柱間距不得大於一．八公尺，其柱腳之固定應依前條第二款之規定。 ／ 三、主柱、橫檔之延伸應於節點處搭接，並以十號以下鍍鋅鐵線紮結牢固，其搭接長度、方式應依前條第三款之規定。 ／ 四、橫檔垂直間距不得大於二公尺，其最低位置不得高於地面二公尺以上。 ／ 五、踏腳桁以使用木材為原則，並依前條第七款之規定。 ／ 六、立柱、橫檔、踏腳桁之連接及交叉部分應以鐵線或其它適當方法紮結牢固，並以適當之斜撐材及對角撐材使整個施工架構築穩固。 ／ 七、二施工架於一構造物之轉角處相遇時，於該轉角處之施工架外面，至少應裝一立柱。
OSH-36	OSH	營造安全衛生設施標準	第56條		雇主對於懸吊式施工架，應依下列規定辦理： ／ 一、懸吊架及其他受力構件應具有充分強度，並確實安裝及繫固。 ／ 二、工作臺寬度不得小於四十公分，且不得有隙縫。但於工作臺下方及側方已裝設安全網及防護網等，足以防止勞工墜落或物體飛落者，不在此限。 ／ 三、吊纜或懸吊鋼索之安全係數應在十以上，吊鈎之安全係數應在五以上，施工架下方及上方支座之安全係數，其為鋼材者應在二點五以上；其為木材者應在五以上。 ／ 四、懸吊之鋼索，不得有下列情形之一： ／ （一）鋼索一撚間有百分之十以上素線截斷者。 ／ （二）直徑減少達公稱直徑百分之七以上者。 ／ （三）有顯著變形或腐蝕者。 ／ （四）已扭結者。 ／ 五、懸吊之鏈條，不得有下列情形之一： ／ （一）延伸長度超過該鏈條製造時長度百分之五以上者。 ／ （二）鏈條斷面直徑減少超過該鏈條製造時斷面直徑百分之十以上者。 ／ （三）有龜裂者。 ／ 六、懸吊之鋼線及鋼帶，不得有顯著損傷、變形或腐蝕者。 ／ 七、懸吊之纖維索，不得有下列情形之一： ／ （一）股線截斷者。 ／ （二）有顯著損傷或變形者。 ／ 八、懸吊之鋼索、鏈條、鋼線、鋼帶或纖維索，應確實安裝繫固，一端繫於施工架桁架、橫梁等，另一端繫於梁、錨錠裝置或建築物之梁等。 ／ 九、工作臺之踏板，應固定於施工架之桁架或橫梁，不得有位移或脫落情形。 ／ 十、施工架之桁架、橫梁及工作臺，應採用控索等設施，以防止搖動或位移。 ／ 十一、設置吊棚式施工架時，橫梁之連接處及交叉處，應使用連接接頭或繫固接頭，確實連接及繫固，每一橫梁應有三處以上之懸吊點支持。
OSH-36	OSH	營造安全衛生設施標準	第57條		雇主對於棧橋式施工架，應依下列規定辦理： ／ 一、其寬度應使工作臺留有足夠運送物料及人員通行無阻之空間。 ／ 二、棧橋應架設牢固以防止移動，並具適當之強度。 ／ 三、不能構築兩層以上。 ／ 四、構築高度不得高出地面或地板四公尺以上者。 ／ 五、不得建於輕型懸吊式施工架之上。
OSH-36	OSH	營造安全衛生設施標準	第58條		雇主對於懸臂式施工架，應依下列規定辦理： ／ 一、依其長度及斷面，設計足夠之強度，必要時以斜撐補強，並與構造物妥為錨定。 ／ 二、施工架之各部分，應以構造物之堅固部分支持之。 ／ 三、工作臺置於嵌入牆內之托架上者，該托架應設斜撐並與牆壁紮牢。
OSH-36	OSH	營造安全衛生設施標準	第59條		雇主對於鋼管施工架之設置，應依下列規定辦理： ／ 一、使用國家標準CNS 4750型式之施工架，應符合國家標準同等以上之規定；其他型式之施工架，其構材之材料抗拉強度、試驗強度及製造，應符合國家標準CNS 4750同等以上之規定。 ／ 二、前款設置之施工架，於提供使用前應確認符合規定，並於明顯易見之處明確標示。 ／ 三、裝有腳輪之移動式施工架，勞工作業時，其腳部應以有效方法固定之；勞工於其上作業時，不得移動施工架。 ／ 四、構件之連接部分或交叉部分，應以適當之金屬附屬配件確實連接固定，並以適當之斜撐材補強。 ／ 五、屬於直柱式施工架或懸臂式施工架者，應依下列規定設置與建築物連接之壁連座連接： ／ （一）間距應小於下表所列之值為原則。 ／ ┌─────────────────┬─────────┐ ／ │鋼管施工架之種類                  │間距（單位：公尺）│ ／ │                                  ├────┬────┤ ／ │                                  │垂直方向│水平方向│ ／ ├─────────────────┼────┼────┤ ／ │單管施工架                        │五      │五點五  │ ／ ├─────────────────┼────┼────┤ ／ │框式施工架（高度未滿五公尺者除外）│九      │八      │ ／ └─────────────────┴────┴────┘ ／ （二）應以鋼管或原木等使該施工架構築堅固。 ／ （三）以抗拉材料與抗壓材料合構者，抗壓材與抗拉材之間距應在一公尺以下。 ／ 六、接近高架線路設置施工架，應先移設高架線路或裝設絕緣用防護裝備或警告標示等措施，以防止高架線路與施工架接觸。 ／ 七、使用伸縮桿件及調整桿時，應將其埋入原桿件足夠深度，以維持穩固，並將插銷鎖固。 ／ 前項第一款因工程施作需要，將內側交叉拉桿移除者，其內側應設置水平構件，並與立架連結穩固，提供施工架必要強度，以防止作業勞工墜落危害。 ／ 前項內側以水平構件替換交叉拉桿之施工架，替換後之整體施工架強度計算，除依第四十條規定辦理外，其水平構件強度應與國家標準CNS 4750相當。
OSH-36	OSH	營造安全衛生設施標準	第60條		雇主對於單管式鋼管施工架之構築，應依下列規定辦理： ／ 一、立柱之間距：縱向為一點八五公尺以下；梁間方向為一點五公尺以下。 ／ 二、橫檔垂直間距不得大於二公尺。距地面上第一根橫檔應置於二公尺以下之位置。 ／ 三、立柱之上端量起自三十一公尺以下部分之立柱，應使用二根鋼管。 ／ 四、立柱之載重應以四百公斤為限。 ／ 雇主因作業之必要而無法依前項第一款之規定，而以補強材有效補強時，不受該款規定之限制。
OSH-36	OSH	營造安全衛生設施標準	第60條之1		雇主對於系統式施工架之構築，應依下列規定辦理： ／ 一、所有立柱、橫桿及斜撐等，應以輪盤、八角盤或其他類似功能之構件及插銷扣件等組配件，連接成一緊密牢固之系統構架，其連接之交叉處不得以各式活扣緊結或鐵線代替。 ／ 二、施工架之金屬材料、管徑、厚度、表面處理、輪盤或八角盤等構件之雙面全周焊接、製造方法及標示等，應符合國家標準CNS4750鋼管施工架之規定。 ／ 三、輪盤、插銷扣件及續連端之金屬材料，應採用 SS400  或具有同等以上抗拉強度之金屬材質。 ／ 四、立柱續連端應有足夠強度，避免立柱初始破壞發生於續連端。 ／ 前項設置之施工架，雇主於提供使用前應確認符合規定，並於明顯易見之處明確標示。
OSH-36	OSH	營造安全衛生設施標準	第61條		雇主對於框式鋼管式施工架之構築，應依下列規定辦理： ／ 一、最上層及每隔五層應設置水平梁。 ／ 二、框架與托架，應以水平牽條或鉤件等，防止水平滑動。 ／ 三、高度超過二十公尺及架上載有物料者，主框架應在二公尺以下，且其間距應保持在一點八五公尺以下。
OSH-36	OSH	營造安全衛生設施標準	第62條		雇主對於同一作業場所使用之鋼管，其厚度、外徑及強度相異時，為防止鋼管之混淆，應分別對該鋼管以顏色或其他方式標示等，使勞工易於識別。
OSH-36	OSH	營造安全衛生設施標準	第62條之1		雇主對於施工構臺，應依下列規定辦理： ／ 一、支柱應依施工場所之土壤性質，埋入適當深度或於柱腳部襯以墊板、座鈑等以防止滑動或下沈。 ／ 二、支柱、支柱之水平繫材、斜撐材及構臺之梁等連結部分、接觸部分及安裝部分，應以螺栓或鉚釘等金屬之連結器材固定，以防止變位或脫落。 ／ 三、高度二公尺以上構臺之覆工板等板料間隙應在三公分以下。 ／ 四、構臺設置寬度應足供所需機具運轉通行之用，並依施工計畫預留起重機外伸撐座伸展及材料堆置之場地。
OSH-36	OSH	營造安全衛生設施標準	第62條之2		雇主於施工構臺遭遇強風、大雨等惡劣氣候或四級以上地震後或施工構臺局部解體、變更後，使勞工於施工構臺上作業前，應依下列規定確認主要構材狀況或變化： ／ 一、支柱滑動或下沈狀況。 ／ 二、支柱、構臺之梁等之損傷情形。 ／ 三、構臺覆工板之損壞或舖設狀況。 ／ 四、支柱、支柱之水平繫材、斜撐材及構臺之梁等連結部分、接觸部分及安裝部分之鬆動狀況。 ／ 五、螺栓或鉚釘等金屬之連結器材之損傷及腐蝕狀況。 ／ 六、支柱之水平繫材、斜撐材等補強材之安裝狀況及有無脫落。 ／ 七、護欄等有無被拆下或脫落。 ／ 前項狀況或變化，有異常未經改善前，不得使勞工作業。
OSH-36	OSH	營造安全衛生設施標準	第63條		雇主僱用勞工從事露天開挖作業，為防止地面之崩塌及損壞地下埋設物致有危害勞工之虞，應事前就作業地點及其附近，施以鑽探、試挖或其他適當方法從事調查，其調查內容，應依下列規定： ／ 一、地面形狀、地層、地質、鄰近建築物及交通影響情形等。 ／ 二、地面有否龜裂、地下水位狀況及地層凍結狀況等。 ／ 三、有無地下埋設物及其狀況。 ／ 四、地下有無高溫、危險或有害之氣體、蒸氣及其狀況。 ／ 依前項調查結果擬訂開挖計畫，其內容應包括開挖方法、順序、進度、使用機械種類、降低水位、穩定地層方法及土壓觀測系統等。
OSH-36	OSH	營造安全衛生設施標準	第64條		雇主僱用勞工以人工開挖方式從事露天開挖作業，其自由面之傾斜度，應依下列規定辦理： ／ 一、由砂質土壤構成之地層，其開挖面之傾斜度不得大於水平一．五與垂直一之比（三十五度），其開挖面高度應不超過五公尺。 ／ 二、因爆破等易引起崩壞、崩塌或龜裂狀態之地層，其開挖面之傾斜度不得大於水平一與垂直一之比（四十五度），其開挖面高度應不超過二公尺。 ／ 三、岩磐（可能引致崩塌或岩石飛落之龜裂岩磐除外）或堅硬之粘土構成之地層，及穩定性較高之其他地層之開挖面之傾斜度，應依下表之規定。 ／ ┌─────────────┬─────┬──────┐ ／ │地層之種類                │開挖面高度│開挖面傾斜度│ ／ ├─────────────┼─────┼──────┤ ／ │岩盤或堅硬之黏土構成之地層│未滿五公尺│九十度以下  │ ／ │                          ├─────┼──────┤ ／ │                          │五公尺以上│七十五度以下│ ／ ├─────────────┼─────┼──────┤ ／ │其他                      │未滿二公尺│九十度以下  │ ／ │                          ├─────┼──────┤ ／ │                          │二公尺以上│            │ ／ │                          │未滿五公尺│七十五度以下│ ／ │                          ├─────┼──────┤ ／ │                          │五公尺以上│六十度以下  │ ／ └─────────────┴─────┴──────┘ ／ 若開挖面含有不同地層時，應採取較安全之開挖傾斜度，如依統一土壤分類法細分之各種地質計算出其所允許開挖深度及開挖角度施工者，得依其方式施工。
OSH-36	OSH	營造安全衛生設施標準	第65條		雇主僱用勞工從事露天開挖作業時，為防止地面之崩塌或土石之飛落，應採取下列措施： ／ 一、作業前、大雨或四級以上地震後，應指定專人確認作業地點及其附近之地面有無龜裂、有無湧水、土壤含水狀況、地層凍結狀況及其地層變化等情形，並採取必要之安全措施。 ／ 二、爆破後，應指定專人檢查爆破地點及其附近有無浮石或龜裂等狀況，並採取必要之安全措施。 ／ 三、開挖出之土石應常清理，不得堆積於開挖面之上方或與開挖面高度等值之坡肩寬度範圍內。 ／ 四、應有勞工安全進出作業場所之措施。 ／ 五、應設置排水設備，隨時排除地面水及地下水。
OSH-36	OSH	營造安全衛生設施標準	第66條		雇主使勞工從事露天開挖作業，為防止土石崩塌，應指定專人，於作業現場辦理下列事項。但開挖垂直深度達一點五公尺以上者，應指定露天開挖作業主管： ／ 一、決定作業方法，指揮勞工作業。 ／ 二、實施檢點，檢查材料、工具、器具等，並汰換其不良品。 ／ 三、監督勞工確實使用個人防護具。 ／ 四、確認安全衛生設備及措施之有效狀況。 ／ 五、前二款未確認前，應管制勞工或其他人員不得進入作業。 ／ 六、其他為維持作業勞工安全衛生所必要之設備及措施。
OSH-36	OSH	營造安全衛生設施標準	第67條		雇主於接近磚壁或水泥隔牆等構造物之場所從事開挖作業前，為防止構造物損壞、變形或倒塌致危害勞工，應採取地盤改良及構造物保護等有效之預防設施。
OSH-36	OSH	營造安全衛生設施標準	第68條		雇主對於露天開挖作業，為防止損壞地下管線致危害勞工，應採取懸吊或支撐該管線，或予以移設等必要措施，並指派專人於現場指揮施工。
OSH-36	OSH	營造安全衛生設施標準	第69條		雇主使勞工以機械從事露天開挖作業，應依下列規定辦理： ／ 一、使用之機械有損壞地下電線、電纜、危險或有害物管線、水管等地下埋設物，而有危害勞工之虞者，應妥為規劃該機械之施工方法。 ／ 二、事前決定開挖機械、搬運機械等之運行路線及此等機械進出土石裝卸場所之方法，並告知勞工。 ／ 三、於搬運機械作業或開挖作業時，應指派專人指揮，以防止機械翻覆或勞工自機械後側接近作業場所。 ／ 四、嚴禁操作人員以外之勞工進入營建用機械之操作半徑範圍內。 ／ 五、車輛機械應裝設倒車或旋轉之警示燈及蜂鳴器，以警示周遭其他工作人員。
OSH-36	OSH	營造安全衛生設施標準	第70條		雇主僱用勞工於採光不良之場所從事露天開挖作業，應裝設作業安全所必需之照明設備。
OSH-36	OSH	營造安全衛生設施標準	第71條		雇主僱用勞工從事露天開挖作業，其開挖垂直最大深度應妥為設計；其深度在一點五公尺以上，使勞工進入開挖面作業者，應設擋土支撐。但地質特殊或採取替代方法，經所僱之專任工程人員或委由相關執業技師簽認其安全性者，不在此限。
OSH-36	OSH	營造安全衛生設施標準	第72條		雇主對於供作擋土支撐之材料，不得有顯著之損傷、變形或腐蝕。
OSH-36	OSH	營造安全衛生設施標準	第73條		雇主對於擋土支撐之構築，應依下列規定辦理： ／ 一、依擋土支撐構築處所之地質鑽探資料，研判土壤性質、地下水位、埋設物及地面荷載現況，妥為設計，且繪製詳細構築圖樣及擬訂施工計畫，並據以構築之。 ／ 二、構築圖樣及施工計畫應包括樁或擋土壁體及其他襯板、橫檔、支撐及支柱等構材之材質、尺寸配置、安裝時期、順序、降低水位之方法及土壓觀測系統等。 ／ 三、擋土支撐之設置，應於未開挖前，依照計畫之設計位置先行打樁，或於擋土壁體達預定之擋土深度後，再行開挖。 ／ 四、為防止支撐、橫檔及牽條等之脫落，應確實安裝固定於樁或擋土壁體上。 ／ 五、壓力構材之接頭應採對接，並應加設護材。 ／ 六、支撐之接頭部分或支撐與支撐之交叉部分應墊以承鈑，並以螺栓緊接或採用焊接等方式固定之。 ／ 七、備有中間柱之擋土支撐者，應將支撐確實妥置於中間直柱上。 ／ 八、支撐非以構造物之柱支持者，該支持物應能承受該支撐之荷重。 ／ 九、不得以支撐及橫檔作為施工架或承載重物。但設計時已預作考慮及另行設置支柱或加強時，不在此限。 ／ 十、開挖過程中，應隨時注意開挖區及鄰近地質及地下水位之變化，並採必要之安全措施。 ／ 十一、擋土支撐之構築，其橫檔背土回填應緊密、螺栓應栓緊，並應施加預力。 ／ 前項第一款擋土支撐設計，應由所僱之專任工程人員或委由相關執業技師，依土壤力學原理妥為設計，置備施工圖說及強度計算書，經簽章確認後，據以執行。 ／ 雇主對於擋土支撐之拆除，除依第一項第七款至第九款規定辦理外，並應擬訂拆除計畫據以執行；拆除壓力構件時，應俟壓力完全解除，方得拆除護材。
OSH-36	OSH	營造安全衛生設施標準	第74條		雇主對於擋土支撐組配、拆除（以下簡稱擋土支撐）作業，應指派擋土支撐作業主管於作業現場辦理下列事項： ／ 一、決定作業方法，指揮勞工作業。 ／ 二、實施檢點，檢查材料、工具、器具等，並汰換其不良品。 ／ 三、監督勞工確實使用個人防護具。 ／ 四、確認安全衛生設備及措施之有效狀況。 ／ 五、前二款未確認前，應管制勞工或其他人員不得進入作業。 ／ 六、其他為維持作業勞工安全衛生所必要之設備及措施。 ／ 前項第二款之汰換不良品規定，對於進行拆除作業之待拆物件不適用之。
OSH-36	OSH	營造安全衛生設施標準	第75條		雇主於擋土支撐設置後開挖進行中，除指定專人確認地層之變化外，並於每週或於四級以上地震後，或因大雨等致使地層有急劇變化之虞，或觀測系統顯示土壓變化未按預期行徑時，依下列規定實施檢查： ／ 一、構材之有否損傷、變形、腐蝕、移位及脫落。 ／ 二、支撐桿之鬆緊狀況。 ／ 三、構材之連接部分、固定部分及交叉部分之狀況。 ／ 依前項認有異狀，應即補強、整修採取必要之設施。
OSH-36	OSH	營造安全衛生設施標準	第76條		雇主對於設置擋土支撐之工作場所，必要時應置備加強、修補擋土支撐工程用材料與器材。
OSH-36	OSH	營造安全衛生設施標準	第77條		雇主對於露天開挖場所有地面崩塌或土石飛落之虞時，應依地質及環境狀況，設置適當擋土支撐或邊坡保護等防護設施。
OSH-36	OSH	營造安全衛生設施標準	第78條		雇主對於露天開挖作業之工作場所，應設有警告標示、標誌杆或防禦物，禁止與工作無關人員進入。
OSH-36	OSH	營造安全衛生設施標準	第79條		雇主對於傾斜地面上之開挖作業，應依下列規定辦理： ／ 一、不得使勞工同時在不同高度之地點從事作業。但已採取保護低位置工作勞工之安全措施者，不在此限。 ／ 二、隨時清除開挖面之土石方；其有崩塌、落石之虞，應即清除、裝置防護網、防護架及作適當之擋土支撐等承受落物。 ／ 三、二人以上同時作業，應切實保持連繫，並指派其中一人擔任領班指揮作業。 ／ 四、勞工有墜落之虞時，應使勞工佩帶安全帶。
OSH-36	OSH	營造安全衛生設施標準	第79條之1		雇主使勞工於非露天開挖場所從事開挖作業，準用本章之規定。
OSH-36	OSH	營造安全衛生設施標準	第80條		雇主對於隧道、坑道開挖作業，為防止落磐、湧水等危害勞工，應依下列規定辦理： ／ 一、事前實施地質調查；以鑽探、試坑、震測或其他適當方法，確定開挖區之地表形狀、地層、地質、岩層變動情形及斷層與含水砂土地帶之位置、地下水位之狀況等作成紀錄，並繪出詳圖。 ／ 二、依調查結果訂定合適之施工計畫，並依該計畫施工。該施工計畫內容應包括開挖方法、開挖順序與時機，隧道、坑道之支撐、換氣、照明、搬運、通訊、防火及湧水處理等事項。 ／ 三、雇主應於勞工進出隧道、坑道時，予以清點或登記。
OSH-36	OSH	營造安全衛生設施標準	第81條		雇主對於隧道、坑道開挖作業，應就開挖現場及周圍之地表、地質及地層之狀況，採取適當措施，以防止發生落磐、湧水、高溫氣體、蒸氣、缺氧空氣、粉塵、可燃性氣體等危害。 ／ 雇主依前條及前項實施確認之結果，發現依前條第二款訂定之施工計畫已不合適時，應即變更該施工計畫，並依變更之新施工計畫施工。
OSH-36	OSH	營造安全衛生設施標準	第82條		雇主對於隧道、坑道開挖作業，為防止落磐、湧水、開炸炸傷等危害勞工，應指派專人確認下列事項： ／ 一、於每日或四級以上地震後，隧道、坑道等內部無浮石、岩磐嚴重龜裂、含水、湧水不正常之變化等。 ／ 二、施炸前鑽孔之裝藥適當。 ／ 三、施炸後之場所及其周圍無浮石及岩磐龜裂，鑽孔及爆落之石碴堆、出碴堆無未引爆之炸藥，施工軌道無損壞狀況。 ／ 四、不得同時作鑽孔及裝炸藥作業，以免引起爆炸傷及人員。
OSH-36	OSH	營造安全衛生設施標準	第83條		雇主對於隧道、坑道作業為防止落磐或土石崩塌危害勞工，應設置支撐、岩栓、噴凝土、環片等支持構造，並清除浮石等。
OSH-36	OSH	營造安全衛生設施標準	第84條		雇主對於隧道、坑道作業，為防止隧道、坑道進出口附近表土之崩塌或土石之飛落致有危害勞工之虞者，應設置擋土支撐、張設防護網、清除浮石或採取邊坡保護。如地質惡劣時應採用鋼筋混凝土洞口或邊坡保護等措施。
OSH-36	OSH	營造安全衛生設施標準	第85條		雇主應禁止非工作必要人員進入下列場所： ／ 一、正在清除浮石或其下方有土石飛落之虞之場所。 ／ 二、隧道、坑道支撐作業及支撐之補強或整修作業中，有落磐或土石崩塌之虞之場所。
OSH-36	OSH	營造安全衛生設施標準	第86條		雇主對於隧道、坑道作業，有因落磐、出水、崩塌或可燃性氣體、粉塵存在，引起爆炸火災或缺氧、氣體中毒等危險之虞，應即使作業勞工停止作業，離開作業場所，非經測定確認無危險及採取適當通風換氣後，不得恢復作業。
OSH-36	OSH	營造安全衛生設施標準	第87條		雇主對於隧道、坑道作業，應使作業勞工佩戴安全帽、穿著反光背心或具反光標示之服裝及其他必要之防護具。並置備緊急安全搶救器材、吊升搶救設施、安全燈、呼吸防護器材、氣體檢知警報系統及通訊信號、備用電源等必要裝置。
OSH-36	OSH	營造安全衛生設施標準	第88條		雇主使用搬運機械從事隧道、坑道作業時，應依下列規定辦理： ／ 一、事前決定運行路線、進出交會地點及此等機械進出土石裝卸場所之方法，並告知勞工。 ／ 二、應指派指揮人員，從事指揮作業。 ／ 三、作業場所應有適當之安全照明。 ／ 四、搬運機械應加裝防撞擋板等安全防護設施。
OSH-36	OSH	營造安全衛生設施標準	第89條		雇主對於隧道、坑道支撐之構築，不得使用有顯著損傷、變形或腐蝕之材料，該材料並應具足夠強度。
OSH-36	OSH	營造安全衛生設施標準	第90條		雇主對於隧道、坑道支撐之構築，應事前就支撐場所之表土、地質、含水、湧水、龜裂、浮石狀況及開挖方法等因素，妥為設計施工。
OSH-36	OSH	營造安全衛生設施標準	第91條		雇主對於隧道、坑道支撐之構築或重組，應依下列規定辦理： ／ 一、構成支撐組之主構材應置於同一平面內。 ／ 二、木製之隧道、坑道支撐，應使支撐之各部構材受力平衡。
OSH-36	OSH	營造安全衛生設施標準	第92條		雇主對於隧道、坑道之支撐，如有腳部下沉、滑動之虞，應襯以墊板、座鈑等措施。
OSH-36	OSH	營造安全衛生設施標準	第93條		雇主對於隧道、坑道之鋼拱支撐，應依下列規定辦理： ／ 一、支撐組之間隔應在一．五公尺以下。但以噴凝土或安裝岩栓來支撐岩體荷重者，不在此限。 ／ 二、使用連接螺栓、連接桿或斜撐等，將主構材相互堅固連接之。 ／ 三、為防止沿隧道之縱向力量致傾倒或歪斜，應採取必要之措施。 ／ 四、為防止土石崩塌，應設有襯板等。
OSH-36	OSH	營造安全衛生設施標準	第94條		雇主對於隧道、坑道之木拱支撐，應依下列規定辦理： ／ 一、為防止接近地面之水平支撐移位，其兩端應以斜撐材固定於側壁上。 ／ 二、為防止沿隧道之縱向力量致傾倒或歪斜，應採取必要之措施。 ／ 三、構材連接部分，應以牽條等固定。
OSH-36	OSH	營造安全衛生設施標準	第95條		雇主於拆除承受有荷重之隧道、坑道支撐之構材時，應先採取荷重移除措施。
OSH-36	OSH	營造安全衛生設施標準	第96條		雇主對於隧道、坑道設置之支撐，應於每日或四級以上地震後，就下列事項予以確認，如有異狀時，應即採取補強或整補措施： ／ 一、構材有無損傷、變形、腐蝕、移位及脫落。 ／ 二、構材緊接是否良好。 ／ 三、構材之連接及交叉部分之狀況是否良好。 ／ 四、腳部有無滑動或下沉。 ／ 五、頂磐及側壁有無鬆動。
OSH-36	OSH	營造安全衛生設施標準	第97條		雇主應使隧道、坑道模板支撐，具有承受負荷之堅固構造。
OSH-36	OSH	營造安全衛生設施標準	第98條		雇主對於隧道、坑道開挖作業，如其豎坑深度超過二十公尺者，應設專供人員緊急出坑之安全吊升設備。
OSH-36	OSH	營造安全衛生設施標準	第99條		雇主對於隧道、坑道之電力及其它管線系統，應依下列規定辦理： ／ 一、電力系統應與水管、電訊、通風管系統隔離。 ／ 二、水、電、通訊或其他因施工需要而設置之管、線路，應沿隧道適當距離標示其用途，並應懸掛於隧道壁顯明易見之場所。 ／ 三、應沿工作人員通路上方裝置安全通路燈號及停電時能自動開啟之緊急照明裝置。 ／ 四、照明設施均應裝置在工作人員通路同側之隧道壁上方。 ／ 五、應於每五百公尺設置與外界隨時保持正常通訊之有線通訊設備。 ／ 六、隧道內行駛之動力車，應裝置閃光燈號或警報措施。 ／ 七、有大量湧水之虞時，應置備足夠抽水能力之設備，並置備設備失效時會發出警報之裝置。 ／ 八、電力系統均應予以接地（爆破開挖之隧道除外）或裝置感電防止用漏電斷路器，其佈設之主要電力線路，均應為雙層絕緣之電纜。
OSH-36	OSH	營造安全衛生設施標準	第100條		雇主對於隧道、坑道之通路，應依下列規定辦理： ／ 一、規劃作業人員專用通路，並於車輛或軌道動力車行駛之路徑，以欄杆或其他足以防護通路安全之設施加以隔離。 ／ 二、除工作人員專用通路外，應避免舖設踏板，以防人員誤入危險區域。 ／ 三、因受限於隧道、坑道之斷面設計、施工等因素，無法規劃工作人員專用道路時，如以車輛或軌道動力車運輸人員者，得不設置專用通路。
OSH-36	OSH	營造安全衛生設施標準	第101條		雇主對於以潛盾工法施工之隧道、坑道開挖作業，應依下列規定： ／ 一、未經許可禁止在隧道內進行氣體熔接、熔斷或電焊作業。 ／ 二、未經許可禁止攜帶火柴、打火機等火源進入隧道。 ／ 三、柴油引擎以外之內燃機不得在隧道內使用。
OSH-36	OSH	營造安全衛生設施標準	第101條之1		雇主對於以潛盾工法施工之隧道、坑道開挖作業，為防止地下水、土砂自鏡面開口處與潛盾機殼間滲湧，應於出發及到達工作井處採取防止地下水、土砂滲湧等必要工程設施。
OSH-36	OSH	營造安全衛生設施標準	第102條		雇主對於隧道、坑道挖掘（以下簡稱隧道等挖掘）作業或襯砌（以下簡稱隧道等襯砌）作業，應指定隧道等挖掘作業主管或隧道等襯砌作業主管於作業現場辦理下列事項： ／ 一、決定作業方法，指揮勞工作業。 ／ 二、實施檢點，檢查材料、工具、器具等，並汰換其不良品。 ／ 三、監督勞工確實使用個人防護具。 ／ 四、確認安全衛生設備及措施之有效狀況。 ／ 五、前二款未確認前，應管制勞工或其他人員不得進入作業。 ／ 六、其他為維持作業勞工安全衛生所必要之設備及措施。
OSH-36	OSH	營造安全衛生設施標準	第103條		雇主對於沉箱、沉筒、井筒等內部從事開挖作業時，為防止其急速沈陷危害勞工，應依下列規定辦理： ／ 一、依下沉關係圖，決定開挖方法及載重量。 ／ 二、刃口至頂版或梁底之淨距應在一點八公尺以上。 ／ 三、刃口下端不得下挖五十公分以上。
OSH-36	OSH	營造安全衛生設施標準	第104條		雇主對於沉箱、沉筒、井筒等之設備內部，從事開挖作業時，應依下列規定辦理： ／ 一、應測定空氣中氧氣及有害氣體之濃度。 ／ 二、應有使勞工安全升降之設備。 ／ 三、開挖深度超過二十公尺或有異常氣壓之虞時，該作業場所應設置專供連絡用之電話或電鈴等通信系統。 ／ 四、開挖深度超越二十公尺或依第一款規定測定結果異常時，應設置換氣裝置並供應充分之空氣。
OSH-36	OSH	營造安全衛生設施標準	第105條		雇主以預鑄法施放沉箱時，應依下列規定辦理： ／ 一、預鑄沉箱堆置應平穩、堅固。 ／ 二、於沉箱面上作業時應有防止人員、車輛、機具墜落之設備。 ／ 三、施放作業前對拖船、施放鋼索、固定裝置等，應確認無異常狀態。 ／ 四、對拖曳航道應事先規劃，如深度不足時，應即予疏濬。 ／ 五、水面、水下作業人員，於共同作業時，應建立統一信號系統，要求作業人員遵守。
OSH-36	OSH	營造安全衛生設施標準	第106條		雇主藉壓氣沉箱施工法、壓氣沉筒施工法、壓氣潛盾施工法等作業時，應選任高壓室內作業主管，辦理下列事項： ／ 一、應就可燃物品於高氣壓狀況下燃燒之危險性，告知勞工。 ／ 二、禁止攜帶火柴、打火機等火源，並將上項規定揭示於氣閘室外明顯易見之地點。 ／ 三、禁止從事氣體熔接、熔斷或電焊等具有煙火之作業。 ／ 四、禁止藉煙火、高溫或可燃物供作暖氣之用。 ／ 五、禁止使用可能造成火源之機械器具。 ／ 六、禁止使用可能發生火花或電弧之電源開關。 ／ 七、規定作業人員穿著不易引起靜電危害之服裝及鞋靴。 ／ 八、作業人員離開異常氣壓作業環境時，依異常氣壓危害預防標準辦理。
OSH-36	OSH	營造安全衛生設施標準	第107條		雇主使勞工從事圍堰作業，應依下列規定辦理： ／ 一、圍堰強度應依設計施工之水位高度設計，保持適當強度。 ／ 二、如高水位之水有自堰頂溢進堰內之虞時，應有清除堰內水量之設備。 ／ 三、建立於緊急時能迅速警告勞工退避之緊急信號，並告知勞工。 ／ 四、備有梯子、救生圈、救生衣及小船等供勞工於情況危急時能及時退避。 ／ 五、圍堰之走道、橋梁，至少應設二個緊急出口之坡道，並依規定設置護欄。 ／ 六、靠近航道設置之圍堰，應有防範通行船隻撞及堰體之措施，夜間或光線不良時，應裝設閃光警示燈。
OSH-36	OSH	營造安全衛生設施標準	第108條		雇主對於以動力打擊、振動、預鑽等方式從事打樁、拔樁等樁或基樁施工設備（以下簡稱基樁等施工設備）之機體及其附屬裝置、零件，應具有適當其使用目的之必要強度，並不得有顯著之損傷、磨損、變形或腐蝕。
OSH-36	OSH	營造安全衛生設施標準	第109條		雇主為了防止動力基樁等施工設備之倒塌，應依下列規定辦理： ／ 一、設置於鬆軟地磐上者，應襯以墊板、座鈑、或敷設混凝土等。 ／ 二、裝置設備物時，應確認其耐用及強度；不足時應即補強。 ／ 三、腳部或架台有滑動之虞時，應以樁或鏈等固定之。 ／ 四、以軌道或滾木移動者，為防止其突然移動，應以軌夾等固定之。 ／ 五、以控材或控索固定該設備頂部時，其數目應在三以上，其末端應固定且等間隔配置。 ／ 六、以重力均衡方式固定者，為防止其平衡錘之移動，應確實固定於腳架。
OSH-36	OSH	營造安全衛生設施標準	第110條		雇主對於基樁等施工設備之捲揚鋼纜，有下列情形之一者不得使用： ／ 一、有接頭者。 ／ 二、鋼纜一撚間有百分之十以上素線截斷者。 ／ 三、直徑減少達公稱直徑百分之七以上者。 ／ 四、已扭結者。 ／ 五、有顯著變形或腐蝕者。
OSH-36	OSH	營造安全衛生設施標準	第111條		雇主使用於基樁等施工設備之捲揚鋼纜，應依下列規定辦理： ／ 一、打樁及拔樁作業時，其捲揚裝置之鋼纜在捲胴上至少應保留二卷以上。 ／ 二、應使用夾鉗、鋼索夾等確實固定於捲揚裝置之捲胴。 ／ 三、捲揚鋼纜與落錘或樁錘等之套結，應使用夾鉗或鋼索夾等確實固定。
OSH-36	OSH	營造安全衛生設施標準	第112條		雇主對於拔樁設備之捲揚鋼纜、滑車等，應使用具有充分強度之鉤環或金屬固定具與樁等確實連結等。
OSH-36	OSH	營造安全衛生設施標準	第113條		雇主對於基樁設備等施工設備之捲揚機，應設固定夾或金屬擋齒等剎車裝置。
OSH-36	OSH	營造安全衛生設施標準	第114條		雇主對於基樁等施工設備，應能充分抗振，且各部份結合處應安裝牢固。
OSH-36	OSH	營造安全衛生設施標準	第115條		雇主對於基樁等施工設備，應能將其捲揚裝置之捲胴軸與頭一個環槽滑輪軸間之距離，保持在捲揚裝置之捲胴寬度十五倍以上。 ／ 前項規定之環槽滑輪應通過捲揚裝置捲胴中心，且置於軸之垂直面上。 ／ 基樁等施工設備，其捲揚用鋼纜於捲揚時，如構造設計良好使其不致紊亂者，得不受前二項規定之限制。
OSH-36	OSH	營造安全衛生設施標準	第116條		雇主對於基樁等施工設備之環槽滑輪之安裝，應使用不因荷重而破裂之金屬固定具、鉤環或鋼纜等確實固定之。
OSH-36	OSH	營造安全衛生設施標準	第117條		雇主對於以蒸氣或壓縮空氣為動力之基樁等施工設備，應依下列規定： ／ 一、為防止落錘動作致蒸氣或空氣軟管與落錘接觸部份之破損或脫落，應使該等軟管固定於落錘接觸部分以外之處所。 ／ 二、應將遮斷蒸氣或空氣之裝置，設置於落錘操作者易於操作之位置。
OSH-36	OSH	營造安全衛生設施標準	第118條		雇主對於基樁等施工設備之捲揚裝置，當其捲胴上鋼纜發生亂股時，不得在鋼纜上加以荷重。
OSH-36	OSH	營造安全衛生設施標準	第119條		雇主對於基樁等施工設備之捲揚裝置於有荷重下停止運轉時，應以金屬擋齒阻擋或以固定夾確實剎車，使其完全靜止。
OSH-36	OSH	營造安全衛生設施標準	第120條		雇主不得使基樁等設備之操作者，於該機械有荷重時擅離操作位置。
OSH-36	OSH	營造安全衛生設施標準	第121條		雇主為防止因基樁設備之環槽滑輪、滑車裝置破損致鋼纜彈躍或環槽滑輪、滑車裝置等之破裂飛散所生之危險，應禁止勞工進入運轉中之捲揚用鋼纜彎曲部份之內側。
OSH-36	OSH	營造安全衛生設施標準	第122條		雇主對於以基樁等施工設備吊升樁時，其懸掛部份應吊升於環槽滑輪或滑車裝置之正下方。
OSH-36	OSH	營造安全衛生設施標準	第123條		雇主對於基樁等施工設備之作業，應訂定一定信號，並指派專人於作業時從事傳達信號工作。 ／ 基樁等施工設備之操作者，應遵從前項規定之信號。
OSH-36	OSH	營造安全衛生設施標準	第124條		雇主對於基樁等施工設備之裝配、解體、變更或移動等作業，應指派專人依安全作業標準指揮勞工作業。
OSH-36	OSH	營造安全衛生設施標準	第125條		雇主對於藉牽條支持之基樁等施工設備之支柱或雙桿架等整體藉動力驅動之捲揚機或其他機械移動其腳部時，為防止腳部之過度移動引起之倒塌，應於對側以拉力配重、捲揚機等確實控制。
OSH-36	OSH	營造安全衛生設施標準	第126條		雇主對於基樁等施工設備之組配，應就下列規定逐一確認： ／ 一、構件無異狀方得組配。 ／ 二、機體繫結部份無鬆弛及損傷。 ／ 三、捲揚用鋼纜、環槽滑輪及滑車裝置之安裝狀況良好。 ／ 四、捲揚裝置之剎車系統之性能良好。 ／ 五、捲揚機安裝狀況良好。 ／ 六、牽條之配置及固定狀況良好。 ／ 七、基腳穩定避免倒塌。
OSH-36	OSH	營造安全衛生設施標準	第127條		雇主對於基樁等施工設備控索之放鬆時，應使用拉力配重或捲揚機等適當方法，並不得加載荷重超過從事放鬆控索之勞工負荷之程度。
OSH-36	OSH	營造安全衛生設施標準	第128條		雇主對於基樁等施工設備之作業，為防止損及危險物或有害物管線、地下電纜、自來水管或其他埋設物等，致有危害勞工之虞時，應事前就工作地點實施調查並查詢該等埋設之管線權責單位，確認其狀況，並將所得資料通知作業勞工。
OSH-36	OSH	營造安全衛生設施標準	第129條		雇主對於從事鋼筋混凝土之作業時，應依下列規定辦理： ／ 一、鋼筋應分類整齊儲放。 ／ 二、使從事搬運鋼筋作業之勞工戴用手套。 ／ 三、利用鋼筋結構作為通道時，表面應舖以木板，使能安全通行。 ／ 四、使用吊車或索道運送鋼筋時，應予紮牢以防滑落。 ／ 五、吊運長度超過五公尺之鋼筋時，應在適當距離之二端以吊鏈鈎住或拉索捆紮拉緊，保持平穩以防擺動。 ／ 六、構結牆、柱、墩基及類似構造物之直立鋼筋時，應有適當支持；其有傾倒之虞者，應使用拉索或撐桿支持，以防傾倒。 ／ 七、禁止使用鋼筋作為拉索支持物、工作架或起重支持架等。 ／ 八、鋼筋不得散放於施工架上。 ／ 九、暴露之鋼筋應採取彎曲、加蓋或加裝護套等防護設施。但其正上方無勞工作業或勞工無虞跌倒者，不在此限。 ／ 十、基礎頂層之鋼筋上方，不得放置尚未組立之鋼筋或其他物料。但其重量未超過該基礎鋼筋支撐架之荷重限制並分散堆置者，不在此限。
OSH-36	OSH	營造安全衛生設施標準	第130條		雇主對於供作模板支撐之材料，不得有明顯之損壞、變形或腐蝕。
OSH-36	OSH	營造安全衛生設施標準	第131條		雇主對於模板支撐，應依下列規定辦理： ／ 一、為防止模板倒塌危害勞工，高度在七公尺以上，且面積達三百三十平方公尺以上之模板支撐，其構築及拆除，應依下列規定辦理： ／ （一）事先依模板形狀、預期之荷重及混凝土澆置方法等，應由所僱之專任工程人員或委由相關執業技師，依結構力學原理妥為設計，置備施工圖說及強度計算書，經簽章確認後，據以執行。 ／ （二）訂定混凝土澆置計畫及建立按施工圖說施作之查驗機制。 ／ （三）設計、施工圖說、簽章確認紀錄、混凝土澆置計畫及查驗等相關資料，於未完成拆除前，應妥存備查。 ／ （四）有變更設計時，其強度計算書及施工圖說應重新製作，並依本款規定辦理。 ／ 二、前款以外之模板支撐，除前款第一目規定得指派專人妥為設計，簽章確認強度計算書及施工圖說外，應依前款各目規定辦理。 ／ 三、支柱應視土質狀況，襯以墊板、座板或敷設水泥等方式，以防止支柱之沉陷。 ／ 四、支柱之腳部應予以固定，以防止移動。 ／ 五、支柱之接頭，應以對接或搭接之方式妥為連結。 ／ 六、鋼材與鋼材之接觸部分及搭接重疊部分，應以螺栓或鉚釘等金屬零件固定之。 ／ 七、對曲面模板，應以繫桿控制模板之上移。 ／ 八、橋梁上構模板支撐，其模板支撐架應設置側向支撐及水平支撐，並於上、下端連結牢固穩定，支柱（架）腳部之地面應夯實整平，排水良好，不得積水。 ／ 九、橋梁上構模板支撐，其模板支撐架頂層構臺應舖設踏板，並於構臺下方設置強度足夠之安全網，以防止人員墜落、物料飛落。
OSH-36	OSH	營造安全衛生設施標準	第131條之1		雇主對於橋梁工程採支撐先進工法、懸臂工法及以起重機從事節塊吊裝工法或全跨吊裝工法等方式施工時，應依下列規定辦理： ／ 一、對於工作車之構築及拆除、節塊之構築，應依下列程序辦理： ／ （一）事先就工作車及其支撐、懸吊及錨定系統，依預期之荷重、混凝土澆置方法及工作車推進時之移動荷重等因素，應由所僱之專任工程人員或委由相關執業技師，依結構力學原理妥為設計，置備施工圖說及強度計算書，經簽章確認後，據以執行。 ／ （二）訂定混凝土澆置計畫及建立按施工圖說施作之查驗機制。 ／ （三）設計、施工圖說、簽章確認紀錄及查驗等相關資料，於工作車未完成拆除前，應妥存備查。 ／ （四）有變更設計時，其強度計算書及施工圖說應重新製作，並依本款規定辦理。 ／ 二、組立、拆除工作車時，應指派專人決定作業方法及於現場直接指揮作業，並確認下列事項： ／ （一）依前款組立及拆除之施工圖說施工。 ／ （二）工作車推進前，軌道應確實錨錠。 ／ （三）工作車推進或灌漿前，承載工作車之箱型梁節塊，應具備充分之預力強度。 ／ 三、工作車之支撐、懸吊及錨定系統之材料，不得有明顯之損傷、變形或腐蝕。使用錨錠之鋼棒型號不同時，鋼棒應標示區別之。 ／ 四、工作車推進或灌漿前，工作車連接構件之螺栓、插銷等應妥實設置。 ／ 五、工作車、節塊推進時，應設置防止人員進入推進路線下方之設施。 ／ 六、工作車應設置制動停止裝置。 ／ 七、工作車千斤頂之墊片或墊塊，應採取繫固措施，以防止滑脫偏移。
OSH-36	OSH	營造安全衛生設施標準	第131條之2		雇主對於預力混凝土構造物之預力施作，應俟混凝土達一定之強度，始得放鬆或施拉鋼鍵，且施拉預力之千斤頂及油壓機等機具，應妥為固定。 ／ 施拉預力時及施拉預力後，雇主應設置防止鋼鍵等射出危害勞工之設備，並採取射出方向禁止人員出入之設施及設置警告標示。
OSH-36	OSH	營造安全衛生設施標準	第132條		雇主對於模板支撐支柱之基礎，應依土質狀況，依下列規定辦理： ／ 一、挖除表土及軟弱土層。 ／ 二、回填礫石、再生粒料或其他相關回填料。 ／ 三、整平並滾壓夯實。 ／ 四、鋪築混凝土層。 ／ 五、鋪設足夠強度之覆工板。 ／ 六、注意場撐基地週邊之排水，豪大雨後，排水應宣洩流暢，不得積水。 ／ 七、農田路段或軟弱地盤應加強改善，並強化支柱下之土壤承載力。
OSH-36	OSH	營造安全衛生設施標準	第133條		雇主對於模板支撐組配、拆除（以下簡稱模板支撐）作業，應指派模板支撐作業主管於作業現場辦理下列事項： ／ 一、決定作業方法，指揮勞工作業。 ／ 二、實施檢點，檢查材料、工具、器具等，並汰換其不良品。 ／ 三、監督勞工確實使用個人防護具。 ／ 四、確認安全衛生設備及措施之有效狀況。 ／ 五、前二款未確認前，應管制勞工或其他人員不得進入作業。 ／ 六、其他為維持作業勞工安全衛生所必要之設備及措施。 ／ 前項第二款之汰換不良品規定，對於進行拆除作業之待拆物件不適用之。
OSH-36	OSH	營造安全衛生設施標準	第134條		雇主以一般鋼管為模板支撐之支柱時，應依下列規定辦理： ／ 一、高度每隔二公尺內應設置足夠強度之縱向、橫向之水平繫條，並與牆、柱、橋墩等構造物或穩固之牆模、柱模等妥實連結，以防止支柱移位。 ／ 二、上端支以梁或軌枕等貫材時，應置鋼製頂板或托架，並將貫材固定其上。
OSH-36	OSH	營造安全衛生設施標準	第135條		雇主以可調鋼管支柱為模板支撐之支柱時，應依下列規定辦理： ／ 一、可調鋼管支柱不得連接使用。 ／ 二、高度超過三點五公尺者，每隔二公尺內設置足夠強度之縱向、橫向之水平繫條，並與牆、柱、橋墩等構造物或穩固之牆模、柱模等妥實連結，以防止支柱移位。 ／ 三、可調鋼管支撐於調整高度時，應以制式之金屬附屬配件為之，不得以鋼筋等替代使用。 ／ 四、上端支以梁或軌枕等貫材時，應置鋼製頂板或托架，並將貫材固定其上。
OSH-36	OSH	營造安全衛生設施標準	第136條		雇主以鋼管施工架為模板支撐之支柱時，應依下列規定辦理： ／ 一、鋼管架間，應設置交叉斜撐材。 ／ 二、於最上層及每隔五層以內，模板支撐之側面、架面及每隔五架以內之交叉斜撐材面方向，應設置足夠強度之水平繫條，並與牆、柱、橋墩等構造物或穩固之牆模、柱模等妥實連結，以防止支柱移位。 ／ 三、於最上層及每隔五層以內，模板支撐之架面方向之二端及每隔五架以內之交叉斜撐材面方向，應設置水平繫條或橫架。 ／ 四、上端支以梁或軌枕等貫材時，應置鋼製頂板或托架，並將貫材固定其上。 ／ 五、支撐底部應以可調型基腳座鈑調整在同一水平面。
OSH-36	OSH	營造安全衛生設施標準	第137條		雇主以型鋼之組合鋼柱為模板支撐之支柱時，應依下列規定辦理： ／ 一、支柱高度超過四公尺者，應每隔四公尺內設置足夠強度之縱向、橫向之水平繫條，並與牆、柱、橋墩等構造物或穩固之牆模、柱模等妥實連結，以防止支柱移位。 ／ 二、上端支以梁或軌枕等貫材時，應置鋼製頂板或托架，並將貫材固定其上。
OSH-36	OSH	營造安全衛生設施標準	第138條		雇主以木材為模板支撐之支柱時，應依下列規定辦理： ／ 一、木材以連接方式使用時，每一支柱最多僅能有一處接頭，以對接方式連接使用時，應以二個以上之牽引板固定之。 ／ 二、上端支以梁或軌枕等貫材時，應使用牽引板將上端固定於貫材。 ／ 三、支柱底部須固定於有足夠強度之基礎上，且每根支柱之淨高不得超過四公尺。 ／ 四、木材支柱最小斷面積應大於三十一點五平方公分，高度每二公尺內設置足夠強度之縱向、橫向水平繫條，以防止支柱之移動。
OSH-36	OSH	營造安全衛生設施標準	第139條		雇主對模板支撐以梁支持時，應依下列規定辦理： ／ 一、將梁之兩端固定於支撐物，以防止滑落及脫落。 ／ 二、於梁與梁之間設置繫條，以防止橫向移動。
OSH-36	OSH	營造安全衛生設施標準	第140條		雇主對於置有容積一立方公尺以上之漏斗之混凝土拌合機，應有防止人體自開口處捲入之防護裝置、清掃裝置與護欄。
OSH-36	OSH	營造安全衛生設施標準	第141條		雇主對於支撐混凝土輸送管之固定架之設計，應考慮荷重及振動之影響。輸送管之管端及彎曲處應妥善固定。
OSH-36	OSH	營造安全衛生設施標準	第142條		雇主對於混凝土澆置作業，應依下列規定辦理： ／ 一、裝有液壓或氣壓操作之混凝土吊桶，其控制出口應有防止骨材聚集於桶頂及桶邊緣之裝置。 ／ 二、使用起重機具吊運混凝土桶以澆置混凝土時，如操作者無法看清楚澆置地點，應指派信號指揮人員指揮。 ／ 三、禁止勞工乘坐於混凝土澆置桶上，及位於混凝土輸送管下方作業。 ／ 四、以起重機具或索道吊運之混凝土桶下方，禁止人員進入。 ／ 五、混凝土桶之載重量不得超過容許限度，其擺動夾角不得超過四十度。 ／ 六、混凝土拌合機具或車輛停放於斜坡上作業時，除應完全剎車外，並應將機具或車輛墊穩，以免滑動。 ／ 七、實施混凝土澆置作業，應指定安全出入路口。 ／ 八、澆置混凝土前，須詳細檢查模板支撐各部份之連接及斜撐是否安全，澆置期間有異常狀況必須停止作業者，非經修妥後不得作業。 ／ 九、澆置梁、樓板或曲面屋頂，應注意偏心載重可能產生之危害。 ／ 十、澆置期間應注意避免過大之振動。 ／ 十一、以泵輸送混凝土時，其輸送管與接頭應有適當之強度，以防止混凝土噴濺及物體飛落。
OSH-36	OSH	營造安全衛生設施標準	第143條		雇主對於以泵輸送混凝土作業前，應確認攪拌器及輸送管接頭狀況良好，作業時攪拌器攪刀之護蓋不得開啟。
OSH-36	OSH	營造安全衛生設施標準	第144條		雇主對於模板之吊運，應依下列規定辦理： ／ 一、使用起重機或索道吊運時，應以足夠強度之鋼索、纖維索或尼龍繩索捆紮牢固，吊運前應檢查各該吊掛索具，不得有影響強度之缺陷，且所吊物件已確實掛妥於起重機之吊具。 ／ 二、吊運垂直模板或將模板吊於高處時，在未設妥支撐受力處或安放妥當前，不得放鬆吊索。 ／ 三、吊升模板時，其下方不得有人員進入。 ／ 四、放置模板材料之地點，其下方支撐強度須事先確認結構安全。
OSH-36	OSH	營造安全衛生設施標準	第145條		雇主於拆除模板時，應將該模板物料於拆除後妥為整理堆放。
OSH-36	OSH	營造安全衛生設施標準	第146條		雇主對於拆除模板後之部分結構物施工時，非經由專人之周詳設計、考慮，不得荷載超過設計規定之容許荷重；新澆置之樓板上繼續澆置其上層樓板之混凝土時，應充分考慮該新置樓板之受力荷重。
OSH-36	OSH	營造安全衛生設施標準	第147條		雇主應依構造物之物質、形狀、混凝土之強度及其試驗結果、構造物上方之工作情形及當地氣候之情況，確認構造物已達到安全強度之拆模時間，方得拆除模板。
OSH-36	OSH	營造安全衛生設施標準	第148條		雇主對於鋼構吊運、組配作業，應依下列規定辦理： ／ 一、吊運長度超過六公尺之構架時，應在適當距離之二端以拉索捆紮拉緊，保持平穩防止擺動，作業人員在其旋轉區內時，應以穩定索繫於構架尾端，使之穩定。 ／ 二、吊運之鋼材，應於卸放前，檢視其確實捆妥或繫固於安定之位置，再卸離吊掛用具。 ／ 三、安放鋼構時，應由側方及交叉方向安全支撐。 ／ 四、設置鋼構時，其各部尺寸、位置均須測定，且妥為校正，並用臨時支撐或螺栓等使其充分固定，再行熔接或鉚接。 ／ 五、鋼梁於最後安裝吊索鬆放前，鋼梁二端腹鈑之接頭處，應有二個以上之螺栓裝妥或採其他設施固定之。 ／ 六、中空格柵構件於鋼構未熔接或鉚接牢固前，不得置於該鋼構上。 ／ 七、鋼構組配進行中，柱子尚未於二個以上之方向與其他構架組配牢固前，應使用格柵當場栓接，或採其他設施，以抵抗橫向力，維持構架之穩定。 ／ 八、使用十二公尺以上長跨度格柵梁或桁架時，於鬆放吊索前，應安裝臨時構件，以維持橫向之穩定。 ／ 九、使用起重機吊掛構件從事組配作業，其未使用自動脫鈎裝置者，應設置施工架等設施，供作業人員安全上下及協助鬆脫吊具。
OSH-36	OSH	營造安全衛生設施標準	第149條		雇主對於鋼構之組立、架設、爬升、拆除、解體或變更等（以下簡稱鋼構組配）作業，應指派鋼構組配作業主管於作業現場辦理下列事項： ／ 一、決定作業方法，指揮勞工作業。 ／ 二、實施檢點，檢查材料、工具及器具等，並汰換其不良品。 ／ 三、監督勞工確實使用個人防護具。 ／ 四、確認安全衛生設備及措施之有效狀況。 ／ 五、前二款未確認前，應管制勞工或其他人員不得進入作業。 ／ 六、其他為維持作業勞工安全衛生所必要之設備及措施。 ／ 前項第二款之汰換不良品規定，對於進行拆除作業之待拆物件不適用之。 ／ 第一項所定鋼構，其範圍如下： ／ 一、高度在五公尺以上之鋼構建築物。 ／ 二、高度在五公尺以上之鐵塔、金屬製煙囪或類似柱狀金屬構造物。 ／ 三、高度在五公尺以上或橋梁跨距在三十公尺以上，以金屬構材組成之橋梁上部結構。 ／ 四、塔式起重機或升高伸臂起重機。 ／ 五、人字臂起重桿。 ／ 六、以金屬構材組成之室外升降機升降路塔或導軌支持塔。 ／ 七、以金屬構材組成之施工構臺。
OSH-36	OSH	營造安全衛生設施標準	第149條之1		雇主進行前條鋼構組配作業前，應擬訂包括下列事項之作業計畫，並使勞工遵循： ／ 一、安全作業方法及標準作業程序。 ／ 二、防止構材及其組配件飛落或倒塌之方法。 ／ 三、設置能防止作業勞工發生墜落之設備及其設置方法。 ／ 四、人員進出作業區之管制。 ／ 雇主應於勞工作業前，將前項作業計畫內容使勞工確實知悉。
OSH-36	OSH	營造安全衛生設施標準	第150條		雇主於鋼構組配作業進行組合時，應逐次構築永久性之樓板，於最高永久性樓板上組合之骨架，不得超過八層。但設計上已考慮構造物之整體安全性者，不在此限。
OSH-36	OSH	營造安全衛生設施標準	第151條		雇主對於鋼構建築之臨時性構臺之舖設，應依下列規定辦理： ／ 一、用於放置起重機或其他機具之臨時性構臺，應依預期荷重妥為設計具充分強度之木板或座鈑，緊密舖設及防止移動，並於下方設置支撐物，且確認其結構安全。 ／ 二、不適於舖設臨時性構臺之鋼構建築，且未使用施工架而落距差超過二層樓或七點五公尺以上者，應張設安全網，其下方應具有足夠淨空，以防彈動下沉，撞及下面之結構物。安全網於使用前須確認已實施耐衝擊試驗，並維持其效能。 ／ 三、以地面之起重機從事鋼構組配之高處作業，使勞工於其上方從事熔接、上螺絲等接合，或上漆作業者，其鋼梁正下方二層樓或七點五公尺高度內，應安裝密實之舖板或採取相關安全防護措施。
OSH-36	OSH	營造安全衛生設施標準	第152條		雇主對於鋼構之組配，地面或最高永久性樓板層上，不得有超過四層樓以上之鋼構尚未鉚接、熔接或螺栓緊者。
OSH-36	OSH	營造安全衛生設施標準	第153條		雇主對於鋼構組配作業之焊接、栓接、鉚接及鋼構之豎立等作業，應依下列規定辦理： ／ 一、於敲出栓桿、衝梢或鉚釘頭時，應採取適當之方法及工具，以防止其任意飛落。 ／ 二、撞擊栓緊板手應有防止套座滑出之鎖緊裝置。 ／ 三、不得於人員、通路上方或可燃物堆集場所之附近從事焊接、栓接、鉚接工作。但已採取防風防火架、火花承接盒、防火毯或其他適當措施者，不在此限。 ／ 四、使用氣動鉚釘鎚之把手及鉚釘頭模，應適當安裝安全鐵線；裝置於把手及鉚釘頭模之鐵線，分別不得小於九號及十四號鐵線。 ／ 五、豎立鋼構時所使用之接頭，應有防止其脫開之裝置。 ／ 六、豎立鋼構所使用拉索之安裝，應能使勞工控制其接頭點，拉索之移動時應由專人指揮。 ／ 七、鬆開受力之螺栓時，應能防止其脫開。
OSH-36	OSH	營造安全衛生設施標準	第154條		雇主對於鋼構組配作業之勞工從事栓接、鉚接、熔接或檢測作業，應使其佩帶適當之個人防護具。
OSH-36	OSH	營造安全衛生設施標準	第155條		雇主於拆除構造物前，應依下列規定辦理： ／ 一、檢查預定拆除之各構件。 ／ 二、對不穩定部分，應予支撐穩固。 ／ 三、切斷電源，並拆除配電設備及線路。 ／ 四、切斷可燃性氣體管、蒸汽管或水管等管線。管中殘存可燃性氣體時，應打開全部門窗，將氣體安全釋放。 ／ 五、拆除作業中須保留之電線管、可燃性氣體管、蒸氣管、水管等管線，其使用應採取特別安全措施。 ／ 六、具有危險性之拆除作業區，應設置圍柵或標示，禁止非作業人員進入拆除範圍內。 ／ 七、在鄰近通道之人員保護設施完成前，不得進行拆除工程。 ／ 雇主對於修繕作業，施工時須鑿開或鑽入構造物者，應比照前項拆除規定辦理。
OSH-36	OSH	營造安全衛生設施標準	第156條		雇主對於前條構造物之拆除，應選任專人於現場指揮監督。
OSH-36	OSH	營造安全衛生設施標準	第157條		雇主於拆除構造物時，應依下列規定辦理： ／ 一、不得使勞工同時在不同高度之位置從事拆除作業。但具有適當設施足以維護下方勞工之安全者，不在此限。 ／ 二、拆除應按序由上而下逐步拆除。 ／ 三、拆除之材料，不得過度堆積致有損樓板或構材之穩固，並不得靠牆堆放。 ／ 四、拆除進行中，隨時注意控制拆除構造物之穩定性。 ／ 五、遇強風、大雨等惡劣氣候，致構造物有崩塌之虞者，應立即停止拆除作業。 ／ 六、構造物有飛落、震落之虞者，應優先拆除。 ／ 七、拆除進行中，有塵土飛揚者，應適時予以灑水。 ／ 八、以拉倒方式拆除構造物時，應使用適當之鋼纜、纜繩或其他方式，並使勞工退避，保持安全距離。 ／ 九、以爆破方法拆除構造物時，應具有防止爆破引起危害之設施。 ／ 十、地下擋土壁體用於擋土及支持構造物者，在構造物未適當支撐或以板樁支撐土壓前，不得拆除。 ／ 十一、拆除區內禁止無關人員進入，並明顯揭示。
OSH-36	OSH	營造安全衛生設施標準	第158條		雇主對構造物拆除區，應設置勞工安全出入通路，如使用樓梯者，應設置扶手。 ／ 勞工出入之通路、階梯等，應有適當之採光照明。
OSH-36	OSH	營造安全衛生設施標準	第159條		雇主對於使用機具拆除構造物時，應依下列規定辦理： ／ 一、使用動力系鏟斗機、推土機等拆除機具時，應配合構造物之結構、空間大小等特性妥慎選用機具。 ／ 二、使用重力錘時，應以撞擊點為中心，構造物高度一點五倍以上之距離為半徑設置作業區，除操作人員外，禁止無關人員進入。 ／ 三、使用夾斗或具曲臂之機具時，應設置作業區，其周圍應大於夾斗或曲臂之運行線八公尺以上，作業區內除操作人員外，禁止無關人員進入。 ／ 四、機具拆除，應在作業區內操作。 ／ 五、使用起重機具拆除鋼構造物時，其裝置及使用，應依起重機具有關規定辦理。 ／ 六、使用施工架時，應注意其穩定，並不得緊靠被拆除之構造物。
OSH-36	OSH	營造安全衛生設施標準	第160條		雇主受環境限制，未能依前條第二款、第三款設置作業區時，應於預定拆除構造物之外牆邊緣，設置符合下列規定之承受臺： ／ 一、承受臺寬應在一點五公尺以上。 ／ 二、承受臺面應由外向內傾斜，且密舖板料。 ／ 三、承受臺應能承受每平方公尺六百公斤以上之活載重。 ／ 四、承受臺應維持臺面距拆除層位之高度，不超過二層以上。但拆除層位距地面三層高度以下者，不在此限。
OSH-36	OSH	營造安全衛生設施標準	第161條		雇主於拆除結構物之牆、柱或其他類似構造物時，應依下列規定辦理： ／ 一、自上至下，逐次拆除。 ／ 二、拆除無支撐之牆、柱或其他類似構造物時，應以適當支撐或控制，避免其任意倒塌。 ／ 三、以拉倒方式進行拆除時，應使勞工站立於作業區外，並防範破片之飛擊。 ／ 四、無法設置作業區時，應設置承受臺、施工架或採取適當防範措施。 ／ 五、以人工方式切割牆、柱或其他類似構造物時，應採取防止粉塵之適當措施。
OSH-36	OSH	營造安全衛生設施標準	第162條		雇主對於樓板或橋面板等構造物之拆除，應依下列規定辦理： ／ 一、拆除作業中或勞工須於作業場所行走時，應採取防止人體墜落及物體飛落之措施。 ／ 二、卸落拆除物之開口邊緣，應設護欄。 ／ 三、拆除樓板、橋面板等後，其底下四周應加圍柵。
OSH-36	OSH	營造安全衛生設施標準	第163條		雇主對鋼鐵等構造物之拆除，應依下列規定辦理： ／ 一、拆除鋼構、鐵構件或鋼筋混凝土構件時，應有防止各該構件突然扭轉、反彈或倒塌等之適當設備或措施。 ／ 二、應由上而下逐層拆除。 ／ 三、應以纜索卸落構件，不得自高處拋擲。但經採取特別措施者，不在此限。
OSH-36	OSH	營造安全衛生設施標準	第164條		雇主對於高煙囪、高塔等之拆除，應依下列規定辦理： ／ 一、指派專人負責監督施工。 ／ 二、不得以爆破或整體翻倒方式拆除高煙囪。但四週有足夠地面，煙囪能安全倒置者，不在此限。 ／ 三、以人工拆除高煙囪時，應設置適當之施工架。該施工架並應隨拆除工作之進行隨時改變其高度，不得使工作臺高出煙囪頂二十五公分及低於一．五公尺。 ／ 四、不得使勞工站立於煙囪壁頂。 ／ 五、拆除物料自煙囪內卸落時，煙囪底部應有適當開孔，以防物料過度積集。 ／ 六、不得於上方拆除作業中，搬運拆下之物料。
OSH-36	OSH	營造安全衛生設施標準	第165條		雇主對於從事構造物拆除作業之勞工，應使其佩帶適當之個人防護具。
OSH-36	OSH	營造安全衛生設施標準	第166條		雇主對於油漆作業場所，應有適當之通風、換氣，以防易燃或有害氣體之危害。
OSH-36	OSH	營造安全衛生設施標準	第167條		雇主對於噴漆作業場所，不得有明火、加熱器或其他火源發生之虞之裝置或作業，並在該範圍內揭示嚴禁煙火之標示。
OSH-36	OSH	營造安全衛生設施標準	第168條		雇主對於正在加熱中之瀝青鍋，應採取防止勞工燙傷之設施。
OSH-36	OSH	營造安全衛生設施標準	第169條		雇主不得使熱瀝青之噴撒作業人員在柏油機噴撒軟管下操作，如人工操作噴撒時，應有隔離之把手及可彎曲之金屬軟管。
OSH-36	OSH	營造安全衛生設施標準	第170條		雇主應提供給從事瀝青作業所必須之防護具，並使勞工確實使用。
OSH-36	OSH	營造安全衛生設施標準	第171條		雇主對於營造工程工作場所應保持環境衛生。寢室、廚房、浴室或廁所應指定專人負責環境衛生之維護，以保持清潔。
OSH-36	OSH	營造安全衛生設施標準	第172條		雇主對於臨時房舍，應依下列規定辦理： ／ 一、應選擇乾燥及排水良好之地點搭建。必要時應自行挖掘排水溝。 ／ 二、應有適當之通風及照明。 ／ 三、應使用合於飲用水衛生標準規定之飲用水及一般洗濯用水。 ／ 四、用餐地點、寢室及盥洗設備等應予分設並保持清潔。 ／ 五、應依實際需要設置冰箱、食品貯存及餐具櫥櫃、處理廢物、廢料等衛生設備。
OSH-36	OSH	營造安全衛生設施標準	第173條		雇主對於工作場所之急救設施，除依一般工作場所之急救設施規定外，並應依下列規定辦理： ／ 一、於有毒樹木、危險蟲類等出現場所作業之勞工，應教以有關預防急救方法及疾病症候等。 ／ 二、於毒蛇經常出入之地區，應備置防治急救品。 ／ 三、應防止昆蟲、老鼠等孳生並予以撲滅。 ／ 四、其他必要之急救設備或措施。
OSH-36	OSH	營造安全衛生設施標準	第173條之1		自營作業者獨立作業或以其作業交付承攬時，適用本標準有關雇主義務之規定。 ／ 受工作場所負責人指揮或監督從事勞動之人員，於事業單位工作場所從事勞動，比照該事業單位之勞工，適用本標準之規定。
OSH-36	OSH	營造安全衛生設施標準	第174條		本標準自發布日施行。 ／ 本標準中華民國一百零三年六月二十六日修正發布之條文，除第十八條第二項自一百零四年七月三日施行外，自一百零三年七月三日施行。 ／ 本標準中華民國一百十年一月六日修正發布之第十八條之一，自一百十一年一月一日施行。 ／ 本標準中華民國一百十五年六月三十日修正發布之條文，除第十一條之二自一百十六年七月一日施行外，自一百十五年七月一日施行。
OSH-37	OSH	性別平等工作法	第1條		為保障工作權之性別平等，貫徹憲法消除性別歧視、促進性別地位實質平等之精神，爰制定本法。 ／ 工作場所性騷擾事件，除校園性騷擾事件依性別平等教育法規定處理外，依本法規定處理。
OSH-37	OSH	性別平等工作法	第2條		雇主與受僱者之約定優於本法者，從其約定。 ／ 本法於公務人員、教育人員及軍職人員，亦適用之。但第三十二條之一、第三十二條之二、第三十三條、第三十四條、第三十八條及第三十八條之一之規定，不適用之。 ／ 公務人員、教育人員及軍職人員之申訴、救濟及處理程序，依各該人事法令之規定。 ／ 本法於雇主依勞動基準法規定招收之技術生及準用技術生規定者，除適用高級中等學校建教合作實施及建教生權益保障法規定之建教生外，亦適用之。但第十六條及第十七條之規定，不在此限。 ／ 實習生於實習期間遭受性騷擾時，適用本法之規定。
OSH-37	OSH	性別平等工作法	第3條		本法用詞，定義如下： ／ 一、受僱者：指受雇主僱用從事工作獲致薪資者。 ／ 二、求職者：指向雇主應徵工作之人。 ／ 三、雇主：指僱用受僱者之人、公私立機構或機關。代表雇主行使管理權之人或代表雇主處理有關受僱者事務之人，視同雇主。要派單位使用派遣勞工時，視為第八條、第九條、第十二條、第十三條、第十八條、第十九條及第三十六條規定之雇主。 ／ 四、實習生：指公立或經立案之私立高級中等以上學校修習校外實習課程之學生。 ／ 五、要派單位：指依據要派契約，實際指揮監督管理派遣勞工從事工作者。 ／ 六、派遣勞工：指受派遣事業單位僱用，並向要派單位提供勞務者。 ／ 七、派遣事業單位：指從事勞動派遣業務之事業單位。 ／ 八、薪資：指受僱者因工作而獲得之報酬；包括薪資、薪金及按計時、計日、計月、計件以現金或實物等方式給付之獎金、津貼及其他任何名義之經常性給與。 ／ 九、復職：指回復受僱者申請育嬰留職停薪時之原有工作。
OSH-37	OSH	性別平等工作法	第4條		本法所稱主管機關：在中央為勞動部；在直轄市為直轄市政府；在縣（市）為縣（市）政府。 ／ 本法所定事項，涉及各目的事業主管機關職掌者，由各該目的事業主管機關辦理。
OSH-37	OSH	性別平等工作法	第5條		各級主管機關應設性別平等工作會，處理審議、諮詢及促進性別平等工作事項。 ／ 前項性別平等工作會應置委員五人至十一人，任期二年，由具備勞工事務、性別問題之相關學識經驗或法律專業人士擔任之；其中經勞工團體、性別團體推薦之委員各二人；女性委員人數應占全體委員人數二分之一以上；政府機關代表不得逾全體委員人數三分之一。 ／ 前二項性別平等工作會組織、會議及其他相關事項，由各級主管機關另定之。 ／ 地方主管機關設有就業歧視評議委員會者，第一項性別平等工作會得與該委員會合併設置，其組成仍應符合第二項規定。
OSH-37	OSH	性別平等工作法	第6條		直轄市及縣（市）主管機關為婦女就業之需要應編列經費，辦理各類職業訓練、就業服務及再就業訓練，並於該期間提供或設置托兒、托老及相關福利設施，以促進性別工作平等。 ／ 中央主管機關對直轄市及縣（市）主管機關辦理前項職業訓練、就業服務及再就業訓練，並於該期間提供或設置托兒、托老及相關福利措施，得給予經費補助。
OSH-37	OSH	性別平等工作法	第6條之1		主管機關應就本法所訂之性別、性傾向歧視之禁止、性騷擾之防治及促進工作平等措施納入勞動檢查項目。
OSH-37	OSH	性別平等工作法	第7條		雇主對求職者或受僱者之招募、甄試、進用、分發、配置、考績或陞遷等，不得因性別或性傾向而有差別待遇。但工作性質僅適合特定性別者，不在此限。
OSH-37	OSH	性別平等工作法	第8條		雇主為受僱者舉辦或提供教育、訓練或其他類似活動，不得因性別或性傾向而有差別待遇。
OSH-37	OSH	性別平等工作法	第9條		雇主為受僱者舉辦或提供各項福利措施，不得因性別或性傾向而有差別待遇。
OSH-37	OSH	性別平等工作法	第10條		雇主對受僱者薪資之給付，不得因性別或性傾向而有差別待遇；其工作或價值相同者，應給付同等薪資。但基於年資、獎懲、績效或其他非因性別或性傾向因素之正當理由者，不在此限。 ／ 雇主不得以降低其他受僱者薪資之方式，規避前項之規定。
OSH-37	OSH	性別平等工作法	第11條		雇主對受僱者之退休、資遣、離職及解僱，不得因性別或性傾向而有差別待遇。 ／ 工作規則、勞動契約或團體協約，不得規定或事先約定受僱者有結婚、懷孕、分娩或育兒之情事時，應行離職或留職停薪；亦不得以其為解僱之理由。 ／ 違反前二項規定者，其規定或約定無效；勞動契約之終止不生效力。
OSH-37	OSH	性別平等工作法	第12條		本法所稱性騷擾，指下列情形之一： ／ 一、受僱者於執行職務時，任何人以性要求、具有性意味或性別歧視之言詞或行為，對其造成敵意性、脅迫性或冒犯性之工作環境，致侵犯或干擾其人格尊嚴、人身自由或影響其工作表現。 ／ 二、雇主對受僱者或求職者為明示或暗示之性要求、具有性意味或性別歧視之言詞或行為，作為勞務契約成立、存續、變更或分發、配置、報酬、考績、陞遷、降調、獎懲等之交換條件。 ／ 本法所稱權勢性騷擾，指對於因僱用、求職或執行職務關係受自己指揮、監督之人，利用權勢或機會為性騷擾。 ／ 有下列情形之一者，適用本法之規定： ／ 一、受僱者於非工作時間，遭受所屬事業單位之同一人，為持續性性騷擾。 ／ 二、受僱者於非工作時間，遭受不同事業單位，具共同作業或業務往來關係之同一人，為持續性性騷擾。 ／ 三、受僱者於非工作時間，遭受最高負責人或僱用人為性騷擾。 ／ 前三項性騷擾之認定，應就個案審酌事件發生之背景、工作環境、當事人之關係、行為人之言詞、行為及相對人之認知等具體事實為之。 ／ 中央主管機關應建立性別平等人才資料庫、彙整性騷擾防治事件各項資料，並作統計及管理。 ／ 第十三條、第十三條之一、第二十七條至第三十條及第三十六條至第三十八條之一之規定，於性侵害犯罪，亦適用之。 ／ 第一項第一款所定情形，係由不特定人於公共場所或公眾得出入場所為之者，就性騷擾事件之調查、調解及處罰等事項，適用性騷擾防治法之規定。 ／ 本法所稱最高負責人，指下列之人： ／ 一、機關（構）首長、學校校長、各級軍事機關（構）及部隊上校編階以上之主官、行政法人董（理）事長、公營事業機構董事長、理事主席或與該等職務相當之人。 ／ 二、法人、合夥、設有代表人或管理人之非法人團體及其他組織之對外代表人或與該等職務相當之人。
OSH-37	OSH	性別平等工作法	第13條		雇主應採取適當之措施，防治性騷擾之發生，並依下列規定辦理： ／ 一、僱用受僱者十人以上未達三十人者，應訂定申訴管道，並在工作場所公開揭示。 ／ 二、僱用受僱者三十人以上者，應訂定性騷擾防治措施、申訴及懲戒規範，並在工作場所公開揭示。 ／ 雇主於知悉性騷擾之情形時，應採取下列立即有效之糾正及補救措施；被害人及行為人分屬不同事業單位，且具共同作業或業務往來關係者，該行為人之雇主，亦同： ／ 一、雇主因接獲被害人申訴而知悉性騷擾之情形時： ／ （一）採行避免申訴人受性騷擾情形再度發生之措施。 ／ （二）對申訴人提供或轉介諮詢、醫療或心理諮商、社會福利資源及其他必要之服務。 ／ （三）對性騷擾事件進行調查。 ／ （四）對行為人為適當之懲戒或處理。 ／ 二、雇主非因前款情形而知悉性騷擾事件時： ／ （一）就相關事實進行必要之釐清。 ／ （二）依被害人意願，協助其提起申訴。 ／ （三）適度調整工作內容或工作場所。 ／ （四）依被害人意願，提供或轉介諮詢、醫療或心理諮商處理、社會福利資源及其他必要之服務。 ／ 雇主對於性騷擾事件之查證，應秉持客觀、公正、專業原則，並給予當事人充分陳述意見及答辯機會，有詢問當事人之必要時，應避免重複詢問；其內部依規定應設有申訴處理單位者，其人員應有具備性別意識之專業人士。 ／ 雇主接獲被害人申訴時，應通知地方主管機關；經調查認定屬性騷擾之案件，並應將處理結果通知地方主管機關。 ／ 地方主管機關應規劃整合相關資源，提供或轉介被害人運用，並協助雇主辦理第二項各款之措施；中央主管機關得視地方主管機關實際財務狀況，予以補助。 ／ 雇主依第一項所為之防治措施，其內容應包括性騷擾樣態、防治原則、教育訓練、申訴管道、申訴調查程序、應設申訴處理單位之基準與其組成、懲戒處理及其他相關措施；其準則，由中央主管機關定之。
OSH-37	OSH	性別平等工作法	第13條之1		性騷擾被申訴人具權勢地位，且情節重大，於進行調查期間有先行停止或調整職務之必要時，雇主得暫時停止或調整被申訴人之職務；經調查未認定為性騷擾者，停止職務期間之薪資，應予補發。 ／ 申訴案件經雇主或地方主管機關調查後，認定為性騷擾，且情節重大者，雇主得於知悉該調查結果之日起三十日內，不經預告終止勞動契約。
OSH-37	OSH	性別平等工作法	第14條		女性受僱者因生理日致工作有困難者，每月得請生理假一日，全年請假日數未逾三日，不併入病假計算，其餘日數併入病假計算。 ／ 前項併入及不併入病假之生理假薪資，減半發給。
OSH-37	OSH	性別平等工作法	第15條		雇主於女性受僱者分娩前後，應使其停止工作，給予產假八星期；妊娠三個月以上流產者，應使其停止工作，給予產假四星期；妊娠二個月以上未滿三個月流產者，應使其停止工作，給予產假一星期；妊娠未滿二個月流產者，應使其停止工作，給予產假五日。 ／ 產假期間薪資之計算，依相關法令之規定。 ／ 受僱者經醫師診斷需安胎休養者，其治療、照護或休養期間之請假及薪資計算，依相關法令之規定。 ／ 受僱者妊娠期間，雇主應給予產檢假七日。 ／ 受僱者陪伴其配偶妊娠產檢或其配偶分娩時，雇主應給予陪產檢及陪產假七日。 ／ 產檢假、陪產檢及陪產假期間，薪資照給。 ／ 雇主依前項規定給付產檢假、陪產檢及陪產假薪資後，就其中各逾五日之部分得向中央主管機關申請補助。但依其他法令規定，應給予產檢假、陪產檢及陪產假各逾五日且薪資照給者，不適用之。 ／ 前項補助業務，由中央主管機關委任勞動部勞工保險局辦理之。
OSH-37	OSH	性別平等工作法	第16條		受僱者任職滿六個月後，於每一子女滿三歲前，得申請育嬰留職停薪，期間至該子女滿三歲止，但不得逾二年。同時撫育子女二人以上者，其育嬰留職停薪期間應合併計算，最長以最幼子女受撫育二年為限。 ／ 受僱者於育嬰留職停薪期間，得繼續參加原有之社會保險，原由雇主負擔之保險費，免予繳納；原由受僱者負擔之保險費，得遞延三年繳納。 ／ 依家事事件法、兒童及少年福利與權益保障法相關規定與收養兒童先行共同生活之受僱者，其共同生活期間得依第一項規定申請育嬰留職停薪。 ／ 育嬰留職停薪津貼之發放，另以法律定之。 ／ 育嬰留職停薪實施辦法，由中央主管機關定之。
OSH-37	OSH	性別平等工作法	第17條		前條受僱者於育嬰留職停薪期滿後，申請復職時，除有下列情形之一，並經主管機關同意者外，雇主不得拒絕： ／ 一、歇業、虧損或業務緊縮者。 ／ 二、雇主依法變更組織、解散或轉讓者。 ／ 三、不可抗力暫停工作在一個月以上者。 ／ 四、業務性質變更，有減少受僱者之必要，又無適當工作可供安置者。 ／ 雇主因前項各款原因未能使受僱者復職時，應於三十日前通知之，並應依法定標準發給資遣費或退休金。
OSH-37	OSH	性別平等工作法	第18條		子女未滿二歲須受僱者親自哺（集）乳者，除規定之休息時間外，雇主應每日另給哺（集）乳時間六十分鐘。 ／ 受僱者於每日正常工作時間以外之延長工作時間達一小時以上者，雇主應給予哺（集）乳時間三十分鐘。 ／ 前二項哺（集）乳時間，視為工作時間。
OSH-37	OSH	性別平等工作法	第19條		受僱於僱用三十人以上雇主之受僱者，為撫育未滿三歲子女，得向雇主請求為下列二款事項之一： ／ 一、每天減少工作時間一小時；減少之工作時間，不得請求報酬。 ／ 二、調整工作時間。 ／ 受僱於僱用未滿三十人雇主之受僱者，經與雇主協商，雙方合意後，得依前項規定辦理。
OSH-37	OSH	性別平等工作法	第20條		受僱者於其家庭成員預防接種、發生嚴重之疾病或其他重大事故須親自照顧時，得請家庭照顧假；其請假日數併入事假計算，全年以七日為限。 ／ 家庭照顧假薪資之計算，依各該事假規定辦理。
OSH-37	OSH	性別平等工作法	第21條		受僱者依前七條之規定為請求時，雇主不得拒絕。 ／ 受僱者為前項之請求時，雇主不得視為缺勤而影響其全勤獎金、考績或為其他不利之處分。
OSH-37	OSH	性別平等工作法	第22條		（刪除）
OSH-37	OSH	性別平等工作法	第23條		僱用受僱者一百人以上之雇主，應提供下列設施、措施： ／ 一、哺（集）乳室。 ／ 二、托兒設施或適當之托兒措施。 ／ 主管機關對於雇主設置哺（集）乳室、托兒設施或提供托兒措施，應給予經費補助。 ／ 有關哺（集）乳室、托兒設施、措施之設置標準及經費補助辦法，由中央主管機關會商有關機關定之。
OSH-37	OSH	性別平等工作法	第24條		主管機關為協助因結婚、懷孕、分娩、育兒或照顧家庭而離職之受僱者獲得再就業之機會，應採取就業服務、職業訓練及其他必要之措施。
OSH-37	OSH	性別平等工作法	第25條		雇主僱用因結婚、懷孕、分娩、育兒或照顧家庭而離職之受僱者成效卓著者，主管機關得給予適當之獎勵。
OSH-37	OSH	性別平等工作法	第26條		受僱者或求職者因第七條至第十一條或第二十一條之情事，受有損害者，雇主應負賠償責任。
OSH-37	OSH	性別平等工作法	第27條		受僱者或求職者因遭受性騷擾，受有財產或非財產上損害者，由雇主及行為人連帶負損害賠償責任。但雇主證明其已遵行本法所定之各種防治性騷擾之規定，且對該事情之發生已盡力防止仍不免發生者，雇主不負損害賠償責任。 ／ 如被害人依前項但書之規定不能受損害賠償時，法院因其聲請，得斟酌雇主與被害人之經濟狀況，令雇主為全部或一部之損害賠償。 ／ 雇主賠償損害時，對於性騷擾行為人，有求償權。 ／ 被害人因遭受性騷擾致生法律訴訟，於受司法機關通知到庭期間，雇主應給予公假。 ／ 行為人因權勢性騷擾，應依第一項規定負損害賠償責任者，法院得因被害人之請求，依侵害情節，酌定損害額一倍至三倍之懲罰性賠償金。 ／ 前項行為人為最高負責人或僱用人，被害人得請求損害額三倍至五倍之懲罰性賠償金。
OSH-37	OSH	性別平等工作法	第28條		受僱者或求職者因雇主違反第十三條第二項之義務，受有損害者，雇主應負賠償責任。
OSH-37	OSH	性別平等工作法	第29條		前三條情形，受僱者或求職者雖非財產上之損害，亦得請求賠償相當之金額。其名譽被侵害者，並得請求回復名譽之適當處分。
OSH-37	OSH	性別平等工作法	第30條		第二十六條至第二十八條之損害賠償請求權，自請求權人知有損害及賠償義務人時起，二年間不行使而消滅。自有性騷擾行為或違反各該規定之行為時起，逾十年者，亦同。
OSH-37	OSH	性別平等工作法	第31條		受僱者或求職者於釋明差別待遇之事實後，雇主應就差別待遇之非性別、性傾向因素，或該受僱者或求職者所從事工作之特定性別因素，負舉證責任。
OSH-37	OSH	性別平等工作法	第32條		雇主為處理受僱者之申訴，得建立申訴制度協調處理。
OSH-37	OSH	性別平等工作法	第32條之1		受僱者或求職者遭受性騷擾，應向雇主提起申訴。但有下列情形之一者，得逕向地方主管機關提起申訴： ／ 一、被申訴人屬最高負責人或僱用人。 ／ 二、雇主未處理或不服被申訴人之雇主所為調查或懲戒結果。 ／ 受僱者或求職者依前項但書規定，向地方主管機關提起申訴之期限，應依下列規定辦理： ／ 一、被申訴人非具權勢地位：自知悉性騷擾時起，逾二年提起者，不予受理；自該行為終了時起，逾五年者，亦同。 ／ 二、被申訴人具權勢地位：自知悉性騷擾時起，逾三年提起者，不予受理；自該行為終了時起，逾七年者，亦同。 ／ 有下列情形之一者，依各款規定辦理，不受前項規定之限制。但依前項規定有較長申訴期限者，從其規定： ／ 一、性騷擾發生時，申訴人為未成年，得於成年之日起三年內申訴。 ／ 二、被申訴人為最高負責人或僱用人，申訴人得於離職之日起一年內申訴。但自該行為終了時起，逾十年者，不予受理。 ／ 申訴人依第一項但書規定向地方主管機關提起申訴後，得於處分作成前，撤回申訴。撤回申訴後，不得就同一案件再提起申訴。
OSH-37	OSH	性別平等工作法	第32條之2		地方主管機關為調查前條第一項但書之性騷擾申訴案件，得請專業人士或團體協助；必要時，得請求警察機關協助。 ／ 地方主管機關依本法規定進行調查時，被申訴人、申訴人及受邀協助調查之個人或單位應配合調查，並提供相關資料，不得規避、妨礙或拒絕。 ／ 地方主管機關依前條第一項第二款受理之申訴，經認定性騷擾行為成立或原懲戒結果不當者，得令行為人之雇主於一定期限內採取必要之處置。 ／ 前條及前三項有關地方主管機關受理工作場所性騷擾申訴之範圍、處理程序、調查方式、必要處置及其他相關事項之辦法，由中央主管機關定之。 ／ 性騷擾之被申訴人為最高負責人或僱用人時，於地方主管機關調查期間，申訴人得向雇主申請調整職務或工作型態至調查結果送達雇主之日起三十日內，雇主不得拒絕。
OSH-37	OSH	性別平等工作法	第32條之3		公務人員、教育人員或軍職人員遭受性騷擾，且行為人為第十二條第八項第一款所定最高負責人者，應向上級機關（構）、所屬主管機關或監督機關申訴。 ／ 第十二條第八項第一款所定最高負責人或機關（構）、公立學校、各級軍事機關（構）、部隊、行政法人及公營事業機構各級主管涉及性騷擾行為，且情節重大，於進行調查期間有先行停止或調整職務之必要時，得由其上級機關（構）、所屬主管機關、監督機關，或服務機關（構）、公立學校、各級軍事機關（構）、部隊、行政法人或公營事業機構停止或調整其職務。但其他法律別有規定者，從其規定。 ／ 私立學校校長或各級主管涉及性騷擾行為，且情節重大，於進行調查期間有先行停止或調整職務之必要時，得由學校所屬主管機關或服務學校停止或調整其職務。 ／ 依前二項規定停止或調整職務之人員，其案件調查結果未經認定為性騷擾，或經認定為性騷擾但未依公務人員、教育人員或其他相關法律予以停職、免職、解聘、停聘或不續聘者，得依各該法律規定申請復職，及補發停職期間之本俸（薪）、年功俸（薪）或相當之給與。 ／ 機關政務首長、軍職人員，其停止職務由上級機關或具任免權之機關為之。
OSH-37	OSH	性別平等工作法	第33條		受僱者發現雇主違反第十四條至第二十條之規定時，得向地方主管機關申訴。 ／ 其向中央主管機關提出者，中央主管機關應於收受申訴案件，或發現有上開違反情事之日起七日內，移送地方主管機關。 ／ 地方主管機關應於接獲申訴後七日內展開調查，並得依職權對雙方當事人進行協調。 ／ 前項申訴處理辦法，由地方主管機關定之。
OSH-37	OSH	性別平等工作法	第34條		受僱者或求職者發現雇主違反第七條至第十一條、第十三條第二項、第二十一條或第三十六條規定時，得向地方主管機關提起申訴。 ／ 前項申訴，地方主管機關應經性別平等工作會審議。雇主、受僱者或求職者對於地方主管機關審議後所為之處分有異議時，得於十日內向中央主管機關性別平等工作會申請審議或逕行提起訴願；如有不服中央主管機關性別平等工作會之審定，得逕行提起行政訴訟。 ／ 地方主管機關對於第三十二條之一第一項但書所定申訴案件，經依第三十二條之二第一項及第二項規定調查後，除情節重大或經媒體報導揭露之特殊案件外，得不經性別平等工作會審議，逕為處分。如有不服，得提起訴願及進行行政訴訟。 ／ 第一項及第二項申訴審議處理辦法，由中央主管機關定之。
OSH-37	OSH	性別平等工作法	第35條		法院及主管機關對差別待遇事實之認定，應審酌性別平等工作會所為之調查報告、評議或處分。
OSH-37	OSH	性別平等工作法	第36條		雇主不得因受僱者提出本法之申訴或協助他人申訴，而予以解僱、調職或其他不利之處分。
OSH-37	OSH	性別平等工作法	第37條		受僱者或求職者因雇主違反本法之規定，或遭受性騷擾，而向地方主管機關提起申訴，或向法院提出訴訟時，主管機關應提供必要之法律諮詢或扶助；其諮詢或扶助業務，得委託民間團體辦理。 ／ 前項法律扶助辦法，由中央主管機關定之。 ／ 地方主管機關提供第一項之法律諮詢或扶助，中央主管機關得視其實際財務狀況，予以補助。 ／ 受僱者或求職者為第一項訴訟而聲請保全處分時，法院得減少或免除供擔保之金額。
OSH-37	OSH	性別平等工作法	第38條		雇主違反第二十一條、第二十七條第四項或第三十六條規定者，處新臺幣二萬元以上三十萬元以下罰鍰。 ／ 有前項規定行為之一者，應公布其姓名或名稱、負責人姓名，並限期令其改善；屆期未改善者，應按次處罰。
OSH-37	OSH	性別平等工作法	第38條之1		雇主違反第七條至第十條、第十一條第一項、第二項規定者，處新臺幣三十萬元以上一百五十萬元以下罰鍰。 ／ 雇主違反第十三條第二項規定或地方主管機關依第三十二條之二第三項限期為必要處置之命令，處新臺幣二萬元以上一百萬元以下罰鍰。 ／ 雇主違反第十三條第一項第二款規定，處新臺幣二萬元以上三十萬元以下罰鍰。 ／ 雇主違反第十三條第一項第一款規定，經限期改善，屆期未改善者，處新臺幣一萬元以上十萬元以下罰鍰。 ／ 雇主違反第三十二條之二第五項規定，處新臺幣一萬元以上五萬元以下罰鍰。 ／ 有前條或前五項規定行為之一者，應公布其名稱、負責人姓名、處分期日、違反條文及罰鍰金額，並限期令其改善；屆期未改善者，應按次處罰。
OSH-37	OSH	性別平等工作法	第38條之2		最高負責人或僱用人經地方主管機關認定有性騷擾者，處新臺幣一萬元以上一百萬元以下罰鍰。 ／ 被申訴人違反第三十二條之二第二項規定，無正當理由而規避、妨礙、拒絕調查或提供資料者，處新臺幣一萬元以上五萬元以下罰鍰，並得按次處罰。 ／ 第一項裁處權時效，自地方主管機關收受申訴人依第三十二條之一第一項但書規定提起申訴之日起算。
OSH-37	OSH	性別平等工作法	第38條之3		第十二條第八項第一款之最高負責人經依第三十二條之三第一項規定認定有性騷擾者，由地方主管機關依前條第一項規定處罰。 ／ 前項裁處權時效，自第三十二條之三第一項所定受理申訴機關收受申訴人依該項規定提起申訴之日起算，因三年期間之經過而消滅；自該行為終了時起，逾十年者，亦同。
OSH-37	OSH	性別平等工作法	第38條之4		性騷擾防治法第十條、第二十五條及第二十六條規定，於本法所定性騷擾事件，適用之。
OSH-37	OSH	性別平等工作法	第39條		本法施行細則，由中央主管機關定之。
OSH-37	OSH	性別平等工作法	第39條之1		本法中華民國一百十二年七月三十一日修正之本條文施行前，已受理之性騷擾申訴案件尚未終結者，及修正施行前已發生性騷擾事件而於修正施行後受理申訴者，均依修正施行後之規定終結之。但已進行之程序，其效力不受影響。
OSH-37	OSH	性別平等工作法	第40條		本法自中華民國九十一年三月八日施行。 ／ 本法修正條文，除中華民國九十七年一月十六日修正公布之第十六條及一百十一年一月十二日修正公布之條文施行日期由行政院定之；一百十二年七月三十一日修正之第五條第二項至第四項、第十二條第三項、第五項至第八項、第十三條、第十三條之一、第三十二條之一至第三十二條之三、第三十四條、第三十八條之一至第三十八條之三自一百十三年三月八日施行外，自公布日施行。
OSH-38	OSH	性別平等工作法施行細則	第1條		本細則依性別平等工作法（以下簡稱本法）第三十九條規定訂定之。
OSH-38	OSH	性別平等工作法施行細則	第1條之1		本法中華民國一百十二年八月十六日修正公布之第五條第二項至第四項施行前，各級主管機關已依本法第五條設性別平等工作會，且委員任期於修正施行後屆滿者，得繼續擔任至任期屆滿之日止。
OSH-38	OSH	性別平等工作法施行細則	第2條		本法第七條至第十一條、第三十一條及第三十五條所稱差別待遇，指雇主因性別或性傾向因素而對受僱者或求職者為直接或間接不利之對待。
OSH-38	OSH	性別平等工作法施行細則	第3條		本法第七條但書所稱工作性質僅適合特定性別者，指非由特定性別之求職者或受僱者從事，不能完成或難以完成之工作。
OSH-38	OSH	性別平等工作法施行細則	第4條		（刪除）
OSH-38	OSH	性別平等工作法施行細則	第4條之1		實習生所屬學校知悉其實習期間遭受性騷擾時，所屬學校應督促實習之單位採取立即有效之糾正及補救措施，並應提供實習生必要協助。 ／ 申訴案件之申訴人為實習生時，地方主管機關得請求教育主管機關及所屬學校共同調查。
OSH-38	OSH	性別平等工作法施行細則	第4條之2		本法第十二條第三項第二款及第十三條第二項所稱共同作業，指基於共同目的於同一期間從事工作者。 ／ 本法第十二條第三項第一款及第二款所稱持續性性騷擾，指該性騷擾行為於工作時間及非工作時間均發生，且時間具密接性者。 ／ 本法第十二條第八項第二款所定最高負責人，地方主管機關應依下列各款規定審認之： ／ 一、法人、合夥、設有代表人或管理人之非法人團體及其他組織之對外代表人：以公司登記、商業登記、有限合夥登記、財團法人登記或其他依法設立相關證明文件所記載對外代表之人為準；依法應辦理設立登記而未辦理者，亦屬之。 ／ 二、與前款代表人職務相當之人：為實質執行代表人業務或實質控制組織人事、財務或業務經營，且於該組織有下列情形之一： ／ （一）現任或曾任董事（理事）或監察人（監事）者。 ／ （二）持有百分之二十以上股份者。 ／ （三）經工會、股東、協力廠商或性騷擾事件申訴人，指認為與代表人職務相當之人，並有具體事證者。 ／ （四）代表人之配偶、前配偶、四親等內之血親、三親等內血親之配偶、配偶之三親等內血親或其配偶者。 ／ （五）代表人經改選尚未辦理登記者。 ／ （六）位居特殊重要職位者。
OSH-38	OSH	性別平等工作法施行細則	第4條之3		本法第十三條第二項序文所定知悉，不以被害人須向雇主提出性騷擾申訴為限。 ／ 本法第十三條第四項所稱地方主管機關，指被害人勞務提供地之直轄市或縣（市）主管機關。
OSH-38	OSH	性別平等工作法施行細則	第4條之4		本法中華民國一百十二年八月十六日修正公布之第三十四條施行之日起，中央主管機關性別平等工作會依本法第三十四條第二項規定所為之審定，雇主、受僱者或求職者如有不服，不經訴願程序，得依法提起行政訴訟。
OSH-38	OSH	性別平等工作法施行細則	第5條		本法第十三條第一項、第十九條及第二十三條第一項所定僱用人數之計算，包括分支機構及附屬單位之僱用人數。 ／ 本法第十九條所定之僱用人數，依受僱者申請或請求當月第一個工作日雇主僱用之總人數計算。
OSH-38	OSH	性別平等工作法施行細則	第6條		本法第十五條第一項規定產假期間之計算，應依曆連續計算。
OSH-38	OSH	性別平等工作法施行細則	第7條		本法第十五條第五項規定之七日陪產檢及陪產假，除陪產檢於配偶妊娠期間請假外，受僱者陪產之請假，應於配偶分娩之當日及其前後合計十五日期間內為之。
OSH-38	OSH	性別平等工作法施行細則	第8條		受僱者於依本法第十六條第一項規定申請育嬰留職停薪期間屆滿前分娩或流產，於復職後仍在本法第十五條第一項所定之產假期間時，雇主仍應依本法規定給予產假。但得扣除自分娩或流產之日起至復職前之日數。
OSH-38	OSH	性別平等工作法施行細則	第9條		受僱者依本法第十六條第二項規定繼續參加原有之社會保險，不包括參加勞工職業災害保險，並應於原投保單位繼續投保。
OSH-38	OSH	性別平等工作法施行細則	第10條		依本法第十六條第二項規定繼續參加原有之社會保險者，其投保手續、投保金額、保險費繳納及保險給付等事項，依各該相關法令規定辦理。
OSH-38	OSH	性別平等工作法施行細則	第11條		本法第十八條第一項所定親自哺乳，包括女性受僱者以容器貯存母乳備供育兒之情形。
OSH-38	OSH	性別平等工作法施行細則	第12條		本法第十六條第一項、第十八條第一項及第十九條所稱子女，指婚生子女、非婚生子女及養子女。
OSH-38	OSH	性別平等工作法施行細則	第13條		受僱者依本法第十五條至第二十條規定為申請或請求者，必要時雇主得要求其提出相關證明文件。
OSH-38	OSH	性別平等工作法施行細則	第14條		本法第二十三條第一項所定雇主應設置托兒設施或提供適當之托兒措施，包括與其他雇主聯合辦理或委託托兒服務機構辦理者。
OSH-38	OSH	性別平等工作法施行細則	第15條		本細則自發布日施行。 ／ 本細則中華民國一百十一年一月十八日修正發布之第七條自一百十一年一月十八日施行，第九條自一百十一年五月一日施行；一百十三年一月十七日修正發布之第四條之二、第四條之三自一百十三年三月八日施行。
OSH-39	OSH	鉛中毒預防規則	第1條		本規則依職業安全衛生法第六條第三項規定訂定之。
OSH-39	OSH	鉛中毒預防規則	第2條		本規則適用於從事鉛作業之有關事業。 ／ 前項鉛作業，指下列之作業： ／ 一、鉛之冶煉、精煉過程中，從事焙燒、燒結、熔融或處理鉛、鉛混存物、燒結礦混存物之作業。 ／ 二、含鉛重量在百分之三以上之銅或鋅之冶煉、精煉過程中，當轉爐連續熔融作業時，從事熔融及處理煙灰或電解漿泥之作業。 ／ 三、鉛蓄電池或鉛蓄電池零件之製造、修理或解體過程中，從事鉛、鉛混存物等之熔融、鑄造、研磨、軋碎、製粉、混合、篩選、捏合、充填、乾燥、加工、組配、熔接、熔斷、切斷、搬運或將粉狀之鉛、鉛混存物倒入容器或取出之作業。 ／ 四、前款以外之鉛合金之製造，鉛製品或鉛合金製品之製造、修理、解體過程中，從事鉛或鉛合金之熔融、被覆、鑄造、熔鉛噴布、熔接、熔斷、切斷、加工之作業。 ／ 五、電線、電纜製造過程中，從事鉛之熔融、被覆、剝除或被覆電線、電纜予以加硫處理、加工之作業。 ／ 六、鉛快削鋼之製造過程中，從事注鉛之作業。 ／ 七、鉛化合物、鉛混合物製造過程中，從事鉛、鉛混存物之熔融、鑄造、研磨、混合、冷卻、攪拌、篩選、煆燒、烘燒、乾燥、搬運倒入容器或取出之作業。 ／ 八、從事鉛之襯墊及表面上光作業。 ／ 九、橡膠、合成樹脂之製品、含鉛塗料及鉛化合物之繪料、釉藥、農藥、玻璃、黏著劑等製造過程中，鉛、鉛混存物等之熔融、鑄注、研磨、軋碎、混合、篩選、被覆、剝除或加工之作業。 ／ 十、於通風不充分之場所從事鉛合金軟焊之作業。 ／ 十一、使用含鉛化合物之釉藥從事施釉或該施釉物之烘燒作業。 ／ 十二、使用含鉛化合物之繪料從事繪畫或該繪畫物之烘燒作業。 ／ 十三、使用熔融之鉛從事金屬之淬火、退火或該淬火、退火金屬之砂浴作業。 ／ 十四、含鉛設備、襯墊物或已塗布含鉛塗料物品之軋碎、壓延、熔接、熔斷、切斷、加熱、熱鉚接或剝除含鉛塗料等作業。 ／ 十五、含鉛、鉛塵設備內部之作業。 ／ 十六、轉印紙之製造過程中，從事粉狀鉛、鉛混存物之散布、上粉之作業。 ／ 十七、機器印刷作業中，鉛字之檢字、排版或解版之作業。 ／ 十八、從事前述各款清掃之作業。
OSH-39	OSH	鉛中毒預防規則	第3條		本規則用詞，定義如下： ／ 一、鉛合金：指鉛與鉛以外金屬之合金中，鉛佔該合金重量百分之十以上者。 ／ 二、鉛化合物：指氧化鉛類、氫氧化鉛、氯化鉛、碳酸鉛、矽酸鉛、硫酸鉛、鉻酸鉛、鈦酸鉛、硼酸鉛、砷酸鉛、硝酸鉛、醋酸鉛及硬脂酸鉛。 ／ 三、鉛混合物：指燒結礦、煙灰、電解漿泥及礦渣以外之鉛、鉛合金或鉛化合物與其他物質之混合物。 ／ 四、鉛混存物：指鉛合金、鉛化合物、鉛混合物。 ／ 五、燒結礦：指鉛之冶煉、精煉過程中生成之燒結物。 ／ 六、礦渣：指鉛之冶煉、精煉過程中生成之殘渣。 ／ 七、煙灰：指鉛、銅或鋅之冶煉、精煉過程中生成之灰狀物。 ／ 八、電解漿泥：指鉛、銅或鋅之冶煉、精煉過程中電解生成之漿泥狀物。 ／ 九、燒結礦混存物：指燒結礦、礦渣、煙灰及電解漿泥。 ／ 十、含鉛塗料：指含有鉛化合物之塗料。 ／ 十一、鉛塵：指加工、研磨、加熱等產生之固體粒狀物及其氧化物如燻煙等。 ／ 十二、密閉設備：指密閉鉛塵之發生源，使鉛塵不致散布之設備。 ／ 十三、局部排氣裝置：指藉動力強制吸引並排出已發散鉛塵之設備。 ／ 十四、整體換氣裝置：指藉動力稀釋已發散鉛塵之設備。 ／ 十五、作業時間短暫：指雇主使勞工每日作業時間在一小時以內之作業。 ／ 十六、臨時性作業：指正常作業以外之作業，其作業期間不超過三個月且一年內不再重覆者。 ／ 十七、通風不充分之場所：指室內對外開口面積未達底面積二十分之一以上或全面積百分之三以上者。
OSH-39	OSH	鉛中毒預防規則	第4條		（刪除）
OSH-39	OSH	鉛中毒預防規則	第4條之1		雇主使勞工從事本規則所定之鉛作業者，對於健康管理、作業環境監測、妊娠與分娩後女性勞工及未滿十八歲勞工保護與入槽安全等事項，應依勞工健康保護規則、勞工作業環境監測實施辦法、妊娠與分娩後女性及未滿十八歲勞工禁止從事危險性或有害性工作認定標準、缺氧症預防規則及職業安全衛生設施規則所定之局限空間作業等相關規定辦理。
OSH-39	OSH	鉛中毒預防規則	第5條		雇主使勞工從事第二條第二項第一款之作業時，依下列規定： ／ 一、鉛之冶煉、精煉過程中，從事焙燒、燒結、熔融及鉛、鉛混存物、燒結礦混存物等之熔融、鑄造、烘燒等作業場所，應設置局部排氣裝置。 ／ 二、非以濕式作業方式從事鉛、鉛混存物、燒結礦混存物等之軋碎、研磨、混合或篩選之室內作業場所，應設置密閉設備或局部排氣裝置。 ／ 三、非以濕式作業方式將粉狀之鉛、鉛混存物、燒結礦混存物等倒入漏斗、容器、軋碎機或自其取出時，應於各該作業場所設置局部排氣裝置及承受溢流之設備。 ／ 四、臨時儲存燒結礦混存物時，應設置儲存場所或容器。 ／ 五、鉛、鉛混存物、燒結礦混存物等之熔融、鑄造作業場所，應設置儲存浮渣之容器。
OSH-39	OSH	鉛中毒預防規則	第6條		雇主使勞工從事第二條第二項第二款之作業時，依下列規定： ／ 一、以鼓風爐或電解漿泥熔融爐從事冶煉、熔融或煙灰之段燒作業場所，應設置局部排氣裝置。 ／ 二、非以濕式作業方法從事煙灰、電解漿泥之研磨、混合或篩選之室內作業場所，應設置密閉設備或局部排氣裝置。 ／ 三、非以濕式作業方式將煙灰、電解漿泥倒入漏斗、容器、軋碎機等或自其中取出之作業，應於各該室內作業場所設置局部排氣裝置及承受溢流之設備。 ／ 四、臨時儲存煙灰、電解漿泥時，應設置儲存場所或容器。 ／ 五、以電解漿泥熔融爐從事熔融之作業場所，應有儲存浮渣之容器。
OSH-39	OSH	鉛中毒預防規則	第7條		雇主使勞工從事第二條第二項第三款之作業時，依下列規定： ／ 一、從事鉛、鉛混存物之熔融、鑄造、加工、組配、熔接、熔斷或極板切斷之室內作業場所，應設置局部排氣裝置。 ／ 二、非以濕式作業方法從事鉛、鉛混存物之研磨、製粉、混合、篩選、捏合之室內作業場所，應設置密閉設備或局部排氣裝置。 ／ 三、非以濕式作業方法將粉狀之鉛、鉛混存物倒入容器或取出之作業，應於各該室內作業場所設置局部排氣裝置及承受溢流之設備。 ／ 四、從事鉛、鉛混存物之解體、軋碎作業場所，應與其他之室內作業場所隔離。但鉛、鉛混存物之熔融、鑄造作業場所或軋碎作業採密閉形式者，不在此限。 ／ 五、鑄造過程中，如有熔融之鉛或鉛合金從自動鑄造機中飛散之虞，應設置防止其飛散之設備。 ／ 六、從事充填黏狀之鉛、鉛混存物之工作台或吊運已充填有上述物質之極板時，為避免黏狀之鉛掉落地面，應設置承受容器承受之。 ／ 七、以人工搬運裝有粉狀之鉛、鉛混存物之容器，為避免搬運之勞工被上述物質所污染，應於該容器上裝設把手或車輪或置備有專門運送該容器之車輛。 ／ 八、室內作業場所之地面，應為易於使用真空除塵機或以水清除之構造。 ／ 九、從事鉛、鉛混存物之熔融、鑄造作業場所，應設置儲存浮渣之容器。
OSH-39	OSH	鉛中毒預防規則	第8條		雇主使勞工從事第二條第二項第四款或第六款之作業時，依下列規定： ／ 一、從事鉛或鉛合金之熔融、被覆、鑄造、熔鉛噴布、熔接、熔斷及以動力從事切斷、加工或鉛快削鋼注鉛之室內作業場所，應設置局部排氣裝置。 ／ 二、暫時儲存鉛或鉛合金之切屑時，應設置儲存切屑之容器。 ／ 三、從事鉛或鉛合金之熔融、鑄造作業場所，應設置儲存浮渣之容器。 ／ 四、鑄造過程中，如有熔融之鉛或鉛合金從自動鑄造機中飛散之虞，應設置防止其飛散之設備。 ／ 五、室內作業場所之地面，應為易於使用真空除塵機或以水清除之構造。
OSH-39	OSH	鉛中毒預防規則	第9條		雇主使勞工從事第二條第二項第五款之作業時，依下列規定： ／ 一、從事鉛之熔融室內作業場所，應設置局部排氣裝置及儲存浮渣之容器。 ／ 二、室內作業場所之地面，應為易於使用真空除塵機或以水清除之構造。
OSH-39	OSH	鉛中毒預防規則	第10條		雇主使勞工從事第二條第二項第七款之作業時，依下列規定： ／ 一、從事鉛、鉛混存物之熔融、鑄造段燒及烘燒之室內作業場所，應設置局部排氣裝置。 ／ 二、從事鉛或鉛混存物冷卻攪拌之室內作業場所，應設置密閉設備或局部排氣裝置。 ／ 三、從事鉛、鉛混存物之熔融、鑄造作業場所，應設置儲存浮渣之容器。 ／ 四、非以濕式作業方法事鉛、鉛混存物之研磨、混合、篩選之室內作業場所，應設置密閉設備或局部排氣裝置。 ／ 五、非以濕式作業方法將粉狀之鉛、鉛混存物倒入容器或取出之作業，應於各該室內作業場所設置局部排氣裝置及承受溢流之設備。 ／ 六、以人工搬運裝有粉狀之鉛、鉛混存物之容器為避免搬運之勞工被上述物質所污染，應於該容器上裝設把手或車輪或置備有專門運送該容器之車輛。 ／ 七、室內作業場所之地面，應為易於使用真空除塵機或以水清除之構造。
OSH-39	OSH	鉛中毒預防規則	第11條		雇主使勞工從事第二條第二項第八款之作業時，依下列規定： ／ 一、從事鉛、鉛混存物之熔融、熔接、熔斷、熔鉛噴布或真空作業等塗布及表面上光之室內作業場所，應設置局部排氣裝置。 ／ 二、從事鉛、鉛混存物之熔融作業場所，應設置儲存浮渣之容器。
OSH-39	OSH	鉛中毒預防規則	第12條		雇主使勞工從事第二條第二項第九款之作業時，依下列規定： ／ 一、從事鉛、鉛混存物熔融或鑄注之室內作業場所，應設置局部排氣裝置及儲存浮渣之容器。 ／ 二、從事鉛、鉛混存物軋碎之作業場所，應與其他作業場所隔離。 ／ 三、非以濕式作業從事鉛、鉛混存物之研磨、混合、篩選之室內作業場所，應設置密閉設備或局部排氣裝置。
OSH-39	OSH	鉛中毒預防規則	第13條		雇主使勞工從事第二條第二項第十款之作業時，應於該作業場所設置局部排氣裝置或整體換氣裝置。
OSH-39	OSH	鉛中毒預防規則	第14條		雇主使勞工於室內作業場所以散布或噴布方式從事第二條第二項第十一款之施釉作業時，應於該作業場所設置局部排氣裝置。
OSH-39	OSH	鉛中毒預防規則	第15條		雇主使勞工於室內作業場所，以噴布從事第二條第二項第十二款之繪畫作業時，應於該作業場所設置局部排氣裝置。
OSH-39	OSH	鉛中毒預防規則	第16條		雇主使勞工從事第二條第二項第十三款規定之淬火或退火作業時，應設置局部排氣裝置及儲存浮渣之容器。
OSH-39	OSH	鉛中毒預防規則	第17條		雇主使勞工從事第二條第二項第十四款之作業時，依下列規定： ／ 一、從事鉛之襯墊或已塗布含鉛塗料物品之壓延、熔接、熔斷、加熱、熱鉚接之室內作業場所，應設置局部排氣裝置。 ／ 二、非以濕式作業方式從事鉛之襯墊或已塗布含鉛塗料物品軋碎之室內作業場所，應設置密閉設備或局部排氣裝置。
OSH-39	OSH	鉛中毒預防規則	第18條		雇主使勞工從事第二條第二項第十四款之剝除含鉛塗料時，依下列規定： ／ 一、應採取濕式作業，但有顯著困難者，不在此限。 ／ 二、應將剝除之含鉛塗料立即清除。
OSH-39	OSH	鉛中毒預防規則	第19條		雇主使勞工從事第二條第二項第十六款之作業時，應於該作業場所設置局部排氣裝置。
OSH-39	OSH	鉛中毒預防規則	第20條		本規則第五條第二款及第三款、第六條第二款及第三款、第七條第二款及第三款、第十條第二款、第四款、第五款及第十二條第三款規定設置之局部排氣裝置之氣罩，應採用包圍型。但作業方法上設置此種型式之氣罩困難時，不在此限。
OSH-39	OSH	鉛中毒預防規則	第21條		雇主使勞工於室內作業場所搬運粉狀之鉛、鉛混存物、燒結礦混存物之輸送機，依下列規定： ／ 一、供料場所及轉運場所，應設置密閉設備或局部排氣裝置。 ／ 二、斗式輸送機，應設置有效防止鉛塵飛揚之設備。
OSH-39	OSH	鉛中毒預防規則	第22條		雇主使勞工從事乾燥粉狀之鉛、鉛混存物作業之場所，依下列規定： ／ 一、應防止鉛、鉛混存物之鉛塵溢出於室內。 ／ 二、乾燥室之地面、牆壁或棚架之構造，應易於使用真空除塵機或以水清除者。
OSH-39	OSH	鉛中毒預防規則	第23條		雇主使用粉狀之鉛、鉛混存物、燒結礦混存物等之過濾式集塵裝置，依下列規定： ／ 一、濾布應設有護圍。 ／ 二、固定式排氣口應設於室外，應避免迴流至室內作業場所。 ／ 三、應易於將附著於濾材上之鉛塵移除。 ／ 四、集塵裝置應與勞工經常作業場所適當隔離。
OSH-39	OSH	鉛中毒預防規則	第24條		雇主使勞工從事下列各款規定之作業時，得免設置局部排氣裝置或整體換氣裝置。但第一款至第三款勞工有遭鉛污染之虞時，應提供防護具： ／ 一、與其他作業場所有效隔離而勞工不必經常出入之室內作業場所。 ／ 二、作業時間短暫或臨時性作業。 ／ 三、從事鉛、鉛混存物、燒結礦混存物等之熔融、鑄造或第二條第二項第二款規定使用轉爐從事熔融之作業場所等，其牆壁面積一半以上為開放，而鄰近四公尺無障礙物者。 ／ 四、於熔融作業場所設置利用溫熱上升氣流之排氣煙囟，且以石灰覆蓋熔融之鉛或鉛合金之表面者。
OSH-39	OSH	鉛中毒預防規則	第25條		雇主設置之局部排氣裝置之氣罩，依下列規定： ／ 一、應設置於每一鉛、鉛混存物、燒結礦混存物等之鉛塵發生源。 ／ 二、應視作業方法及鉛塵散布之狀況，選擇適於吸引該鉛塵之型式及大小。 ／ 三、外裝型或接受型氣罩之開口，應儘量接近於鉛塵發生源。
OSH-39	OSH	鉛中毒預防規則	第26條		雇主設置之局部排氣裝置之導管其內部之構造，應易於清掃及測定，並於適當位置開設清潔口及測定孔。 ／ 雇主依第三十一條第二項規定設置之局部排氣裝置，應於氣罩連接導管適當處所，設置監測靜壓、流速或其他足以顯示該設備正常運轉之裝置。
OSH-39	OSH	鉛中毒預防規則	第27條		雇主使勞工從事下列鉛作業而設置下列之設備時，應設置有效污染防制過濾式集塵設備或同等性能以上之集塵設備： ／ 一、第二條第二項第一款規定之鉛作業，而具下列設備之一者： ／ （一）直接連接於焙燒爐、燒結爐、熔解爐或烘燒爐，將各該爐之鉛塵排出之密閉設備。 ／ （二）第五條第一款至第三款之局部排氣裝置。 ／ 二、第二條第二項第二款規定之鉛作業，而具下列設備之一者： ／ （一）直接連接於焙燒爐、燒結爐、熔解爐或烘燒爐，將各該爐之鉛塵排出之密閉設備。 ／ （二）第六條第一款至第三款之局部排氣裝置。 ／ 三、第二條第二項第三款規定之鉛作業，而具下列設備之一者： ／ （一）設置於第七條第一款之製造過程中，鉛、鉛混存物之熔融或鑄造之局部排氣裝置。 ／ （二）第七條第二款及第三款之局部排氣裝置。 ／ 四、第二條第二項第四款規定之鉛作業，於第八條第一款製造過程中，其鉛或鉛合金之熔融或鑄造作業設置之局部排氣裝置者。 ／ 五、第二條第二項第七款規定之鉛作業，而具下列設備之一者： ／ （一）直接連接於段燒爐或烘燒爐，將各該爐之鉛塵排出之密閉設備。 ／ （二）依第十條規定設置之局部排氣裝置。 ／ 六、第二條第二項第八款規定之鉛作業於第十一條第一款製造過程中，具鉛襯墊物之表面上光作業場所設置之局部排氣裝置者。 ／ 七、第二條第二項第九款規定之鉛作業，而具下列設備之一者： ／ （一）直接連接於製造混有氧化鉛之玻璃熔解爐，將該爐之鉛塵排出之密閉設備。 ／ （二）第十二條第一款混有氧化鉛之玻璃製造過程中，熔融鉛、鉛混存物之熔融場所設置之局部排氣裝置。 ／ （三）依第十二條第三款規定設置之局部排氣裝置。 ／ 八、第二條第二項第十三款規定之鉛作業，依第十六條規定設置之局部排氣裝置者。 ／ 雇主使勞工從事鉛或鉛合金之熔融或鑄造作業，而該熔爐或坩堝等之總容量未滿五十公升者，得免設集塵裝置。
OSH-39	OSH	鉛中毒預防規則	第28條		雇主設置局部排氣裝置之排氣機，應置於空氣清淨裝置後之位置。但無累積鉛塵之虞者，不在此限。 ／ 雇主設置整體換氣裝置之排氣機或設置導管之開口部，應接近鉛塵發生源，務使污染空氣有效換氣。
OSH-39	OSH	鉛中毒預防規則	第29條		雇主設置局部排氣裝置或整體換氣裝置之排氣口，應設置於室外。但設有移動式集塵裝置者，不在此限。
OSH-39	OSH	鉛中毒預防規則	第30條		雇主設置之局部排氣裝置，應於鉛作業時間內有效運轉，並降低空氣中鉛塵濃度至勞工作業場所容許暴露標準以下。
OSH-39	OSH	鉛中毒預防規則	第31條		雇主設置密閉設備、局部排氣裝置或整體換氣裝置者，應由專業人員妥為設計，並維持其有效性能。 ／ 雇主設置局部排氣裝置時，應指派或委託經中央主管機關訓練合格之專業人員設計，並製作局部排氣裝置設計報告書。 ／ 前項局部排氣裝置設置完成後，應實施原始性能測試，並依測試結果製作原始性能測試報告書；其相關文件、紀錄應保存十年。 ／ 雇主設置局部排氣裝置屬化學排氣櫃型式者，不受前二項規定之限制。 ／ 雇主依第二項規定設置之局部排氣裝置，於改裝時，應依第二項及第三項規定辦理。但對其性能未有顯著影響者，不在此限。
OSH-39	OSH	鉛中毒預防規則	第31條之1		前條第二項及第三項所定從事局部排氣裝置設計專業人員應具備之資格、訓練課程與時數、訓練單位、局部排氣裝置設計報告書及原始性能測試報告書之內容，準用特定化學物質危害預防標準第三十八條及第三十八條之一之規定。
OSH-39	OSH	鉛中毒預防規則	第32條		雇主使勞工從事第二條第二項第十款規定之作業，其設置整體換氣裝置之換氣量，應為每一從事鉛作業勞工平均每分鐘一‧六七立方公尺以上。
OSH-39	OSH	鉛中毒預防規則	第33條		雇主設置之局部排氣裝置或整體換氣裝置，於鉛作業時不得停止運轉。但裝置內部清掃作業，不在此限。 ／ 雇主設置之局部排氣裝置或整體換氣裝置之處所，不得阻礙其排氣或換氣功能。
OSH-39	OSH	鉛中毒預防規則	第34條		雇主使勞工從事鉛作業時，應於作業場所外設置合於下列規定之休息室： ／ 一、休息室之出入口，應設置沖洗用水管或充分濕潤之墊蓆，以清除附著於勞工足部之鉛塵，並於入口設置清除鉛塵用毛刷或真空除塵機。 ／ 二、休息室之地面構造應易於使用真空除塵機或以水清洗者。 ／ 雇主應使勞工於進入休息室前，將附著於工作衣上之鉛塵適當清除。 ／ 前項規定，雇主應揭示於勞工顯而易見之處所。 ／ 第一項與第二項之規定，於鉛作業場所勞工無附著鉛塵之虞者，不適用之。
OSH-39	OSH	鉛中毒預防規則	第35條		雇主使勞工從事粉狀之鉛、鉛混存物或燒結礦混存物之處理作業者，應設置淋浴設備。
OSH-39	OSH	鉛中毒預防規則	第36條		雇主為防止鉛、鉛混存物或燒結礦混存物等之鉛塵污染，應每日以水沖洗，或以真空除塵機、適當溶液清潔作業場所、休息室、餐廳等一次以上。但無鉛塵污染之虞者，不在此限。
OSH-39	OSH	鉛中毒預防規則	第37條		雇主使勞工從事鉛作業時，應於作業場所備置指甲刷、肥皂或適當溶液等洗手、漱口用之盥洗設備，供給作業勞工洗滌，以避免鉛塵之污染。
OSH-39	OSH	鉛中毒預防規則	第38條		雇主使勞工從事第二條第二項第十五款之作業時，依下列規定： ／ 一、設置淋浴及更衣設備，以供勞工使用。 ／ 二、使勞工將污染之衣服置於密閉容器內。
OSH-39	OSH	鉛中毒預防規則	第39條		雇主使勞工從事鉛作業時，應設置專用洗衣設備，供勞工於必要時，洗滌附著於工作衣上之鉛塵。
OSH-39	OSH	鉛中毒預防規則	第40條		雇主使勞工從事鉛作業時，應指派現場作業主管擔任鉛作業主管，並執行下列規定事項： ／ 一、採取必要措施預防從事作業之勞工遭受鉛污染。 ／ 二、決定作業方法並指揮勞工作業。 ／ 三、保存每月檢點局部排氣裝置及其他預防勞工健康危害之裝置一次以上之紀錄。 ／ 四、監督勞工確實使用防護具。
OSH-39	OSH	鉛中毒預防規則	第41條		雇主使勞工將粉狀之鉛、鉛混存物或燒結礦混存物等倒入漏斗時，如有鉛塵溢漏情形，應令勞工立即停止作業。但如係臨時性作業，且勞工確實已戴用有效呼吸防護具者，不在此限。
OSH-39	OSH	鉛中毒預防規則	第42條		雇主使勞工從事第二條第二項第一款、第二款自焙燒爐中取出鉛混存物、燒結礦混存物之作業時，依下列規定： ／ 一、應於烘燒爐口設置承接容器，以儲存鉛混存物、燒結礦混存物。 ／ 二、應設置長柄工具或採取機械取出方式。 ／ 前項設備之使用，應公告使作業勞工周知。
OSH-39	OSH	鉛中毒預防規則	第43條		雇主使勞工從事第二條第二項第十五款之作業時，依下列規定： ／ 一、作業開始前，應確實隔離該設備與其他設備間之連結部分，並將該設備給予充分換氣。 ／ 二、應將附著或堆積該設備內部之鉛、鉛混存物或燒結礦混存物等之鉛塵充分濕潤以防止其飛揚。
OSH-39	OSH	鉛中毒預防規則	第44條		雇主應公告鉛作業場所禁止飲食或吸菸，並揭示於明顯易見之處所。
OSH-39	OSH	鉛中毒預防規則	第45條		雇主使勞工從事下列作業時，應置備適當之呼吸防護具，並訂定計畫，使勞工確實遵守： ／ 一、第二條第二項第一款、第二款或第七款之作業或清掃該作業場所。 ／ 二、第二條第二項第十三款砂浴作業之攪砂或換砂。 ／ 三、非以濕式作業方法從事第二條第二項第十四款之作業中，剝除含鉛塗料。 ／ 四、第二條第二項第十五款之作業。 ／ 五、第二十二條之乾燥作業。 ／ 六、第二十三條集塵裝置濾布之更換作業。 ／ 七、從事鉛、鉛混存物之軋碎、熔接、熔斷或熔鉛噴布之作業。 ／ 八、於船舶、儲槽內部及其他通風不充分之作業場所從事鉛作業。 ／ 前項第四款作業，並應置備適當防護衣著，使勞工確實使用。 ／ 第一項第七款及第八款作業情形，已有局部排氣裝置或整體換氣裝置之設備，且有效運轉者不在此限。 ／ 第一項及第二項規定之呼吸防護具、防護衣著，應設置專用保管設備，並於使用後與其他衣物隔離保管，且禁止攜入鉛作業場所以外之處所。
OSH-39	OSH	鉛中毒預防規則	第46條		雇主使勞工戴用輸氣管面罩之連續作業時間，每次不得超過一小時。
OSH-39	OSH	鉛中毒預防規則	第47條		雇主依第四十一條、第四十五條規定使勞工佩戴輸氣管面罩時，其面罩之入氣口，應置於新鮮空氣之位置，並保持有效運轉。
OSH-39	OSH	鉛中毒預防規則	第48條		雇主儲存、使用鉛、鉛混存物時，依下列規定： ／ 一、應使用不致漏洩之密閉容器，將粉狀之鉛、鉛混存物適當儲存。 ／ 二、粉狀之鉛、鉛混存物漏洩時，應即以真空除塵或以水清除之。 ／ 三、塊狀之鉛、鉛混存物，應適當儲存，避免鉛塵污染。
OSH-39	OSH	鉛中毒預防規則	第49條		雇主使勞工從事下列各款作業時，僅適用第一章及本章第四十一條、第四十五條、第四十七條及第四十八條之規定： ／ 一、作業場所熔融鉛或鉛合金之坩堝、爐等之容量，總計不滿五十公升，且於攝氏四百五十度以下之溫度從事鉛或鉛合金之熔融或鑄造。 ／ 二、臨時從事第二條第二項第十款至第十三款規定之作業或從事該作業場所清掃之作業。 ／ 三、於隔離室以遙控方式從事鉛作業。
OSH-39	OSH	鉛中毒預防規則	第50條		本規則自發布日施行。 ／ 本規則中華民國一百零三年六月三十日修正發布之條文，自一百零三年七月三日施行；一百十三年六月十三日修正發布之第二十六條第二項、第三十一條第二項至第五項、第三十一條之一，自一百十四年七月一日施行。
OSH-40	OSH	四烷基鉛中毒預防規則	第1條		本規則依職業安全衛生法第六條第三項規定訂定之。
OSH-40	OSH	四烷基鉛中毒預防規則	第2條		本規則適用於從事下列各款四烷基鉛作業之一之事業： ／ 一、將四烷基鉛混入汽油或將其導入儲槽之作業。 ／ 二、修護、改裝、拆卸、組配、破壞或搬運前款作業使用之裝置之作業。 ／ 三、處理內部被四烷基鉛或加鉛汽油污染或有被污染之虞之儲槽或其他設備之作業。 ／ 四、處理含有四烷基鉛或加鉛汽油之殘渣、廢液等之作業。 ／ 五、處理存有四烷基鉛之桶或其他容器之作業。 ／ 六、使用四烷基鉛研究或試驗之作業。 ／ 七、清除被四烷基鉛或加鉛汽油污染或有被污染之虞之物品或場所之作業。 ／ 事業單位從事前項二款以上之作業，應同時符合各款作業之規定。
OSH-40	OSH	四烷基鉛中毒預防規則	第3條		本規則用詞，定義如下： ／ 一、四烷基鉛：指四甲基鉛、四乙基鉛、一甲基三乙基鉛、二甲基二乙基鉛、三甲基一乙基鉛及含有上列物質之抗震劑。 ／ 二、加鉛汽油：指添加四烷基鉛之汽油。 ／ 三、裝置：指第二條第一項第一款作業中使用之機械或設備。 ／ 四、局部排氣裝置：指藉動力吸引並排出已發散四烷基鉛蒸氣之設備。 ／ 五、換氣裝置：指藉動力輸入外氣置換儲槽、地下室、船艙、坑井或通風不充分之場所等內部空氣之設備。
OSH-40	OSH	四烷基鉛中毒預防規則	第4條		雇主使勞工從事四烷基鉛作業者，對於健康管理、作業環境監測、妊娠與分娩後女性勞工及未滿十八歲勞工保護與入槽安全等事項，應依勞工健康保護規則、勞工作業環境監測實施辦法、妊娠與分娩後女性及未滿十八歲勞工禁止從事危險性或有害性工作認定標準、缺氧症預防規則及職業安全衛生設施規則所定之局限空間作業等相關規定辦理。
OSH-40	OSH	四烷基鉛中毒預防規則	第5條		雇主使勞工從事第二條第一項第一款規定之作業時，依下列規定： ／ 一、裝置之構造應能防止從事該作業勞工被四烷基鉛污染或吸入蒸氣。 ／ 二、作業場所建築物之牆壁至少應有三面為開放且能充分通風者。 ／ 三、由四烷基鉛桶內抽吸四烷基鉛注入裝置時，應完全予以吸盡。並以汽油清洗後栓密，及清除桶外污染之四烷基鉛。 ／ 四、應供給作業勞工不滲透性防護圍裙、不滲透性長統手套、不滲透性長靴及有機氣體用防毒面罩，並使其確實使用。 ／ 五、作業場所應與其他作業場所或勞工經常進出之場所隔離。 ／ 六、作業場所之地面，應採用不滲透性材料構築，且為易於清除四烷基鉛污染之構造。 ／ 七、設置休息室、盥洗設備及淋浴設備供給勞工使用。 ／ 八、每日應確認裝置之狀況一次以上，發現有四烷基鉛或其蒸氣漏洩或有漏洩之虞時，應即採取必要措施。
OSH-40	OSH	四烷基鉛中毒預防規則	第6條		雇主使勞工從事第二條第一項第二款規定之作業時，依下列規定： ／ 一、應於作業前清除已污染該裝置之四烷基鉛或加鉛汽油。 ／ 二、應供給作業勞工不滲透性防護圍裙，不滲透性長統手套、不滲透性長靴及有機氣體用防毒面罩，並使其確實使用。但雇主或工作場所負責人認為作業勞工不致受四烷基鉛污染或無吸入其蒸氣之虞時；不在此限。
OSH-40	OSH	四烷基鉛中毒預防規則	第7條		雇主使勞工從事第二條第一項第三款規定有關四烷基鉛用儲槽作業時，依下列規定： ／ 一、自儲槽內抽出四烷基鉛後，應有防止自所有與該儲槽有關之管線倒流四烷基鉛於儲槽內部之措施。 ／ 二、使用汽油或煤油等洗淨儲槽內部，將其排出儲槽外。 ／ 三、使用適當氧化劑如百分之五過錳酸鉀溶液等，將儲槽內部充分氧化，並將該氧化劑排出儲槽外。 ／ 四、儲槽之人孔、排放閥及其他不致使四烷基鉛流入內部之開口部分，應全部開放。 ／ 五、使用水或水蒸氣清洗排除儲槽內部之氧化劑等排出儲槽外，如使用水蒸氣清洗時，該儲槽應妥為接地。 ／ 六、作業開始前或在作業期間，均應使用換氣裝置，將儲槽內部充分換氣。 ／ 七、應設置於發生緊急狀況時，能使儲槽內之勞工即刻避難之設備或器材等設施。 ／ 八、應指派監視人員一人以上監視作業狀況，發現有異常時，應立即報告四烷基鉛作業主管及其他有關人員。 ／ 九、應供給從事第一款至第五款作業勞工不滲透性防護衣著、不滲透性長統手套、不滲透性長靴、防護帽及輸氣管面罩，並使其確實使用。 ／ 十、應供給從事第一款至第五款有關措施之作業勞工及第八款監視作業勞工不滲透性防護衣著、不滲透性長靴及有機氣體用防毒面罩。但雇主或工作場所負責人認為作業勞工不致受四烷基鉛污染或無吸入其蒸氣之虞時，不在此限。 ／ 前項第一款至第五款規定，應於作業開始前依序為之。
OSH-40	OSH	四烷基鉛中毒預防規則	第8條		雇主使勞工從事第二條第一項第三款規定有關加鉛汽油用儲槽作業時，依下列規定： ／ 一、自儲槽內抽出加鉛汽油後，應有防止自所有與該儲槽有關之管線倒流四烷基鉛或加鉛汽油於儲槽內部之措施。 ／ 二、儲槽之人孔、排放閥及其他不致使四烷基鉛或加鉛汽油流入內部之開口部份，應全部開放。 ／ 三、使用水或水蒸氣清洗儲槽內部，如使用水蒸氣清洗時，該儲槽應妥為接地。 ／ 四、作業開始前或在作業期間，均應使用換氣裝置，將儲槽內部充分換氣。 ／ 五、應設置於發生緊急狀況時，能使儲槽內之勞工即刻避難之設備或器材等設施。 ／ 六、應指派監視人員一人以上監視作業狀況，發現有異常時，應立即報告四烷基鉛作業主管及其他有關人員。 ／ 七、應供給從事第一款至第三款作業勞工不滲透性防護衣著、不滲透性長統手套、不滲透性長靴、防護帽及輸氣管面罩，並使其確實使用。 ／ 八、應供給第一款至第三款有關措施之作業勞工及第六款監視作業勞工不滲透性防護衣著、不滲透性長靴及有機氣體用防毒面罩。但雇主或工作場所負責人認為作業勞工不致受四烷基鉛污染或無吸入其蒸氣之虞時，不在此限。 ／ 前項第四款之換氣裝置，需將槽內空氣中汽油濃度降低至符合勞工作業場所容許暴露標準之規定。
OSH-40	OSH	四烷基鉛中毒預防規則	第9條		雇主使勞工從事第二條第一項第四款規定之作業時，依下列規定： ／ 一、搬運或臨時儲存殘渣時，應使用不致使該殘渣漏洩或溢出且具有堅固覆蓋或栓塞之容器。 ／ 二、搬運或臨時儲存廢液時，應使用不致使該廢液漏洩或溢出之堅固容器。 ／ 雇主應供給前項作業之勞工不滲透性防護衣著、不滲透性長統手套、不滲透性長靴，對於以人工從事殘渣移入或排出容器作業勞工，並應供給有機氣體用防毒面罩，並使其確實使用。殘渣、廢液等廢棄物之清除及處理依環境保護有關法令規定辦理。
OSH-40	OSH	四烷基鉛中毒預防規則	第10條		雇主使勞工從事第二條第一項第五款規定之作業時，依下列規定： ／ 一、應於作業開始前確認四烷基鉛桶或其他容器之狀況，對有漏洩四烷基鉛或加鉛汽油之虞或被四烷基鉛污染之容器，應予整補或採取其他必要措施。置放四烷基鉛桶之場所如已被四烷基鉛污染者，應以氧化劑清洗乾淨。 ／ 二、雇主應供給前款作業勞工不滲透性防護衣、不滲透性防護手套、不滲透性防護長靴及有機氣體用防毒面罩，並使其確實使用。但對於前款以外之作業勞工應供給不滲透性防護手套，並使其確實使用。
OSH-40	OSH	四烷基鉛中毒預防規則	第11條		雇主使勞工從事第二條第一項第六款規定之作業時，依下列規定： ／ 一、應於各四烷基鉛蒸氣發生源設置局部排氣裝置。 ／ 二、應供給作業勞工不滲透性防護圍裙及不滲透性長統手套，並使其確實使用。
OSH-40	OSH	四烷基鉛中毒預防規則	第12條		雇主使勞工於地下室、船艙、坑井或通風不充分之場所，從事第二條第一項第七款規定之作業時，依下列規定： ／ 一、應設置於發生緊急事故時，能使勞工即刻避難之設備或器材等設施。 ／ 二、作業前除使用該場所之換氣裝置予以充分換氣外，作業時間內亦應使該換氣裝置維持有效運轉。 ／ 三、指派監視人員一人以上監視作業，如有異常狀況，應立即報告四烷基鉛作業主管及其他有關人員。 ／ 四、應供給非以動力換氣作業之勞工不滲透性防護衣著，不滲透性防護手套、不滲透性防護長靴、防護帽及輸氣管面罩或有機氣體用防毒面罩，並使其確實使用。 ／ 五、應供給換氣作業以外之作業勞工不滲透性防護衣著、不滲透性長統手套、不滲透性長靴、防護帽及輸氣管面罩，並使其確實使用。 ／ 六、應於清除四烷基鉛等污染作業完畢時，確認四烷基鉛已被清除。
OSH-40	OSH	四烷基鉛中毒預防規則	第13條		雇主使勞工從事清洗作業或供給勞工清洗手足、身體之清洗劑時，不得使用加鉛汽油。
OSH-40	OSH	四烷基鉛中毒預防規則	第14條		雇主設置之局部排氣裝置，其導管應為易於清掃及測定之構造，並於適當位置開設清潔口及測定孔。
OSH-40	OSH	四烷基鉛中毒預防規則	第15條		雇主設置之局部排氣裝置，應由專業人員妥為設計，並維持其有效性能。
OSH-40	OSH	四烷基鉛中毒預防規則	第16條		雇主使勞工從事第二條第一項第六款以外之四烷基鉛作業時，應派遣四烷基鉛作業主管從事下列監督作業： ／ 一、決定作業方法，並指揮勞工作業。 ／ 二、預防從事該作業之勞工被四烷基鉛污染或吸入該物質。 ／ 三、每日確認第七條第一項第六款、第八條第一項第四款及第十二條第二款之換氣裝置運轉狀況。 ／ 四、監督勞工對防護具使用狀況。 ／ 五、對四烷基鉛作業場所確認結果，如有發生四烷基鉛中毒之虞時，應即採取必要措施。 ／ 六、發現作業勞工身體或衣服被四烷基鉛污染時，應即以肥皂或其他適當清洗劑洗除污染。
OSH-40	OSH	四烷基鉛中毒預防規則	第17條		雇主使勞工從事處理四烷基鉛或加鉛汽油之作業時，於作業完畢後，應供給肥皂使其洗淨雙手及身體被污染之部分。
OSH-40	OSH	四烷基鉛中毒預防規則	第18條		雇主使勞工從事四烷基鉛作業時，應將下列規定事項公告於作業場所中顯明之處，使作業勞工週知： ／ 一、四烷基鉛對人體之影響。 ／ 二、處置四烷基鉛應注意事項。 ／ 三、發生四烷基鉛中毒時之緊急措施。
OSH-40	OSH	四烷基鉛中毒預防規則	第19條		雇主應禁止非從事四烷基鉛作業有關勞工進入從事四烷基鉛作業之場所或儲存裝有四烷基鉛之儲槽、桶等之場所，並將有關禁止事項揭示於顯明易見之處所。
OSH-40	OSH	四烷基鉛中毒預防規則	第20條		勞工從事四烷基鉛作業，發生下列事故致有發生四烷基鉛中毒之虞時，雇主或工作場所負責人應即令停止作業，並使勞工退避至安全場所；勞工在不危及其他工作者安全之情形下，亦得自行停止作業及退避至安全場所，並立即向直屬主管報告： ／ 一、因設備或換氣裝置故障致降低、失去效能。 ／ 二、四烷基鉛之漏洩或溢流。 ／ 三、作業場所被四烷基鉛或其蒸氣污染。 ／ 前項事故下之作業場所，在未確認四烷基鉛已完全清除，勞工無發生四烷基鉛中毒之虞前，不得使相關勞工進入該場所。但在職業安全衛生管理人員或四烷基鉛作業主管指導下搶救人員及處理現場之必要作業者，不在此限。
OSH-40	OSH	四烷基鉛中毒預防規則	第21條		雇主使勞工從事四烷基鉛作業時，依下列規定： ／ 一、作業期間應對四烷基鉛作業之作業場所、儲槽、船艙及坑井等每週實施通風設備運轉狀況、勞工作業情形、空氣流通效果及四烷基鉛使用情形等確認一次以上，有四烷基鉛中毒之虞時，應即採取必要措施。 ／ 二、預防發生四烷基鉛中毒之必要注意事項，應通告全體有關之勞工。
OSH-40	OSH	四烷基鉛中毒預防規則	第22條		雇主依本規則規定供給勞工使用輸氣管面罩時，面罩之空氣入口應置於新鮮空氣之位置。
OSH-40	OSH	四烷基鉛中毒預防規則	第23條		雇主使勞工戴用輸氣管面罩之連續作業時間，每次不得超過一小時。
OSH-40	OSH	四烷基鉛中毒預防規則	第24條		雇主使勞工從事四烷基鉛作業時，對於防護具依下列規定： ／ 一、每天作業前應確認防護具之狀況，發覺防護具有異常時應予整補或更換。 ／ 二、有機氣體用防毒面罩之吸收罐應保持有效。 ／ 三、作業完畢時，應確認勞工使用之防護具、工作衣、器具等之狀況。認有四烷基鉛或加鉛汽油污染者，應予清除或以其他方法妥善處理。 ／ 雇主使勞工從事四烷基鉛作業時，應於作業場所外設置存放防護具、工作衣等之金屬材質保管設備，並與其他衣物隔離保管。
OSH-40	OSH	四烷基鉛中毒預防規則	第25條		雇主於處理四烷基鉛或加鉛汽油作業之場所，應置備下列規定之藥品材料等： ／ 一、肥皂或其他適當清洗劑。 ／ 二、洗眼液、吸附劑及其他急救藥品等。 ／ 三、氧化劑、活性白土及其他防止擴散之材料等。 ／ 四、整補材料。
OSH-40	OSH	四烷基鉛中毒預防規則	第26條		雇主於儲藏四烷基鉛或加鉛汽油時，應使用具有栓蓋之牢固容器並使桶蓋向上以避免四烷基鉛或加鉛汽油之溢出、漏洩、滲透或擴散，該儲藏場所應依下列規定： ／ 一、防止與作業無關人員進入之設施及標示。 ／ 二、將四烷基鉛蒸氣排除於室外。 ／ 三、防止因不慎漏洩而引起意外之措施。
OSH-40	OSH	四烷基鉛中毒預防規則	第27條		雇主應將曾儲裝四烷基鉛之空容器予以密閉或放置於室外之一定場所，並予標示。
OSH-40	OSH	四烷基鉛中毒預防規則	第28條		雇主使勞工於隔離室以遙控方式從事四烷基鉛作業時，僅適用第十三條、第二十條、第二十五條、第二十六條及第二十七條之規定。
OSH-40	OSH	四烷基鉛中毒預防規則	第29條		本規則自發布日施行。 ／ 本規則中華民國一百零三年六月三十日修正發布之條文，自一百零三年七月三日施行。
OSH-41	OSH	高壓氣體勞工安全規則	第1條		本規則依職業安全衛生法第六條第三項及第二十三條第四項規定訂定之。
OSH-41	OSH	高壓氣體勞工安全規則	第2條		本規則所稱高壓氣體如左： ／ 一、在常用溫度下，表壓力（以下簡稱壓力。）達每平方公分十公斤以上之壓縮氣體或溫度在攝氏三十五度時之壓力可達每平方公分十公斤以上之壓縮氣體，但不含壓縮乙炔氣。 ／ 二、在常用溫度下，壓力達每平方公分二公斤以上之壓縮乙炔氣或溫度在攝氏十五度時之壓力可達每平方公分二公斤以上之壓縮乙炔氣。 ／ 三、在常用溫度下，壓力達每平方公分二公斤以上之液化氣體或壓力達每平方公分二公斤時之溫度在攝氏三十五度以下之液化氣體。 ／ 四、前款規定者外，溫度在攝氏三十五度時，壓力超過每平方公分零公斤以上之液化氣體中之液化氰化氫、液化溴甲烷、液化環氧乙烷或其他中央主管機關指定之液化氣體。
OSH-41	OSH	高壓氣體勞工安全規則	第3條		本規則所稱特定高壓氣體，係指高壓氣體中之壓縮氫氣、壓縮天然氣、液氧、液氨及液氯、液化石油氣。
OSH-41	OSH	高壓氣體勞工安全規則	第4條		本規則所稱可燃性氣體，係指丙烯腈、丙烯醛、乙炔、乙醛、氨、一氧化碳、乙烷、乙胺、乙苯、乙烯、氯乙烷、氯甲烷、氯乙烯、環氧乙烷、環氧丙烷、氰化氫、環丙烷、二甲胺、氫、三甲胺、二硫化碳、丁二烯、丁烷、丁烯、丙烷、丙烯、溴甲烷、苯、甲烷、甲胺、二甲醚、硫化氫及其他爆炸下限在百分之十以下或爆炸上限與下限之差在百分之二十以上之氣體。
OSH-41	OSH	高壓氣體勞工安全規則	第5條		本規則所稱原料氣體係指前條規定之氣體及氧氣。
OSH-41	OSH	高壓氣體勞工安全規則	第6條		本規則所稱毒性氣體，指丙烯腈、丙烯醛、二氧化硫、氨、一氧化碳、氯、氯甲烷、氯丁二烯、環氧乙烷、氰化氫、二乙胺、三甲胺、二硫化碳、氟、溴甲烷、苯、光氣、甲胺、硫化氫及其他容許濃度在百萬分之二百以下之氣體。 ／ 前項所稱容許濃度，指勞工作業場所容許暴露標準規定之容許濃度。
OSH-41	OSH	高壓氣體勞工安全規則	第7條		本規則所稱容器，係指純供灌裝高壓氣體之移動式壓力容器。
OSH-41	OSH	高壓氣體勞工安全規則	第8條		本規則所稱灌氣容器，係指灌裝有高壓氣體之容器，而該氣體之質量在灌裝時質量之二分之一以上者。
OSH-41	OSH	高壓氣體勞工安全規則	第9條		本規則所稱殘氣容器，係指灌裝有高壓氣體之容器，而該氣體之質量未滿灌裝時質量之二分之一者。
OSH-41	OSH	高壓氣體勞工安全規則	第10條		本規則所稱超低溫容器，係指可灌裝攝氏零下五十度以下之液化氣體，並使用絕熱材料被覆，使容器內氣體溫度不致上升至超過常用溫度之容器。
OSH-41	OSH	高壓氣體勞工安全規則	第11條		本規則所稱低溫容器，係指使用絕熱材料被覆或利用冷凍設備冷卻，使容器內氣體溫度不致上升至超過常用溫度，供作灌裝液化氣體之前條以外之容器。
OSH-41	OSH	高壓氣體勞工安全規則	第12條		本規則所稱儲槽，係指固定於地盤之高壓氣體儲存設備。
OSH-41	OSH	高壓氣體勞工安全規則	第13條		本規則所稱可燃性氣體低溫儲槽，係將大氣壓時沸點為攝氏零度以下之可燃性氣體於攝氏零度以下或以該氣體氣相部分之常用壓力於每平方公分一公斤以下之液態下儲存，並使用絕熱材料被覆或利用冷凍設備冷卻，使槽內氣體溫度不致上升至常用溫度之儲槽。
OSH-41	OSH	高壓氣體勞工安全規則	第14條		本規則所稱氣體設備，係指製造設備（不含與製造有關所用之導管。）中擬製造之高壓氣體之氣體（包括原料氣體。）流通之部分。
OSH-41	OSH	高壓氣體勞工安全規則	第15條		本規則所稱高壓氣體設備，係指氣體設備中有高壓氣體流通之部分。
OSH-41	OSH	高壓氣體勞工安全規則	第16條		本規則所稱處理設備，係指以壓縮、液化及其他方法處理氣體之高壓氣體製造設備。
OSH-41	OSH	高壓氣體勞工安全規則	第17條		本規則所稱減壓設備，係指將高壓氣體變換為非高壓氣體之設備。
OSH-41	OSH	高壓氣體勞工安全規則	第18條		本規則所稱儲存能力，係指儲存設備可儲存之高壓氣體之數量，其計算式如左： ／ 一、壓縮氣體儲存設備：Ｑ＝ (Ｐ＋１) Ｖ１ ／ 二、液化氣體儲存設備：Ｗ＝○．９ｗＶ２ ／ 三、液化氣體容器：Ｗ＝Ｖ２／Ｃ ／ 算式中： ／ Ｑ  儲存設備之儲存能力 (單位：立方公尺) 值。 ／ Ｐ  儲存設備之溫度在攝氏三十五度 (乙炔氣為攝氏十五度) 時之最 ／ 高灌裝壓力 (單位：每平方公分之公斤數) 值。 ／ Ｖ１  儲存設備之內容積 (單位：立方公尺) 值。 ／ Ｗ  儲存設備之儲存能力 (單位：公斤) 值。 ／ ｗ  儲槽於常用溫度時液化氣體之比重 (單位：每公升之公斤數) ／ 值。 ／ Ｖ２  儲存設備之內容積 (單位：公升) 值。 ／ Ｃ  中央主管機關指定之值。
OSH-41	OSH	高壓氣體勞工安全規則	第19條		本規則所稱處理能力，係指處理設備或減壓設備以壓縮、液化或其他方法一日可處理之氣體容積（換算於溫度在攝氏零度、壓力為每平方公分零公斤狀態時之容積。）值。
OSH-41	OSH	高壓氣體勞工安全規則	第20條		（因條文排版無法完整呈現內容，請詳閱 ／ 完整條文 ／ 檔案） ／ 本規則所稱冷凍能力，指下列規定之一者： ／ 一、使用離心式壓縮機之製造設備，以該壓縮機之原動機額定輸出一．二瓩為一日冷凍能力一公噸。 ／ 二、使用吸收式冷凍設備，以一小時加熱於發生器之入熱量六千六百四十仟卡為一日冷凍能力一公噸。 ／ 三、除前二款規定者外，依下式計算： ／ Ｒ=Ｖ/Ｃ ／ 算式中： ／ Ｒ：一日之冷凍能力（單位：公噸）值。 ／ Ｖ：以多段壓縮方式或多元冷凍方式之製造設備，依下列（一）計算所得之數值；回轉活塞型壓縮機，依下列（二）計算所得之數值；其他以壓縮機一小時標準回轉速度之活塞壓縮量（單位：立方公尺）值。 ／ （一）ＶＨ+0.08×ＶＬ ／ （二）60×0.785 ×ｔ×n（Ｄ2-ｄ2） ／ 算式中： ／ ＶＨ：於壓縮機額定回轉速度時最終段或最終元氣筒 一小時活塞壓縮量（單位：立方公尺）值。 ／ ＶＬ：於壓縮機額定回轉速度時最終段或最終元之前一氣筒一小時活塞壓縮量（單位：立方公尺）值。 ／ ｔ：回轉活塞之氣體壓縮部分之厚度（單位：公尺）值。 ／ ｎ：回轉活塞一分鐘之標準回轉數值。 ／ Ｄ：氣筒內徑（單位：公尺）值。 ／ ｄ：回轉活塞之外徑（單位：公尺）值。 ／ Ｃ：依冷媒氣體決定之中央主管機關之指定值。
OSH-41	OSH	高壓氣體勞工安全規則	第21條		本規則所稱移動式製造設備，係指可於地盤上移動之製造（含與該製造有關之儲存或導管之輸送。）設備。
OSH-41	OSH	高壓氣體勞工安全規則	第22條		本規則所稱固定式製造設備，係指前條規定之移動式製造設備以外之製造設備。
OSH-41	OSH	高壓氣體勞工安全規則	第23條		本規則所稱液化石油氣製造設備，指下列設備之一者： ／ 一、第一種製造設備：指加氣站以外設有儲槽或導管之固定式製造設備。 ／ 二、第二種製造設備：指加氣站以外未設有儲槽或導管之固定式製造設備。
OSH-41	OSH	高壓氣體勞工安全規則	第24條		本規則所稱供應設備如左： ／ 一、第一種供應設備：在供應事業場所以灌氣容器或殘氣容器（含儲存設備及導管之輸送）供應液化石油氣之各該設備。 ／ 二、第二種供應設備：前款以外之從事供應液化石油氣時之各該設備。
OSH-41	OSH	高壓氣體勞工安全規則	第25條		本規則所稱加氣站，係指直接將液化石油氣灌裝於固定在使用該氣體為燃料之車輛之容器之固定式製造設備。
OSH-41	OSH	高壓氣體勞工安全規則	第26條		本規則所稱冷凍機器，係指專供冷凍設備使用之機械，且一日之冷凍能力在三公噸以上者。
OSH-41	OSH	高壓氣體勞工安全規則	第27條		本規則所稱製造事業單位如左： ／ 一、甲類製造事業單位：使用壓縮、液化或其他方法處理之氣體容積（係指換算成溫度在攝氏零度、壓力在每平方公分零公斤時之容積。）一日在三十立方公尺以上或一日冷凍能力在二十公噸（適於中央主管機關規定者，從其規定。）以上之設備從事高壓氣體之製造（含灌裝於容器；以下均同。）者。 ／ 二、乙類製造事業單位：前款以外之高壓氣體製造者。但冷凍能力以三公噸以上者為限。
OSH-41	OSH	高壓氣體勞工安全規則	第28條		本規則所稱特定高壓氣體消費事業單位係指設置之特定高壓氣體儲存設備之儲存能力適於左列之一或使用導管自其他事業單位導入特定高壓氣體者。 ／ 一、壓縮氫氣之容積在三百立方公尺以上者。 ／ 二、壓縮天然氣之容積在三百立方公尺以上者。 ／ 三、液氧之質量在三千公斤以上者。 ／ 四、液氨之質量在三千公斤以上者。 ／ 五、液氯之質量在一千公斤以上者。
OSH-41	OSH	高壓氣體勞工安全規則	第29條		本規則所稱特定液化石油氣消費事業單位係指設置之液化石油氣儲存設備之儲存能力，其質量在三千公斤以上或使用導管自其他事業單位導入液化石油氣者。
OSH-41	OSH	高壓氣體勞工安全規則	第30條		本規則所稱一般液化石油氣消費事業單位，係指前條以外之液化石油氣消費事業單位。
OSH-41	OSH	高壓氣體勞工安全規則	第31條		事業場所應有明確之境界線，並於該場所外面設置容易辨識之警戒標示。
OSH-41	OSH	高壓氣體勞工安全規則	第32條		冷凍設備之壓縮機、油分離器、冷凝器或承液器及此等間之配管，不得設置於堆積有中央主管機關指定之危險性物質（以下簡稱危險性物質。）或煙火場所之附近。
OSH-41	OSH	高壓氣體勞工安全規則	第33條		自可燃性氣體製造設備（以可燃性氣體可流通之部分為限；經中央主管機關指定者除外。）之外面至處理煙火（不含該製造設備內使用之煙火。）之設備，應保持八公尺以上距離或設置防止可燃性氣體自製造設備漏洩時不致流竄至處理煙火之設備之措施。
OSH-41	OSH	高壓氣體勞工安全規則	第34條		自可燃性氣體製造設備之高壓氣體設備（不含供作其他高壓氣體設備之冷卻用冷凍設備。）之外面至其他可燃性氣體製造設備之高壓氣體設備（以可燃性氣體可流通之部分為限。）應保持五公尺以上之距離，與氧氣製造設備之高壓氣體設備（以氧氣可流通之部分為限。）應保持十公尺以上距離。但依第八十條之導管設置規定設置之配管，不在此限。
OSH-41	OSH	高壓氣體勞工安全規則	第35條		自儲存能力在三百立方公尺或三千公斤以上之可燃性氣體儲槽外面至其他可燃性氣體或氧氣儲槽間應保持一公尺或以該儲槽、其他可燃性氣體儲槽或氧氣儲槽之最大直徑和之四分之一以上較大者之距離。但設有水噴霧裝置或具有同等以上有效防火及滅火能力之設施者，不在此限。
OSH-41	OSH	高壓氣體勞工安全規則	第36條		可燃性氣體儲槽應塗以紅色或在該槽壁上明顯部分以紅字書明該氣體名稱。但標示於槽壁缺乏識別效果之地下儲槽、埋設於地盤內儲槽、覆土式儲槽及其他儲槽，得採設置標示牌或其他易於識別之方式為之。
OSH-41	OSH	高壓氣體勞工安全規則	第37條		下列設備應於其四周設置可防止液化氣體漏洩時流竄至他處之防液堤或其他同等設施： ／ 一、儲存能力在一千公噸以上之液化可燃性氣體儲槽。 ／ 二、儲存能力在一千公噸以上之液化氧氣儲槽。 ／ 三、儲存能力在五公噸以上之液化毒性氣體儲槽。 ／ 四、以毒性氣體為冷媒氣體之冷媒設備，其承液器內容積在一萬公升以上者。
OSH-41	OSH	高壓氣體勞工安全規則	第37條之1		依前條規定設置防液堤者，其防液堤內側及堤外十公尺範圍內，除下列設備及儲槽之附屬設備外，不得設置其他設備。但液化毒性氣體儲槽防液堤外之距離範圍，應依第三十七條之二規定辦理，不受十公尺規定限制： ／ 一、設置於防液堤內側者： ／ （一）與該儲槽有關之低溫儲槽之輸液設備。 ／ （二）惰性氣體儲槽。 ／ （三）水噴霧裝置。 ／ （四）撒水裝置及儲槽外面至防液堤間超過二十公尺者，可自防液堤外側操作之滅火設備。 ／ （五）氣體漏洩檢知警報設備之感應部。 ／ （六）除毒設備之吸收洩漏氣體之部分。 ／ （七）照明設備。 ／ （八）計測設備。 ／ （九）排水設備。 ／ （十）配管及配管架臺。 ／ （十一）其他不妨礙安全之設備。 ／ 二、設置於防液堤外側者： ／ （一）與該儲槽有關之輸液設備。 ／ （二）惰性氣體儲槽或空氣儲槽。 ／ （三）冷凍設備。 ／ （四）熱交換器。 ／ （五）氣化器。 ／ （六）氣體漏洩檢知警報設備。 ／ （七）除毒設備。 ／ （八）照明設備。 ／ （九）防止氣體擴散漏洩之構築物。 ／ （十）計測設備。 ／ （十一）配管及配管架臺。但配管膨脹接頭以外之部分，以距地面四公尺以上高度者為限。 ／ （十二）導管及導管架臺。 ／ （十三）消防設備。 ／ （十四）事業場所設置之通路。 ／ （十五）具有可承受地盤荷重而埋設於地下之設施。 ／ （十六）其他不妨礙安全之設備。
OSH-41	OSH	高壓氣體勞工安全規則	第37條之2		液化毒性氣體儲槽，應依下列公式計算前條所定防液堤外側應維持之距離： ／ 一、毒性氣體中之可燃性氣體： ／ （一）當 5≦X＜1000， ／ 4 ／ L＝——（X-5）+6 ／ 995 ／ （二）當 X≧1000，L=10 ／ X：儲存能力（公噸） ／ L：距離（公尺） ／ 二、前款以外之毒性氣體： ／ （一）當 5≦X＜1000， ／ 4 ／ L＝——（X-5）+4 ／ 995 ／ （二）當 X≧1000， L=8 ／ X：儲存能力（公噸） ／ L：距離（公尺）
OSH-41	OSH	高壓氣體勞工安全規則	第38條		設置可燃性氣體製造設備或冷媒設備之壓縮機、油分離器、冷凝器或承液器及此等間之配管（以製造可燃性氣體或毒性氣體之製造設備者為限。）之廠房，不得因可燃性氣體或冷媒氣體之漏洩致使其滯留於廠內之構造。
OSH-41	OSH	高壓氣體勞工安全規則	第39條		可燃性氣體、毒性氣體及氧氣之氣體設備（除高壓氣體設備及空氣取氣口外。）應具氣密之構造。
OSH-41	OSH	高壓氣體勞工安全規則	第40條		冷凍用高壓氣體之製造設備應具有不因振動、衝擊或腐蝕等致使冷媒氣體漏洩之構造。
OSH-41	OSH	高壓氣體勞工安全規則	第41條		高壓氣體設備應以常用壓力一點五倍以上之壓力實施耐壓試驗，並以常用壓力以上之壓力實施氣密試驗測試合格。但不包括下列設備： ／ 一、第七條所列之容器。 ／ 二、經重新檢查或構造檢查實施耐壓試驗、氣密試驗測試合格之高壓氣體特定設備。 ／ 三、經中央主管機關認定具有同等效力之試驗合格者。
OSH-41	OSH	高壓氣體勞工安全規則	第42條		冷媒設備（冷凍設備中，冷媒氣體可流通之部分；以下均同。）應經以最高使用壓力以上之壓力實施氣密試驗及以最高使用壓力一．五倍以上壓力實施之耐壓試驗或具有同等以上效力之試驗合格者。
OSH-41	OSH	高壓氣體勞工安全規則	第43條		高壓氣體設備（容器及中央主管機關規定者外。）應具有以常用壓力二倍以上壓力加壓時，不致引起降伏變形之厚度或經中央主管機關認定具有同等以上強度者。
OSH-41	OSH	高壓氣體勞工安全規則	第44條		氣體設備之材料，應使用足以適應該氣體之種類、性狀、溫度及壓力等諸性質之要求者。
OSH-41	OSH	高壓氣體勞工安全規則	第45條		高壓氣體設備，除配管、泵、壓縮機之部分外，其基礎不得有不均勻沈陷致使該設備發生有害之變形；儲存能力在一百立方公尺或一公噸以上之儲槽之支柱（未置支柱之儲槽者為其底座。）應置於同一基礎，並緊密結合。
OSH-41	OSH	高壓氣體勞工安全規則	第46條		塔（供進行反應、分離、精煉、蒸餾等製程之高壓氣體設備，以其最高位正切線至最低位正切線間之長度在五公尺以上者。）、儲槽（以儲存能力在三百立方公尺或三公噸以上之儲槽。）、冷凝器（豎式圓胴型者，以胴部長度在五公尺以上者為限。）及承液器（以內容積在五千公升以上者為限。）及支撐各該設備之支持構築物與基礎之結構，應能承受地震影響之耐震構造。
OSH-41	OSH	高壓氣體勞工安全規則	第47條		高壓氣體設備之可進行溫度變化之反應、分離、精煉、蒸餾、冷卻、冷凝、熱交換及加熱設備，應設置適當之溫度計，且應採取該設備內溫度超過常用溫度時，可迅使其溫度下降至常用溫度範圍內之措施。
OSH-41	OSH	高壓氣體勞工安全規則	第48條		高壓氣體設備、儲存設備或冷媒設備，應設置適當之壓力表，且應置該設備內壓力超過最高使用壓力時，可迅使其壓力恢復至最高使用壓力以下之安全裝置。
OSH-41	OSH	高壓氣體勞工安全規則	第49條		前條安全裝置（除設置於惰性高壓氣體設備者外。）中之安全閥或破裂板應置釋放管；釋放管開口部之位置，應依左列規定： ／ 一、設於可燃性氣體儲槽者：應置於距地面五公尺或距槽頂二公尺高度之任一較高之位置以上，且其四周應無著火源等之安全位置。 ／ 二、設於毒性氣體高壓氣體設備者：應置於該氣體之除毒設備內。 ／ 三、設於其他高壓氣體設備者：應置於高過鄰近建築物或工作物之高度，且其四周應無著火源等之安全位置。
OSH-41	OSH	高壓氣體勞工安全規則	第50條		可燃性氣體低溫儲槽，應採取防止其內壓降低至較外壓為低時不致使該儲槽發生破裂之措施。
OSH-41	OSH	高壓氣體勞工安全規則	第51條		以可燃性氣體或毒性氣體為冷媒氣體之冷媒設備之承液器及液化氣體儲槽應裝設液面計（氧氣或惰性氣體之超低溫儲槽以外之儲槽，以採用圓型玻璃管以外之液面計為限。）；該液面計如為玻璃管液面計者，應有防止該玻璃管不致遭受破損之措施。 ／ 連接前項玻璃管液面計與承液器或儲槽（以儲存可燃性氣體及毒性氣體為限。）間之配管，應設置自動及手動式停止閥。
OSH-41	OSH	高壓氣體勞工安全規則	第52條		設置於儲存可燃性氣體、毒性氣體或氧氣之儲槽（不含中央主管機關規定者。）之配管（以輸出或接受該氣體之用者為限；包括儲槽與配管之連接部分。）除依次條規定設置緊急遮斷裝置之閥類外，應設二具以上之閥；其一應置於該儲槽之近接處，該閥在輸出或接受氣體以外之期間，應經常關閉。
OSH-41	OSH	高壓氣體勞工安全規則	第53條		設置於內容積在五千公升以上之可燃性氣體、毒性氣體或氧氣等之液化氣體儲槽之配管，應於距離該儲槽外側五公尺以上之安全處所設置可操作之緊急遮斷裝置。但僅用於接受該液態氣體之配管者，得以逆止閥代替。 ／ 前項配管，包括儲槽與配管間之連接部分，以輸出或接受液化之可燃性氣體、毒性氣體或氧氣之用者為限。 ／ 液氧儲槽僅供應醫療用途者，除應依第一項規定設置緊急遮斷裝置外，得另裝旁通閥。但旁通閥應經常保持關閉狀態，並加鉛封或上鎖，非遇有緊急情況或維修需要，不得開啟。
OSH-41	OSH	高壓氣體勞工安全規則	第54條		可燃性氣體（氨及溴甲烷以外。）之高壓氣體設備或冷媒設備使用之電氣設備，應具有適應其設置場所及該氣體種類之防爆性能構造。
OSH-41	OSH	高壓氣體勞工安全規則	第55條		自動控制進行反應、分離、精煉、蒸餾等製造設備之控制裝置、依次條、第五十七條或第六十二條規定設置之撒水裝置、依第六十七條規定設置之消防設備、製造設備之冷卻水泵、緊急照明設備及其他為確保製造安全經中央主管機關規定之設施，應設置不因停電導致該設施失卻安全功能之緊急電源或採取其他輔助措施。
OSH-41	OSH	高壓氣體勞工安全規則	第56條		灌裝壓縮乙炔氣於容器之場所及第七十九條之灌氣容器放置場應設不因火災致使容器發生破裂之撒水裝置。
OSH-41	OSH	高壓氣體勞工安全規則	第57條		設置於地盤上之液化石油氣儲槽及其支柱，應以不燃性絕熱材料被覆等構築之耐熱性構造；或於距離該儲槽及其支柱之外面五公尺以上之處所設置可操作之冷卻用撒水設備或其他冷卻裝置。
OSH-41	OSH	高壓氣體勞工安全規則	第58條		放置壓縮機或灌裝壓縮乙炔氣於容器之場所或與第七十九條之灌氣容器放置場間及灌裝該氣體於容器之場所與第七十九條之灌氣容器放置場間，應分設厚度在十二公分以上鋼筋混凝土造或具有與此同等以上強度結構之防護牆。
OSH-41	OSH	高壓氣體勞工安全規則	第59條		壓縮機與使用每平方公分一百公斤以上之壓力灌注壓縮氣體於容器之場所或與第七十九條規定之灌氣容器放置場間，應分設厚度在十二公分以上鋼筋混凝土造或具有與此同等以上強度結構之防護牆。
OSH-41	OSH	高壓氣體勞工安全規則	第60條		可燃性氣體或毒性氣體之製造設備中，有氣體漏洩致積滯之虞之場所，應設可探測該漏洩氣體，且自動發出警報之氣體漏洩檢知警報設備。
OSH-41	OSH	高壓氣體勞工安全規則	第61條		毒性氣體之製造設備（中央主管機關規定者外。），應依左列規定設置氣體漏洩時之防毒措施： ／ 一、可適當防止漏洩氣體擴散之裝置。 ／ 二、應依該氣體毒性、氣體種類、數量及製程，選擇吸收各該毒性氣體之設備及吸收劑。 ／ 三、防毒面罩及其他防護具，應保管於安全場所，並經常維護於適當狀態。
OSH-41	OSH	高壓氣體勞工安全規則	第62條		可燃性氣體或毒性氣體之儲槽或此等儲槽以外之儲槽而鄰近於可燃性氣體儲槽或處置可燃性物質之設備之四周及此等之支柱，應採取防止溫升之必要措施。
OSH-41	OSH	高壓氣體勞工安全規則	第63條		為區別毒性氣體製造設施與其他製造設施，應於其外部設置容易辨識其為毒性氣體製造設施之必要措施，且在該設施之泵、閥、接頭及其他有漏洩氣體之虞之處所，標示其具有毒性之危害。
OSH-41	OSH	高壓氣體勞工安全規則	第64條		毒性氣體之氣體設備之配管、管接頭及閥之接合；應採用熔接接合。但不適於熔接接合者，得以在安全上具有必要強度之凸緣接合代替。
OSH-41	OSH	高壓氣體勞工安全規則	第65條		毒性氣體之氣體設備之配管，應依各該氣體之種類、性狀、壓力及該配管鄰近狀況，在必要處所採用二重管構造。
OSH-41	OSH	高壓氣體勞工安全規則	第66條		可燃性氣體製造設備，應採取可除卻該設備產生之靜電之措施。
OSH-41	OSH	高壓氣體勞工安全規則	第67條		可燃性氣體及氧氣之製造設備，應依消防法有關規定設必要之消防設備。
OSH-41	OSH	高壓氣體勞工安全規則	第68條		事業場所應依其規模及製造設施之形態，在事業場所內設發生緊急災害時，可迅速聯絡之通報設備。
OSH-41	OSH	高壓氣體勞工安全規則	第69條		設於製造設備之閥或旋塞及以按鈕方式等操作該閥或旋塞之開閉按鈕等（以下於本條文中簡稱閥之相關裝置。）除依左列規定外，並應採取可使作業人員適當操作之措施： ／ 一、在閥之相關裝置應設可明確表示其開閉方向之標示外，如該閥之相關裝置之操作對製造設備在安全上有重大影響者，應設表示其開閉狀況之標示。 ／ 二、與該閥之相關裝置有關之配管，應於近接該裝置之部位，以容易識別之方法標示該配管內之氣體或其他流體之種類及流動方向。但使用按鈕操作者，不在此限。 ／ 三、閥之相關裝置之操作對製造設備在安全上有重大影響且不經常使用者，應予加鎖、鉛封或採取其他同等有效之措施。但供緊急使用者，不在此限。 ／ 四、在閥之相關裝置操作場所，應視該裝置之機能及使用頻率，設置可確實操作該裝置之作業台。
OSH-41	OSH	高壓氣體勞工安全規則	第70條		對高壓氣體之製造，於其生成、分離、精煉、反應、混合、加壓或減壓過程，應依下列規定維持於安全狀態︰ ／ 一、附設於安全閥或釋放閥之停止閥，應經常維持於全開放狀態。但從事安全閥或釋放閥之修理致有關斷必要者，不在此限。 ／ 二、當空氣液化分離裝置之液氧積存器內，每公升液氧中碳氫化合物濃度有下列情形之一時，應採取即刻停止該空氣液化分離裝置運轉，且迅即將液氧排放之措施： ／ （一）乙炔質量超過一毫克。 ／ （二）甲烷中之碳質量超過二百毫克。 ／ （三）前二款以外之其他碳氫化合物之碳質量超過一百毫克。 ／ （四）碳氫化合物中之碳質量合計超過二百毫克。 ／ 三、下列氣體不得予以壓縮︰ ／ （一）乙炔、乙烯及氫氣以外之可燃性氣體中，含氧容量佔全容量之百分之四以上者。 ／ （二）乙炔、乙烯或氫氣中之含氧容量佔全容量之百分之二以上者。 ／ （三）氧氣中之乙炔、乙烯及氫氣之容量之合計佔全容量之百分之二以上者。 ／ （四）氧氣中之乙炔、乙烯及氫氣以外之可燃性氣體，其容量佔全容量之百分之四以上者。 ／ 四、製造壓力超過每平方公分二十五公斤之壓縮乙炔時，應添加稀釋劑。
OSH-41	OSH	高壓氣體勞工安全規則	第71條		從事高壓氣體製造中之灌裝作業，應依下列規定辦理： ／ 一、將液化氣體灌注於儲槽時，應控制該液化氣體之容量不得超過在常用溫度下該槽內容積之百分之九十；對液化毒性氣體儲槽，應具有可自動探測液化氣體之容量及超過槽內容積百分之九十界限時可發出警報之設施。 ／ 二、將乙炔以外之壓縮氣體及液氨、液化二氧化碳及液氯灌注於無縫容器時，應於事前對該容器實施音響檢查；對有異音者應實施內部檢查；發現內部有腐蝕或異物時不得使用。 ／ 三、將高壓氣體灌注於固定在車輛之內容積在五千公升以上之容器或自該容器抽出高壓氣體時，應在該車輛設置適當之輪擋並予以固定。 ／ 四、將乙炔灌注於容器時，應維持其灌裝壓力在每平方公分二十五公斤以下，且應於灌注後靜置至其壓力在攝氏十五度時為每平方公分十五點五公斤以下。 ／ 五、將環氧乙烷灌注於儲槽或灌注於容器時，應於事前使用氮氣或二氧化碳置換該儲槽或容器內部原有之氣體，使其不含有酸或鹼等物質。 ／ 六、應在事前確認灌注液化石油氣於容器或受灌注自該容器之製造設備之配管與容器之配管連接部分無漏洩液化石油氣之虞，且於灌注或抽出並將此等配管內之流體緩緩排放至無虞危險後，始得拆卸該配管。 ／ 七、高壓氣體之灌裝，應使用符合現行法令規定之合格容器或儲槽。
OSH-41	OSH	高壓氣體勞工安全規則	第72條		為防止灌裝後氣體之漏洩或爆炸，高壓氣體之灌裝，應依左列規定： ／ 一、乙炔應灌注於浸潤有多孔質物質性能試驗合格之丙酮或二甲基甲醯胺之多孔性物質之容器。 ／ 二、氰化氫之灌裝，應在純度百分之九十八以上氰化氫中添加穩定劑。 ／ 三、氰化氫之灌氣容器，應於灌裝後靜置二十四小時以上，確認無氣體之漏洩後，於其容器外面張貼載明有製造年月日之貼籤。 ／ 四、儲存環氧乙烷之儲槽，應經常以氮、二氧化碳置換其內部之氮、二氧化碳及環氧乙烷以外之氣體，且維持其溫度於攝氏五度以下。 ／ 五、環氧乙烷之灌氣容器，應灌注氮或二氧化碳，使其溫度在攝氏四十五度時內部氣體之壓力可達每平方公分四公斤以上。
OSH-41	OSH	高壓氣體勞工安全規則	第73條		（刪除）
OSH-41	OSH	高壓氣體勞工安全規則	第74條		供為製造霧劑、打火機用氣體或其他工業用液化石油氣之灌氣容器，應張貼以紅字書寫「未添加臭劑」之貼籤，或灌注於有類似意旨表示之容器；其他液化石油氣應添加當該氣體漏洩於空氣中之含量達容量之千分之一時即可察覺臭味之臭劑。
OSH-41	OSH	高壓氣體勞工安全規則	第75條		從事氣體設備之修理、清掃等作業（以下簡稱修理等相關作業。），應依左列規定： ／ 一、從事修理等相關作業時，應於事前訂定作業計畫，並指定作業負責人，且應於該作業負責人監督下依作業計畫實施作業。 ／ 二、從事可燃性氣體、毒性氣體或氧氣之氣體設備之修理等相關作業時，應於事前以不易與其內部氣體反應之氣體或液體置換其內部原有之氣體。 ／ 三、從事修理等相關作業而認有必要使勞工進入氣體設備內部時，前款置換用氣體或液體應另以空氣再度置換。 ／ 四、開放氣體設備從事修理等相關作業時，為防範來自其他部分之氣體流入該開放部分，應將該開放部分前後之閥及旋塞予以關閉，且設置盲板等加以阻隔。 ／ 五、依前款規定關閉之閥或旋塞（以操作按鈕等控制該閥或旋塞之開閉者，為該操作按鈕等。）或盲板，應懸掛「禁止操作」之標示牌並予以加鎖。 ／ 六、於修理等相關作業終了後，非經確認該氣體設備已可安全正常動作前，不得供製造作業使用。
OSH-41	OSH	高壓氣體勞工安全規則	第76條		儲存能力在一百立方公尺或一公噸以上之儲槽，應隨時注意有無沈陷現象，如有沉陷現象時，應視其沉陷程度採取適當因應措施。
OSH-41	OSH	高壓氣體勞工安全規則	第77條		操作製造設備之閥時，應考慮該閥之材質、構造及使用狀況、採取必要措施以防止過巨之力加諸於閥上，並訂入工作守則中。
OSH-41	OSH	高壓氣體勞工安全規則	第78條		霧劑之製造作業，應依左列規定： ／ 一、製造霧劑所使用之容器應適於目的事業主管機關之規定者。 ／ 二、霧劑製造設備之四周二公尺以內，不得置放中央主管機關指定之危險性物質。 ／ 三、霧劑應在使用不燃性材料或該建築物內以不燃性材料被覆之室內製造，且應嚴禁煙火。 ／ 四、在霧劑製造室內不得放置作業所需以外之物品。 ／ 五、霧劑應控制於溫度攝氏三十五度時該容器內壓可維持在每平方公分八公斤以下，且霧劑容量應保持在該容器內容積百分之九十以下之條件下製造。 ／ 六、為製造霧劑而必需加熱灌氣容器、閥或灌裝管路時，應使用熱濕布或溫度在攝氏四十度以下之溫水。 ／ 七、必須將容器顛倒從事製造霧劑時，應使用可固定該容器之倒轉台。 ／ 八、灌裝有霧劑之容器，應全數置於溫水試驗槽內維持其溫度於攝氏四十八度或依中央主管機關規定方法試驗時，不致使該霧劑發生漏洩。
OSH-41	OSH	高壓氣體勞工安全規則	第79條		容器放置場、灌氣容器及殘氣容器（以下簡稱灌氣容器等。），應依左列規定： ／ 一、容器放置場應明確標示，且於外面明顯處所設置警戒標示。 ／ 二、以絕熱材料被覆以外之可燃性氣體或氧氣灌氣容器等之容器放置場，應使用不燃性或難燃性材料構築輕質屋頂。 ／ 三、可燃性氣體之容器放置場，應使儲存之氣體漏洩時不致滯留之構造。 ／ 四、二氧化硫、氨、氯、氯甲烷、環氧乙烷、氰化氫、光氣或硫化氫之容器放置場，應設該氣體等漏洩時可除毒之設備。 ／ 五、可燃性氣體或氧氣之容器放置場，應依消防法有關規定設滅火設備。 ／ 六、灌氣容器等應按灌氣容器及殘氣容器區分，分別放置於容器放置場；可燃性氣體、毒性氣體或氧氣之灌氣容器或殘氣容器亦同。 ／ 七、容器放置場不得放置計量器等作業上必要以外之物品。 ／ 八、容器放置場四周二公尺以內不得有煙火或放置危險性物質。但在容器放置場以厚度九公分以上鋼筋混凝土造或具有與此同等以上強度構築防護牆時，不在此限。 ／ 九、灌氣容器等應經常保持其溫度於攝氏四十度（超低溫容器或低溫容器則以該容器內氣體之常用溫度中之最高溫度。）以下。 ／ 十、灌氣容器等（內容積在五公升以下者除外。）應採取防止因容器之翻倒、掉落引起衝擊及損傷附屬之閥等措施。 ／ 十一、可燃性氣體之容器放置場，不得攜帶有產生火源之機具或設備。
OSH-41	OSH	高壓氣體勞工安全規則	第80條		導管之設置應依左列規定： ／ 一、導管不得設置在有發生地塌、山崩或地基不均勻沈陷之虞等之場所及其他中央主管機關規定之場所、建築物內部或其基礎之下面。 ／ 二、將導管設在地盤上時，應距地面安裝，且應在顯明易見處所設置詳細標明有高壓氣體種類、發現導管有異常之連絡處所及其他應注意事項之標示。 ／ 三、將導管埋設於地盤下時，埋設深度應距離地面六十公分以上，且在顯明易見處所設置詳細標明有高壓氣體種類。發現導管有異常時之連絡處所及其他應注意事項之標示。 ／ 四、將導管設置於水中時，應置於不受船舶、波浪等影響之深度。 ／ 五、導管應經以常用壓力一．五倍以上壓力實施之耐壓試驗及以常用壓力以上壓力實施之氣密試驗或經中央主管機關認定具有同等以上效力之試驗合格者。 ／ 六、導管應具有以常用壓力二倍以上壓力加壓時不致引起降伏變形之厚度或經中央主管機關認定具有同等以上強度者。 ／ 七、導管應施予防蝕及吸收應力之措施。 ／ 八、導管應採取不致使其超過常用溫度之措施。 ／ 九、導管應採取防止導管內壓超過常用壓力時能迅即恢復至常用壓力以下之措施。 ／ 十、在輸送氧氣或天然甲烷之導管及與此連接之壓縮機（壓縮氧氣之壓縮機以使用水為其內部潤滑劑者為限。）間，應設可除卻水分之設備。
OSH-41	OSH	高壓氣體勞工安全規則	第81條		經中央主管機關及目的事業主管機關認定對公共具有危險之液化石油氣儲槽應埋設於地盤內。
OSH-41	OSH	高壓氣體勞工安全規則	第82條		前條之儲槽，應依左列規定： ／ 一、儲槽應設於厚度在三十公分以上混凝土造或具同等以上強度之頂蓋、牆壁及底板構築之儲槽室內，且採取左列之一之措施。但將施有防鏽措施之儲槽固定於地盤，且其頂部可耐地盤及地面荷重，得直接埋設於地盤內。 ／ （一）儲槽四周填足乾砂。 ／ （二）將儲槽埋設於水中。 ／ （三）在儲槽室內強制換氣。 ／ 二、埋設於地盤內之儲槽，其頂部至少應距離地面六十公分。 ／ 三、併設二個以上儲槽時，儲槽面間距應在一公尺以上。 ／ 四、儲槽外應有易辨識之警戒標示。
OSH-41	OSH	高壓氣體勞工安全規則	第83條		前條之儲槽之一部分埋於地盤內時，在該埋設部分應施以防鏽措施。
OSH-41	OSH	高壓氣體勞工安全規則	第84條		甲類製造事業單位之第二種製造設備，準用第三十一條、第三十三條、第三十八條、第三十九條、第四十一條、第四十三條、第四十四條、第四十五條前段、第四十八條至第四十九條、第五十四條及第六十條、第六十六條至第六十九條、第七十條第一款、第七十一條第七款、第七十四條至第七十七條及第七十九條之規定。
OSH-41	OSH	高壓氣體勞工安全規則	第85條		承受灌裝之車輛應距離設置在地面上之儲槽外面三公尺以上。但在儲槽與車輛間設置防護柵時，不在此限。
OSH-41	OSH	高壓氣體勞工安全規則	第86條		液化石油氣之灌裝，應採取防止氣體漏洩或爆炸之措施，並依左列規定： ／ 一、應拆卸容器與裝卸設備之連接部分後，始得移動車輛。 ／ 二、應添加當液化石油氣漏洩於空氣中之含量達容量之千分之一即可察覺臭味之臭劑。
OSH-41	OSH	高壓氣體勞工安全規則	第87條		加氣站除依前二條規定外，並準用第三十一條、第三十三條、第三十五條至第三十九條、第四十一條、第四十三條至第四十六條、第四十八條至第五十四條、第五十七條、第六十條、第六十六條至第六十九條、第七十條第一款、第七十五條至第七十七條、第七十九條、第八十一條至第八十三條之規定。
OSH-41	OSH	高壓氣體勞工安全規則	第88條		製造設備不得靠近危險性物質之堆積場所。
OSH-41	OSH	高壓氣體勞工安全規則	第89條		製造設備在從事製造作業中，應於外面明顯處所設置警戒標示。
OSH-41	OSH	高壓氣體勞工安全規則	第90條		高壓氣體設備（除容器及中央主管機關規定者外。）應經耐壓試驗、氣密試驗合格，並具一定之厚度。 ／ 前項試驗及厚度，準用第四十一條及第四十三條之規定。
OSH-41	OSH	高壓氣體勞工安全規則	第91條		可燃性氣體及氧氣之製造設備，應依消防法有關規定設置必要之滅火設備。
OSH-41	OSH	高壓氣體勞工安全規則	第92條		對高壓氣體之製造，於其生成、混合、加壓、減壓或灌裝之過程，應依下列規定︰ ／ 一、高壓氣體之灌裝，應使用符合現行法令規定之合格容器或儲槽。 ／ 二、灌注液化氣體於儲槽時，應控制該液化氣體容量不超過該儲槽在常用溫度下槽內容積之百分之九十。 ／ 三、使用液化石油氣、環丙烷、甲胺、二甲醚及此等之混合物製造設備灌裝高壓氣體時，應採防止該設備之原動機產生之火花。 ／ 四、使用可燃性氣體、毒性氣體或氧氣之製造設備灌注高壓氣體於儲槽時，應於事前確認該製造設備之配管與該儲槽配管間之連接部位無虞高壓氣體漏洩，且於灌注後，將留存於配管內之剩餘氣體以不致發生危害之程度，微量逐予排放後，始可拆卸配管。 ／ 五、灌裝可燃性氣體時，應採取可除卻該設備可能產生靜電之措施。 ／ 六、將高壓氣體灌注於固定在車輛上內容積在五千公升以上之容器或自該容器抽出高壓氣體時，應在該車輛設置適當之輪擋並加以固定。
OSH-41	OSH	高壓氣體勞工安全規則	第93條		從事液化石油氣之灌裝應依下列規定： ／ 一、不得灌注於內容積在一千公升以下之容器。 ／ 二、液化石油氣之灌裝，應使用經檢查合格之容器或儲槽。 ／ 三、灌裝時，應於事前確認承注之容器或儲槽已設有液面計或過裝防止裝置。 ／ 四、灌注於儲槽時，應控制該液化石油氣容量不超過該儲槽在常用溫度下槽內容積之百分之九十。 ／ 五、灌裝時，應採取防止該設備之原動機產生之火花。 ／ 六、將液化石油氣灌注於儲槽或容器，或自儲槽或容器抽出時，應於事前確認該製造設備之配管與該儲槽或容器配管間連接部位無虞液化石油氣之漏洩，且於灌注後，將留存於配管內之剩餘氣體以不致發生危害之程度，微量逐予排放後，始可拆卸配管。 ／ 七、灌裝高壓氣體時，應採取可除卻該設備可能產生靜電之措施。 ／ 八、將液化石油氣灌注於固定在車輛上內容積在五千公升以上之容器或自該容器抽出液化石油氣時，應在該車輛設置適當之輪擋並加以固定。 ／ 九、準用第三十一條、第四十一條、第四十三條、第六十七條之規定。
OSH-41	OSH	高壓氣體勞工安全規則	第94條		冷凍用高壓氣體製造設備，準用第三十一條、第三十二條、第三十八條、第四十條、第四十二條、第四十八條、第五十條、第五十一條、第六十七條之規定。
OSH-41	OSH	高壓氣體勞工安全規則	第95條		固定式製造設備之設置，準用第三十一條、第三十三條、第三十六條、第三十八條、第三十九條、第四十一條、第四十三條、第四十八條、第四十九條、第五十一條、第五十四條、第六十條、第六十三條至第六十七條之規定。
OSH-41	OSH	高壓氣體勞工安全規則	第96條		移動式製造設備之設置，準用第八十八條至第九十一條之規定。
OSH-41	OSH	高壓氣體勞工安全規則	第97條		製造作業，應依左列規定︰ ／ 一、灌注高壓氣體於容器時，應距離處置煙火場所、多數人聚集場所或堆置有危險性物質場所五公尺以上。 ／ 二、灌注氧氣於容器時，應於事前將附著於閥及容器之石油類或油脂類除卻；容器與閥間不得使用可燃性墊圈。 ／ 三、從事加熱灌裝用高壓氣體之容器、閥或配管時，應使用熱濕布或溫度在攝氏四十度以下之溫水。 ／ 四、擬將灌裝於容器之氰化氫移注於其他容器時，應於灌裝之日起六十日內為之。但純度在百分之九十八以上，且未曾著色者，不在此限。 ／ 五、除前列各款規定者外，準用第七十條第一款、第三款及第四款、第七十一條第二款、第四款、第五款及第七款、第七十二條第一款至第三款及第五款、第七十三條、第七十五條至第七十八條及第七十九條第六款至第十一款之規定。
OSH-41	OSH	高壓氣體勞工安全規則	第98條		乙類液化石油氣製造事業單位之製造設施如左︰ ／ 一、固定式製造設備之設置，準用第三十一條、第三十三條、第三十六條、第三十八條、第三十九條、第四十一條、第四十三條至第四十六條、第四十八條、第四十九條、第五十一條、第五十四條、第六十六條、第六十七條之規定。 ／ 二、移動式製造設備之設置，準用第八十八條至第九十一條及第九十三條之規定。 ／ 三、製造作業，應依左列規定︰ ／ （一）灌裝液化石油氣時，應距離處置煙火場所，多數人聚集場所或堆置有危險性物質場所五公尺以上。 ／ （二）不得灌裝於固定在車輛之容器。 ／ （三）前二款規定者外，準用第七十一條第七款、第七十四條及第七十九條之規定。
OSH-41	OSH	高壓氣體勞工安全規則	第99條		乙類冷凍用高壓氣體製造事業單位之製造設施如左： ／ 一、固定式製造設備之設置，準用第三十一條、第三十二條、第三十八條、第四十條、第四十二條、第四十八條至第五十一條、及第五十四條、第六十條、第六十一條、第六十七條、第六十九條之規定。 ／ 二、移動式製造設備之設置，準用第三十一條、第三十八條、第四十條、第四十二條、第四十八條後段、第五十條至第五十一條、第六十七條之規定。 ／ 三、製造作業，應依左列規定： ／ （一）設置或變更製造設備之工程終了時，非經以氧氣以外之氣體試運轉或以最高使用壓力以上之壓力實施氣密試驗（使用空氣時，應於事前排除冷媒設備中之可燃性氣體後實施者為限。）後，不得供製造作業使用。 ／ （二）除前款規定外，並準用第七十三條、第七十五條、第七十七條之規定。
OSH-41	OSH	高壓氣體勞工安全規則	第100條		甲類製造事業單位及乙類製造事業單位以外之製造事業單位（不含液化石油氣及冷凍用高壓氣體之事業單位；次條亦同。）之製造設施如左︰ ／ 一、以緩衝裝置及中央主管機關規定之設施從事高壓氣體之製造者，準用第四十一條、第四十三條及第七十條第一款之規定。 ／ 二、除前款以外之設施從事高壓氣體之製造者，準用第七十條第一款、第三款及第四款、第七十一條第二款、第四款、第五款及第七款、第七十二條第一款至第三款、第五款及第九十七條第一款至第四款之規定。
OSH-41	OSH	高壓氣體勞工安全規則	第101條		將原料氣體以導管供應甲類製造事業單位之製造事業單位，其製造設施除依有關製造設施標準規定外，對左列氣體不得製造。 ／ 一、可燃性氣體（除乙炔、乙烯及氫氣外。）中，含氧容量佔全體容量之百分之四以上者。 ／ 二、乙炔、乙烯或氫氣中之含氧容量佔全體容量之百分之二以上者。 ／ 三、氧氣中之乙炔、乙烯及氫氣之容量之合計佔全體容量之百分之二以上者。 ／ 四、氧氣中可燃性氣體之容量佔全體容量之百分之四以上者。
OSH-41	OSH	高壓氣體勞工安全規則	第102條		甲類製造事業單位及乙類製造事業單位以外之液化石油氣製造事業單位之製造設施準用第七十四條及第九十八條第三款（一）及（二）之規定。
OSH-41	OSH	高壓氣體勞工安全規則	第103條		甲類製造事業單位及乙類製造事業單位以外之冷凍高壓氣體製造事業單位之製造設施，其製造作業準用第九十九條第三款第一目之規定。
OSH-41	OSH	高壓氣體勞工安全規則	第104條		供應（含與供應有關之儲存及以導管之輸送，以下均同。）高壓氣體予高壓氣體消費事業單位（以下簡稱「消費事業單位」。）之高壓氣體供應事業單位（以下簡稱「供應事業單位」。），應置備記載有消費事業單位安全狀況之紀錄簿冊。
OSH-41	OSH	高壓氣體勞工安全規則	第105條		以第一種供應設備供應（含與供應有關之儲存及以導管之輸送，以下均同。）液化石油氣予液化石油氣消費事業單位（以下簡稱「消費事業單位」，以下均同。）之液化石油氣供應事業單位（以下簡稱「第一種供應事業單位」，以下均同。），應置備記載有消費事業單位安全狀況之紀錄簿冊。
OSH-41	OSH	高壓氣體勞工安全規則	第106條		高壓氣體灌氣容器等，不得有腐蝕、裂隙、裂痕、皺紋等，且無漏氣者。
OSH-41	OSH	高壓氣體勞工安全規則	第107條		壓縮天然氣之灌氣容器等，應明確標示使用期間不得超過有效期限六月。
OSH-41	OSH	高壓氣體勞工安全規則	第108條		供應冷媒氣體時，其設備不得有腐蝕、裂隙、裂痕、皺紋等致減弱其強度，且無漏洩冷媒氣體者。
OSH-41	OSH	高壓氣體勞工安全規則	第109條		將壓縮天然氣、液化石油氣供予消費事業單位為燃料使用時，應確認消費事業單位之消費設備適於左列規定： ／ 一、內容積在二十公升以上之灌氣容器等應放置於室外，並在其四周二公尺以內設置可遮斷火源之措施。但將容器置於室外確有困難，且已採取自灌氣容器等及其配件漏洩氣體時不致滯留室內之措施者，不在此限。 ／ 二、灌氣容器等及其鋼裙應採取避免濕氣、水滴導致生鏽之措施。 ／ 三、灌氣容器等之溫度應經常保持於攝氏四十度以下。 ／ 四、內容積超過五公升之灌氣容器等，應採取因翻落、翻倒等引起之衝擊及損傷其閥之預防措施。 ／ 五、灌氣容器（不含次款規定者。）等與停止閥間應設調整器；調整器高壓側之耐壓性能及氣密性能，應具有容器上所刻調整耐壓試驗值以上之壓力實施耐壓試驗及以該耐壓試驗值之五分之三以上之壓力實施之氣密試驗合格者。 ／ 六、灌氣容器等與停止閥間應設調整器；調整器之高壓側應具有經以每平方公分二十六公斤實施耐壓試驗及以每平方公分十六公斤實施之氣密試驗合格之耐壓及氣密性能。 ／ 七、灌氣容器等與調整器間之配管，應使用容器上所刻耐壓試驗壓力以上之壓力、調整器與停止閥間之部分則以每平方公分八公斤（長度未滿○．三公尺者，為每平方公分二公斤）以上之壓力實施之耐壓試驗或經中央主管機關認定具有同等以上之試驗合格者。 ／ 八、灌氣容器等與調整器間之配管，應使用每平方公分二十六公斤實施之耐壓試驗、調整器與停止閥間之部分則以每平方公分八公斤（長度未滿○．三公尺者，為每平方公分二公斤）以上之壓力實施之耐壓試驗或經中央主管機關認定具有同等以上之試驗合格者。 ／ 九、以硬管以外之管與硬管或調整器連接時，該部分應以管帶鎖緊。
OSH-41	OSH	高壓氣體勞工安全規則	第110條		供應事業單位（不含液化石油氣及冷凍用高壓氣體之供應事業單位）之供應設施，除依第一百零四條、第一百零六條、第一百零七條、第一百零九條（不含第六款、第八款）者外，依左列規定。 ／ 一、容器以配管連接者，其容器放置場及灌氣容器等，準用第一百十六條及第一百二十一條第一款，其他者準用第七十九條之規定。 ／ 二、儲槽準用第一百十三條及第一百十九條之規定。 ／ 三、導管準用第八十條之規定。
OSH-41	OSH	高壓氣體勞工安全規則	第111條		液化石油氣容器放置場及灌氣容器等，準用第七十九條之規定。
OSH-41	OSH	高壓氣體勞工安全規則	第112條		以第二種供應設備供應液化石油氣時，其設置準用第六十七條、第一百零五條至第一百零七條、第一百零九條、第一百十三條、第一百十六條、第一百二十條、第一百二十二條之規定。
OSH-41	OSH	高壓氣體勞工安全規則	第113條		以儲槽儲存高壓氣體時，應依左列規定︰ ／ 一、儲存可燃性氣體或毒性氣體之儲槽，應設置於通風良好場所。 ／ 二、儲槽四周二公尺以內不得有煙火或放置危險物質。 ／ 三、液化氣體之儲存不得超過該液化氣體之容量於常用溫度下該槽內容積之百分之九十。 ／ 四、從事修理等相關作業，準用第七十五條之規定。 ／ 五、儲存能力在一百立方公尺或一公噸以上之儲槽，應隨時注意有無沈陷現象，如有沉陷現象時，應視其沈陷程度採取適當因應措施。 ／ 六、操作安裝於儲槽配管之閥時，應考慮閥之材料、構造及其狀況，採取必要措施以防止過巨之力加諸於閥上。
OSH-41	OSH	高壓氣體勞工安全規則	第114條		冷凍設備應採取因翻落、翻倒等引起之衝擊之預防措施。
OSH-41	OSH	高壓氣體勞工安全規則	第115條		冷凍高壓氣體之儲存，準用前條之規定。
OSH-41	OSH	高壓氣體勞工安全規則	第116條		以容器儲存高壓氣體時，應依下列規定辦理： ／ 一、儲存可燃性氣體或毒性氣體之容器，應放置在通風良好之場所。 ／ 二、儲存氰化氫之容器，應每日檢點一次以上。 ／ 三、氰化氫之儲存，應自灌裝於容器之日起算，不得超過六十日。但純度在百分之九十八以上，且未著色者，不在此限。 ／ 四、不得固定或積載於船舶、車輛或鐵路車輛。但符合下列用途之一者，不在此限： ／ （一）滅火用之二氧化碳、氮氣及不活性氣體。 ／ （二）搭載於消防車、救護車或救援車輛之救急用高壓氣體。 ／ （三）其他經目的事業主管機關同意者。 ／ 五、前列各款規定外，準用第七十九條第六款至第十一款之規定。
OSH-41	OSH	高壓氣體勞工安全規則	第117條		儲槽或容器之容積在○．一五立方公尺以下者，不受第一百十三條及前條規定之限制。 ／ 高壓氣體為液化氣體時，前項之容積以質量十公斤換算為容積一立方公尺。
OSH-41	OSH	高壓氣體勞工安全規則	第118條		儲存高壓氣體之容積在三百立方公尺或三千公斤以上之事業單位應設專用儲存場（以下簡稱「高壓氣體儲存場」）。但甲類製造事業單位、供應事業單位經許可者，不在此限。
OSH-41	OSH	高壓氣體勞工安全規則	第119條		以儲槽儲存高壓氣體之高壓氣體儲存場（不含次條規定者。），其設置準用第三十一條、第三十三條、第三十五條至第三十八條、第四十一條、第四十三條至第四十八條、第四十九條第一款及第二款、第五十條至第五十三條及第六十條、第六十二條至第六十九條之規定。
OSH-41	OSH	高壓氣體勞工安全規則	第120條		以儲槽儲存液化石油氣之液化石油氣儲存場，其設置準用第三十一條、第三十三條、第三十五條至第三十九條、第四十一條、第四十三條至第四十六條、第四十八條至第五十三條、第五十七條、第六十條、第六十六條至第六十九條及第八十一條至第八十三條之規定。
OSH-41	OSH	高壓氣體勞工安全規則	第121條		以容器儲存高壓氣體之高壓氣體儲存場（不含次條規定者。），其設置應依左列規定： ／ 一、容器以配管連接者，準用第七十九條第一款至第五款之規定；其可流通高壓氣體之配管者，且應準用第四十一條及第四十三條高壓氣體設備之規定。 ／ 二、容器未以配管連接者，準用第七十九條第一款至第五款之規定。
OSH-41	OSH	高壓氣體勞工安全規則	第122條		以容器儲存液化石油氣之液化石油氣儲存場，其設置應依左列規定： ／ 一、容器以配管連接者，準用第七十九條第一款至第五款（不含第四款）之規定。 ／ 二、容器未以配管連接者，準用第七十九條第一款至第六款（不含第四款）之規定。
OSH-41	OSH	高壓氣體勞工安全規則	第123條		（刪除）
OSH-41	OSH	高壓氣體勞工安全規則	第124條		於同一車輛上固定二個以上之容器連成一體（以下簡稱集合容器。）時，應依左列規定： ／ 一、應設可使容器相互間及集合容器與車輛間緊結之措施。 ／ 二、每一容器應設供氣體之輸出及輸入用閥（以下簡稱容器原閥）。 ／ 三、在灌裝管上應設安全閥、壓力表及緊急洩壓閥。
OSH-41	OSH	高壓氣體勞工安全規則	第125條		固定於車輛運輸之灌氣容器等，應經常保持其溫度於攝氏四十度以下。 ／ 前項容器內存液化氣體者，應設溫度計或可適當檢知溫度之計測裝置。 ／ 第一項所定溫度，對可計測氣體溫度之灌氣容器等，指該氣體之溫度。
OSH-41	OSH	高壓氣體勞工安全規則	第126條		固定於車輛運輸之液化氣體之灌氣容器等，應設可防止容器內部液面搖動之防波板。但符合國際規格之運輸用罐式集裝箱（ISOTank）及無縫容器，不在此限。
OSH-41	OSH	高壓氣體勞工安全規則	第127條		固定於車輛運輸之容器，其容器頂部或該容器設置之突出物最高部，超過該車輛最高點者，應設高度檢知桿。
OSH-41	OSH	高壓氣體勞工安全規則	第128條		容器原閥置於容器後方之容器（以下簡稱後方卸出式容器。）應使容器原閥及緊急遮斷裝置之閥與車輛後保險桿後面間之水平距離保持在四十公分以上。
OSH-41	OSH	高壓氣體勞工安全規則	第129條		後方卸出式容器以外之容器，其容器之固定，應使容器之後面與車輛後保險桿後面間之水平距離保持在三十公分以上。
OSH-41	OSH	高壓氣體勞工安全規則	第130條		容器之原閥、緊急遮斷裝置之閥及其他主要零件突出者，應將此等零件收容於設置於車輛左側以外之堅固工作箱內，且使工作箱與車輛後保險桿後面間之水平距離保持在二十公分以上。
OSH-41	OSH	高壓氣體勞工安全規則	第131條		零件突出之容器除依第一百二十八條至前條規定外，應採取防止因此等零件引起之損傷致漏洩氣體之措施。
OSH-41	OSH	高壓氣體勞工安全規則	第132條		固定於車輛運輸之容器，其容器內存液化可燃性氣體、液化毒性氣體或液化氧氣者，不得使用玻璃或其他易破損之材料製造之液面計。
OSH-41	OSH	高壓氣體勞工安全規則	第133條		固定於車輛運輸之容器，其容器之閥或旋塞，應採取自其外面易於識別開閉方向及開閉狀態之措施。但該閥或旋塞使用按鈕方式操作者，應在該操作按鈕採取辨識措施。
OSH-41	OSH	高壓氣體勞工安全規則	第134條		於運輸之開始或終止時，應檢點有否漏氣等之異常；發現異常時，應即採取整修或防止危害之必要措施。
OSH-41	OSH	高壓氣體勞工安全規則	第135條		（刪除）
OSH-41	OSH	高壓氣體勞工安全規則	第136條		（刪除）
OSH-41	OSH	高壓氣體勞工安全規則	第137條		（刪除）
OSH-41	OSH	高壓氣體勞工安全規則	第138條		（刪除）
OSH-41	OSH	高壓氣體勞工安全規則	第139條		（刪除）
OSH-41	OSH	高壓氣體勞工安全規則	第140條		（刪除）
OSH-41	OSH	高壓氣體勞工安全規則	第141條		（刪除）
OSH-41	OSH	高壓氣體勞工安全規則	第142條		（刪除）
OSH-41	OSH	高壓氣體勞工安全規則	第143條		灌氣容器等應經常保持其溫度（可計測氣體溫度之灌氣容器等，為氣體之溫度。）於攝氏四十度以下。
OSH-41	OSH	高壓氣體勞工安全規則	第144條		（刪除）
OSH-41	OSH	高壓氣體勞工安全規則	第145條		（刪除）
OSH-41	OSH	高壓氣體勞工安全規則	第146條		（刪除）
OSH-41	OSH	高壓氣體勞工安全規則	第147條		（刪除）
OSH-41	OSH	高壓氣體勞工安全規則	第148條		（刪除）
OSH-41	OSH	高壓氣體勞工安全規則	第149條		（刪除）
OSH-41	OSH	高壓氣體勞工安全規則	第150條		（刪除）
OSH-41	OSH	高壓氣體勞工安全規則	第151條		（刪除）
OSH-41	OSH	高壓氣體勞工安全規則	第152條		（刪除）
OSH-41	OSH	高壓氣體勞工安全規則	第153條		以導管運輸高壓氣體時，準用第八十條之規定。
OSH-41	OSH	高壓氣體勞工安全規則	第154條		事業場所應有明確之境界線，並於該場所外設置易於辨識之警戒標示。
OSH-41	OSH	高壓氣體勞工安全規則	第155條		設置可燃性氣體消費設備之廠房，應具氣體自該設備漏洩時不致滯留之構造。
OSH-41	OSH	高壓氣體勞工安全規則	第156條		特定高壓氣體消費設備（以下簡稱消費設備。）之材料，應使用足以適應該氣體之種類、性狀、溫度及壓力等諸性質之要求者。
OSH-41	OSH	高壓氣體勞工安全規則	第157條		消費設備（除配管之基礎外。）不得有不均勻沈陷致使該設備發生有害之變形；儲存能力在一百立方公尺或一公噸以上之儲槽之支柱（未置支柱之儲槽者為其底座。）應置於同一基礎，並緊密結合。
OSH-41	OSH	高壓氣體勞工安全規則	第158條		消費設備之儲存設備、導管、減壓設備及此等設備之配管等（以下簡稱儲存相關設備，但容器除外；且液氯儲存設備以儲存能力在一千公斤以上未滿三千公斤者為限。以下於次條及第一百六十三條均同。）應經以常用壓力一．五倍以上壓力實施之耐壓試驗及以常用壓力以上壓力實施之氣密試驗或具有同等以上效力之試驗合格者。
OSH-41	OSH	高壓氣體勞工安全規則	第159條		儲存相關設備應具有以常用壓力二倍以上之壓力加壓時，不致引起降伏變形之厚度或經中央主管機關認定具有同等以上強度者。
OSH-41	OSH	高壓氣體勞工安全規則	第160條		儲存相關設備（不含壓縮氣體之減壓設備。）應設置適當之壓力表，且應置該設備內壓力超過最高使用壓力時可迅使其壓力恢復至最高使用壓力以下之安全裝置。
OSH-41	OSH	高壓氣體勞工安全規則	第161條		液氨或液氯之減壓設備與該氣體進行之反應、燃燒設備間之配管，應設逆流防止裝置。
OSH-41	OSH	高壓氣體勞工安全規則	第162條		可燃性氣體低溫儲槽，應有防止其內壓降低至較外壓為低時不致使該儲槽發生破裂之設施。
OSH-41	OSH	高壓氣體勞工安全規則	第163條		液氨或液氯之消費設備（中央主管機關規定者外。），應依左列規定設置氣體漏洩時之除毒措施。 ／ 一、可適當防止漏洩氣體擴散之裝置。 ／ 二、應依該氣體毒性、氣體種類、數量及消費狀況，選擇吸收各該氣體之設備及吸收劑。 ／ 三、除毒使用之防毒面罩及其他防護具，應保管於安全場所，並經常維護於良好狀態。
OSH-41	OSH	高壓氣體勞工安全規則	第164條		液氨或液氯之消費設備之配管、管接頭及閥之接合，應採用熔接接合。但不適於熔接接合者，得以安全上具有必要強度之凸緣接合代替。
OSH-41	OSH	高壓氣體勞工安全規則	第165條		液氨或液氯之消費設備之配管，應依各該氣體之種類、性狀、壓力及該配管鄰近狀況，在必要處所採用二重管構造。
OSH-41	OSH	高壓氣體勞工安全規則	第166條		可燃性氣體之消費設備，應採取可除卻該設備產生之靜電之措施。
OSH-41	OSH	高壓氣體勞工安全規則	第167條		消費設備中有氣體漏洩致積滯之虞之場所，應設置可探測該漏洩氣體，且自動發出警報之氣體漏洩檢知警報設備，但液氧除外。
OSH-41	OSH	高壓氣體勞工安全規則	第168條		壓縮氫氣、壓縮天然氣、液氧及液氨之消費設備，應依消防法有關規定設置必要之消防設備。
OSH-41	OSH	高壓氣體勞工安全規則	第169條		儲存相關設備之四周五公尺以內應嚴禁煙火（該設備內者除外。），且不得置放危險性物質。
OSH-41	OSH	高壓氣體勞工安全規則	第170條		供消費液氧使用之閥及器具，應於事前除卻石油類、油脂類及可燃性物質。
OSH-41	OSH	高壓氣體勞工安全規則	第171條		（刪除）
OSH-41	OSH	高壓氣體勞工安全規則	第172條		設置於消費設備之閥或旋塞及以按鈕方式等操作該閥或旋塞之開閉按鈕等準用第六十九條之規定採取可使作業人員適當操作該閥或旋塞之措施。
OSH-41	OSH	高壓氣體勞工安全規則	第173條		從事消費設備之修理等相關作業，準用第七十五條之規定。
OSH-41	OSH	高壓氣體勞工安全規則	第174條		儲槽應隨時注意有無沈陷現象，如有沉陷現象時，應視其沉陷程度採取適當因應措施。
OSH-41	OSH	高壓氣體勞工安全規則	第175條		操作消費設備之閥時，應考慮該閥之材料、構造及使用狀況，採取必要之措施以防止過巨之力加諸於閥上，並訂入工作守則中。
OSH-41	OSH	高壓氣體勞工安全規則	第176條		自特定液化石油氣消費設備（以下簡稱特定消費設備）之儲存設備、導管、減壓設備及此等設備之配管（以下簡稱儲存相關設備。）外面至處理煙火（不含消費設備內使用之煙火。）之設備應保持八公尺以上距離，或在該儲存相關設備與處理煙火之設備間設置防止氣體自該設備漏洩時，不致使其流竄至煙火設備之措施。
OSH-41	OSH	高壓氣體勞工安全規則	第177條		特定消費設備，應依消防法有關規定設置必要之消防設備。
OSH-41	OSH	高壓氣體勞工安全規則	第178條		特定消費設備除依前二條規定外，準用第一百五十四條至第一百六十條、第一百六十二條、第一百六十七條、第一百六十九條及第一百七十二條至第一百七十五條之規定。
OSH-41	OSH	高壓氣體勞工安全規則	第179條		操作可燃性氣體、毒性氣體及氧氣（以下簡稱可燃性氣體等。）之灌氣容器等之閥，準用第一百七十五條之規定。
OSH-41	OSH	高壓氣體勞工安全規則	第180條		加熱灌氣容器等、閥或配管時，應使用熱濕布或溫度在攝氏四十度以下之溫水。但設有安全閥及可調節壓力或溫度之自動控制之加熱器內之配管，不在此限。
OSH-41	OSH	高壓氣體勞工安全規則	第181條		可燃性氣體或毒性氣體之消費，應在通風良好之場所為之，且應保持其容器在攝氏四十度以下。
OSH-41	OSH	高壓氣體勞工安全規則	第182條		氰化氫之消費，應使用灌裝於容器後不超過六十日者。但純度在百分之九十八以上，且未著色者，不在此限。
OSH-41	OSH	高壓氣體勞工安全規則	第183條		環氧乙烷之消費，應於事前以氮氣或二氧化碳置換設備內部之氣體，且在環氧乙烷容器與消費所使用之設備間之配管，設逆流防止裝置。
OSH-41	OSH	高壓氣體勞工安全規則	第184條		距可燃性氣體或氧氣之消費設備五公尺以內，應嚴禁煙火（該設備內所使用者除外。），且不得放置危險性物質。
OSH-41	OSH	高壓氣體勞工安全規則	第185條		氧氣之消費所使用之閥或器具，非除卻石油類、油脂類及其他可燃性物質後，不得使用。
OSH-41	OSH	高壓氣體勞工安全規則	第186條		可燃性氣體等應於消費後嚴閉其閥，並採取防止容器翻倒及損傷其閥之措施。
OSH-41	OSH	高壓氣體勞工安全規則	第187條		從事高壓氣體消費設備之修理或清掃時，應於事前以不易與其內部氣體反應之氣體或液體置換其內部之氣體等防止危險措施後為之，且於其修理或清掃終了後，未確認該設施可正常安全運轉前，不得從事消費。
OSH-41	OSH	高壓氣體勞工安全規則	第188條		（刪除）
OSH-41	OSH	高壓氣體勞工安全規則	第189條		可燃性氣體等之消費，除依第一百七十九條至前條規定外，準用第一百五十四條至第一百七十五條之規定。
OSH-41	OSH	高壓氣體勞工安全規則	第190條		一般液化石油氣之消費應於通風良好之處所為之，且其灌氣容器等之溫度應保持於攝氏四十度以下。
OSH-41	OSH	高壓氣體勞工安全規則	第191條		一般液化石油氣之消費後應防止損傷閥等之措施。
OSH-41	OSH	高壓氣體勞工安全規則	第191條之1		消費事業單位將液化石油氣容器串接供廠場使用，依下列規定辦理： ／ 一、使用及備用容器串接總容量不得超過一千公斤，並應訂定容器串接供應使用管理計畫。 ／ 二、容器及氣化器應設置於室外。 ／ 三、容器及配管應採取防止液封措施。 ／ 四、連接容器與配管之軟管或可撓性管（以下簡稱撓管），連結容器處應加裝防止氣體噴洩裝置。 ／ 五、接用撓管之液化石油氣配管應設逆止閥。 ／ 六、撓管及配管之選用及安裝，應符合對應流體性質使用環境之CNS 國家標準或ISO 國際標準。 ／ 七、應設置漏洩及地震偵測自動緊急遮斷裝置。 ／ 八、應於明顯易見處標示緊急聯絡人姓名及電話。 ／ 前項消費事業單位將液化石油氣容器串接供廠場使用，依消防法有關規定設置必要之消防設備。
OSH-41	OSH	高壓氣體勞工安全規則	第192條		一般液化石油氣之消費除依第一百九十條至前條規定外，準用第一百六十九條、第一百七十二條、第一百七十三條及第一百八十條之規定。
OSH-41	OSH	高壓氣體勞工安全規則	第193條		冷凍機器之冷媒設備（除一日之冷凍能力未滿二十公噸者外）所使用之容器（除與泵或壓縮機相關者外；以下於本章中簡稱為容器。），其材料應因應該容器之設計壓力（謂該容器可使用之最高壓力而設計之壓力。）、設計溫度（謂該容器可使用之最高或最低之溫度而設計之溫度。）等，採用適當之材料，且應經中央主管機關認可實施之超音波探傷檢查合格者。
OSH-41	OSH	高壓氣體勞工安全規則	第194條		容器之胴板、端板、蓋板或管板之厚度，應適應該容器之設計壓力、形狀及尺寸、材料種類、熔接接頭之有無或熔接接頭之效率等。
OSH-41	OSH	高壓氣體勞工安全規則	第195條		容器之熔接，應適應接頭之種類，以適當方法實施。
OSH-41	OSH	高壓氣體勞工安全規則	第196條		容器之熔接部（謂熔著金屬部分及承受熔接之熱影響而致材質產生變化之母材部分。以下均同。），應具有與母材同等以上之強度。
OSH-41	OSH	高壓氣體勞工安全規則	第197條		在容器之胴板、端板或蓋板開啟之孔，應適應其板厚、孔徑等，必要時應以補強材補強。
OSH-41	OSH	高壓氣體勞工安全規則	第198條		容器之熔接部應消除應力。但依母材之材質或厚度、熔接方法、預熱溫度等，被認無須實施消除應力者，不在此限。
OSH-41	OSH	高壓氣體勞工安全規則	第199條		容器之實施對頭熔接之熔接部，應依中央主管機關規定實施接頭拉伸試驗、自由彎曲試驗、側面彎曲試驗、反面彎曲試驗及衝擊試驗合格者。
OSH-41	OSH	高壓氣體勞工安全規則	第200條		使用對頭熔接之熔接部中，經中央主管機關指定者，應對其全長依中央主管機關規定之方法實施放射線檢查。
OSH-41	OSH	高壓氣體勞工安全規則	第201條		前條規定熔接部以外之對頭熔接部，應以同一熔接方法及同一條件之每一熔接部，就其全長之百分之二十以上長度實施前條規定之放射線檢查。但設計上被認無須實施放射線檢查或僅自其外面承受壓力之熔接部，不在此限。
OSH-41	OSH	高壓氣體勞工安全規則	第202條		中央主管機關指定之容器之熔接部，應經中央主管機關規定之超音波探傷檢查合格。
OSH-41	OSH	高壓氣體勞工安全規則	第203條		中央主管機關指定之容器之熔接部，應就其全長依中央主管機關規定之方法就其全長實施磁粉探傷試驗合格。
OSH-41	OSH	高壓氣體勞工安全規則	第204條		前條之熔接部及耐蝕、耐熱合金及其他可因熔接而易生缺陷之金屬為母材之熔接部者中，被認實施磁粉探傷試驗為困難者，應依中央主管機關之規定實施浸透探傷試驗。
OSH-41	OSH	高壓氣體勞工安全規則	第205條		冷凍機器應就冷媒設備以設計壓力以上之壓力實施氣密試驗；其配管以外之部分，應以設計壓力一．五倍以上之壓力實施耐壓試驗。
OSH-41	OSH	高壓氣體勞工安全規則	第206條		冷凍機器之冷媒設備，應具有可防止振動、衝擊、腐蝕等致使冷媒氣體外洩者。
OSH-41	OSH	高壓氣體勞工安全規則	第207條		冷凍機器之冷媒設備（除第一百九十三條至第二百零四條規定之容器外。）之材料及構造，應適合第二百零五條及前條之規定者。
OSH-41	OSH	高壓氣體勞工安全規則	第208條		中央主管機關對高壓氣體之製造，依各該氣體之種類、製造設施之規模、事業場所四周環境之狀況、製造方法及其他相關事項，認定製造事業單位之設施情況特殊，得使其不受第二章規定之限制，另以適當標準為製造設施標準。
OSH-41	OSH	高壓氣體勞工安全規則	第209條		中央主管機關對高壓氣體之儲存，依各該氣體之種類、高壓氣體儲存場所之規模、儲存場所四周環境之狀況、儲存方法及其他相關事項，認定高壓氣體儲存場所之儲存設施情況特殊，得使其不受第四章規定之限制，另以適當標準為儲存設施標準。
OSH-41	OSH	高壓氣體勞工安全規則	第210條		可燃性氣體等不得併同容器廢棄。
OSH-41	OSH	高壓氣體勞工安全規則	第211條		可燃性氣體之廢棄，不得近接於煙火之處置場所或放置有危險性物質之場所及其附近場所為之；排放於大氣中時，應於通風良好之場所緩緩排放。
OSH-41	OSH	高壓氣體勞工安全規則	第212條		排放毒性氣體於大氣中時，應依環境保護有關規定。
OSH-41	OSH	高壓氣體勞工安全規則	第213條		連續廢棄可燃性氣體或毒性氣體時，應檢測各該氣體之滯留濃度，並採取適當之措施。
OSH-41	OSH	高壓氣體勞工安全規則	第214條		氧氣之廢棄所使用之閥或器具，非除卻石油類、油脂類及其他可燃性氣體後，不得使用。
OSH-41	OSH	高壓氣體勞工安全規則	第215條		可燃性氣體等應於廢棄後嚴閉其閥，並採取防止容器翻倒及損傷其閥之措施。
OSH-41	OSH	高壓氣體勞工安全規則	第216條		灌氣容器等之閥類，準用第一百七十五條之規定。
OSH-41	OSH	高壓氣體勞工安全規則	第217條		加熱於灌氣容器等、閥或配管時，應使用熱濕布或溫度在攝氏四十度以下之溫水。
OSH-41	OSH	高壓氣體勞工安全規則	第218條		甲類製造事業單位應就下列事項，訂定災害防止規章，使勞工遵行： ／ 一、安全衛生管理體制及該事業內各層級人員應擔負之職責。 ／ 二、製造設備之安全運轉及操作之必要事項。 ／ 三、安全巡視、檢點、檢查之必要事項。 ／ 四、製造設施之新設、增設、變更之管理，與設備、管線之維護、保養、檢修、汰換及其他必要事項。 ／ 五、製造設施遭遇緊急狀態時之應變措施及演練事項。 ／ 六、對於承攬人、再承攬人之管理、協調事項。 ／ 七、其他防止災害及安全衛生應注意之必要事項。
OSH-41	OSH	高壓氣體勞工安全規則	第219條		甲類製造事業單位應於製造開始之日就製造事業單位實際負責人指派為高壓氣體製造安全負責人（以下簡稱製造安全負責人。），綜理高壓氣體之製造安全業務，並向勞動檢查機構報備。但適於下列之一之冷凍高壓氣體製造事業單位，不在此限。 ／ 一、製造設備係使用可燃性氣體或毒性氣體以外之氣體為冷媒氣體，限於單元型，且置有自動控制裝置者。 ／ 二、製造氟氯冷一百十四之製造設備。 ／ 三、試驗研究用製造設備，經勞動檢查機構核准者。
OSH-41	OSH	高壓氣體勞工安全規則	第220條		液化石油氣、冷凍用高壓氣體製造事業單位以外之甲類製造事業單位，應於製造開始之日，依各該事業製程狀況，按第二百二十一條規定分別選任高壓氣體製造安全主任，輔助高壓氣體製造安全負責人從事製造安全技術管理事務。 ／ 擔任前項高壓氣體製造安全主任者，應依職業安全衛生教育訓練規則規定，接受高壓氣體製造安全主任安全衛生教育訓練。
OSH-41	OSH	高壓氣體勞工安全規則	第221條		（因條文排版無法完整呈現內容，請詳閱 ／ 完整條文 ／ 檔案） ／ 前條之甲類製造事業單位，應於下表所定製造設備設置之日，依高壓氣體之製造種類，分別選任高壓氣體製造安全作業主管： ／ 擔任前項高壓氣體製造安全作業主管者，應依職業安全衛生教育訓練規則規定，接受高壓氣體製造安全作業主管安全衛生教育訓練。
OSH-41	OSH	高壓氣體勞工安全規則	第222條		依前條規定選任高壓氣體製造安全作業主管時，該條表列第一款至第十七款所列之一種或二種以上之製造設備與同表第十八款所列之一種或二種以上之製造設備相鄰接，且其配置設計為一體實施管理，並於同一計器室內控制其操作，或在安全管理具有同等功能者，該製造設備等可歸納於同一種類，並得依此選任高壓氣體製造安全作業主管；對同一高壓氣體製造種類內之二種以上之製造設備，亦同。
OSH-41	OSH	高壓氣體勞工安全規則	第223條		依第二百二十一條規定選任高壓氣體製造安全作業主管時，該條表列第一款至第十七款所列之一種或二種以上之製造設備與同表第十八款所列之一種或二種以上之製造設備相鄰接，且其配置設計為一體實施管理，而設備之任一設備以外之設備之全部適於下列規定之一者，該設備等可歸納於同一類： ／ 一、處理設備之處理能力在一百立方公尺以下時。但設有可燃性氣體之液化氣體加壓泵者，不在此限。 ／ 二、使用氣化器或減壓閥製造氧氣、氮氣、氬氣或氦氣之製造設備時。 ／ 三、使用氣化器製造二氧化碳之製造設備，包含使用一日之冷凍能力未滿十公噸之冷凍設備冷卻氣化器相關裝置所屬儲存設備內之二氧化碳時。 ／ 前條規定之設備，雖屬同一製造種類欄內之高壓氣體之製造，其製造設備之操作由二以上系列所形成，且非於同一計器室內控制，或同一製造設備之操作人員採用輪班制時，應依操作控制系列或依班次分別選任高壓氣體製造安全作業主管。
OSH-41	OSH	高壓氣體勞工安全規則	第224條		依第二百二十一條規定選任之高壓氣體製造安全作業主管，應擔負維持製造設備之安全、監視製造方法與其高壓氣體之製造有關之下列技術事項，並監督、指揮勞工作業： ／ 一、維持製造設備符合法令規定基準。 ／ 二、維持作業方法符合法令規定基準。 ／ 三、監督實施自動檢查。 ／ 四、實施巡視與檢點。 ／ 五、對與高壓氣體之製造有關之安全作業標準、設備管理基準、承攬管理基準及災害之發生或有虞發生災害之必要措施，提供建議。 ／ 六、於發生災害或有發生災害之虞時，採取必要措施。
OSH-41	OSH	高壓氣體勞工安全規則	第225條		第二百二十條之甲類製造事業單位中，一日製造之高壓氣體容積在一百萬立方公尺以上者，應就大專校院理工科系畢業，並符合下列規定資格之一者，選任高壓氣體製造安全規劃人員，於事業開始之日報請勞動檢查機構備查。但製造安全負責人具有同等資格者，不在此限： ／ 一、擔任高壓氣體製造安全主任五年以上者。 ／ 二、擔任高壓氣體製造安全作業主管及高壓氣體製造安全主任合計七年以上者。 ／ 設置儲槽純供灌裝高壓氣體之事業單位，前項高壓氣體之容積為二百萬立方公尺以上，不受前項規定限制。 ／ 下列高壓氣體之容積，不列入前二項之計算： ／ 一、空氣或供保安用不活性氣體以外之不活性氣體之四分之三容積。 ／ 二、供保安用不活性氣體之全部容積。
OSH-41	OSH	高壓氣體勞工安全規則	第226條		前條之製造安全規劃人員，輔導製造安全負責人規劃左列高壓氣體製造安全有關事項。 ／ 一、規劃訂定有關高壓氣體製造安全工作守則。 ／ 二、規劃安全教育計畫並予推展。 ／ 三、前二款規定外，有關製造安全之基本對策。 ／ 四、提供有關製造安全之作業標準、設備管理基準或承攬管理及發生災害或防範發生災害之措施基準之建議並實施指導等。 ／ 五、規劃防災訓練及推展。 ／ 六、發生災害時之災害原因調查及檢討防災對策。 ／ 七、蒐集有關製造高壓氣體之資料。
OSH-41	OSH	高壓氣體勞工安全規則	第227條		處理能力在一百萬立方公尺以上之液化石油氣甲類製造事業單位，應於製造開始之日，依各該事業製程狀況，分別選任高壓氣體製造安全主任，輔助製造安全負責人從事製造安全技術管理事務。 ／ 設置儲槽純供灌裝液化石油氣之事業單位，前項處理能力為二百萬立方公尺以上，不受前項規定限制。 ／ 擔任第一項高壓氣體製造安全主任者，應依職業安全衛生教育訓練規則規定，接受高壓氣體製造安全主任安全衛生教育訓練。
OSH-41	OSH	高壓氣體勞工安全規則	第228條		前條之甲類製造事業單位，於溫度在攝氏三十五度時，其處理設備之每小時液化石油氣輸液量之合計量（以下簡稱輸液總量）在一百六十立方公尺以上者，應於該設備設置之日，選任高壓氣體製造安全作業主管。 ／ 前項輸液總量之計算，對氣體狀態之液化石油氣，應以容積十立方公尺換算為輸液量一立方公尺。 ／ 擔任第一項高壓氣體製造安全作業主管者，應依職業安全衛生教育訓練規則規定，接受高壓氣體製造安全作業主管安全衛生教育訓練。
OSH-41	OSH	高壓氣體勞工安全規則	第229條		依前條規定選任之高壓氣體製造安全作業主管，應擔負維持製造設備之安全、監視製造方法與其液化石油氣之製造有關之下列技術事項，並監督、指揮勞工作業： ／ 一、維持製造設備符合法令規定基準。 ／ 二、維持製造方法符合法令規定基準。 ／ 三、監督實施自動檢查。 ／ 四、實施巡視與檢點。 ／ 五、對與液化石油氣之製造有關之安全作業標準、設備管理基準、承攬管理基準及災害之發生或有虞發生災害之必要措施，提供建議。 ／ 六、於發生災害或有發生災害之虞時，立即採取必要措施。
OSH-41	OSH	高壓氣體勞工安全規則	第230條		第二百二十七條規定之甲類製造事業單位應就大專院校理工科系畢業，並具有左列規定者中選任液化石油氣製造安全規劃人員（以下簡稱製造安全規劃人員。）。但製造安全負責人具有同等資格者，不在此限。 ／ 一、曾擔任製造安全主任之經驗年資在五年以上者。 ／ 二、曾擔任製造安全作業主管及製造安全主任之合計經驗年資在七年以上者。
OSH-41	OSH	高壓氣體勞工安全規則	第231條		前條之製造安全規劃人員，輔助製造安全負責人規劃左列液化石油氣製造安全有關事項。 ／ 一、規劃訂定有關液化石油氣製造安全工作守則。 ／ 二、規劃安全教育計畫並予推展。 ／ 三、前二款規定外，有關製造安全之基本對策。 ／ 四、提供有關製造安全之作業標準、設備管理基準或承攬管理及發生災害或防範發生災害之措施基準之建議並實施指導等。 ／ 五、規劃防災訓練及推展。 ／ 六、發生災害時之災害原因調查及檢討防災對策。 ／ 七、蒐集有關製造液化石油氣之資料。
OSH-41	OSH	高壓氣體勞工安全規則	第232條		第二百十九條之冷凍用高壓氣體製造事業單位，應於製造開始之日，選任高壓氣體製造安全作業主管，輔助製造安全負責人從事製造安全技術管理業務。 ／ 擔任前項高壓氣體製造安全作業主管者，應依職業安全衛生教育訓練規則規定，接受高壓氣體製造安全作業主管安全衛生教育訓練。
OSH-41	OSH	高壓氣體勞工安全規則	第233條		依前條規定選任之高壓氣體製造安全作業主管，應擔負維持製造設備之安全、監視製造方法與其高壓氣體之製造有關之下列技術事項，並監督、指揮勞工作業： ／ 一、維持製造設備符合法令規定基準。 ／ 二、維持作業方法符合法令規定基準。 ／ 三、監督實施檢點。 ／ 四、實施巡視與自動檢查。 ／ 五、對與高壓氣體之製造有關之安全作業標準、設備管理、承攬管理及防止災害之發生或有發生災害之虞時之必要措施，提供建議。 ／ 六、於發生災害或有發生災害之虞時，立即採取必要措施。
OSH-41	OSH	高壓氣體勞工安全規則	第234條		供應下列高壓氣體之事業場所，應於供應開始之日，依其供應場所之分類，分別選任高壓氣體供應安全作業主管，擔任高壓氣體供應安全技術事項： ／ 一、氨、氯甲烷或氰化氫。 ／ 二、乙炔、丁二烯、丁烯、丙烯或甲烷。 ／ 三、氯。 ／ 四、氫。 ／ 五、氧。 ／ 六、丁烷。 ／ 擔任前項高壓氣體供應安全作業主管者，應依職業安全衛生教育訓練規則規定，接受高壓氣體供應及消費作業主管安全衛生教育訓練。
OSH-41	OSH	高壓氣體勞工安全規則	第235條		供應液化石油氣之供應事業單位，應於供應開始之日，選任高壓氣體供應安全作業主管，擔任液化石油氣供應安全技術事項。 ／ 擔任前項高壓氣體供應安全作業主管者，應依職業安全衛生教育訓練規則規定，接受高壓氣體供應及消費作業主管安全衛生教育訓練。
OSH-41	OSH	高壓氣體勞工安全規則	第236條		特定高壓氣體消費事業單位，應於消費開始之日，依消費事業單位或各分支消費事業單位，選任高壓氣體消費作業主管，擔任高壓氣體消費安全技術事項。 ／ 擔任前項高壓氣體消費作業主管者，應依職業安全衛生教育訓練規則規定，接受高壓氣體供應及消費作業主管安全衛生教育訓練。
OSH-41	OSH	高壓氣體勞工安全規則	第237條		特定液化石油氣消費事業單位，應於消費開始之日，依消費事業單位，選任高壓氣體消費作業主管，擔任液化石油氣消費安全技術事項。 ／ 擔任前項高壓氣體消費作業主管者，應依職業安全衛生教育訓練規則規定，接受高壓氣體供應及消費作業主管安全衛生教育訓練。
OSH-41	OSH	高壓氣體勞工安全規則	第238條		製造事業單位，平時即應選任第二百十九條至第二百二十一條及第二百二十五條、第二百二十七條、第二百二十八條、第二百三十條、第二百三十二條規定之人員（以下簡稱製造安全管理人員。）之代理人，於製造安全管理人員因故未能執行職務時，代理其職務。
OSH-41	OSH	高壓氣體勞工安全規則	第239條		製造事業單位、供應事業單位及消費事業單位應對其僱用從事管理、監督、指揮及操作高壓氣體作業者，施予擔負工作所必要之安全知識教育訓練。
OSH-41	OSH	高壓氣體勞工安全規則	第240條		製造、供應及消費高壓氣體之事業單位，應對所設置之高壓氣體設備及其管線，實施定期安全維護、保養及檢點，並對有發生腐蝕、劣化、缺損、破裂等有礙安全部分，採取必要補修、汰換或其他改善措施，以確保高壓氣體設施之安全運作。 ／ 前項安全維護、保養、檢點、補修或汰換等措施，應於高壓氣體製造安全主任、高壓氣體製造安全作業主管、高壓氣體供應及消費作業主管或其他專業技術主管之督導下實施。 ／ 前二項所定事項之執行，應置備紀錄，並留存三年備查。
OSH-41	OSH	高壓氣體勞工安全規則	第241條		本規則不適用於左列高壓氣體。 ／ 一、高壓鍋爐及其導管內之高壓蒸氣。 ／ 二、鐵路車輛設置之冷氣設備內之高壓氣體。 ／ 三、船舶設備內使用之高壓氣體。 ／ 四、礦場設施內以壓縮、液化及其他方法處理氣體之設備內之高壓氣體。 ／ 五、航空器內使用之高壓氣體。 ／ 六、供發電、變電、輸電設置之電力設備及其設置之變壓器、反應器、開閉器及自動遮斷器內以壓縮、液化及其他方法處理氣體之設備內高壓氣體。 ／ 七、原子能設施內使用之高壓氣體。 ／ 八、內燃機之起動、輪胎之充氣、打鉚或鑽岩或土木工程用壓縮裝置內之壓縮氣體。 ／ 九、冷凍能力未滿三公噸之冷凍設備內之高壓氣體。 ／ 十、液化溴甲烷製造設備外之該液化溴甲烷。 ／ 十一、高壓蒸氣鍋內之高壓氣體（除氫氣、乙炔及氯乙烯。）。 ／ 十二、液化氣體與液化氣體以外之液體之混合液中，液化氣體之質量佔總質量之百分之十五以下，且溫度在攝氏三十五度時之壓力在每平方公分六公斤以下之清涼飲料水、水果酒、啤酒及發泡酒用高壓氣體。 ／ 十三、液化氣體製造設備外之質量在五百公克以下之該氣體，且於溫度攝氏三十五度時，壓力在每平方公分八公斤以下者中，經中央主管機關指定者。
OSH-41	OSH	高壓氣體勞工安全規則	第242條		本規則第三十四條、第四十七條、第五十八條、第五十九條、第六十一條至第六十五條、第七十一條第二款至第五款、第七十二條、第七十八條、第九十二條、第九十五條至第九十七條、第一百零四條、第一百二十四條、第一百七十九條、第一百八十一條至第一百八十七條、第一百八十九條、第二百零八條、第二百十二條、第二百十四條、第二百十六條不適用於液化石油氣。
OSH-41	OSH	高壓氣體勞工安全規則	第243條		本規則第三十三條至第三十六條、第三十九條、第四十一條、第四十三條至第四十五條、第四十七條、第五十二條、第五十三條、第五十五條、第五十六條、第五十八條、第五十九條、第六十二條至第六十六條、第六十八條、第七十條至第七十二條、第七十六條、第七十八條至第八十條、第八十八條至第九十二條、第九十五條至第九十七條、第一百零六條、第一百零七條、第一百十三條、第一百十六條至第一百十九條、第一百二十一條、第五章、第六章、第二百十條、第二百十三條至第二百十七條不適用於冷凍用高壓氣體。
OSH-41	OSH	高壓氣體勞工安全規則	第244條		（刪除）
OSH-41	OSH	高壓氣體勞工安全規則	第245條		本規則自發布後六個月施行。 ／ 本規則修正條文，除中華民國一百零三年六月二十七日修正發布之條文，自一百零三年七月三日施行；一百十一年九月十四日修正發布之第一百九十一條之一及第一百九十二條，自一百十二年九月十四日施行外，自發布日施行。
OSH-42	OSH	起重升降機具安全規則	第1條		本規則依職業安全衛生法第六條第三項規定訂定之。
OSH-42	OSH	起重升降機具安全規則	第2條		本規則適用於下列起重升降機具： ／ 一、固定式起重機：指在特定場所使用動力將貨物吊升並將其作水平搬運為目的之機械裝置。 ／ 二、移動式起重機：指能自行移動於非特定場所並具有起重動力之起重機。 ／ 三、人字臂起重桿：指以動力吊升貨物為目的，具有主柱、吊桿，另行裝置原動機，並以鋼索操作升降之機械裝置。 ／ 四、升降機：指乘載人員及（或）貨物於搬器上，而該搬器順沿軌道鉛直升降，並以動力從事搬運之機械裝置。但營建用提升機、簡易提升機及吊籠，不包括之。 ／ 五、營建用提升機：指於土木、建築等工程作業中，僅以搬運貨物為目的之升降機。但導軌與水平之角度未滿八十度之吊斗捲揚機，不包括之。 ／ 六、吊籠：指由懸吊式施工架、升降裝置、支撐裝置、工作台及其附屬裝置所構成，專供人員升降施工之設備。 ／ 七、簡易提升機：指僅以搬運貨物為目的之升降機，其搬器之底面積在一平方公尺以下或頂高在一點二公尺以下者。但營建用提升機，不包括之。
OSH-42	OSH	起重升降機具安全規則	第3條		本規則所稱中型起重升降機具如下： ／ 一、中型固定式起重機：指吊升荷重在零點五公噸以上未滿三公噸之固定式起重機或未滿一公噸之斯達卡式起重機。 ／ 二、中型移動式起重機：指吊升荷重在零點五公噸以上未滿三公噸之移動式起重機。 ／ 三、中型人字臂起重桿：指吊升荷重在零點五公噸以上未滿三公噸之人字臂起重桿。 ／ 四、中型升降機：指積載荷重在零點二五公噸以上未滿一公噸之升降機。 ／ 五、中型營建用提升機：指導軌或升降路之高度在十公尺以上未滿二十公尺之營建用提升機。 ／ 前項第一款所稱斯達卡式起重機，指以鋼索或吊鏈懸吊起重機之駕駛室（台），且能與貨物同時升降之起重機。
OSH-42	OSH	起重升降機具安全規則	第4條		下列起重升降機具不適用本規則： ／ 一、吊升荷重未滿零點五公噸之固定式起重機、移動式起重機及人字臂起重桿。 ／ 二、積載荷重未滿零點二五公噸之升降機、營建用提升機及簡易提升機。 ／ 三、升降路或導軌之高度未滿十公尺之營建用提升機。 ／ 前項所定起重升降機具依職業安全衛生設施規則辦理。
OSH-42	OSH	起重升降機具安全規則	第5條		本規則所稱吊升荷重，指依固定式起重機、移動式起重機、人字臂起重桿等之構造及材質，所能吊升之最大荷重。 ／ 具有伸臂之起重機之吊升荷重，應依其伸臂於最大傾斜角、最短長度及於伸臂之支點與吊運車位置為最接近時計算之。 ／ 具有吊桿之人字臂起重桿之吊升荷重，應依吊桿於最大傾斜角時計算之。
OSH-42	OSH	起重升降機具安全規則	第6條		本規則所稱額定荷重，在未具伸臂之固定式起重機或未具吊桿之人字臂起重桿，指自吊升荷重扣除吊鉤、抓斗等吊具之重量所得之荷重。 ／ 具有伸臂之固定式起重機及移動式起重機之額定荷重，應依其構造及材質、伸臂之傾斜角及長度、吊運車之位置，決定其足以承受之最大荷重後，扣除吊鉤、抓斗等吊具之重量所得之荷重。 ／ 具有吊桿之人字臂起重桿之額定荷重，應依其構造、材質及吊桿之傾斜角，決定其足以承受之最大荷重後，扣除吊鉤、抓斗等吊具之重量所得之荷重。
OSH-42	OSH	起重升降機具安全規則	第7條		本規則所稱積載荷重，在升降機、簡易提升機、營建用提升機或未具吊臂之吊籠，指依其構造及材質，於搬器上乘載人員或荷物上升之最大荷重。 ／ 具有吊臂之吊籠之積載荷重，指於其最小傾斜角狀態下，依其構造、材質，於其工作台上乘載人員或荷物上升之最大荷重。 ／ 僅供下降使用之吊籠之積載荷重，指依其構造、材質，於其工作台上乘載人員或荷物所能承受之最大荷重。
OSH-42	OSH	起重升降機具安全規則	第8條		本規則所稱額定速率，在固定式起重機、移動式起重機或人字臂起重桿，指在額定荷重下使其上升、直行、迴轉或橫行時之各該最高速率。 ／ 升降機、簡易提升機、營建用提升機或吊籠之額定速率，指搬器在積載荷重下，使其上升之最高速率。
OSH-42	OSH	起重升降機具安全規則	第9條		本規則所稱容許下降速率，指於吊籠工作台上加予相當於積載荷重之重量，使其下降之最高容許速率。
OSH-42	OSH	起重升降機具安全規則	第10條		雇主對於固定式起重機之使用，不得超過額定荷重。但必要時，經採取下列各項措施者，得報經檢查機構放寬至實施之荷重試驗之值： ／ 一、事先實施荷重試驗，確認無異狀。 ／ 二、指定作業監督人員，從事監督指揮工作。 ／ 前項荷重試驗之值，指將相當於該起重機額定荷重一點二五倍之荷重（額定荷重超過二百公噸者，為額定荷重加上五十公噸之荷重）置於吊具上實施吊升、直行、旋轉及吊運車之橫行等動作試驗之荷重值。 ／ 第一項荷重試驗紀錄應保存三年。
OSH-42	OSH	起重升降機具安全規則	第11條		雇主於中型固定式起重機設置完成時，應實施荷重試驗及安定性試驗，確認安全後，方得使用。但該起重機如屬架空式、橋型式等無翻覆之虞者，得免實施安定性試驗。 ／ 前項荷重試驗，指將相當於該起重機額定荷重一點二五倍之荷重置於吊具上，實施吊升、直行、旋轉及吊運車之橫行等動作之試驗。 ／ 第一項安定性試驗，指在逸走防止裝置、軌夾裝置等停止作用狀態中，且使該起重機於最不利於安定性之條件下，將相當於額定荷重一點二七倍之荷重置於吊具上所實施之試驗。 ／ 第一項試驗紀錄應保存三年。
OSH-42	OSH	起重升降機具安全規則	第12條		雇主對於固定式起重機之設置，其有關結構空間應依下列規定： ／ 一、除不具有起重機桁架及未於起重機桁架上設置人行道者外，凡設置於建築物內之走行固定式起重機，其最高部（集電裝置除外）與建築物之水平支撐、樑、橫樑、配管、其他起重機或其他設備之置於該走行起重機上方者，其間隔應在零點四公尺以上。其桁架之人行道與建築物之水平支撐、樑、橫樑、配管、其他起重機或其他設備之置於該人行道之上方者，其間隔應在一點八公尺以上。 ／ 二、走行固定式起重機或旋轉固定式起重機與建築物間設置之人行道寬度，應在零點六公尺以上。但該人行道與建築物支柱接觸部分之寬度，應在零點四公尺以上。 ／ 三、固定式起重機之駕駛室（台）之端邊與通往該駕駛室（台）之人行道端邊，或起重機桁架之人行道端邊與通往該人行道端邊之間隔，應在零點三公尺以下。但勞工無墜落之虞者，不在此限。
OSH-42	OSH	起重升降機具安全規則	第13條		雇主對於固定式起重機之構造，應符合固定式起重機安全檢查構造標準。
OSH-42	OSH	起重升降機具安全規則	第14條		雇主應注意固定式起重機之使用，其負荷次數及吊升荷物之重量，不得超過該起重機設計時之負荷條件，並應防止起重機構造部分之鋼材、接合處或銲接處等，有發生變形、折損或破斷等情形。
OSH-42	OSH	起重升降機具安全規則	第15條		雇主對於固定式起重機之過捲預防裝置，其吊鉤、抓斗等吊具或該吊具之捲揚用槽輪上方與捲胴、槽輪及桁架等（傾斜伸臂除外）有碰撞之虞之物體下方間，應調整其間距，使其符合法定值。
OSH-42	OSH	起重升降機具安全規則	第16條		雇主對於使用液壓為動力之固定式起重機，應裝置防止該液壓過度升高之安全閥，此安全閥應調整在額定荷重（伸臂起重機為額定荷重之最大值）以下之壓力即能作用。但實施荷重試驗及安定性試驗時，不在此限。
OSH-42	OSH	起重升降機具安全規則	第17條		雇主對於伸臂固定式起重機之使用，伸臂之傾斜角不得超過該起重機明細表內記載之範圍。但吊升荷重未滿三公噸者，以製造者指定之伸臂傾斜角為準。
OSH-42	OSH	起重升降機具安全規則	第18條		雇主對於固定式起重機，應於其機身明顯易見處標示其額定荷重，並使操作人員及吊掛作業者周知。 ／ 雇主對於前項額定荷重隨作業半徑而改變具伸臂功能之起重機，得標示最大作業半徑之額定荷重，並採取於操作室張貼荷重表及置備攜帶式荷重表等措施。
OSH-42	OSH	起重升降機具安全規則	第19條		雇主對於固定式起重機之使用，以吊物為限，不得乘載或吊升勞工從事作業。但從事貨櫃裝卸、船舶維修、高煙囪施工等尚無其他安全作業替代方法，或臨時性、小規模、短時間、作業性質特殊，經採取防止墜落等措施者，不在此限。 ／ 雇主對於前項但書所定防止墜落措施，應辦理事項如下： ／ 一、以搭乘設備乘載或吊升勞工，並防止其翻轉及脫落。 ／ 二、搭乘設備需設置安全母索或防墜設施，並使勞工佩戴安全帽及符合國家標準CNS 14253-1同等以上規定之全身背負式安全帶。 ／ 三、搭乘設備之使用不得超過限載員額。 ／ 四、搭乘設備自重加上搭乘者、積載物等之最大荷重，不得超過該起重機作業半徑所對應之額定荷重之百分之五十。 ／ 五、搭乘設備下降時，採動力下降之方法。 ／ 雇主應依前項第二款及第三款規定，要求起重機操作人員，監督搭乘人員確實辦理。
OSH-42	OSH	起重升降機具安全規則	第20條		雇主對於前條第二項所定搭乘設備，應依下列規定辦理： ／ 一、搭乘設備應有足夠強度，其使用之材料不得有影響構造強度之損傷、變形或腐蝕等瑕疵。 ／ 二、搭乘設備周圍設置高度九十公分以上之扶手，並設中欄杆及腳趾板。 ／ 三、搭乘設備之懸吊用鋼索或鋼線之安全係數應在十以上；吊鏈、吊帶及其支點之安全係數應在五以上。 ／ 四、依搭乘設備之構造及材質，計算積載之最大荷重，並於搭乘設備之明顯易見處，標示自重及最大荷重。
OSH-42	OSH	起重升降機具安全規則	第21條		雇主於固定式起重機作業時，應採取防止人員進入吊舉物下方及吊舉物通過人員上方之設備或措施。但吊舉物之下方已有安全支撐設施、其他安全設施或使吊舉物不致掉落，而無危害勞工之虞者，不在此限。 ／ 雇主於纜索固定式起重機作業時，為防止捲上用鋼索、橫行用鋼索通過槽輪或其他安裝部分而發生破損飛落或鋼索震脫彈出等危險，應禁止人員進入有發生危害之虞之鋼索內角側。
OSH-42	OSH	起重升降機具安全規則	第22條		雇主對於固定式起重機之檢修、調整、操作、組配或拆卸等，應依下列規定辦理： ／ 一、設置於屋外之走行起重機，應設有固定基礎與軌夾等防止逸走裝置，其原動機馬力應能在風速每秒十六公尺時，仍能安全駛至防止逸走裝置之處；瞬間風速有超過每秒三十公尺之虞時，應採取使防止逸走裝置作用之措施。 ／ 二、從事檢修、調整作業時，應指定作業監督人員，從事監督指揮工作。但無虞危險或採其他安全措施，確無危險之虞者，不在此限。 ／ 三、操作人員於起重機吊有荷重時，不得擅離操作位置。 ／ 四、組配、拆卸或爬升高度時，應選派適當人員從事該作業，作業區內禁止無關人員進入，必要時並設置警告標示。 ／ 五、以塔式起重機進行高層建築工程等作業，於該起重機爬升樓層及安裝基座等時，應事前擬妥安全作業方法及標準作業程序，使勞工遵循，並採穩固該起重機等必要措施，以防止倒塌。 ／ 六、因強風、大雨、大雪等惡劣氣候，致作業有危險之虞時，應禁止工作。 ／ 七、設置於室外之伸臂起重機，因強風來襲而有起重機伸臂受損之虞者，應採取必要防範措施。 ／ 八、起重機之操作，應依原設計之操作方法吊升荷物，不得以伸臂搖撼或拖拉物件等不當方式從事起重作業。
OSH-42	OSH	起重升降機具安全規則	第23條		雇主對於移動式起重機之使用，不得超過額定荷重。
OSH-42	OSH	起重升降機具安全規則	第24條		雇主於中型移動式起重機設置完成時，應實施荷重試驗及安定性試驗，確認安全後，方得使用。 ／ 前項荷重試驗，指將相當於該起重機額定荷重一點二五倍之荷重置於吊具上，實施吊升、直行、旋轉或必要之走行等動作之試驗。 ／ 第一項安定性試驗，指使該起重機於最不利於安定性之條件下，將相當於額定荷重一點二七倍之荷重置於吊具上所實施之試驗。 ／ 第一項試驗紀錄應保存三年。
OSH-42	OSH	起重升降機具安全規則	第25條		雇主對於移動式起重機之構造，應符合移動式起重機安全檢查構造標準。
OSH-42	OSH	起重升降機具安全規則	第26條		雇主應注意移動式起重機使用時，其負荷次數及吊升荷物之重量，不得超過該起重機設計時之負荷條件，並應防止起重機構造部分之鋼材、接合處或銲接處等，有發生變形、折損或破斷等情形。
OSH-42	OSH	起重升降機具安全規則	第27條		雇主對於移動式起重機之過捲預防裝置及過捲警報裝置，其吊鉤、抓斗等吊具或該吊具之捲揚用槽輪之上方與伸臂前端槽輪及其他有碰撞之虞之物體（傾斜之伸臂除外）之下方間，應調整其間距，使其符合法定值。
OSH-42	OSH	起重升降機具安全規則	第28條		雇主對於使用液壓為動力之移動式起重機，應裝置防止該液壓過度升高用之安全閥，此安全閥應調整在額定荷重之最大值以下之壓力即能作用。但實施荷重試驗及安定性試驗時，不在此限。
OSH-42	OSH	起重升降機具安全規則	第29條		雇主對於移動式起重機，為防止其作業中發生翻倒、被夾、感電等危害，應事前調查該起重機作業範圍之地形、地質狀況、作業空間、運搬物重量與所用起重機種類、型式及性能等，並適當決定下列事項及採必要措施： ／ 一、移動式起重機之作業方法、吊掛方法及運搬路徑等。 ／ 二、對軟弱地盤等承載力不足之場所採取地面舖設鐵板、墊料及使用外伸撐座等補強方法，以防止移動式起重機翻倒。 ／ 三、配置移動式起重機之操作者、吊掛作業者、指揮者及其他相關作業者之職務與作業指揮體系。 ／ 雇主對於前項移動式起重機之作業，應採取下列各款措施： ／ 一、決定前項各款事項後，於作業開始前告知相關勞工，使其遵行。 ／ 二、確認移動式起重機之種類、型式，符合作業之需求。 ／ 三、查核前項措施執行情形，認有未符安全條件者，於改善前不得從事起重吊掛作業。 ／ 雇主對於第一項移動式起重機之作業，應辦理事項如下： ／ 一、事前調查現場危害因素、使用條件限制及作業需求等情況，或要求委託施工者告知，並以檢點表逐項確認。 ／ 二、對於前款之現場危害因素等調查結果，採取必要之預防或改善措施。 ／ 三、相關檢點表、派車文件及其他相關紀錄表單，於施工結束前，留存備查。
OSH-42	OSH	起重升降機具安全規則	第30條		雇主對於移動式起重機，在其作業範圍有地盤軟弱、埋設脆弱地下物或路肩崩塌等情形，致其有翻倒之虞者，不得使用移動式起重機從事作業。但在該起重機下方鋪設具有充分強度及足夠面積之鐵板或墊料等，可防止其翻倒者，不在此限。
OSH-42	OSH	起重升降機具安全規則	第31條		雇主對於使用外伸撐座之移動式起重機，其下方鋪有鐵板或墊料時，應先確認該外伸撐座之支撐，已置放於鐵板或墊料之中央範圍或位於不致造成該起重機有翻倒之虞之位置。
OSH-42	OSH	起重升降機具安全規則	第32條		雇主使用具有外伸撐座之移動式起重機，或擴寬式履帶起重機作業時，應將其外伸撐座或履帶伸至最大極限位置。但因作業場所狹窄或有障礙物等限制，致其外伸撐座或履帶無法伸至最大極限位置時，具有下列各款之一，且能確認其吊掛之荷重較作業半徑所對應之額定荷重為輕者，不在此限： ／ 一、過負荷預防裝置有因應外伸撐座之外伸寬度，自動降低設定額定荷重之機能者。 ／ 二、過負荷預防裝置有可輸入外伸撐座之外伸寬度演算要素，以降低設定額定荷重狀態之機能者。 ／ 三、移動式起重機之明細表或使用說明書等已明確記載外伸撐座無法最大外伸時，具有額定荷重表或性能曲線表提供外伸撐座未全伸時之對應外伸寬度之較低額定荷重者。
OSH-42	OSH	起重升降機具安全規則	第33條		雇主對於具有伸臂之移動式起重機之使用，伸臂之傾斜角不得超過該起重機明細表內記載之範圍。但吊升荷重未滿三公噸者，以製造者指定之伸臂傾斜角為準。
OSH-42	OSH	起重升降機具安全規則	第34條		雇主對於移動式起重機，應於其機身明顯易見處標示其額定荷重，並使操作人員及吊掛作業者周知。 ／ 雇主對於前項額定荷重隨作業半徑而改變之移動式起重機，得標示最大作業半徑之額定荷重，並採取於操作室張貼荷重表及置備攜帶式荷重表等措施。
OSH-42	OSH	起重升降機具安全規則	第35條		雇主對於移動式起重機之使用，以吊物為限，不得乘載或吊升勞工從事作業。但從事貨櫃裝卸、船舶維修、高煙囪施工等尚無其他安全作業替代方法，或臨時性、小規模、短時間、作業性質特殊，經採取防止墜落等措施者，不在此限。 ／ 雇主對於前項但書所定防止墜落措施，應辦理事項如下： ／ 一、以搭乘設備乘載或吊升勞工，並防止其翻轉及脫落。 ／ 二、搭乘設備需設置安全母索或防墜設施，並使勞工佩戴安全帽及符合國家標準CNS 14253-1同等以上規定之全身背負式安全帶。 ／ 三、搭乘設備之使用不得超過限載員額。 ／ 四、搭乘設備自重加上搭乘者、積載物等之最大荷重，不得超過該起重機作業半徑所對應之額定荷重之百分五十。 ／ 五、搭乘設備下降時，採動力下降之方法。 ／ 六、垂直高度超過二十公尺之高處作業，禁止使用直結式搭乘設備。但設有無線電通訊聯絡及作業監視或預防碰撞警報裝置者，不在此限。 ／ 雇主應依前項第二款及第三款規定，要求起重機操作人員，監督搭乘人員確實辦理。
OSH-42	OSH	起重升降機具安全規則	第36條		雇主對於前條第二項所定搭乘設備，應依下列規定辦理： ／ 一、搭乘設備應有足夠強度，其使用之材料不得有影響構造強度之損傷、變形或腐蝕等瑕疵。 ／ 二、搭乘設備周圍設置高度九十公分以上之扶手，並設中欄杆及腳趾板。 ／ 三、搭乘設備之懸吊用鋼索或鋼線之安全係數應在十以上；吊鏈、吊帶及其支點之安全係數應在五以上。 ／ 四、依搭乘設備之構造及材質，計算積載之最大荷重，並於搭乘設備之明顯易見處，標示自重及最大荷重。
OSH-42	OSH	起重升降機具安全規則	第37條		移動式起重機從事垂直高度二十公尺以下之高處作業，不適用第三十五條第一項但書規定。但使用道路或鄰接道路作業者，不在此限。
OSH-42	OSH	起重升降機具安全規則	第38條		雇主使用移動式起重機吊掛搭乘設備搭載或吊升人員作業時，應依下列規定辦理： ／ 一、搭乘設備及懸掛裝置（含熔接、鉚接、鉸鏈等部分之施工），應妥予安全設計，並事前將其構造設計圖、強度計算書及施工圖說等，委託中央主管機關認可之專業機構簽認，其簽認效期最長二年；效期屆滿或構造有變更者，應重新簽認之。 ／ 二、起重機載人作業前，應先以預期最大荷重之荷物，進行試吊測試，將測試荷物置於搭乘設備上，吊升至最大作業高度，保持五分鐘以上，確認其平衡性及安全性無異常。該起重機移動設置位置者，應重新辦理試吊測試。 ／ 三、確認起重機所有之操作裝置、防脫裝置、安全裝置及制動裝置等，均保持功能正常；搭乘設備之本體、連接處及配件等，均無構成有害結構安全之損傷；吊索等，無變形、損傷及扭結情形。 ／ 四、起重機作業時，應置於水平堅硬之地盤面；具有外伸撐座者，應全部伸出。 ／ 五、起重機載人作業進行期間，不得走行。進行升降動作時，勞工位於搭乘設備內者，身體不得伸出箱外。 ／ 六、起重機載人作業時，應採低速及穩定方式運轉，不得有急速、突然等動作。當搭載人員到達工作位置時，該起重機之吊升、起伏、旋轉、走行等裝置，應使用制動裝置確實制動。 ／ 七、起重機載人作業時，應指派指揮人員負責指揮。無法派指揮人員者，得採無線電通訊聯絡等方式替代。 ／ 雇主對於前項起重機之載人作業，應依據作業風險因素，事前擬訂作業方法、作業程序、安全作業標準及作業安全檢核表，使作業勞工遵行。 ／ 雇主應指派適當人員實施作業前檢點、作業中查核及自動檢查等措施，隨時注意作業安全，相關表單紀錄於作業完成前，並應妥存備查。
OSH-42	OSH	起重升降機具安全規則	第39條		雇主於移動式起重機作業時，應採取防止人員進入吊舉物下方及吊舉物通過人員上方之設備或措施。但吊舉物之下方已有安全支撐設施、其他安全設施或使吊舉物不致掉落，而無危害勞工之虞者，不在此限。 ／ 雇主於移動式起重機作業時，為防止移動式起重機上部旋轉體之旋轉動作引起碰撞危害，應禁止人員進入有發生碰撞危害之虞之起重機作業範圍內。
OSH-42	OSH	起重升降機具安全規則	第40條		雇主對於移動式起重機之檢修、調整、操作、組配或拆卸等，應依下列規定： ／ 一、從事檢修、調整作業時，應指定作業監督人員，從事監督指揮工作。但無虞危險或採其他安全措施，確無危險之虞者，不在此限。 ／ 二、操作人員或駕駛人員於起重機吊有荷重時，不得擅離操作位置或駕駛室。 ／ 三、組配、拆卸時，應選用適當人員擔任，作業區內禁止無關人員進入，必要時並設置警告標示。 ／ 四、因強風、大雨、大雪等惡劣氣候，致作業有危險之虞時，應禁止工作。 ／ 五、移動式起重機之操作，應依原設計功能之操作方法吊升荷物，不得以搖撼伸臂或拖拉物件等不當方式從事起重作業。 ／ 六、移動式起重機行駛時，應將其吊桿長度縮至最短、傾斜角降為最小及固定其吊鉤。必要時，積載型卡車起重機得採用吊桿定位警示裝置，提醒注意。
OSH-42	OSH	起重升降機具安全規則	第41條		雇主對於人字臂起重桿之使用，不得超過額定荷重。但必要時，經採取下列各款措施者，得報經檢查機構放寬至實施荷重試驗之值： ／ 一、事先實施荷重試驗，確認無異狀。 ／ 二、指定作業監督人員，從事監督指揮工作。 ／ 前項荷重試驗之值，指將相當於該人字臂起重桿額定荷重一點二五倍之荷重（額定荷重超過二百公噸者，為額定荷重加上五十公噸之荷重）置於吊具上實施吊升、旋轉及吊桿之起伏等動作試驗之荷重值。 ／ 第一項荷重試驗紀錄應保存三年。
OSH-42	OSH	起重升降機具安全規則	第42條		雇主於中型人字臂起重桿設置完成時，應實施荷重試驗，確認安全後，方得使用。 ／ 前項荷重試驗，指將相當於該人字臂起重桿額定荷重一點二五倍之荷重置於吊具上，實施吊升、旋轉及吊桿之起伏等動作之試驗。 ／ 第一項試驗紀錄應保存三年。
OSH-42	OSH	起重升降機具安全規則	第43條		雇主對於人字臂起重桿之吊升裝置及起伏裝置，應設過捲預防裝置。但使用絞車為動力之吊升裝置及起伏裝置者，不在此限。
OSH-42	OSH	起重升降機具安全規則	第44條		雇主於調整人字臂起重桿之過捲預防裝置時，應使吊鉤、抓斗等吊具或該吊具之捲揚用槽輪之上方與吊桿前端槽輪（除吊桿外）下方間之間距在零點二五公尺以上。但直動式過捲預防裝置之間距為零點零五公尺以上。
OSH-42	OSH	起重升降機具安全規則	第45條		雇主對於具有吊桿之人字臂起重桿之使用，吊桿傾斜角不得超過該人字臂起重桿明細表內記載之範圍。但吊升荷重未滿三公噸者，以製造者指定之傾斜角為準。
OSH-42	OSH	起重升降機具安全規則	第46條		雇主對於人字臂起重桿，應於其機身明顯易見處標示其額定荷重，並使操作人員及吊掛作業者周知。 ／ 前項起重桿應以銘牌等標示下列事項： ／ 一、製造者名稱。 ／ 二、製造年月。 ／ 三、吊升荷重。
OSH-42	OSH	起重升降機具安全規則	第47條		雇主對於人字臂起重桿之使用，以吊物為限，不得乘載或吊升勞工從事作業。
OSH-42	OSH	起重升降機具安全規則	第48條		雇主於人字臂起重桿作業時，應採取防止人員進入吊舉物下方及吊舉物通過人員上方之設備或措施。 ／ 雇主於人字臂起重桿作業時，為防止鋼索震脫，槽輪或其他安裝部分飛落等危險，應禁止人員進入有發生危害之虞之鋼索內角側。
OSH-42	OSH	起重升降機具安全規則	第49條		雇主對於人字臂起重桿之檢修、調整、操作、組配或拆卸等，應依下列規定辦理： ／ 一、設置於屋外之人字臂起重桿，瞬間風速有超過每秒三十公尺之虞時，為預防吊桿動搖，致人字臂起重桿破損，應採取吊桿固定緊縛於主桿或地面固定物等必要措施。 ／ 二、操作人員於起重桿吊有荷重時，不得擅離操作位置。 ／ 三、組配、拆卸時，應選用適當人員擔任，作業區內禁止無關人員進入，必要時並設置警告標示。 ／ 四、因強風、大雨、大雪等惡劣氣候，致作業有危險之虞時，應禁止工作。
OSH-42	OSH	起重升降機具安全規則	第50條		雇主對於人字臂起重桿之拉條，應依下列規定辦理： ／ 一、牽索人字臂起重桿之拉條數，為六條以上；單索人字臂起重桿之拉條數，為三條以上。 ／ 二、不得接近架空電路。 ／ 三、以鋼索為拉條時，以鋏、鬆緊螺旋扣、套管等金屬具緊結於支柱、牽索用固定錨或具有同等以上效能之堅固物。 ／ 四、以鬆緊螺旋扣等金屬具拉緊，並有防止螺旋扣扭轉鬆脫之措施。
OSH-42	OSH	起重升降機具安全規則	第51條		雇主對於主柱長度超過二十公尺之人字臂起重桿，應設攀登梯。 ／ 前項攀登梯，應依下列規定辦理： ／ 一、踏板應等距離設置，其間隔應在二十五公分以上三十五公分以下。 ／ 二、踏板與吊桿及其他最近固定物間之水平距離，應在十五公分以上。 ／ 三、踏板未設置側木者，應有防止足部橫滑之構造。
OSH-42	OSH	起重升降機具安全規則	第52條		雇主對於人字臂起重桿之吊升裝置及起伏裝置，應設控制荷重或吊桿下降所必要之制動裝置。 ／ 前項制動裝置，應設起重桿動力被遮斷時，能自行制動之設備。但以人力操作者，不在此限。
OSH-42	OSH	起重升降機具安全規則	第53條		雇主對於人字臂起重桿之鋼索與吊升裝置之捲胴、吊桿、有鉤滑車等之連結，應以灌注合金或使用銷、壓夾、栓銷等方法緊結之。
OSH-42	OSH	起重升降機具安全規則	第54條		雇主對於人字臂起重桿捲揚用鋼索，當吊具置於最低位置時，應有二捲以上鋼索留置於吊升裝置之捲胴上；對於吊桿起伏用鋼索，當吊桿置於最低位置時，應有二捲以上鋼索留置於起伏裝置之捲胴上。
OSH-42	OSH	起重升降機具安全規則	第55條		雇主對於具有起伏動作之人字臂起重桿，應於操作人員易見處，設置吊桿傾斜角之指示裝置，以防止過負荷操作。
OSH-42	OSH	起重升降機具安全規則	第56條		雇主對於人字臂起重桿結構部分之材料，除使用耐蝕鋁合金等材料經中央主管機關認可者外，應符合下列國家標準，或具有同等以上化學成分及機械性質之鋼材： ／ 一、國家標準CNS 575 鉚釘用鋼棒規定之鋼材。 ／ 二、國家標準CNS 2473 一般結構用軋鋼料規定之 SS400 鋼材。 ／ 三、國家標準CNS 2947 銲接結構用軋鋼料規定之鋼材。 ／ 四、國家標準CNS 4269 銲接結構用耐候性熱軋鋼料規定之鋼材。 ／ 五、國家標準CNS 4435 一般結構用碳鋼鋼管規定之 STK400、STK490或STK540鋼材。 ／ 六、國家標準CNS 4437 機械結構用碳鋼鋼管規定之十三種、十八種、十九種或二十種之鋼材。 ／ 七、國家標準CNS 7141 一般結構用矩形碳鋼鋼管規定之鋼材。 ／ 八、國家標準CNS 11109 銲接結構用高降伏強度鋼板規定之鋼材。 ／ 九、國家標準CNS 13812 建築結構用軋鋼料規定之鋼材。 ／ 前項結構部分不包括階梯、駕駛室、護圍、覆蓋、鋼索、機械部分及其他非供支撐吊升荷物之部分。
OSH-42	OSH	起重升降機具安全規則	第57條		雇主對於吊升荷重未滿五公噸或主柱、吊桿長度未滿十二公尺之人字臂起重桿，其結構部分之材料，得使用木材。 ／ 前項木材不得有顯著之蛀蝕、裂隙、節或傾斜纖維等強度上之缺陷。
OSH-42	OSH	起重升降機具安全規則	第58條		雇主對於人字臂起重桿結構部分，應使其具有充分強度，並保持防止板材挫曲、變形等有礙安全使用之剛性。
OSH-42	OSH	起重升降機具安全規則	第59條		雇主對於人字臂起重桿結構部分之鉚釘孔或螺釘孔，應使用鑽孔機鑽孔，且該孔不得有迴紋或裂紋等瑕疵。
OSH-42	OSH	起重升降機具安全規則	第60條		雇主對於人字臂起重桿結構部分之螺栓、螺帽、螺釘等，應有防止鬆脫之措施。但使用強力螺栓接合者，不在此限。
OSH-42	OSH	起重升降機具安全規則	第61條		雇主對於人字臂起重桿，應設置駕駛室或駕駛台。 ／ 前項駕駛室或駕駛台，應符合下列規定： ／ 一、不妨礙操作人員視界。但操作人員與吊掛作業者能保持確實連絡者，不在此限。 ／ 二、開關器、控制器、制動器及警報裝置等操作部分，應設於操作人員易於操作之位置。 ／ 三、有物體飛落危害操作人員安全之虞之場所，其駕駛台，應設有防護網或其他防止物體飛落危害之設施。
OSH-42	OSH	起重升降機具安全規則	第62條		雇主對於使用固定式起重機、移動式起重機或人字臂起重桿（以下簡稱起重機具）從事吊掛作業之勞工，應僱用曾受吊掛作業訓練合格者擔任。但已受吊升荷重在三公噸以上之起重機具操作人員訓練合格或具有起重機具操作技能檢定技術士資格者，不在此限。 ／ 雇主對於前項起重機具操作及吊掛作業，應分別指派具法定資格之勞工擔任之。但於地面以按鍵方式操作之固定式起重機，或積載型卡車起重機，其起重及吊掛作業，得由起重機操作者一人兼任之。 ／ 前二項所稱吊掛作業，指用鋼索、吊鏈、鉤環等，使荷物懸掛於起重機具之吊鉤等吊具上，引導起重機具吊升荷物，並移動至預定位置後，再將荷物卸放、堆置等一連串相關作業。
OSH-42	OSH	起重升降機具安全規則	第63條		雇主對於使用起重機具從事吊掛作業之勞工，應使其辦理下列事項： ／ 一、確認起重機具之額定荷重，使所吊荷物之重量在額定荷重值以下。 ／ 二、檢視荷物之形狀、大小及材質等特性，以估算荷物重量，或查明其實際重量，並選用適當吊掛用具及採取正確吊掛方法。 ／ 三、估測荷物重心位置，以決定吊具懸掛荷物之適當位置。 ／ 四、起吊作業前，先行確認其使用之鋼索、吊鏈等吊掛用具之強度、規格、安全率等之符合性；並檢點吊掛用具，汰換不良品，將堪用品與廢棄品隔離放置，避免混用。 ／ 五、起吊作業時，以鋼索、吊鏈等穩妥固定荷物，懸掛於吊具後，再通知起重機具操作者開始進行起吊作業。 ／ 六、當荷物起吊離地後，不得以手碰觸荷物，並於荷物剛離地面時，引導起重機具暫停動作，以確認荷物之懸掛有無傾斜、鬆脫等異狀。 ／ 七、確認吊運路線，並警示、清空擅入吊運路線範圍內之無關人員。 ／ 八、與起重機具操作者確認指揮手勢，引導起重機具吊升荷物及水平運行。 ／ 九、確認荷物之放置場所，決定其排列、放置及堆疊方法。 ／ 十、引導荷物下降至地面。確認荷物之排列、放置安定後，將吊掛用具卸離荷物。 ／ 十一、 其他有關起重吊掛作業安全事項。
OSH-42	OSH	起重升降機具安全規則	第64條		雇主對於起重機具之作業，應規定一定之運轉指揮信號，並指派專人負責指揮。但起重機具操作者單獨作業時，不在此限。
OSH-42	OSH	起重升降機具安全規則	第65條		雇主對於起重機具之吊掛用鋼索，其安全係數應在六以上。 ／ 前項安全係數為鋼索之斷裂荷重值除以鋼索所受最大荷重值所得之值。
OSH-42	OSH	起重升降機具安全規則	第66條		雇主對於起重機具之吊鏈，其安全係數應依下列各款規定辦理： ／ 一、符合下列各目之一者：四以上。 ／ （一）以斷裂荷重之二分之一拉伸時，其伸長率為百分之零點五以下者。 ／ （二）抗拉強度值為每平方毫米四百牛頓以上，且其伸長率為下表所列抗拉強度值分別對應之值以上者。 ／ ┌────────────┬──────┐ ／ │抗拉強度                │伸長率      │ ／ │（單位：牛頓／平方毫米）│（單位：％）│ ／ ├────────────┼──────┤ ／ │四百以上六百三十未滿　　│二十        │ ／ ├────────────┼──────┤ ／ │六百三十以上一千未滿    │十七        │ ／ ├────────────┼──────┤ ／ │一千以上                │十五        │ ／ └────────────┴──────┘ ／ 二、前款以外者：五以上。 ／ 前項安全係數為吊鏈之斷裂荷重值除以該吊鏈所受最大荷重值所得之值。
OSH-42	OSH	起重升降機具安全規則	第67條		雇主對於起重機具之吊鉤，其安全係數應在四以上。馬鞍環之安全係數應在五以上。 ／ 前項安全係數為吊鉤或馬鞍環之斷裂荷重值除以吊鉤或馬鞍環個別所受最大荷重值所得之值。
OSH-42	OSH	起重升降機具安全規則	第68條		雇主不得以有下列各款情形之一之鋼索，供起重吊掛作業使用： ／ 一、鋼索一撚間有百分之十以上素線截斷者。 ／ 二、直徑減少達公稱直徑百分之七以上者。 ／ 三、有顯著變形或腐蝕者。 ／ 四、已扭結者。
OSH-42	OSH	起重升降機具安全規則	第69條		雇主不得以有下列各款情形之一之吊鏈，供起重吊掛作業使用： ／ 一、延伸長度超過製造時長度百分之五以上者。 ／ 二、斷面直徑減少超過製造時之百分之十者。 ／ 三、有龜裂者。
OSH-42	OSH	起重升降機具安全規則	第70條		雇主不得使用已變形或龜裂之吊鉤、馬鞍環、鉤環、鏈環等吊掛用具，供起重吊掛作業使用。
OSH-42	OSH	起重升降機具安全規則	第71條		雇主不得以有下列各款情形之一之纖維索或纖維帶，供起重吊掛作業使用： ／ 一、已斷一股子索者。 ／ 二、有顯著之損傷或腐蝕者。
OSH-42	OSH	起重升降機具安全規則	第72條		雇主對於吊鏈或未設環結之鋼索，其兩端非設有吊鉤、鉤環、鏈環、編結環首、壓縮環首或可保持同等以上強度之物件者，不得供起重吊掛作業使用。
OSH-42	OSH	起重升降機具安全規則	第73條		雇主對於使用鏈條吊升裝置、鏈條拉桿吊升裝置或以電磁、真空吸著方式之吊掛用具等，進行吊掛作業時，應確認在各該吊掛用具之荷重容許範圍內使用。 ／ 前項使用以電磁或真空吸著方式之吊掛用具，應適於其吊掛荷物之形狀及表面狀態等。 ／ 雇主對於使用吊鉗、吊夾從事吊掛作業時，應注意該吊鉗、吊夾，為橫吊用或直吊用等之用途限制，並應在該吊鉗、吊夾之荷重容許條件範圍內使用。 ／ 使用吊鉗、吊夾從事吊掛作業時，如吊舉物有傾斜或滑落之虞時，應搭配使用副索及安全夾具。
OSH-42	OSH	起重升降機具安全規則	第74條		雇主對於升降機之使用，不得超過積載荷重。
OSH-42	OSH	起重升降機具安全規則	第75條		（刪除）
OSH-42	OSH	起重升降機具安全規則	第76條		雇主對於營建用升降機之構造，應符合升降機安全檢查構造標準或國家標準CNS13627規定。
OSH-42	OSH	起重升降機具安全規則	第77條		雇主對於升降機之終點極限開關、緊急停止裝置及其他安全裝置，應維持其效能。 ／ 雇主應使勞工不得擅自使用鎖匙或其他工具等，自外面開啟升降機之出入門扉。但升降機維修人員實施搶救、維護、保養或檢查者，不在此限。 ／ 雇主應於前項鎖匙上，懸掛標示牌，以文字載明警語，告知開啟者有墜落之危險。
OSH-42	OSH	起重升降機具安全規則	第78條		雇主對於設計上專供載貨用之升降機，不得搭載人員。
OSH-42	OSH	起重升降機具安全規則	第79條		雇主應將升降機之操作方法及故障時之處置方法等，揭示於使用該升降機有關人員易見處。
OSH-42	OSH	起重升降機具安全規則	第80條		雇主對於設置於室外之升降機，瞬間風速有超過每秒三十公尺之虞時，應增設拉索以防止升降機倒塌。
OSH-42	OSH	起重升降機具安全規則	第81條		雇主於從事室外升降機之升降路塔或導軌支持塔之檢修、調整、組配或拆卸等時，應依下列規定辦理： ／ 一、選任作業監督人員，從事指揮作業方法、配置勞工、檢點材料、器具及監督勞工作業。 ／ 二、禁止無關人員進入作業區，並設置警告標示。 ／ 三、因強風、大雨、大雪等惡劣氣候，致作業有危險之虞時，應禁止工作。
OSH-42	OSH	起重升降機具安全規則	第82條		雇主對於設置室外之升降機，發生瞬間風速達每秒三十公尺以上或於四級以上地震後，應於再使用前，就該升降機之終點極限開關、緊急停止裝置、制動裝置、控制裝置及其他安全裝置、鋼索或吊鏈、導軌、導索結頭等部分，確認無異狀後，方得使用。
OSH-42	OSH	起重升降機具安全規則	第83條		雇主對於營建用提升機之使用，不得超過積載荷重。
OSH-42	OSH	起重升降機具安全規則	第84條		雇主於中型營建用提升機設置完成時，應實施荷重試驗，確認安全後，方得使用。 ／ 前項荷重試驗，指將相當於該提升機積載荷重一點二倍之荷重置於搬器上，實施升降動作之試驗。 ／ 第一項試驗紀錄應保存三年。
OSH-42	OSH	起重升降機具安全規則	第85條		雇主對於營建用提升機之構造，應符合國家標準CNS 13628 營建用提升機規定。
OSH-42	OSH	起重升降機具安全規則	第86條		雇主對於營建用提升機，應於捲揚用鋼索上加註標識或設警報裝置等，以預防鋼索過捲。
OSH-42	OSH	起重升降機具安全規則	第87條		雇主對於營建用提升機之使用，不得乘載人員。但實施檢修或調整等作業時，經採取足以防範人員墜落或物體飛落等措施者，不在此限。
OSH-42	OSH	起重升降機具安全規則	第88條		雇主對於營建用提升機之使用，應禁止勞工進入下列工作場所： ／ 一、因營建用提升機搬器之升降而可能危及勞工之場所。 ／ 二、捲揚用鋼索之內角側及鋼索通過之槽輪而可能危及勞工之場所。 ／ 三、因安裝部分破裂引起鋼索之震脫、槽輪或其他安裝部分之飛落，致可能危及勞工之場所。
OSH-42	OSH	起重升降機具安全規則	第89條		雇主對於實施營建用提升機之豎坑或基底部分打掃作業時，應於搬器下方橫置足以承受搬器重量之角材、原木等，並使用制動裝置確實防止搬器之落下。
OSH-42	OSH	起重升降機具安全規則	第90條		雇主對於營建用提升機，瞬間風速有超過每秒三十公尺之虞時，應增設拉索以預防其倒塌。
OSH-42	OSH	起重升降機具安全規則	第91條		雇主對於營建用提升機之檢修、調整、操作、組配或拆卸等，應依下列規定辦理： ／ 一、從事檢修、調整、組配、拆卸作業時，應選任作業監督人員，從事指揮作業方法、配置勞工、檢點材料、器具及監督勞工作業。 ／ 二、操作人員於運轉中，不得擅離操作位置。 ／ 三、禁止無關人員進入作業區，並設置警告標示。 ／ 四、因強風、大雨、大雪等惡劣氣候，致作業有危險之虞時，應禁止工作。
OSH-42	OSH	起重升降機具安全規則	第92條		雇主對於營建用提升機，遭受瞬間風速達每秒三十公尺以上或於四級以上地震後，應於再使用前就其制動裝置、離合器、鋼索通過部分狀況等，確認無異狀後，方得使用。
OSH-42	OSH	起重升降機具安全規則	第93條		雇主對於簡易提升機之使用，不得超過積載荷重。
OSH-42	OSH	起重升降機具安全規則	第94條		雇主於簡易提升機設置完成時，應實施荷重試驗，確認安全後，方得使用。 ／ 前項荷重試驗，係將相當於該提升機積載荷重一點二倍之荷重置於搬器上，實施升降動作之試驗。 ／ 第一項試驗紀錄應保存三年。
OSH-42	OSH	起重升降機具安全規則	第95條		雇主對於簡易提升機之過捲預防裝置及其他安全裝置，應維持其效能。
OSH-42	OSH	起重升降機具安全規則	第96條		雇主對於簡易提升機之使用，不得搭乘人員。但實施檢修或調整等作業時，經採取足以防範人員墜落或物體飛落等措施者，不在此限。
OSH-42	OSH	起重升降機具安全規則	第97條		雇主對於吊籠之使用，不得超過積載荷重。
OSH-42	OSH	起重升降機具安全規則	第98條		雇主對於吊籠之構造，應符合吊籠安全檢查構造標準。
OSH-42	OSH	起重升降機具安全規則	第99條		雇主對於可搬式吊籠懸吊於建築物或構造物等時，應考量吊籠自重、積載荷重及風力等受力情形，妥為固定於具有足夠支撐強度之處。 ／ 前項固定處之支撐強度，雇主應事前確認該建築物或構造物相關結構圖面資料。無圖面資料可查者，得以其他同等方式確認之。
OSH-42	OSH	起重升降機具安全規則	第100條		雇主於吊籠之工作台上，不得設置或放置腳墊、梯子等供勞工使用。
OSH-42	OSH	起重升降機具安全規則	第101條		雇主於吊籠運轉中，應禁止操作人員擅離操作位置。
OSH-42	OSH	起重升降機具安全規則	第102條		雇主對勞工於吊籠工作台上作業時，應使勞工佩戴安全帽及符合國家標準CNS 14253-1同等以上規定之全身背負式安全帶。
OSH-42	OSH	起重升降機具安全規則	第103條		雇主於吊籠使用時，應禁止無關人員進入作業場所下方之危險區域，並設置警告標示。
OSH-42	OSH	起重升降機具安全規則	第104條		雇主對吊籠於強風、大雨、大雪等惡劣氣候，勞工作業有發生危險之虞時，應禁止工作。
OSH-42	OSH	起重升降機具安全規則	第105條		雇主使用吊籠作業時，於夜間或光線不良之場所，應提供安全作業所必要之照度。
OSH-42	OSH	起重升降機具安全規則	第106條		下列起重升降機具之管理權責分工，應由目的事業主管機關依其主管法規或權責辦理： ／ 一、敷設於建築物之升降機，依建築法規定由建築主管機關檢查及管理。 ／ 二、設於客貨船舶，並固定於船上之貨物裝卸機具等之起重升降機具，依船舶法規定由航政主管機關檢查及管理。 ／ 三、前二款以外，涉及國防軍事作戰範圍之起重升降機具，由國防主管機關檢查及管理。
OSH-42	OSH	起重升降機具安全規則	第106條之1		自營作業者，準用本規則有關雇主義務之規定。 ／ 受工作場所負責人指揮或監督從事勞動之人員，於事業單位工作場所從事勞動，比照該事業單位之勞工，適用本規則之規定。
OSH-42	OSH	起重升降機具安全規則	第107條		本規則自發布日施行。 ／ 本規則中華民國一百零三年六月二十五日修正條文，自一百零三年七月三日施行。
OSH-43	OSH	危害性化學品評估及分級管理辦法	第1條		本辦法依職業安全衛生法第十一條第二項規定訂定之。
OSH-43	OSH	危害性化學品評估及分級管理辦法	第2條		本辦法用詞，定義如下： ／ 一、暴露評估：指以定性、半定量或定量之方法，評量或估算勞工暴露於化學品之健康危害情形。 ／ 二、分級管理：指依化學品健康危害及暴露評估結果評定風險等級，並分級採取對應之控制或管理措施。
OSH-43	OSH	危害性化學品評估及分級管理辦法	第3條		本辦法所定化學品，優先適用特定化學物質危害預防標準、有機溶劑中毒預防規則、四烷基鉛中毒預防規則、鉛中毒預防規則及粉塵危害預防標準之相關設置危害控制設備或採行措施之規定。但依前開法規所定方法，仍未能降低暴露風險者，雇主應依本辦法設置危害控制設備或採取更有效之危害控制或管理措施。
OSH-43	OSH	危害性化學品評估及分級管理辦法	第4條		雇主使勞工製造、處置或使用之化學品，符合國家標準CNS15030化學品分類，具有健康危害者，應評估其危害及暴露程度，劃分風險等級，並採取對應之分級管理措施。
OSH-43	OSH	危害性化學品評估及分級管理辦法	第5條		下列情形不適用本辦法： ／ 一、製造、處置或使用下列物品者： ／ （一）有害事業廢棄物。 ／ （二）菸草或菸草製品。 ／ （三）食品、飲料、藥物、化粧品。 ／ （四）製成品。 ／ （五）非工業用途之一般民生消費商品。 ／ （六）滅火器。 ／ （七）在反應槽或製程中正進行化學反應之中間產物。 ／ 二、化學品僅作為貯存用途且勞工不致有暴露危害之虞者。 ／ 三、其他經中央主管機關指定者。
OSH-43	OSH	危害性化學品評估及分級管理辦法	第6條		第四條之評估及分級管理，雇主應至少每三年執行一次，因化學品之種類、操作程序或製程條件變更，而有增加暴露風險之虞者，應於變更前或變更後三個月內，重新進行評估與分級。
OSH-43	OSH	危害性化學品評估及分級管理辦法	第7條		雇主辦理前條之評估及分級管理，應參照中央主管機關公告之技術指引，或採取其他具同等科學基礎之評估及管理方法辦理。
OSH-43	OSH	危害性化學品評估及分級管理辦法	第8條		中央主管機關對於第四條之化學品，定有容許暴露標準，而事業單位從事特別危害健康作業之勞工人數在一百人以上，或總勞工人數五百人以上者，雇主應依有科學根據之之採樣分析方法或運用定量推估模式，實施暴露評估。 ／ 雇主應就前項暴露評估結果，依下列規定，定期實施評估： ／ 一、暴露濃度低於容許暴露標準二分之一之者，至少每三年評估一次。 ／ 二、暴露濃度低於容許暴露標準但高於或等於其二分之一者，至少每年評估一次。 ／ 三、暴露濃度高於或等於容許暴露標準者，至少每三個月評估一次。 ／ 游離輻射作業不適用前二項規定。 ／ 化學品之種類、操作程序或製程條件變更，有增加暴露風險之虞者，應於變更前或變更後三個月內，重新實施暴露評估。
OSH-43	OSH	危害性化學品評估及分級管理辦法	第9條		雇主應依勞工作業環境監測實施辦法所定之監測及期程，實施前條化學品之暴露評估，必要時並得輔以其他半定量、定量之評估模式或工具實施之。
OSH-43	OSH	危害性化學品評估及分級管理辦法	第10條		雇主對於前二條化學品之暴露評估結果，應依下列風險等級，分別採取控制或管理措施： ／ 一、第一級管理：暴露濃度低於容許暴露標準二分之一者，除應持續維持原有之控制或管理措施外，製程或作業內容變更時，並採行適當之變更管理措施。 ／ 二、第二級管理：暴露濃度低於容許暴露標準但高於或等於其二分之一者，應就製程設備、作業程序或作業方法實施檢點，採取必要之改善措施。 ／ 三、第三級管理：暴露濃度高於或等於容許暴露標準者，應即採取有效控制措施，並於完成改善後重新評估，確保暴露濃度低於容許暴露標準。
OSH-43	OSH	危害性化學品評估及分級管理辦法	第11條		雇主依本辦法採取之評估方法及分級管理措施，應作成紀錄留存備查，至少保存三年。
OSH-43	OSH	危害性化學品評估及分級管理辦法	第12條		本辦法自中華民國一百零四年一月一日施行。
OSH-44	OSH	鍋爐及壓力容器安全規則	第1條		本規則依職業安全衛生法第六條第三項規定訂定之。
OSH-44	OSH	鍋爐及壓力容器安全規則	第2條		本規則所稱鍋爐，分為下列二種： ／ 一、蒸汽鍋爐：指以火焰、燃燒氣體、其他高溫氣體或以電熱加熱於水或熱媒，使發生超過大氣壓之壓力蒸汽，供給他用之裝置及其附屬過熱器與節煤器。 ／ 二、熱水鍋爐：指以火焰、燃燒氣體、其他高溫氣體或以電熱加熱於有壓力之水或熱媒，供給他用之裝置。
OSH-44	OSH	鍋爐及壓力容器安全規則	第3條		本規則所稱小型鍋爐，指鍋爐合於下列規定之一者： ／ 一、最高使用壓力（表壓力，以下同）在每平方公分一公斤以下或零點一百萬帕斯卡（MPa）以下，且傳熱面積在一平方公尺以下之蒸汽鍋爐。 ／ 二、最高使用壓力在每平方公分一公斤以下或零點一百萬帕斯卡（MPa）以下，且胴體內徑在三百毫米以下，長度在六百毫米以下之蒸汽鍋爐。 ／ 三、傳熱面積在三點五平方公尺以下，且裝有內徑二十五毫米以上開放於大氣中之蒸汽管之蒸汽鍋爐。 ／ 四、傳熱面積在三點五平方公尺以下，且在蒸汽部裝有內徑二十五毫米以上之U字形豎立管，其水頭壓力在五公尺以下之蒸汽鍋爐。 ／ 五、水頭壓力在十公尺以下，且傳熱面積在八平方公尺以下之熱水鍋爐。 ／ 六、最高使用壓力在每平方公分十公斤以下或一百萬帕斯卡（MPa） 以下，（不包括具有內徑超過一百五十毫米之圓筒形集管器，或剖面積超過一百七十七平方公分之方形集管器之多管式貫流鍋爐），且傳熱面積在十平方公尺以下之貫流鍋爐（具有汽水分離器者，限其汽水分離器之內徑在三百毫米以下，且其內容積在零點零七立方公尺以下）。
OSH-44	OSH	鍋爐及壓力容器安全規則	第4條		本規則所稱壓力容器，分為下列二種： ／ 一、第一種壓力容器，指合於下列規定之一者： ／ （一）接受外來之蒸汽或其他熱媒或使在容器內產生蒸氣加熱固體或液體之容器，且容器內之壓力超過大氣壓。 ／ （二）因容器內之化學反應、核子反應或其他反應而產生蒸氣之容器，且容器內之壓力超過大氣壓。 ／ （三）為分離容器內之液體成分而加熱該液體，使產生蒸氣之容器，且容器內之壓力超過大氣壓。 ／ （四）除前三目外，保存溫度超過其在大氣壓下沸點之液體之容器。 ／ 二、第二種壓力容器，指內存氣體之壓力在每平方公分二公斤以上或零點二百萬帕斯卡（MPa） 以上之容器而合於下列規定之一者： ／ （一）內容積在零點零四立方公尺以上之容器。 ／ （二）胴體內徑在二百毫米以上，長度在一千毫米以上之容器。 ／ 前項壓力容器如屬高壓氣體特定設備、高壓氣體容器或高壓氣體設備，應依高壓氣體安全相關法規辦理。
OSH-44	OSH	鍋爐及壓力容器安全規則	第5條		本規則所稱小型壓力容器，指第一種壓力容器合於下列規定之一者： ／ 一、最高使用壓力在每平方公分一公斤以下或零點一百萬帕斯卡（MPa）以下，且內容積在零點二立方公尺以下。 ／ 二、最高使用壓力在每平方公分一公斤以下或零點一百萬帕斯卡（MPa）以下，且胴體內徑在五百毫米以下，長度在一千毫米以下。 ／ 三、以「每平方公分之公斤數」單位所表示之最高使用壓力數值與以「立方公尺」單位所表示之內容積數值之乘積在零點二以下，或以「百萬帕斯卡（MPa）」 單位所表示之最高使用壓力數值與以「立方公尺」單位所表示之內容積數值之乘積在零點零二以下。
OSH-44	OSH	鍋爐及壓力容器安全規則	第6條		本規則所稱最高使用壓力，指蒸汽鍋爐、熱水鍋爐、第一種壓力容器、第二種壓力容器在指定溫度下，其構造上最高容許使用之壓力或水頭壓力。
OSH-44	OSH	鍋爐及壓力容器安全規則	第7條		本規則所稱傳熱面積，指按照鍋爐型式，依國家標準二一三九陸用鋼製鍋爐規定方法計算，且依下列規定分別測計之面積。但不包括過熱器及節煤器之傳熱面積： ／ 一、貫流鍋爐：以燃燒室入口至過熱器入口之水管，與火焰、燃燒氣體或其他高溫氣體（以下簡稱燃燒氣體等）接觸面之面積。 ／ 二、電熱鍋爐：以電力設備容量二十瓩相當一平方公尺，按最大輸入電力設備容量換算之面積。 ／ 三、貫流鍋爐以外之水管鍋爐，就水管及集管器部分按下列規定測計面積之總和： ／ （一）胴體、水管或集管器，其一部或全部接觸燃燒氣體等，另一接觸水、汽水混合物或熱媒之面，為其接觸燃燒氣體等面之面積。 ／ （二）以縱向裝設鰭片之水管，其鰭片兩面均接觸燃燒氣體等者，依其熱傳遞種類，以鰭片之單面面積乘以下表相對應之係數所得之面積與水管外周面積相加之面積。 ／ ┌───────────────────────┬───┐ ／ │熱傳遞種類                                    │係數  │ ／ ├───────────────────────┼───┤ ／ │兩面受輻射熱時                                │一．○│ ／ ├───────────────────────┼───┤ ／ │一面受輻射熱，另一面接燃燒氣體等時            │○．七│ ／ ├───────────────────────┼───┤ ／ │兩面均接觸燃燒氣體等時                        │○．四│ ／ └───────────────────────┴───┘ ／ （三）以縱向裝設鰭片之水管，其單面接觸燃燒氣體等者，依其熱傳遞種類，以鰭片之單面面積乘以下表相對應之係數所得之面積與水管外周接觸燃燒氣體等部分之面積相加之面積。 ／ ┌───────────────────────┬───┐ ／ │熱傳遞種類                                    │係數  │ ／ ├───────────────────────┼───┤ ／ │受輻射熱時                                    │○．五│ ／ ├───────────────────────┼───┤ ／ │接觸燃燒氣體等時                              │○．二│ ／ └───────────────────────┴───┘ ／ （四）以圓周方向或螺旋狀裝設鰭片之水管，以鰭片之單面面積（螺旋狀鰭片者，以鰭片之捲數視同圓周方向之鰭片片數計算所得之面積）之百分之二十與水管外周面積相加之面積。 ／ （五）以耐火材（含耐火磚）包覆之水管者，為管外側對壁面之投影面積。 ／ （六）以耐火材包覆之植釘管而單面接觸燃燒氣體等，為管之半周面積；包覆物全周接觸燃燒氣體等者，為管之外周面積。 ／ （七）接觸燃燒氣體等之植釘管者，為植釘管外側面面積總和之百分之十五與水管外周面積相加之面積。 ／ （八）貝禮式水冷壁者，為接觸燃燒氣體等面之展開面積。 ／ 四、水管鍋爐及電熱鍋爐以外之鍋爐：鍋爐本體中一面接觸燃燒氣體等，另一面接觸水、汽水混合物或熱媒之部分之面，為其接觸燃燒氣體等之面所測得之面積。
OSH-44	OSH	鍋爐及壓力容器安全規則	第8條		雇主應將鍋爐安裝於專用建築物內或安裝於建築物內以障壁分隔之場所（以下稱為鍋爐房）。但移動式鍋爐、屋外式鍋爐或傳熱面積在三平方公尺以下之鍋爐，不在此限。
OSH-44	OSH	鍋爐及壓力容器安全規則	第9條		雇主對鍋爐之基礎及構架，應使鍋爐安裝維持穩固與防止發生基礎沉陷及構架扭曲，並妥為安全設計及維護。
OSH-44	OSH	鍋爐及壓力容器安全規則	第10條		雇主應於鍋爐房設置二個以上之出入口。但無礙鍋爐操作人員緊急避難者，不在此限。
OSH-44	OSH	鍋爐及壓力容器安全規則	第11條		雇主對於鍋爐最頂端至鍋爐房頂部之天花板、樑、配管或其他鍋爐上方構造物之間，應維持一點二公尺以上之淨距。但對於安全閥及其他附屬品之檢查、調整或操作等無礙者，不在此限。 ／ 雇主對於豎型鍋爐或本體外側未加被覆物之鍋爐，由鍋爐外壁至牆壁、配管或其他鍋爐側方構造物等之間，應維持四十五公分以上之淨距。但胴體內徑在五百毫米以下，且長度在一千毫米以下之鍋爐，其淨距得維持三十公分以上。
OSH-44	OSH	鍋爐及壓力容器安全規則	第12條		雇主對於鍋爐及其附設之金屬製煙囪或煙道，如未裝設厚度十公分以上之非金屬不燃性材料被覆者，其外側十五公分內，不得堆置可燃性物料。但可燃性物料以非金屬不燃性材料被覆者，不在此限。
OSH-44	OSH	鍋爐及壓力容器安全規則	第13條		雇主於鍋爐房或鍋爐設置場所儲存燃料時，固體燃料應距離鍋爐外側一點二公尺以上，液體燃料或氣體燃料應距離鍋爐外側二公尺以上。但鍋爐與燃料或燃料容器之間，設有適當防火障壁或其他同等防火效能者，其距離得縮減之。
OSH-44	OSH	鍋爐及壓力容器安全規則	第14條		雇主對於鍋爐之操作管理，應僱用專任操作人員，於鍋爐運轉中不得使其從事與鍋爐操作無關之工作。 ／ 前項操作人員，應經相當等級以上之鍋爐操作人員訓練合格或鍋爐操作技能檢定合格。
OSH-44	OSH	鍋爐及壓力容器安全規則	第15條		雇主對於同一鍋爐房內或同一鍋爐設置場所中，設有二座以上鍋爐者，應依下列規定指派鍋爐作業主管，負責指揮、監督鍋爐之操作、管理及異常處置等有關工作： ／ 一、各鍋爐之傳熱面積合計在五百平方公尺以上者，應指派具有甲級鍋爐操作人員資格者擔任鍋爐作業主管。但各鍋爐均屬貫流式者，得由具有乙級以上鍋爐操作人員資格者為之。 ／ 二、各鍋爐之傳熱面積合計在五十平方公尺以上未滿五百平方公尺者，應指派具有乙級以上鍋爐操作人員資格者擔任鍋爐作業主管。但各鍋爐均屬貫流式者，得由具有丙級以上鍋爐操作人員資格為之。 ／ 三、各鍋爐之傳熱面積合計未滿五十平方公尺者，應指派具有丙級以上鍋爐操作人員資格者擔任鍋爐作業主管。 ／ 前項鍋爐之傳熱面積合計方式，得依下列規定減列計算傳熱面積： ／ 一、貫流鍋爐：為其傳熱面積乘十分之一所得之值。 ／ 二、對於以火焰以外之高溫氣體為熱源之廢熱鍋爐：為其傳熱面積乘二分之一所得之值。 ／ 三、具有自動控制裝置，其機能應具備於壓力、溫度、水位或燃燒狀態等發生異常時，確能使該鍋爐安全停止，或具有其他同等安全機能設計之鍋爐：為其傳熱面積乘五分之一所得之值。
OSH-44	OSH	鍋爐及壓力容器安全規則	第16條		雇主應使鍋爐操作人員實施下列事項： ／ 一、監視壓力、水位、燃燒狀態等運轉動態。 ／ 二、避免發生急劇負荷變動之現象。 ／ 三、防止壓力上升超過最高使用壓力。 ／ 四、保持壓力表、安全閥及其他安全裝置之機能正常。 ／ 五、每日檢點水位測定裝置之機能一次以上。 ／ 六、確保鍋爐水質，適時化驗鍋爐用水，並適當實施沖放鍋爐水，防止鍋爐水之濃縮。 ／ 七、保持給水裝置機能正常。 ／ 八、檢點及適當調整低水位燃燒遮斷裝置、火焰檢出裝置及其他自動控制裝置，以保持機能正常。 ／ 九、發現鍋爐有異狀時，應即採取必要措施。 ／ 置有鍋爐作業主管者，雇主應使其指揮、監督操作人員實施前項規定。 ／ 第一項業務執行紀錄及簽認表單，應保存三年備查。
OSH-44	OSH	鍋爐及壓力容器安全規則	第17條		雇主對於鍋爐之安全閥及其他附屬品，應依下列規定管理： ／ 一、安全閥應調整於最高使用壓力以下吹洩。但設有二具以上安全閥者，其中至少一具應調整於最高使用壓力以下吹洩，其他安全閥可調整於超過最高使用壓力至最高使用壓力之一點零三倍以下吹洩；具有釋壓裝置之貫流鍋爐，其安全閥得調整於最高使用壓力之一點一六倍以下吹洩。經檢查後，應予固定設定壓力，不得變動。 ／ 二、過熱器使用之安全閥，應調整在鍋爐本體上之安全閥吹洩前吹洩。 ／ 三、釋放管有凍結之虞者，應有保溫設施。 ／ 四、壓力表或水高計應避免在使用中發生有礙機能之振動，且應採取防止其內部凍結或溫度超過攝氏八十度之措施。 ／ 五、壓力表或水高計之刻度板上，應明顯標示最高使用壓力之位置。 ／ 六、在玻璃水位計上或與其接近之位置，應適當標示蒸汽鍋爐之常用水位。 ／ 七、有接觸燃燒氣體之給水管、沖放管及水位測定裝置之連絡管等，應用耐熱材料防護。 ／ 八、熱水鍋爐之回水管有凍結之虞者，應有保溫設施。
OSH-44	OSH	鍋爐及壓力容器安全規則	第18條		雇主對於鍋爐房或鍋爐設置場所，應禁止無關人員擅自進入，並應依下列規定為安全管理： ／ 一、在作業場所入口明顯處設置禁止進入之標示。 ／ 二、非有必要且無安全之虞時，禁止攜入與作業無關之危險物及易燃物品。 ／ 三、置備水位計之玻璃管或玻璃板、各種填料、修繕用工具及其他必備品，以備緊急修繕用。 ／ 四、應將鍋爐檢查合格證及鍋爐操作人員資格證件影本揭示於明顯處所；如屬移動式鍋爐，應將檢查合格證影本交鍋爐操作人員隨身攜帶。 ／ 五、鍋爐之燃燒室、煙道等之砌磚發生裂縫時，或鍋爐與鄰接爐磚之間發生隙縫時，應儘速予以適當修補。
OSH-44	OSH	鍋爐及壓力容器安全規則	第19條		雇主於鍋爐點火前，應使鍋爐操作人員確認節氣閘門確實開放，非經燃燒室及煙道內充分換氣後，不得點火。
OSH-44	OSH	鍋爐及壓力容器安全規則	第20條		雇主應改善鍋爐之燃燒方法，避免鍋爐燃燒產生廢氣滯留室內，並應於鍋爐房設置必要之通風設備或採其他排除廢氣措施。但無廢氣滯留之虞者，不在此限。
OSH-44	OSH	鍋爐及壓力容器安全規則	第21條		雇主於鍋爐操作人員沖放鍋爐水時，不得使其從事其他作業，並不得使單獨一人同時從事二座以上鍋爐之沖放工作。
OSH-44	OSH	鍋爐及壓力容器安全規則	第22條		雇主對於鍋爐用水，應合於國家標準一○二三一鍋爐給水與鍋爐水水質標準之規定，並應適時清洗胴體內部，以防止累積水垢。
OSH-44	OSH	鍋爐及壓力容器安全規則	第23條		雇主對於勞工進入鍋爐或其燃燒室、煙道之內部，從事清掃、修繕、保養等作業時，應依下列規定辦理： ／ 一、將鍋爐、燃燒室或煙道適當冷卻。 ／ 二、實施鍋爐、燃燒室或煙道內部之通風換氣。 ／ 三、鍋爐、燃燒室或煙道內部使用之移動電線，應為可撓性雙重絕緣電纜或具同等以上絕緣效力及強度者；移動電燈應裝設適當護罩。 ／ 四、與其他使用中之鍋爐或壓力容器有管連通者，應確實隔斷或阻斷。 ／ 五、置監視人員隨時保持連絡，如有災害發生之虞時，立即採取危害防止、通報、緊急應變及搶救等必要措施。
OSH-44	OSH	鍋爐及壓力容器安全規則	第24條		雇主對於小型鍋爐之構造，應合於國家標準一○八九七小型鍋爐之規定。
OSH-44	OSH	鍋爐及壓力容器安全規則	第25條		雇主對於小型鍋爐之安全閥，應調整於每平方公分一公斤以下或零點一百萬帕斯卡（MPa）以下之壓力吹洩。但小型貫流鍋爐應調整於最高使用壓力以下吹洩。
OSH-44	OSH	鍋爐及壓力容器安全規則	第26條		雇主對於第一種壓力容器之操作管理，應僱用專任操作人員，於該容器運轉中，不得使其從事與第一種壓力容器操作無關之工作。 ／ 前項操作人員，應經第一種壓力容器操作人員訓練合格或壓力容器操作技能檢定合格。
OSH-44	OSH	鍋爐及壓力容器安全規則	第27條		雇主對於同一作業場所中，設有二座以上第一種壓力容器者，應指派具有第一種壓力容器操作人員資格及相當專業知識經驗者，擔任第一種壓力容器作業主管，負責指揮、監督第一種壓力容器之操作、管理及異常處置等有關工作。 ／ 前項業務執行紀錄及簽認表單，應保存三年備查。
OSH-44	OSH	鍋爐及壓力容器安全規則	第28條		雇主應使第一種壓力容器操作人員實施下列事項： ／ 一、監視溫度、壓力等運轉動態。 ／ 二、避免發生急劇負荷變動之現象。 ／ 三、防止壓力上升超過最高使用壓力。 ／ 四、保持壓力表、安全閥及其他安全裝置之機能正常。 ／ 五、檢點及調整自動控制裝置，以保持機能正常。 ／ 六、保持冷卻裝置之機能正常。 ／ 七、發現第一種壓力容器及配管有異狀時，應即採取必要措施。
OSH-44	OSH	鍋爐及壓力容器安全規則	第29條		雇主對於第一種壓力容器於初次使用、變更操作方法或變更內容物種類時，應事前將相關作業方法及操作必要注意事項告知操作勞工，使其遵循，並由第一種壓力容器作業主管或指派專人指揮、監督該作業。
OSH-44	OSH	鍋爐及壓力容器安全規則	第30條		雇主對於壓力容器之安全閥及其他附屬品，應依下列規定管理： ／ 一、安全閥應調整於最高使用壓力以下吹洩。但設有二具以上安全閥者，其中至少一具應調整於最高使用壓力以下吹洩，其他安全閥可調整於超過最高使用壓力至最高使用壓力之一點零三倍以下吹洩。經檢查後，應予固定設定壓力，不得變動。 ／ 二、壓力表應避免在使用中發生有礙機能之振動，且應採取防止其內部凍結或溫度超過攝氏八十度之措施。 ／ 三、壓力表之刻度板上，應明顯標示最高使用壓力之位置。
OSH-44	OSH	鍋爐及壓力容器安全規則	第31條		雇主對於勞工進入壓力容器內部，從事壓力容器之清掃、修繕、保養等作業時，應依下列規定辦理： ／ 一、將壓力容器適當冷卻。 ／ 二、實施壓力容器內部之通風換氣。 ／ 三、壓力容器內部使用之移動電線，應為可撓性雙重絕緣電纜或具同等以上絕緣效力及強度者；移動電燈應裝設適當護罩。 ／ 四、與其他使用中之鍋爐或壓力容器有管連通者，應確實隔斷或阻斷。 ／ 五、置監視人員隨時保持連絡，如有災害發生之虞時，立即採取危害防止、通報、緊急應變及搶救等必要措施。
OSH-44	OSH	鍋爐及壓力容器安全規則	第32條		雇主對於小型壓力容器之構造，應合於國家標準一四九六七小型壓力容器之規定。
OSH-44	OSH	鍋爐及壓力容器安全規則	第33條		雇主對於第五條第一款、第二款之小型壓力容器之安全閥，應調整於每平方公分一公斤以下或零點一百萬帕斯卡（MPa）以下之壓力吹洩；第五條第三款之小型壓力容器之安全閥，應調整於最高使用壓力以下吹洩。
OSH-44	OSH	鍋爐及壓力容器安全規則	第34條		雇主對於鍋爐或壓力容器發生破裂、爆炸等事故，致其構造損傷、爐筒壓潰、胴體膨出等時，應迅即向檢查機構報告。 ／ 檢查機構接獲前項報告後，應即派員調查，並將調查結果報請中央主管機關備查。
OSH-44	OSH	鍋爐及壓力容器安全規則	第35條		鍋爐或壓力容器裝設於航空器、船舶、鐵公路交通工具者，應由交通主管機關依其相關規定管理。使用於核能設施之核子反應器壓力槽、壓水式反應槽之蒸汽發生器及調壓器者，由中央核能主管機關管理。國防軍事用途之鍋爐或壓力容器，由國防主管機關管理。
OSH-44	OSH	鍋爐及壓力容器安全規則	第35條之1		有關鍋爐通風設備之排煙裝置、排煙風管、逆風檔及鍋爐房之防火區劃等，應依建築管理法規及消防法規之相關規定辦理。
OSH-44	OSH	鍋爐及壓力容器安全規則	第36條		下列鍋爐或壓力容器不適用本規則： ／ 一、最高使用壓力在每平方公分一公斤以下或零點一百萬帕斯卡（MPa）以下，且傳熱面積在零點五平方公尺以下之蒸汽鍋爐。 ／ 二、最高使用壓力在每平方公分一公斤以下或零點一百萬帕斯卡（MPa）以下，且胴體內徑在二百毫米以下，長度在四百毫米以下之蒸汽鍋爐。 ／ 三、最高使用壓力在每平方公分三公斤以下或零點三百萬帕斯卡（MPa）以下，且內容積在零點零零零三立方公尺以下之蒸汽鍋爐。 ／ 四、傳熱面積在二平方公尺以下，且裝有內徑二十五毫米以上開放於大氣中之蒸汽管之蒸汽鍋爐。 ／ 五、傳熱面積在二平方公尺以下，且在蒸汽部裝有內徑二十五毫米以上之U 字形豎立管，其水頭壓力在五公尺以下之蒸汽鍋爐。 ／ 六、水頭壓力在十公尺以下，且傳熱面積在四平方公尺以下之熱水鍋爐。 ／ 七、最高使用壓力在每平方公分十公斤以下或一百萬帕斯卡（MPa） 以下（不包括具有內徑超過一百五十毫米之圓筒形集管器，或剖面積超過一百七十七平方公分之方形集管器之多管式貫流鍋爐），且傳熱面積在五平方公尺以下之貫流鍋爐（具有汽水分離器者，限其汽水分離器之內徑在二百毫米以下，且其內容積在零點零二立方公尺以下）。 ／ 八、內容積在零點零零四立方公尺以下，且未具集管器及汽水分離器之貫流鍋爐，其以「每平方公分之公斤數」單位所表示之最高使用壓力數值與以「立方公尺」單位所表示之內容積數值之乘積在零點二以下，或以「百萬帕斯卡（MPa）」單位所表示之最高使用壓力數值與以「立方公尺」單位所表示之內容積數值之乘積在零點零二以下者。 ／ 九、最高使用壓力在每平方公分一公斤以下或零點一百萬帕斯卡（MPa）以下，且內容積在零點零四立方公尺以下之第一種壓力容器。 ／ 十、最高使用壓力在每平方公分一公斤以下或零點一百萬帕斯卡（MPa）以下，且胴體內徑在二百毫米以下，長度在一千毫米以下之第一種壓力容器。 ／ 十一、以「每平方公分之公斤數」單位所表示之最高使用壓力數值與以「立方公尺」單位所表示之內容積數值之乘積在零點零四以下，或以「百萬帕斯卡（MPa）」單位所表示之最高使用壓力數值與以「立方公尺」單位所表示之內容積數值之乘積在零點零零四以下之第一種壓力容器。
OSH-44	OSH	鍋爐及壓力容器安全規則	第36條之1		自營作業者，準用本規則有關雇主義務之規定。 ／ 受工作場所負責人指揮或監督從事勞動之人員，於事業單位工作場所從事勞動，比照該事業單位之勞工，適用本規則之規定。
OSH-44	OSH	鍋爐及壓力容器安全規則	第37條		本規則自發布日施行。 ／ 本規則中華民國一百零三年七月一日修正條文，自一百零三年七月三日施行。
OSH-45	OSH	粉塵危害預防標準	第1條		本標準依職業安全衛生法第六條第三項規定訂定之。
OSH-45	OSH	粉塵危害預防標準	第2條	Y	本標準適用於附表一甲欄所列粉塵作業之有關事業。
OSH-45	OSH	粉塵危害預防標準	第3條	Y	本標準用詞，定義如下： ／ 一、粉塵作業：指附表一甲欄所列之作業。 ／ 二、特定粉塵發生源：指附表一乙欄所列作業之處所。 ／ 三、特定粉塵作業：指粉塵作業中，其粉塵發生源為特定粉塵發生源者。 ／ 四、礦物等：指下列之一之物質。 ／ （一）存在於地殼中之土石、岩石或礦物。 ／ （二）化學及物理性質與前款相同且均一之人工固體物質者。 ／ 五、密閉設備：指密閉粉塵之發生源，使其不致散布之設備。 ／ 六、局部排氣裝置：指藉動力強制吸引並排出已發散粉塵之設備。 ／ 七、整體換氣裝置：指藉動力稀釋已發散之粉塵之設備。 ／ 八、臨時性作業：指正常作業以外之作業，其作業期間不超過三個月且一年內不再重覆者。 ／ 九、作業時間短暫：指同一特定粉塵發生源之特定粉塵作業，其每日作業不超過一小時者。 ／ 十、作業期間短暫：指同一特定粉塵發生源之特定粉塵作業，其作業期間不超過一個月，且確知自該作業終了日起六個月以內，不再實施該作業者。
OSH-45	OSH	粉塵危害預防標準	第4條		（刪除）
OSH-45	OSH	粉塵危害預防標準	第5條		下列各款粉塵作業之設備如以連續注水或注油操作時，該作業得免適用第六條至第二十四條之規定。 ／ 一、粉塵作業（三）所列作業中，從事礦物等之篩選作業。 ／ 二、粉塵作業（六）所列之作業。 ／ 三、粉塵作業（七）所列作業中，以研磨材料吹噴研磨或用研磨材以動力研磨岩石、礦物或從事金屬或削除毛邊或切斷金屬之作業場所之作業。 ／ 四、粉塵作業（八）所列作業中，以動力從事篩選土石、岩石、礦物或碳原料之作業。 ／ 五、粉塵作業（八）所列作業中，在室外以動力從事搗碎或粉碎土石、岩石、礦物或碳原料之作業。 ／ 六、粉塵作業（十五）所列之砂再生作業。
OSH-45	OSH	粉塵危害預防標準	第6條	Y	雇主為防止特定粉塵發生源之粉塵之發散，應依附表一乙欄所列之每一特定粉塵發生源，分別設置對應同表該欄所列設備之任何之一種或具同等以上性能之設備。
OSH-45	OSH	粉塵危害預防標準	第7條	Y	雇主依前條規定設置之局部排氣裝置（在特定粉塵發生源設置有磨床、鼓式砂磨機等除外），應就附表二所列之特定粉塵發生源，設置同表所列型式以外之氣罩。
OSH-45	OSH	粉塵危害預防標準	第8條		（刪除）
OSH-45	OSH	粉塵危害預防標準	第9條		雇主就第六條或第二十三條但書設置局部排氣裝置之特定粉塵發生源，設置有磨床、鼓式砂磨機等回轉機械時，應依下列之一設置氣罩： ／ 一、可將回轉體機械裝置等全部包圍之方式。 ／ 二、設置之氣罩可在氣罩開口面覆蓋粉塵之擴散方向。 ／ 三、僅將回轉體部分包圍之方式。
OSH-45	OSH	粉塵危害預防標準	第10條		雇主對從事特定粉塵作業以外之粉塵作業之室內作業場所，為防止粉塵之發散，應設置整體換氣裝置或具同等以上性能之設備。但臨時性作業、作業時間短暫或作業期間短暫，且供給勞工使用適當之呼吸防護具時，不在此限。
OSH-45	OSH	粉塵危害預防標準	第11條		雇主對於從事特定粉塵作業以外之粉塵作業之坑內作業場所（平水坑除外），為防止粉塵之擴散，應設置換氣裝置或同等以上性能之設備。但臨時性作業、作業時間短暫或作業期間短暫，且供給勞工使用適當之呼吸防護具時，不在此限。 ／ 前項換氣裝置應具動力輸入外氣置換坑內空氣之設備。
OSH-45	OSH	粉塵危害預防標準	第11條之1		雇主設置之密閉設備、局部排氣裝置或整體換氣裝置，應由專業人員妥為設計，並維持其性能。
OSH-45	OSH	粉塵危害預防標準	第12條		適於下列各款之一者，雇主已供給從事特定粉塵作業之勞工使用適當之呼吸防護具時，不適用第六條之規定。 ／ 一、從事臨時性作業時。 ／ 二、從事同一特定粉塵發生源之作業時間短暫或作業期間短暫時。
OSH-45	OSH	粉塵危害預防標準	第13條		適於下列各款之一之特定粉塵作業，雇主除於室內作業場所設置整體換氣裝置及於坑內作業場所設置第十一條第二項之換氣裝置外，並使各該作業勞工使用適當之呼吸防護具時，得不適用第六條之規定。 ／ 一、於使用前直徑小於三十公分之研磨輪從事作業時。 ／ 二、使用搗碎或粉碎之最大能力每小時小於二十公斤之搗碎機或粉碎機從事作業時。 ／ 三、使用篩選面積小於七百平方公分之篩選機從事作業時。 ／ 四、使用內容積小於十八公升之混合機從事作業時。
OSH-45	OSH	粉塵危害預防標準	第14條		從事第六條規定之特定粉塵作業時，依作業場所之構造、作業性質等設置同條規定之設施顯有困難者，得由雇主填具下列各款規定之書面文件，向勞動檢查機構申請免除同條規定之設施。 ／ 一、免適用設施許可申請書（ 如格式）。 ／ 二、比例在百分之一以上之作業場所略圖。 ／ 三、工作計畫書。 ／ 取得許可之雇主，其所從事之作業不適於原許可時，應以書面報告勞動檢查機構。 ／ 勞動檢查機構接獲前項雇主之報告，或認為雇主之作業不適於原許可時，應即取銷該許可。 ／ 格式 ／ 免 適 用 設 施 許 可 申 請 書 ／ ┌───────────┬───────┬─────────┐ ／ │行     業    種     類│事  業  名  稱│事業單位地址及電話│ ／ ├───────────┼───────┼─────────┤ ／ │                      │              │                  │ ／ │                      │              │                  │ ／ │                      │              │                  │ ／ │                      │              │                  │ ／ ├───────────┤              │                  │ ／ │行  業  標  準  分  類│              │                  │ ／ ├─┬─┬─┬─┬─┬─┤              │                  │ ／ │  │  │  │  │  │  │              │                  │ ／ │  │  │  │  │  │  │              │                  │ ／ │  │  │  │  │  │  │              │ (電話)           │ ／ ├─┴┬┴─┴─┴─┴─┼───────┼─────────┤ ／ │許請│附表一乙欄別區分│作  業  內  容│ 從事作業勞工人數 │ ／ │    ├────────┼───────┼─────────┤ ／ │可作│                │              │                  │ ／ │    │                │              │                  │ ／ │申業│                │              │                  │ ／ ├──┴──────┬─┴───────┼─────────┤ ／ │特定粉塵發生源設置│                  │                  │ ／ │                  │                  │                  │ ／ │ 機械或設備之概要 │                  │                  │ ／ ├─────────┼─────────┴─────────┤ ／ │設置設備等有困難之│                                      │ ／ │                  │                                      │ ／ │理              由│                                      │ ／ ├─────────┼───────────────────┤ ／ │ 使用呼吸防護具之 │                                      │ ／ │                  │                                      │ ／ │種              類│                                      │ ／ └─────────┴───────────────────┘ ／ 此致＿＿＿＿＿＿＿＿＿＿ ( 勞動檢查機構全銜) ／ 事業主：                     ( 簽章) ／ 事業經營負責人： ／ 中華民國      年      月      日
OSH-45	OSH	粉塵危害預防標準	第15條	Y	雇主設置之局部排氣裝置，應依下列之規定： ／ 一、氣罩宜設置於每一粉塵發生源，如採外裝型氣罩者，應儘量接近發生源。 ／ 二、導管長度宜儘量縮短，肘管數應儘量減少，並於適當位置開啟易於清掃及測定之清潔口及測定孔。 ／ 三、局部排氣裝置之排氣機，應置於空氣清淨裝置後之位置。 ／ 四、排氣口應設於室外。但移動式局部排氣裝置或設置於附表一乙欄（七）所列之特定粉塵發生源之局部排氣裝置設置過濾除塵方式或靜電除塵方式者，不在此限。 ／ 五、其他經中央主管機關指定者。
OSH-45	OSH	粉塵危害預防標準	第16條		局部排氣裝置或整體換氣裝置，於粉塵作業時間內，應不得停止運轉。 ／ 局部排氣裝置或整體換氣裝置，應置於使排氣或換氣不受阻礙之處，使之有效運轉。
OSH-45	OSH	粉塵危害預防標準	第17條		雇主依第六條規定設置之濕式衝擊式鑿岩機於實施特定粉塵作業時，應使之有效給水。
OSH-45	OSH	粉塵危害預防標準	第18條		雇主依第六條或第二十三條但書規定設置維持粉塵發生源之濕潤狀態之設備，於粉塵作業時，對該粉塵發生處所應保持濕潤狀態。
OSH-45	OSH	粉塵危害預防標準	第19條		雇主使勞工從事粉塵作業時，應依下列規定辦理： ／ 一、對粉塵作業場所實施通風設備運轉狀況、勞工作業情形、空氣流通效果及粉塵狀況等隨時確認，並採取必要措施。 ／ 二、預防粉塵危害之必要注意事項，應通告全體有關勞工。
OSH-45	OSH	粉塵危害預防標準	第20條		雇主僱用勞工從事粉塵作業時，應指定粉塵作業主管，從事監督作業。
OSH-45	OSH	粉塵危害預防標準	第21條		雇主應公告粉塵作業場所禁止飲食或吸菸，並揭示於明顯易見之處所。
OSH-45	OSH	粉塵危害預防標準	第22條		雇主對室內粉塵作業場所至少每日應清掃一次以上。 ／ 雇主至少每月應定期使用真空吸塵器或以水沖洗等不致發生粉塵飛揚之方法，清除室內作業場所之地面、設備。但使用不致發生粉塵飛揚之清掃方法顯有困難，並已供給勞工使用適當之呼吸防護具時，不在此限。
OSH-45	OSH	粉塵危害預防標準	第23條	Y	雇主使勞工從事附表一丙欄所列之作業時，應提供並令該作業勞工使用適當之呼吸防護具。但該作業場所粉塵發生源設置有效之密閉設備、局部排氣裝置或對該粉塵發生源維持濕潤狀態者，不在此限。
OSH-45	OSH	粉塵危害預防標準	第24條		雇主使勞工戴用輸氣管面罩之連續作業時間，每次不得超過一小時。
OSH-45	OSH	粉塵危害預防標準	第25條		本標準自發布日施行。 ／ 本標準中華民國一百零三年六月二十五日修正條文，自一百零三年七月三日施行。
OSH-46	OSH	碼頭裝卸安全衛生設施標準	第1條		本標準依職業安全衛生法第六條第三項規定訂定之。
OSH-46	OSH	碼頭裝卸安全衛生設施標準	第2條		本標準所稱港口管理機關（構）如下： ／ 一、商港：交通部所設國營事業機構、交通部航港局或行政院指定機關。 ／ 二、工業專用港：經濟部核准投資興建及經營管理工業專用港之公民營事業機構。
OSH-46	OSH	碼頭裝卸安全衛生設施標準	第3條		本標準用詞，定義如下： ／ 一、裝卸作業：指在港區之船上或陸上從事貨物之裝卸、搬運及處理等作業。 ／ 二、艙口：指船舶甲板上為裝卸或供人員進出之開口。 ／ 三、貨艙：指自露天甲板至艙底甲板之全部載貨空間。 ／ 四、裝卸機具：指用於裝卸之起重機、堆高機、吸穀機、挖掘機、推貨機、抓斗、側載機、跨載機、拖車、卡車、電動搬運車、貨櫃裝卸機、絞盤、起卸機、鏟裝機、散裝輸送機、吸取機、門式移載機、人字臂起重桿及其他供貨物裝卸有關之機具。 ／ 五、貨方：指貨物之託運人、受貨人或其代理人。 ／ 六、船方：指船舶所有人、運送人、船長或其代理人。 ／ 七、碼頭經營者：指與港口管理機關（構）以約定興建、租賃或依促進民間參與公共建設法等方式，取得碼頭設施經營權之公民營事業機構。
OSH-46	OSH	碼頭裝卸安全衛生設施標準	第4條		靠泊我國港口裝卸之船舶，其機具及裝卸設備，應符合船舶法及船舶設備規則等有關規定。
OSH-46	OSH	碼頭裝卸安全衛生設施標準	第5條		雇主對於進入港區之危險性機械或設備，應備檢查合格證明供港口管理機關（構）查驗。
OSH-46	OSH	碼頭裝卸安全衛生設施標準	第6條		港區內使用之裝卸機具，雇主或所有人應依相關法規規定實施定期自動檢查、重點檢查及必要之維修保養，並經常保持安全狀態。 ／ 使用前項裝卸機具者，應於使用前實施檢點；發現有異常，應妥為處理。 ／ 第一項之裝卸機具，及船舶設施不符裝卸作業有關規定或有異常，因屬他人所有而無權限處理者，雇主應依下列規定辦理： ／ 一、船上裝卸機具及設施：要求船方改善；船方未改善者，報請港口管理機關（構）責成改善。 ／ 二、港口管理機關（構）所有之陸上裝卸機具：報請港口管理機關（構）改善。
OSH-46	OSH	碼頭裝卸安全衛生設施標準	第7條		港口管理機關（構）或碼頭經營者對港區碼頭供工作者作業來往之通路、作業車輛出入之工作及停車場所，有導致交通事故之虞者，應設置必要之交通號誌、標誌、柵欄、標線、行車分隔設施或行人專用道等設施，並妥為維護，保持路線暢通。
OSH-46	OSH	碼頭裝卸安全衛生設施標準	第8條		港口管理機關（構）或碼頭經營者對裝卸作業場所及陸上通道，其接近開口邊緣、斷裂處、穿越轉角、便橋或船渠走道等具有危險部分，應設置高度七十五公分以上之穩固欄柵或適當強度之繩柵，並設置明顯警告標示。
OSH-46	OSH	碼頭裝卸安全衛生設施標準	第9條		雇主、港口管理機關（構）或碼頭經營者沿碼頭或岸邊設置通道者，應依下列規定設置： ／ 一、堆放貨物於碼頭者，保持一條自碼頭至船上暢通無阻之通道。 ／ 二、通道寬度保持一公尺以上，除固定之構造物、使用中之器械及工具外，不得有其他障礙物留置其間。
OSH-46	OSH	碼頭裝卸安全衛生設施標準	第10條		供工作者通達船艙、駁船或碼頭使用之便橋，船方應依下列規定設置： ／ 一、寬度不得小於五十五公分。 ／ 二、長度自岸邊或船舷延長一點五公尺以上。 ／ 三、兩旁圍以高度七十五公分以上之欄柵或繩柵。
OSH-46	OSH	碼頭裝卸安全衛生設施標準	第11條		裝卸作業工作者需自船舶貨堆上方通過時，船方應設置安全之通道，以供通行。
OSH-46	OSH	碼頭裝卸安全衛生設施標準	第12條		船方不得使工作者使用艙口樑為通道，並不得藉調整及運轉機械等理由，使工作者在艙口樑走動；雇主使勞工從事相關作業者，亦同。
OSH-46	OSH	碼頭裝卸安全衛生設施標準	第13條		雇主應使勞工使用依規定設置之通道，進行裝卸作業；不得任其通行於不安全之通道。
OSH-46	OSH	碼頭裝卸安全衛生設施標準	第14條		雇主及船方不得任意移動碼頭或船上設置之欄柵。但因執行特定作業，有移動之必要者，應在必要因素消失後，立即恢復原狀。
OSH-46	OSH	碼頭裝卸安全衛生設施標準	第15條		雇主對於碼頭或船舶設置之舷梯、傳動裝置、扶梯、艙口蓋板、救生器具、燈光、警告標誌或臺階等，非經港口管理機關（構）、碼頭經營者或船方之授權，不得移動。但因情況緊急，確有移動之必要者，應於此原因消失後，立即恢復原狀。
OSH-46	OSH	碼頭裝卸安全衛生設施標準	第16條		雇主對於勞工為從事船舶裝卸作業，須搭船經由水上往返作業場所者，應使勞工搭乘符合船舶法規規定之交通船。
OSH-46	OSH	碼頭裝卸安全衛生設施標準	第17條		船方為便利裝卸作業之實施，於船舶靠岸或靠近其他船舶時，應設置上下船舶之安全設備，以供工作者往返船岸之用。
OSH-46	OSH	碼頭裝卸安全衛生設施標準	第18條		船方設置舷梯、梯或其他類似設備供前條所定之用途者，應依下列規定設置： ／ 一、船舶隨帶舷梯或其他類似設備，應穩妥固定，寬度五十五公分以上，材料堅韌、構造牢固及加設安全護網。 ／ 二、梯應穩妥固定，二側設欄柵直達兩端，欄柵上下欄桿之桿距七十五公分以下，並加設扶繩、扶索或其他具有同等安全作用之防護設施。 ／ 前項梯之一側緊靠船舷而有適當之穩固安全措施者，得僅於梯之外側，加設欄柵或扶繩。 ／ 岸上至船舷高度在一點五公尺以下之船舶，得設寬度五十五公分以上、兩旁圍以七十五公分以上高度之欄柵或繩柵之便梯，不受前二項規定之限制。
OSH-46	OSH	碼頭裝卸安全衛生設施標準	第19條		船舶停泊於他船外側或浮動碼頭，工作者進出該船須經由他船或浮動碼頭者，船方應於他船或浮動碼頭設置安全通道，供工作者使用。但通行無礙，無需借助其他設備且無危險之虞者，不在此限。 ／ 前項安全通道，應由排水量較大之船舶提供之。
OSH-46	OSH	碼頭裝卸安全衛生設施標準	第20條		駁船、筏或木排在船邊作業者，除另有其他適當之安全設施外，船方應置備供上下船舶用之適當繩梯。 ／ 前項繩梯，應依下列規定設置： ／ 一、具有足夠長度及寬度，使能安全上下船舶。 ／ 二、具有二十五公分以上，三十五公分以下等距離之腳踏板，以利攀登。 ／ 三、保持穩定及牢繫，使攀登時，不致發生捲曲、擺動及傾斜。
OSH-46	OSH	碼頭裝卸安全衛生設施標準	第21條		甲板至艙底之高度深逾一點五公尺者，船方應於甲板與艙底間設置安全通道，供工作者從事貨艙裝卸作業。
OSH-46	OSH	碼頭裝卸安全衛生設施標準	第22條		進出艙口之梯，船方應依下列規定設置： ／ 一、梯為踏條者，二踏條間之垂直距離不得大於三十三公分，梯寬不得小於二十五公分，梯後空間保持十六點五公分以上之淨距，並設置穩固之把手。 ／ 二、梯為踏板者，踏板深度不得小於十一點五公分，寬度不得小於二十五公分，並設置穩固之把手。 ／ 三、梯之上端設置固定之欄桿或扶手。 ／ 四、貨物堆放之位置與梯之間，保持適當淨空，以利通行。
OSH-46	OSH	碼頭裝卸安全衛生設施標準	第23條		船艙之孔道，船方應依下列規定設置： ／ 一、孔道二面均設適當扶手及踏腳。 ／ 二、無甲板之船艙內，使用扶梯者，其梯頂設掛鈎或其他固定設備，使其穩固。
OSH-46	OSH	碼頭裝卸安全衛生設施標準	第24條		船方不得使工作者使用航政機關准許以外之設備進出艙口。 ／ 前項艙口，自貨艙甲板至艙底深逾一點五公尺，且在艙口周圍未設圍柵、圍板或其他防護設備者，在未供貨物進出之作業期間，船方應圍以高度七十五公分以上之欄柵、設置護蓋、安全網或其他防止墜落之設備。
OSH-46	OSH	碼頭裝卸安全衛生設施標準	第25條		港區作業場所及碼頭通道之危險部分，港口管理機關（構）或碼頭經營者應設置充分之照明，採取安全有效之照明方法。 ／ 前項照明，除由港口管理機關（構）或碼頭經營者設置外，船邊裝卸作業區照度不足者，應由負責裝卸之雇主洽船方於作業前增設之。
OSH-46	OSH	碼頭裝卸安全衛生設施標準	第26條		依前條所設之照明，不得有損害工作者安全健康、妨礙船舶航行及影響作業安全之情形。
OSH-46	OSH	碼頭裝卸安全衛生設施標準	第27條		船上裝卸作業場所之照明，船方應提供安全作業所必要之照度。 ／ 在艙內或船上未設燈光之任何處所，雇主應禁止勞工使用打火機、火柴或明火照明。
OSH-46	OSH	碼頭裝卸安全衛生設施標準	第28條		港區裝卸作業場所設置之照明設備，因風雨、海浪或裝載液態物滲漏等，有濕氣侵入照明燈具內部致生危險之虞者，港口管理機關（構）或碼頭經營者應裝設有防濕功能之遮蓋物。
OSH-46	OSH	碼頭裝卸安全衛生設施標準	第29條		船方應保持艙口蓋板及支持蓋板之艙口樑於完整無缺狀態，並預留堆放位置。 ／ 前項艙口蓋板因船上無適當位置可供堆放，致須留置於碼頭上者，船方應在其堆放區周圍設置適當圍欄或警告標示。
OSH-46	OSH	碼頭裝卸安全衛生設施標準	第30條		進行與艙口有關作業前，船方應將艙口樑及艙口蓋板適度移去，或妥為固定安置，以避免其移位。
OSH-46	OSH	碼頭裝卸安全衛生設施標準	第31條		船方應依艙口蓋板之大小及重量，配以相稱之把手，以利蓋板之移動或更換。但貨艙或艙蓋結構特殊無須把手者，不在此限。
OSH-46	OSH	碼頭裝卸安全衛生設施標準	第32條		船方應於艙口樑配備適當之掛鈎、拉索或絞轆，以利移動或更換艙口樑。
OSH-46	OSH	碼頭裝卸安全衛生設施標準	第33條		艙口蓋板及艙口樑不能互相通用者，船方應標明其所屬甲板、艙口編號及所在位置，以利識別。
OSH-46	OSH	碼頭裝卸安全衛生設施標準	第34條		船方不得將艙口蓋板及艙口樑移作過貨棧台或其他用途，以免損壞。 ／ 船方應於艙口樑之兩端，設置安全插梢或鎖緊設備，以保持艙口樑之平穩及固定，防止其移位。
OSH-46	OSH	碼頭裝卸安全衛生設施標準	第35條		船方應於艙口緣圍設置堅固之插口，以供安裝金屬製之艙口樑或艙口蓋板。但船舶具有取代插口之功能設計者，不在此限。
OSH-46	OSH	碼頭裝卸安全衛生設施標準	第36條		雇主及船方於使用起重裝置自貨艙內部捲升貨物或往貨艙內部捲卸作業前，應檢點下列構件之固定狀態： ／ 一、艙口樑。 ／ 二、置有開啟合葉之艙口蓋板。 ／ 雇主應確認前項構件之固定狀態無異狀後，方得使勞工從事各該作業。
OSH-46	OSH	碼頭裝卸安全衛生設施標準	第37條		船方對於船舶甲板上之齒輪、發動機、鏈條、傳動軸、帶電導體及蒸汽管線等供起重裝置之構件，在不妨礙船舶安全操作下，應設置圍柵、護網、蓋板或其他防護物隔離之。但各該機件之位置及構造確無妨礙工作者作業安全者，不在此限。
OSH-46	OSH	碼頭裝卸安全衛生設施標準	第38條		船方應提供適當設備，以預防船上起重機具、吊桿、絞盤及所吊物件於吊舉過程中掉落。 ／ 前項利用槓桿以控制其高低之反復運動機件之起重機具或絞盤，船方應設適當彈簧控制器、掣鎖設備或其他安全設施，以防止危險。
OSH-46	OSH	碼頭裝卸安全衛生設施標準	第39條		船方應於船上起重機具之駕駛台，或動力驅動之輸送帶頂端，設適當護柵或護圍，並設置安全通道。 ／ 前項通道為扶梯者，依下列規定設置： ／ 一、梯之二邊應延伸至超越駕駛台適當長度或提供適當把手。 ／ 二、駕駛台之踏腳位置應保持淨空。 ／ 三、垂直豎立梯之長度超過三十公尺者，應每隔十五公尺至少設一休息平台。
OSH-46	OSH	碼頭裝卸安全衛生設施標準	第40條		雇主於以起重機具吊載貨櫃或散裝貨物時，應檢視所吊物件重量及吊掛點之標示，並對照船方、貨方提供之艙單、過磅單登載之物重，不得超載。 ／ 前項起重機具作業，不得吊載勞工或使勞工隨貨物起卸。但起重升降機具安全規則另有規定者，從其規定。
OSH-46	OSH	碼頭裝卸安全衛生設施標準	第41條		雇主於使用起重機具從事貨艙內部貨物之捲升作業時，對於在艙口正下方以外之貨物，應將貨物移至正下方後，方得使勞工從事作業。
OSH-46	OSH	碼頭裝卸安全衛生設施標準	第42條		雇主於貨櫃裝卸時，須拆除或安放墊腳鎖栓之作業，應備置安全扶梯或其他安全上下貨櫃之設備，供勞工使用。
OSH-46	OSH	碼頭裝卸安全衛生設施標準	第43條		艙口上層進行裝卸作業，有導致物體飛落之虞時，雇主不得使勞工同時在同一艙口之下層貨艙或甲板從事作業。但設有防護網或防護帆布等，足以防止物體飛落危害者，不在此限。
OSH-46	OSH	碼頭裝卸安全衛生設施標準	第44條		貨艙、甲板或陸上裝卸作業時，雇主應禁止勞工進入吊舉物下方及其他有發生危害之虞之區域。
OSH-46	OSH	碼頭裝卸安全衛生設施標準	第45條		雇主不得使勞工進入下列場所： ／ 一、實施艙口蓋板之開閉、艙口樑之安裝、拆卸等作業場所之下方，蓋板、艙口樑有掉落之虞之危險區域。 ／ 二、實施起重機具之伸臂、吊桿起伏作業，有傾倒之虞之危險區域。
OSH-46	OSH	碼頭裝卸安全衛生設施標準	第46條		雇主於從事船舶卸貨前，待卸貨物在下層，而中上層有其他貨物者，應先翻艙或洽由船方採取有效之圍檔處理。但經確認無礙作業安全者，不在此限。
OSH-46	OSH	碼頭裝卸安全衛生設施標準	第47條		雇主對於出貨、進貨、堆貨、卸貨或其他類似作業，須借助船方、港口管理機關（構）或碼頭經營者始能安全作業者，應共同採取預防災變之適當措施。
OSH-46	OSH	碼頭裝卸安全衛生設施標準	第48條	Y	實施船舶裝卸作業前，船方應填具雇主所提供之船舶裝卸設施及作業環境詢問書（如附表），預先說明與標明船舶裝卸作業有安全顧慮事項，及已採取之改善措施。 ／ 雇主對於前項所定詢問書之記載事項，應使勞工知悉，認有影響裝卸作業安全之虞者，應要求船方即採必要改善措施；必要時，報請港口管理機關（構）責成船方改善後，再行作業。
OSH-46	OSH	碼頭裝卸安全衛生設施標準	第49條		實施船舶裝卸作業時，在貨艙內部、甲板或陸上之待裝卸貨物有下列物質之一者，船方、貨方應告知雇主及碼頭經營者： ／ 一、氯、氰酸、四烷基鉛等有引起急性中毒之虞之物質。 ／ 二、腐蝕性物質。 ／ 三、火藥類物質。 ／ 四、危險物。 ／ 船方及碼頭經營者於前項情形，應協調貨方指派現場人員，負責異常狀況聯繫及採取應變處置等措施。 ／ 雇主於從事第一項物質之裝卸作業時，除船方依船舶危險品裝載規則、工業專用港或工業專用碼頭規劃興建經營管理辦法等規定辦理外，應採取下列措施，使勞工遵循： ／ 一、擬具裝卸安全作業方法及標準作業程序。 ／ 二、擬具危險、有害物飛散、漏洩之必要處置及應變方法。 ／ 三、前二款所定事項，應視各該物質之種類、性質、數量及安全處置方法等，妥為規劃擬定。
OSH-46	OSH	碼頭裝卸安全衛生設施標準	第50條		貨艙作業空間因艙口方孔之限制，除從事解除或連結吊索外，雇主不得使勞工利用索鈎鈎住捆紮於棉花、羊毛、軟木、麻袋或其他類似貨物捆包之打包帶、箍帶、繩索或緊固件上。 ／ 圓桶貨物及其掛鈎之構造或狀況不安全者，雇主不得使勞工使用該貨桶之掛鈎起降貨桶。
OSH-46	OSH	碼頭裝卸安全衛生設施標準	第51條		船方對於堆置於船舶中層艙之貨物與艙口緣圍間之距離，應保持一公尺以上，以利開啟艙口蓋板或移動艙口樑，並防止貨物移動造成掉落事故。 ／ 船方對於露天甲板之艙口蓋板與艙口緣圍並置時，應放置整齊，堆放高度不得超過艙口緣圍之高度，且與艙口緣圍保持一公尺以上之距離，並妥為固定之。
OSH-46	OSH	碼頭裝卸安全衛生設施標準	第52條		雇主對於起重機具、絞盤或其他裝卸機具，除正在運轉操作者外，不得任令物件懸留其上。
OSH-46	OSH	碼頭裝卸安全衛生設施標準	第53條		使用起重機具或吊索由艙口裝卸貨物者，雇主應指派人員擔任指揮作業。 ／ 前項作業，於同一艙口在同一時間有二組以上人員分別作業者，雇主應各指派人員負責指揮。
OSH-46	OSH	碼頭裝卸安全衛生設施標準	第54條		雇主對於待裝卸之貨物，每單件重量在四十公斤以上者，應以機械、手推車或其他方法代替人力運搬，不得強迫勞工背負。
OSH-46	OSH	碼頭裝卸安全衛生設施標準	第55條		雇主於使用裝卸車輛至貨艙內作業前，應經船方確認貨艙內之空間配置、行車動線及裝卸作業流程等確無危險之虞，始得使勞工作業。
OSH-46	OSH	碼頭裝卸安全衛生設施標準	第56條		雇主使勞工於貨艙內或其他自然通風不充分之場所作業時，應置備測定儀器，確認該作業場所空氣中氧氣濃度在百分之十八以上；空氣中氧氣濃度有未滿百分之十八之虞時，應設置適當通風換氣設施，並確認維持連續有效運轉。 ／ 前項作業場所，不得使用內燃機之機械，以避免排出之廢氣危害勞工。但在艙口蓋板全開，並已充分通風換氣，且無危害之虞者，不在此限。
OSH-46	OSH	碼頭裝卸安全衛生設施標準	第57條		船舶散裝貨物卸載作業時，雇主應依下列規定辦理： ／ 一、開挖面傾斜度達六十度以上未滿九十度，開挖深度不得超過五公尺。 ／ 二、開挖面傾斜度達九十度，開挖深度不得超過二公尺。
OSH-46	OSH	碼頭裝卸安全衛生設施標準	第58條		雇主於從事起重吊掛作業前，應檢點陸上起重機具使用之吊鏈、鋼索及纜繩等吊具，不得使用不符規格及不堪用之吊具。
OSH-46	OSH	碼頭裝卸安全衛生設施標準	第59條		雇主於從事起重吊掛作業時，應依下列規定辦理： ／ 一、不得以打結方式縮短綱索、鏈條等之長度。 ／ 二、麻繩、鋼索、鏈條避免與所吊堅硬物體之尖銳邊緣相接觸，或使用襯墊，以防止磨損。 ／ 三、吊運貨物注意包裝及綑綁，並採取安全吊掛方法。
OSH-46	OSH	碼頭裝卸安全衛生設施標準	第60條		船方應採取適當措施，防止起重機具或絞盤之原動機排出廢氣或蒸汽妨礙工作者之視線；雇主使勞工從事起重作業者，亦同。
OSH-46	OSH	碼頭裝卸安全衛生設施標準	第61條		雇主及船方應採適當設備或措施，預防貨櫃起重機等之機架底盤意外出軌或人字臂起重桿脫離基座。
OSH-46	OSH	碼頭裝卸安全衛生設施標準	第62條		遭遇強風、大雨或雷電交加等惡劣天候，致作業有危險之虞時，雇主不得使勞工從事船舶裝卸作業。 ／ 前項碼頭裝卸之停止作業，得由當地港口管理機關（構）依各該港口之地理環境、氣象預報及實際天候等狀況，統一規定，以供雇主遵循。
OSH-46	OSH	碼頭裝卸安全衛生設施標準	第63條		雇主於船舶甲板從事裝卸作業，有物料移位、倒塌之虞時，應妥為固定或採取其他安全措施。
OSH-46	OSH	碼頭裝卸安全衛生設施標準	第64條		雇主於總噸位在五百公噸以上之船舶，使用起重裝置從事船舶貨物之裝載、卸載或搬移等作業時，應指派船舶裝卸作業主管辦理下列事項： ／ 一、決定作業方法，直接指揮作業。 ／ 二、通行設備、裝卸機具、防護具、作業器具、工具等之檢點及整備，並督導使用狀況。 ／ 三、與周邊作業者間之連絡及調整。 ／ 四、其他為維持裝卸作業安全必要事項。 ／ 前項船舶裝卸作業主管，雇主應自具有從事船舶裝卸作業三年以上經驗者選任之。
OSH-46	OSH	碼頭裝卸安全衛生設施標準	第65條		雇主應於各作業艙碼頭舷側加掛護網，或採取其他安全措施，以防止作業人員落水。
OSH-46	OSH	碼頭裝卸安全衛生設施標準	第66條		雇主於從事碼頭裝卸作業時，應依其作業之危害性質，使勞工戴用安全帽、使用安全帶、穿著反光背心或選用其他必要個人防護具或防護衣物，以防止作業引起之危害。
OSH-46	OSH	碼頭裝卸安全衛生設施標準	第67條		雇主於從事處理毒性物質、有害物質、易於飛散物質或有粉塵飛揚等之作業時，應使勞工佩戴適當防護具、穿著必要防護衣物或使用相關安全裝備。
OSH-46	OSH	碼頭裝卸安全衛生設施標準	第67條之1		自營作業者準用本標準有關雇主義務之規定。 ／ 受工作場所負責人指揮或監督從事勞動之人員，於碼頭從事裝卸作業，比照該事業單位之勞工，適用本標準之規定。
OSH-46	OSH	碼頭裝卸安全衛生設施標準	第68條		本標準自發布日施行。
OSH-47	OSH	有機溶劑中毒預防規則	第1條		本規則依職業安全衛生法第六條第三項規定訂定之。
OSH-47	OSH	有機溶劑中毒預防規則	第2條		本規則適用於從事下列各款有機溶劑作業之事業： ／ 一、製造有機溶劑或其混存物過程中，從事有機溶劑或其混存物之過濾、混合、攪拌、加熱、輸送、倒注於容器或設備之作業。 ／ 二、製造染料、藥物、農藥、化學纖維、合成樹脂、染整助劑、有機塗料、有機顏料、油脂、香料、調味料、火藥、攝影藥品、橡膠或可塑劑及此等物品之中間物過程中，從事有機溶劑或其混存物之過濾、混合、攪拌、加熱、輸送、倒注於容器或設備之作業。 ／ 三、使用有機溶劑混存物從事印刷之作業。 ／ 四、使用有機溶劑混存物從事書寫、描繪之作業。 ／ 五、使用有機溶劑或其混存物從事上光、防水或表面處理之作業。 ／ 六、使用有機溶劑或其混存物從事為黏接之塗敷作業。 ／ 七、從事已塗敷有機溶劑或其混存物之物品之黏接作業。 ／ 八、使用有機溶劑或其混存物從事清洗或擦拭之作業。但不包括第十二款規定作業之清洗作業。 ／ 九、使用有機溶劑混存物之塗飾作業。但不包括第十二款規定作業之塗飾作業。 ／ 十、從事已附著有機溶劑或其混存物之物品之乾燥作業。 ／ 十一、使用有機溶劑或其混存物從事研究或試驗。 ／ 十二、從事曾裝儲有機溶劑或其混存物之儲槽之內部作業。但無發散有機溶劑蒸氣之虞者，不在此限。 ／ 十三、於有機溶劑或其混存物之分裝或回收場所，從事有機溶劑或其混存物之過濾、混合、攪拌、加熱、輸送、倒注於容器或設備之作業。 ／ 十四、其他經中央主管機關指定之作業。
OSH-47	OSH	有機溶劑中毒預防規則	第3條	Y	本規則用詞，定義如下： ／ 一、有機溶劑：指附表一規定之有機溶劑，其分類如下： ／ （一）第一種有機溶劑，指附表一第一款規定之有機溶劑。 ／ （二）第二種有機溶劑，指附表一第二款規定之有機溶劑。 ／ （三）第三種有機溶劑，指附表一第三款規定之有機溶劑。 ／ 二、有機溶劑混存物：指有機溶劑與其他物質混合時，所含之有機溶劑佔其重量百分之五以上者，其分類如下： ／ （一）第一種有機溶劑混存物：指有機溶劑混存物中，含有第一種有機溶劑佔該混存物重量百分之五以上者。 ／ （二）第二種有機溶劑混存物：指有機溶劑混存物中，含有第二種有機溶劑或第一種有機溶劑及第二種有機溶劑之和佔該混存物重量百分之五以上而不屬於第一種有機溶劑混存物者。 ／ （三）第三種有機溶劑混存物：指第一種有機溶劑混存物及第二種有機溶劑混存物以外之有機溶劑混存物。 ／ 三、密閉設備：指密閉有機溶劑蒸氣之發生源使其蒸氣不致發散之設備。 ／ 四、局部排氣裝置：指藉動力強制吸引並排出已發散有機溶劑蒸氣之設備。 ／ 五、整體換氣裝置：指藉動力稀釋已發散有機溶劑蒸氣之設備。 ／ 六、通風不充分之室內作業場所：指室內對外開口面積未達底面積之二十分之一以上或全面積之百分之三以上者。 ／ 七、儲槽等：指下列之一之作業場所： ／ （一）儲槽之內部。 ／ （二）貨櫃之內部。 ／ （三）船艙之內部。 ／ （四）凹窪之內部。 ／ （五）坑之內部。 ／ （六）隧道之內部。 ／ （七）暗溝或人孔之內部。 ／ （八）涵箱之內部。 ／ （九）導管之內部。 ／ （十）水管之內部。 ／ （十一）其他經中央主管機關指定者。 ／ 八、作業時間短暫：指雇主使勞工每日作業時間在一小時以內。 ／ 九、臨時性之有機溶劑作業：指正常作業以外之有機溶劑作業，其作業期間不超過三個月且一年內不再重覆者。
OSH-47	OSH	有機溶劑中毒預防規則	第4條		雇主使勞工從事有機溶劑作業者，對於健康管理、作業環境監測、妊娠與分娩後女性勞工及未滿十八歲勞工保護與入槽安全等事項，應依勞工健康保護規則、勞工作業環境監測實施辦法、妊娠與分娩後女性及未滿十八歲勞工禁止從事危險性或有害性工作認定標準、缺氧症預防規則及職業安全衛生設施規則所定之局限空間作業等相關規定辦理。
OSH-47	OSH	有機溶劑中毒預防規則	第5條	Y	雇主使勞工從事第二條第三款至第十一款之作業，符合下列各款規定之一，得不受第二章至第四章規定之限制： ／ 一、於室內作業場所（通風不充分之室內作業場所除外），從事有機溶劑或其混存物之作業時，一小時作業時間內有機溶劑或其混存物之消費量不超越容許消費量者。 ／ 二、於儲槽等之作業場所或通風不充分之室內作業場所，從事有機溶劑或其混存物之作業時，一日作業時間內有機溶劑或其混存物之消費量不超越容許消費量者。 ／ 前項之容許消費量及計算之方式，依附表二之規定。 ／ 下列各款之作業，於第一項第一款規定之一小時及第二款規定之一日作業時間內消費之有機溶劑量，分別依下列各款規定計算之： ／ 一、從事第二條第三款至第六款、第八款、第九款或第十一款規定之一作業者，第一項第一款規定之一小時或第二款規定之一日作業時間內消費之有機溶劑或其混存物之量，應乘有機溶劑所含重量百分比。 ／ 二、從事第二條第七款或第十款規定之一之作業者，第一項第一款規定之一小時或第二款規定之一日作業時間內已塗敷或附著於乾燥物品之有機溶劑或其混存物之量，應乘有機溶劑所含重量百分比。 ／ 第二條第六款規定之作業，於同一作業場所延續至同條第七款或第十款規定之作業時，其前項消費有機溶劑量之計算，應排除第二條第七款或第十款規定之作業消費之有機溶劑或其混存物之量。
OSH-47	OSH	有機溶劑中毒預防規則	第6條		雇主使勞工於下列規定之作業場所作業，應依下列規定，設置必要之控制設備： ／ 一、於室內作業場所或儲槽等之作業場所，從事有關第一種有機溶劑或其混存物之作業，應於各該作業場所設置密閉設備或局部排氣裝置。 ／ 二、於室內作業場所或儲槽等之作業場所，從事有關第二種有機溶劑或其混存物之作業，應於各該作業場所設置密閉設備、局部排氣裝置或整體換氣裝置。 ／ 三、於儲槽等之作業場所或通風不充分之室內作業場所，從事有關第三種有機溶劑或其混存物之作業，應於各該作業場所設置密閉設備、局部排氣裝置或整體換氣裝置。 ／ 前項控制設備，應依有機溶劑之健康危害分類、散布狀況及使用量等情形，評估風險等級，並依風險等級選擇有效之控制設備。 ／ 雇主使勞工從事第二條第十二款規定之作業者，不適用第一項各款規定。 ／ 雇主使勞工以噴布方式從事第二條第四款至第六款、第八款或第九款規定之作業者，不適用第一項第二款及第三款規定。
OSH-47	OSH	有機溶劑中毒預防規則	第7條		雇主使勞工以噴布方式於下列各款規定之作業場所，從事各款有關之有機溶劑作業時，應於各該作業場所設置密閉設備或局部排氣裝置： ／ 一、於室內作業場所或儲槽等之作業場所，使用第二種有機溶劑或其混存物從事第二條第四款至第六款、第八款或第九款規定之作業。 ／ 二、於儲槽等之作業場所或通風不充分之室內作業場所，使用第三種有機溶劑或其混存物從事第二條第四款至第六款、第八款或第九款規定之作業。
OSH-47	OSH	有機溶劑中毒預防規則	第8條		雇主使勞工於室內作業場所（通風不充分之室內作業場所除外），從事臨時性之有機溶劑作業時，不受第六條第一項第一款、第二款及前條第一款規定之限制，得免除設置各條規定之設備。
OSH-47	OSH	有機溶劑中毒預防規則	第9條	Y	雇主使勞工從事下列各款規定之一之作業，經勞動檢查機構認定後，免除設置下列各款規定之設備： ／ 一、於周壁之二面以上或周壁面積之二分之一以上直接向大氣開放之室內作業場所，從事有機溶劑作業，得免除第六條第一項第一款、第二款或第七條規定之設備。 ／ 二、於室內作業場所或儲槽等之作業場所，從事有機溶劑作業，因有機溶劑蒸氣擴散面之廣泛不易設置第六條第一項第一款、第七條之設備時，得免除各條規定之設備。 ／ 前項雇主應檢具下列各款文件，向勞動檢查機構申請認定之： ／ 一、免設有機溶劑設施申請書（如附表三）。 ／ 二、可辨識清楚之作業場所略圖。 ／ 三、工作計畫書。 ／ 經認定免除設置第一項設備之雇主，於勞工作業環境變更，致不符合第一項各款規定時，應即依法設置符合標準之必要設備，並以書面報請勞動檢查機構備查。
OSH-47	OSH	有機溶劑中毒預防規則	第10條		雇主使勞工從事有機溶劑作業，如設置第六條第一項或第七條規定之設備有困難，而已採取一定措施時，得報經中央主管機關核定，免除各條規定之設備。 ／ 前項之申報，準用前條第二項及第三項之規定。
OSH-47	OSH	有機溶劑中毒預防規則	第11條		雇主使勞工於下列各款規定範圍內從事有機溶劑作業，已採取一定措施時，得免除設置各款規定之設備： ／ 一、符合下列情形之一而設置整體換氣裝置時，不受第六條第一項第一款或第七條規定之限制，得免除設置密閉設備或局部排氣裝置： ／ （一）於儲槽等之作業場所或通風不充分之室內作業場所，從事臨時性之有機溶劑作業。 ／ （二）於室內作業場所（通風不充分之室內作業場所除外），從事有機溶劑作業，其作業時間短暫。 ／ （三）於經常置備處理有機溶劑作業之反應槽或其他設施與其他作業場所隔離，且無須勞工常駐室內。 ／ （四）於室內作業場所或儲槽等之作業場所之內壁、地板、頂板從事有機溶劑作業，因有機溶劑蒸氣擴散面之廣泛不易設置第六條第一項第一款或第七條規定之設備。 ／ 二、於儲槽等之作業場所或通風不充分之室內作業場所，從事有機溶劑作業，而從事該作業之勞工已使用輸氣管面罩且作業時間短暫時，不受第六條第一項規定之限制，得免除設置密閉設備、局部排氣裝置或整體換氣裝置。 ／ 三、符合下列情形之一時，不受第六條第一項規定之限制，得免除設置密閉設備、局部排氣裝置或整體換氣裝置： ／ （一）從事紅外線乾燥爐或具有溫熱設備等之有機溶劑作業，如設置有利用溫熱上升氣流之排氣煙囪等設備，將有機溶劑蒸氣排出作業場所之外，不致使有機溶劑蒸氣擴散於作業場所內者。 ／ （二）藉水等覆蓋開放槽內之有機溶劑或其混存物，或裝置有效之逆流凝縮機於槽之開口部使有機溶劑蒸氣不致擴散於作業場所內者。 ／ 四、於汽車之車體、飛機之機體、船段之組合體或鋼樑、鋼構等大型物件之外表從事有機溶劑作業時，因有機溶劑蒸氣擴散面之廣泛不易設置第六條第一項或第七條規定之設備，且已設置吹吸型換氣裝置時，不受第六條第一項或第七條規定之限制，得免除設置密閉設備、局部排氣裝置或整體換氣裝置。
OSH-47	OSH	有機溶劑中毒預防規則	第12條		雇主設置之局部排氣裝置之氣罩及導管，應依下列規定： ／ 一、氣罩應設置於每一有機溶劑蒸氣發生源。 ／ 二、外裝型氣罩應儘量接近有機溶劑蒸氣發生源。 ／ 三、氣罩應視作業方法、有機溶劑蒸氣之擴散狀況及有機溶劑之比重等，選擇適於吸引該有機溶劑蒸氣之型式及大小。 ／ 四、應儘量縮短導管長度、減少彎曲數目，且應於適當處所設置易於清掃之清潔口及測定孔。 ／ 雇主依第十七條第二項規定設置之局部排氣裝置，應於氣罩連接導管適當處所，設置監測靜壓、流速或其他足以顯示該設備正常運轉之裝置。
OSH-47	OSH	有機溶劑中毒預防規則	第13條		雇主設置有空氣清淨裝置之局部排氣裝置，其排氣機應置於空氣清淨裝置後之位置。但不會因所吸引之有機溶劑蒸氣引起爆炸且排氣機無腐蝕之虞時，不在此限。 ／ 雇主設置之整體換氣裝置之送風機、排氣機或其導管之開口部，應儘量接近有機溶劑蒸氣發生源。 ／ 雇主設置之局部排氣裝置、吹吸型換氣裝置、整體換氣裝置或第十一條第三款第一目之排氣煙囪等之排氣口，應直接向大氣開放。但有下列情形之一者，雇主應使排出物不致回流至作業場所： ／ 一、於室內作業場所未設置空氣清淨裝置之局部排氣裝置。 ／ 二、依第十一條第三款第一目規定設置之排氣煙囪等設備。
OSH-47	OSH	有機溶劑中毒預防規則	第14條		雇主設置之局部排氣裝置及吹吸型換氣裝置，應於作業時間內有效運轉，降低空氣中有機溶劑蒸氣濃度至勞工作業場所容許暴露標準以下。
OSH-47	OSH	有機溶劑中毒預防規則	第15條	Y	雇主設置之整體換氣裝置，應依有機溶劑或其混存物之種類，及一小時作業時間內有機溶劑或其混存物之消費量，計算其每分鐘所需之換氣量，具備規定之換氣能力。 ／ 前項應具備之換氣能力及其計算之方法，依附表四之規定。 ／ 同時使用種類相異之有機溶劑或其混存物時，第一項之每分鐘所需之換氣量應分別計算後合計之。 ／ 第一項所定一小時作業時間內有機溶劑或其混存物之消費量，為下列各款規定之一之值： ／ 一、第二條第一款或第二款規定之一之作業者，為一小時作業時間內蒸發之有機溶劑量。 ／ 二、第二條第三款至第六款、第八款、第九款或第十一款規定之一之作業者，為一小時作業時間內有機溶劑或其混存物之消費量乘有機溶劑所含重量百分比。 ／ 三、第二條第七款或第十款規定之一之作業者，為一小時作業時間內已塗敷或附著於乾燥物品之有機溶劑或其混存物之量乘有機溶劑所含重量百分比。 ／ 前項之一小時作業時間內有機溶劑或其混存物之消費量計算，準用第五條第四項之規定。
OSH-47	OSH	有機溶劑中毒預防規則	第16條		雇主設置之局部排氣裝置、吹吸型換氣裝置或整體換氣裝置，於有機溶劑作業時，不得停止運轉。 ／ 設有前項裝置之處所，不得阻礙其排氣或換氣功能，使之有效運轉。
OSH-47	OSH	有機溶劑中毒預防規則	第17條	Y	雇主設置之密閉設備、局部排氣裝置、吹吸型換氣裝置或整體換氣裝置，應由專業人員妥為設計，並維持其有效性能。 ／ 雇主設置局部排氣裝置時，應指派或委託經中央主管機關訓練合格之專業人員設計，並依附表五內容製作局部排氣裝置設計報告書。 ／ 前項局部排氣裝置設置完成後，雇主應實施原始性能測試，並依測試結果製作附表六內容之原始性能測試報告書；其相關文件、紀錄應保存十年。 ／ 雇主依第二項規定設置之局部排氣裝置，於改裝時，應依前二項規定辦理。但對其性能未有顯著影響者，不在此限。 ／ 雇主設置局部排氣裝置屬化學排氣櫃型式者，不受第二項及第三項規定之限制。
OSH-47	OSH	有機溶劑中毒預防規則	第18條		前條第二項所定從事局部排氣裝置設計之專業人員，其應具備之資格、訓練課程與時數、訓練單位，依特定化學物質危害預防標準第三十八條之一規定辦理。
OSH-47	OSH	有機溶劑中毒預防規則	第19條		雇主使勞工從事有機溶劑作業時，對有機溶劑作業之室內作業場所及儲槽等之作業場所，實施通風設備運轉狀況、勞工作業情形、空氣流通效果及有機溶劑或其混存物使用情形等，應隨時確認並採取必要措施。
OSH-47	OSH	有機溶劑中毒預防規則	第20條		雇主使勞工從事有機溶劑作業時，應指定現場主管擔任有機溶劑作業主管，從事監督作業。但從事第二條第十一款規定之作業時，得免設置有機溶劑作業主管。
OSH-47	OSH	有機溶劑中毒預防規則	第21條		雇主應使有機溶劑作業主管實施下列監督工作： ／ 一、決定作業方法，並指揮勞工作業。 ／ 二、實施第十九條規定之事項。但雇主指定有專人負責者，不在此限。 ／ 三、監督個人防護具之使用。 ／ 四、勞工於儲槽之內部作業時，確認第二十二條規定之措施。 ／ 五、其他為維護作業勞工之健康所必要之措施。
OSH-47	OSH	有機溶劑中毒預防規則	第22條		雇主使勞工於儲槽之內部從事有機溶劑作業時，應依下列規定： ／ 一、派遣有機溶劑作業主管從事監督作業。 ／ 二、決定作業方法及順序於事前告知從事作業之勞工。 ／ 三、確實將有機溶劑或其混存物自儲槽排出，並應有防止連接於儲槽之配管流入有機溶劑或其混存物之措施。 ／ 四、前款所採措施之閥、旋塞應予加鎖或設置盲板。 ／ 五、作業開始前應全部開放儲槽之人孔及其他無虞流入有機溶劑或其混存物之開口部。 ／ 六、以水、水蒸氣或化學藥品清洗儲槽之內壁，並將清洗後之水、水蒸氣或化學藥品排出儲槽。 ／ 七、應送入或吸出三倍於儲槽容積之空氣，或以水灌滿儲槽後予以全部排出。 ／ 八、應以測定方法確認儲槽之內部之有機溶劑濃度未超過容許濃度。 ／ 九、應置備適當的救難設施。 ／ 十、勞工如被有機溶劑或其混存物污染時，應即使其離開儲槽內部，並使該勞工清洗身體除卻污染。
OSH-47	OSH	有機溶劑中毒預防規則	第23條		雇主應禁止勞工在有機溶劑作業場所吸菸或飲食，且應將其意旨揭示於該作業場所之顯明易見之處。
OSH-47	OSH	有機溶劑中毒預防規則	第24條		雇主使勞工從事下列作業時，應供給該作業勞工輸氣管面罩，並使其確實佩戴使用： ／ 一、從事第二條第十二款規定之作業。 ／ 二、於依第十一條第二款未設置密閉設備、局部排氣裝置或整體換氣裝置之儲槽等之作業場所或通風不充分之室內作業場所，從事有機溶劑作業，其作業時間短暫。 ／ 前項規定之輸氣管面罩，應具不使勞工吸入有機溶劑蒸氣之性能。
OSH-47	OSH	有機溶劑中毒預防規則	第25條		雇主使勞工從事下列作業時，應使該作業勞工佩戴輸氣管面罩或適當之有機氣體用防毒面罩： ／ 一、於依第十一條第一款規定以整體換氣裝置代替密閉設備或局部排氣裝置之室內作業場所或儲槽等之作業場所，從事有機溶劑作業。 ／ 二、於依第六條第一項第二款、第三款之規定設置整體換氣裝置之儲槽等之作業場所，從事有機溶劑作業。 ／ 三、於依第八條規定，未設置密閉設備、局部排氣裝置或整體換氣裝置之作業場所，從事臨時性之有機溶劑作業。 ／ 四、於室內作業場所或儲槽等之作業場所，開啟尚未清除有機溶劑或其混存物之密閉設備。 ／ 五、於室內作業場所從事有機溶劑作業設置吹吸型換氣裝置，因貨物台上置有工作物致換氣裝置內氣流有引起擾亂之虞者。 ／ 雇主依前條及前項規定使勞工戴用輸氣管面罩之連續作業時間，每次不得超過一小時，並給予適當之休息時間。
OSH-47	OSH	有機溶劑中毒預防規則	第26條		雇主對於前二條規定作業期間，應置備與作業勞工人數相同數量以上之必要防護具，保持其性能及清潔，並使勞工確實使用。
OSH-47	OSH	有機溶劑中毒預防規則	第27條		雇主於室內儲藏有機溶劑或其混存物時，應使用備有栓蓋之堅固容器，以免有機溶劑或其混存物之溢出、漏洩、滲洩或擴散，該儲藏場所應依下列規定： ／ 一、防止與作業無關人員進入之措施。 ／ 二、將有機溶劑蒸氣排除於室外。
OSH-47	OSH	有機溶劑中毒預防規則	第28條		雇主對於曾儲存有機溶劑或其混存物之容器而有發散有機溶劑蒸氣之虞者，應將該容器予以密閉或堆積於室外之一定場所。
OSH-47	OSH	有機溶劑中毒預防規則	第29條		本規則除第三條附表一，自中華民國一百十五年七月一日施行，及第十二條第二項、第十七條第二項至第五項、第十八條，自一百十六年七月一日施行外，自發布日施行。
OSH-48	OSH	勞動基準法	第1條		為規定勞動條件最低標準，保障勞工權益，加強勞雇關係，促進社會與經濟發展，特制定本法；本法未規定者，適用其他法律之規定。 ／ 雇主與勞工所訂勞動條件，不得低於本法所定之最低標準。
OSH-48	OSH	勞動基準法	第2條		本法用詞，定義如下： ／ 一、勞工：指受雇主僱用從事工作獲致工資者。 ／ 二、雇主：指僱用勞工之事業主、事業經營之負責人或代表事業主處理有關勞工事務之人。 ／ 三、工資：指勞工因工作而獲得之報酬；包括工資、薪金及按計時、計日、計月、計件以現金或實物等方式給付之獎金、津貼及其他任何名義之經常性給與均屬之。 ／ 四、平均工資：指計算事由發生之當日前六個月內所得工資總額除以該期間之總日數所得之金額。工作未滿六個月者，指工作期間所得工資總額除以工作期間之總日數所得之金額。工資按工作日數、時數或論件計算者，其依上述方式計算之平均工資，如少於該期內工資總額除以實際工作日數所得金額百分之六十者，以百分之六十計。 ／ 五、事業單位：指適用本法各業僱用勞工從事工作之機構。 ／ 六、勞動契約：指約定勞雇關係而具有從屬性之契約。 ／ 七、派遣事業單位：指從事勞動派遣業務之事業單位。 ／ 八、要派單位：指依據要派契約，實際指揮監督管理派遣勞工從事工作者。 ／ 九、派遣勞工：指受派遣事業單位僱用，並向要派單位提供勞務者。 ／ 十、要派契約：指要派單位與派遣事業單位就勞動派遣事項所訂立之契約。
OSH-48	OSH	勞動基準法	第3條		本法於左列各業適用之： ／ 一、農、林、漁、牧業。 ／ 二、礦業及土石採取業。 ／ 三、製造業。 ／ 四、營造業。 ／ 五、水電、煤氣業。 ／ 六、運輸、倉儲及通信業。 ／ 七、大眾傳播業。 ／ 八、其他經中央主管機關指定之事業。 ／ 依前項第八款指定時，得就事業之部分工作場所或工作者指定適用。 ／ 本法適用於一切勞雇關係。但因經營型態、管理制度及工作特性等因素適用本法確有窒礙難行者，並經中央主管機關指定公告之行業或工作者，不適用之。 ／ 前項因窒礙難行而不適用本法者，不得逾第一項第一款至第七款以外勞工總數五分之一。
OSH-48	OSH	勞動基準法	第4條		本法所稱主管機關：在中央為勞動部；在直轄市為直轄市政府；在縣（市）為縣（市）政府。
OSH-48	OSH	勞動基準法	第5條		雇主不得以強暴、脅迫、拘禁或其他非法之方法，強制勞工從事勞動。
OSH-48	OSH	勞動基準法	第6條		任何人不得介入他人之勞動契約，抽取不法利益。
OSH-48	OSH	勞動基準法	第7條		雇主應置備勞工名卡，登記勞工之姓名、性別、出生年月日、本籍、教育程度、住址、身分證統一號碼、到職年月日、工資、勞工保險投保日期、獎懲、傷病及其他必要事項。 ／ 前項勞工名卡，應保管至勞工離職後五年。
OSH-48	OSH	勞動基準法	第8條		雇主對於僱用之勞工，應預防職業上災害，建立適當之工作環境及福利設施。其有關安全衛生及福利事項，依有關法律之規定。
OSH-48	OSH	勞動基準法	第9條		勞動契約，分為定期契約及不定期契約。臨時性、短期性、季節性及特定性工作得為定期契約；有繼續性工作應為不定期契約。派遣事業單位與派遣勞工訂定之勞動契約，應為不定期契約。 ／ 定期契約屆滿後，有下列情形之一，視為不定期契約： ／ 一、勞工繼續工作而雇主不即表示反對意思者。 ／ 二、雖經另訂新約，惟其前後勞動契約之工作期間超過九十日，前後契約間斷期間未超過三十日者。 ／ 前項規定於特定性或季節性之定期工作不適用之。
OSH-48	OSH	勞動基準法	第9條之1		未符合下列規定者，雇主不得與勞工為離職後競業禁止之約定： ／ 一、雇主有應受保護之正當營業利益。 ／ 二、勞工擔任之職位或職務，能接觸或使用雇主之營業秘密。 ／ 三、競業禁止之期間、區域、職業活動之範圍及就業對象，未逾合理範疇。 ／ 四、雇主對勞工因不從事競業行為所受損失有合理補償。 ／ 前項第四款所定合理補償，不包括勞工於工作期間所受領之給付。 ／ 違反第一項各款規定之一者，其約定無效。 ／ 離職後競業禁止之期間，最長不得逾二年。逾二年者，縮短為二年。
OSH-48	OSH	勞動基準法	第10條		定期契約屆滿後或不定期契約因故停止履行後，未滿三個月而訂定新約或繼續履行原約時，勞工前後工作年資，應合併計算。
OSH-48	OSH	勞動基準法	第10條之1		雇主調動勞工工作，不得違反勞動契約之約定，並應符合下列原則： ／ 一、基於企業經營上所必須，且不得有不當動機及目的。但法律另有規定者，從其規定。 ／ 二、對勞工之工資及其他勞動條件，未作不利之變更。 ／ 三、調動後工作為勞工體能及技術可勝任。 ／ 四、調動工作地點過遠，雇主應予以必要之協助。 ／ 五、考量勞工及其家庭之生活利益。
OSH-48	OSH	勞動基準法	第11條		非有左列情事之一者，雇主不得預告勞工終止勞動契約： ／ 一、歇業或轉讓時。 ／ 二、虧損或業務緊縮時。 ／ 三、不可抗力暫停工作在一個月以上時。 ／ 四、業務性質變更，有減少勞工之必要，又無適當工作可供安置時。 ／ 五、勞工對於所擔任之工作確不能勝任時。
OSH-48	OSH	勞動基準法	第12條		勞工有左列情形之一者，雇主得不經預告終止契約： ／ 一、於訂立勞動契約時為虛偽意思表示，使雇主誤信而有受損害之虞者。 ／ 二、對於雇主、雇主家屬、雇主代理人或其他共同工作之勞工，實施暴行或有重大侮辱之行為者。 ／ 三、受有期徒刑以上刑之宣告確定，而未諭知緩刑或未准易科罰金者。 ／ 四、違反勞動契約或工作規則，情節重大者。 ／ 五、故意損耗機器、工具、原料、產品，或其他雇主所有物品，或故意洩漏雇主技術上、營業上之秘密，致雇主受有損害者。 ／ 六、無正當理由繼續曠工三日，或一個月內曠工達六日者。 ／ 雇主依前項第一款、第二款及第四款至第六款規定終止契約者，應自知悉其情形之日起，三十日內為之。
OSH-48	OSH	勞動基準法	第13條		勞工在第五十條規定之停止工作期間或第五十九條規定之醫療期間，雇主不得終止契約。但雇主因天災、事變或其他不可抗力致事業不能繼續，經報主管機關核定者，不在此限。
OSH-48	OSH	勞動基準法	第14條		有下列情形之一者，勞工得不經預告終止契約： ／ 一、雇主於訂立勞動契約時為虛偽之意思表示，使勞工誤信而有受損害之虞者。 ／ 二、雇主、雇主家屬、雇主代理人對於勞工，實施暴行或有重大侮辱之行為者。 ／ 三、契約所訂之工作，對於勞工健康有危害之虞，經通知雇主改善而無效果者。 ／ 四、雇主、雇主代理人或其他勞工患有法定傳染病，對共同工作之勞工有傳染之虞，且重大危害其健康者。 ／ 五、雇主不依勞動契約給付工作報酬，或對於按件計酬之勞工不供給充分之工作者。 ／ 六、雇主違反勞動契約或勞工法令，致有損害勞工權益之虞者。 ／ 勞工依前項第一款、第六款規定終止契約者，應自知悉其情形之日起，三十日內為之。但雇主有前項第六款所定情形者，勞工得於知悉損害結果之日起，三十日內為之。 ／ 有第一項第二款或第四款情形，雇主已將該代理人間之契約終止，或患有法定傳染病者依衛生法規已接受治療時，勞工不得終止契約。 ／ 第十七條規定於本條終止契約準用之。
OSH-48	OSH	勞動基準法	第15條		特定性定期契約期限逾三年者，於屆滿三年後，勞工得終止契約。但應於三十日前預告雇主。 ／ 不定期契約，勞工終止契約時，應準用第十六條第一項規定期間預告雇主。
OSH-48	OSH	勞動基準法	第15條之1		未符合下列規定之一，雇主不得與勞工為最低服務年限之約定： ／ 一、雇主為勞工進行專業技術培訓，並提供該項培訓費用者。 ／ 二、雇主為使勞工遵守最低服務年限之約定，提供其合理補償者。 ／ 前項最低服務年限之約定，應就下列事項綜合考量，不得逾合理範圍： ／ 一、雇主為勞工進行專業技術培訓之期間及成本。 ／ 二、從事相同或類似職務之勞工，其人力替補可能性。 ／ 三、雇主提供勞工補償之額度及範圍。 ／ 四、其他影響最低服務年限合理性之事項。 ／ 違反前二項規定者，其約定無效。 ／ 勞動契約因不可歸責於勞工之事由而於最低服務年限屆滿前終止者，勞工不負違反最低服務年限約定或返還訓練費用之責任。
OSH-48	OSH	勞動基準法	第16條		雇主依第十一條或第十三條但書規定終止勞動契約者，其預告期間依左列各款之規定： ／ 一、繼續工作三個月以上一年未滿者，於十日前預告之。 ／ 二、繼續工作一年以上三年未滿者，於二十日前預告之。 ／ 三、繼續工作三年以上者，於三十日前預告之。 ／ 勞工於接到前項預告後，為另謀工作得於工作時間請假外出。其請假時數，每星期不得超過二日之工作時間，請假期間之工資照給。 ／ 雇主未依第一項規定期間預告而終止契約者，應給付預告期間之工資。
OSH-48	OSH	勞動基準法	第17條		雇主依前條終止勞動契約者，應依下列規定發給勞工資遣費： ／ 一、在同一雇主之事業單位繼續工作，每滿一年發給相當於一個月平均工資之資遣費。 ／ 二、依前款計算之剩餘月數，或工作未滿一年者，以比例計給之。未滿一個月者以一個月計。 ／ 前項所定資遣費，雇主應於終止勞動契約三十日內發給。
OSH-48	OSH	勞動基準法	第17條之1		要派單位不得於派遣事業單位與派遣勞工簽訂勞動契約前，有面試該派遣勞工或其他指定特定派遣勞工之行為。 ／ 要派單位違反前項規定，且已受領派遣勞工勞務者，派遣勞工得於要派單位提供勞務之日起九十日內，以書面向要派單位提出訂定勞動契約之意思表示。 ／ 要派單位應自前項派遣勞工意思表示到達之日起十日內，與其協商訂定勞動契約。逾期未協商或協商不成立者，視為雙方自期滿翌日成立勞動契約，並以派遣勞工於要派單位工作期間之勞動條件為勞動契約內容。 ／ 派遣事業單位及要派單位不得因派遣勞工提出第二項意思表示，而予以解僱、降調、減薪、損害其依法令、契約或習慣上所應享有之權益，或其他不利之處分。 ／ 派遣事業單位及要派單位為前項行為之一者，無效。 ／ 派遣勞工因第二項及第三項規定與要派單位成立勞動契約者，其與派遣事業單位之勞動契約視為終止，且不負違反最低服務年限約定或返還訓練費用之責任。 ／ 前項派遣事業單位應依本法或勞工退休金條例規定之給付標準及期限，發給派遣勞工退休金或資遣費。
OSH-48	OSH	勞動基準法	第18條		有左列情形之一者，勞工不得向雇主請求加發預告期間工資及資遣費： ／ 一、依第十二條或第十五條規定終止勞動契約者。 ／ 二、定期勞動契約期滿離職者。
OSH-48	OSH	勞動基準法	第19條		勞動契約終止時，勞工如請求發給服務證明書，雇主或其代理人不得拒絕。
OSH-48	OSH	勞動基準法	第20條		事業單位改組或轉讓時，除新舊雇主商定留用之勞工外，其餘勞工應依第十六條規定期間預告終止契約，並應依第十七條規定發給勞工資遣費。其留用勞工之工作年資，應由新雇主繼續予以承認。
OSH-48	OSH	勞動基準法	第21條		工資由勞雇雙方議定之。但不得低於基本工資。 ／ 前項基本工資，由中央主管機關設基本工資審議委員會擬訂後，報請行政院核定之。 ／ 前項基本工資審議委員會之組織及其審議程序等事項，由中央主管機關另以辦法定之。
OSH-48	OSH	勞動基準法	第22條		工資之給付，應以法定通用貨幣為之。但基於習慣或業務性質，得於勞動契約內訂明一部以實物給付之。工資之一部以實物給付時，其實物之作價應公平合理，並適合勞工及其家屬之需要。 ／ 工資應全額直接給付勞工。但法令另有規定或勞雇雙方另有約定者，不在此限。
OSH-48	OSH	勞動基準法	第22條之1		派遣事業單位積欠派遣勞工工資，經主管機關處罰或依第二十七條規定限期令其給付而屆期未給付者，派遣勞工得請求要派單位給付。要派單位應自派遣勞工請求之日起三十日內給付之。 ／ 要派單位依前項規定給付者，得向派遣事業單位求償或扣抵要派契約之應付費用。
OSH-48	OSH	勞動基準法	第23條		工資之給付，除當事人有特別約定或按月預付者外，每月至少定期發給二次，並應提供工資各項目計算方式明細；按件計酬者亦同。 ／ 雇主應置備勞工工資清冊，將發放工資、工資各項目計算方式明細、工資總額等事項記入。工資清冊應保存五年。
OSH-48	OSH	勞動基準法	第24條		雇主延長勞工工作時間者，其延長工作時間之工資，依下列標準加給： ／ 一、延長工作時間在二小時以內者，按平日每小時工資額加給三分之一以上。 ／ 二、再延長工作時間在二小時以內者，按平日每小時工資額加給三分之二以上。 ／ 三、依第三十二條第四項規定，延長工作時間者，按平日每小時工資額加倍發給。 ／ 雇主使勞工於第三十六條所定休息日工作，工作時間在二小時以內者，其工資按平日每小時工資額另再加給一又三分之一以上；工作二小時後再繼續工作者，按平日每小時工資額另再加給一又三分之二以上。
OSH-48	OSH	勞動基準法	第25條		雇主對勞工不得因性別而有差別之待遇。工作相同、效率相同者，給付同等之工資。
OSH-48	OSH	勞動基準法	第26條		雇主不得預扣勞工工資作為違約金或賠償費用。
OSH-48	OSH	勞動基準法	第27條		雇主不按期給付工資者，主管機關得限期令其給付。
OSH-48	OSH	勞動基準法	第28條		雇主有歇業、清算或宣告破產之情事時，勞工之下列債權受償順序與第一順位抵押權、質權或留置權所擔保之債權相同，按其債權比例受清償；未獲清償部分，有最優先受清償之權： ／ 一、本於勞動契約所積欠之工資未滿六個月部分。 ／ 二、雇主未依本法給付之退休金。 ／ 三、雇主未依本法或勞工退休金條例給付之資遣費。 ／ 雇主應按其當月僱用勞工投保薪資總額及規定之費率，繳納一定數額之積欠工資墊償基金，作為墊償下列各款之用： ／ 一、前項第一款積欠之工資數額。 ／ 二、前項第二款與第三款積欠之退休金及資遣費，其合計數額以六個月平均工資為限。 ／ 積欠工資墊償基金，累積至一定金額後，應降低費率或暫停收繳。 ／ 第二項費率，由中央主管機關於萬分之十五範圍內擬訂，報請行政院核定之。 ／ 雇主積欠之工資、退休金及資遣費，經勞工請求未獲清償者，由積欠工資墊償基金依第二項規定墊償之；雇主應於規定期限內，將墊款償還積欠工資墊償基金。 ／ 積欠工資墊償基金，由中央主管機關設管理委員會管理之。基金之收繳有關業務，得由中央主管機關，委託勞工保險機構辦理之。基金墊償程序、收繳與管理辦法、第三項之一定金額及管理委員會組織規程，由中央主管機關定之。
OSH-48	OSH	勞動基準法	第29條		事業單位於營業年度終了結算，如有盈餘，除繳納稅捐、彌補虧損及提列股息、公積金外，對於全年工作並無過失之勞工，應給與獎金或分配紅利。
OSH-48	OSH	勞動基準法	第30條		勞工正常工作時間，每日不得超過八小時，每週不得超過四十小時。 ／ 前項正常工作時間，雇主經工會同意，如事業單位無工會者，經勞資會議同意後，得將其二週內二日之正常工作時數，分配於其他工作日。其分配於其他工作日之時數，每日不得超過二小時。但每週工作總時數不得超過四十八小時。 ／ 第一項正常工作時間，雇主經工會同意，如事業單位無工會者，經勞資會議同意後，得將八週內之正常工作時數加以分配。但每日正常工作時間不得超過八小時，每週工作總時數不得超過四十八小時。 ／ 前二項規定，僅適用於經中央主管機關指定之行業。 ／ 雇主應置備勞工出勤紀錄，並保存五年。 ／ 前項出勤紀錄，應逐日記載勞工出勤情形至分鐘為止。勞工向雇主申請其出勤紀錄副本或影本時，雇主不得拒絕。 ／ 雇主不得以第一項正常工作時間之修正，作為減少勞工工資之事由。 ／ 第一項至第三項及第三十條之一之正常工作時間，雇主得視勞工照顧家庭成員需要，允許勞工於不變更每日正常工作時數下，在一小時範圍內，彈性調整工作開始及終止之時間。
OSH-48	OSH	勞動基準法	第30條之1		中央主管機關指定之行業，雇主經工會同意，如事業單位無工會者，經勞資會議同意後，其工作時間得依下列原則變更： ／ 一、四週內正常工作時數分配於其他工作日之時數，每日不得超過二小時，不受前條第二項至第四項規定之限制。 ／ 二、當日正常工作時間達十小時者，其延長之工作時間不得超過二小時。 ／ 三、女性勞工，除妊娠或哺乳期間者外，於夜間工作，不受第四十九條第一項之限制。但雇主應提供必要之安全衛生設施。 ／ 依中華民國八十五年十二月二十七日修正施行前第三條規定適用本法之行業，除第一項第一款之農、林、漁、牧業外，均不適用前項規定。
OSH-48	OSH	勞動基準法	第31條		在坑道或隧道內工作之勞工，以入坑口時起至出坑口時止為工作時間。
OSH-48	OSH	勞動基準法	第32條		雇主有使勞工在正常工作時間以外工作之必要者，雇主經工會同意，如事業單位無工會者，經勞資會議同意後，得將工作時間延長之。 ／ 前項雇主延長勞工之工作時間連同正常工作時間，一日不得超過十二小時；延長之工作時間，一個月不得超過四十六小時，但雇主經工會同意，如事業單位無工會者，經勞資會議同意後，延長之工作時間，一個月不得超過五十四小時，每三個月不得超過一百三十八小時。 ／ 雇主僱用勞工人數在三十人以上，依前項但書規定延長勞工工作時間者，應報當地主管機關備查。 ／ 因天災、事變或突發事件，雇主有使勞工在正常工作時間以外工作之必要者，得將工作時間延長之。但應於延長開始後二十四小時內通知工會；無工會組織者，應報當地主管機關備查。延長之工作時間，雇主應於事後補給勞工以適當之休息。 ／ 在坑內工作之勞工，其工作時間不得延長。但以監視為主之工作，或有前項所定之情形者，不在此限。
OSH-48	OSH	勞動基準法	第32條之1		雇主依第三十二條第一項及第二項規定使勞工延長工作時間，或使勞工於第三十六條所定休息日工作後，依勞工意願選擇補休並經雇主同意者，應依勞工工作之時數計算補休時數。 ／ 前項之補休，其補休期限由勞雇雙方協商；補休期限屆期或契約終止未補休之時數，應依延長工作時間或休息日工作當日之工資計算標準發給工資；未發給工資者，依違反第二十四條規定論處。
OSH-48	OSH	勞動基準法	第33條		第三條所列事業，除製造業及礦業外，因公眾之生活便利或其他特殊原因，有調整第三十條、第三十二條所定之正常工作時間及延長工作時間之必要者，得由當地主管機關會商目的事業主管機關及工會，就必要之限度內以命令調整之。
OSH-48	OSH	勞動基準法	第34條		勞工工作採輪班制者，其工作班次，每週更換一次。但經勞工同意者不在此限。 ／ 依前項更換班次時，至少應有連續十一小時之休息時間。但因工作特性或特殊原因，經中央目的事業主管機關商請中央主管機關公告者，得變更休息時間不少於連續八小時。 ／ 雇主依前項但書規定變更休息時間者，應經工會同意，如事業單位無工會者，經勞資會議同意後，始得為之。雇主僱用勞工人數在三十人以上者，應報當地主管機關備查。
OSH-48	OSH	勞動基準法	第35條		勞工繼續工作四小時，至少應有三十分鐘之休息。但實行輪班制或其工作有連續性或緊急性者，雇主得在工作時間內，另行調配其休息時間。
OSH-48	OSH	勞動基準法	第36條		勞工每七日中應有二日之休息，其中一日為例假，一日為休息日。 ／ 雇主有下列情形之一，不受前項規定之限制： ／ 一、依第三十條第二項規定變更正常工作時間者，勞工每七日中至少應有一日之例假，每二週內之例假及休息日至少應有四日。 ／ 二、依第三十條第三項規定變更正常工作時間者，勞工每七日中至少應有一日之例假，每八週內之例假及休息日至少應有十六日。 ／ 三、依第三十條之一規定變更正常工作時間者，勞工每二週內至少應有二日之例假，每四週內之例假及休息日至少應有八日。 ／ 雇主使勞工於休息日工作之時間，計入第三十二條第二項所定延長工作時間總數。但因天災、事變或突發事件，雇主有使勞工於休息日工作之必要者，其工作時數不受第三十二條第二項規定之限制。 ／ 經中央目的事業主管機關同意，且經中央主管機關指定之行業，雇主得將第一項、第二項第一款及第二款所定之例假，於每七日之週期內調整之。 ／ 前項所定例假之調整，應經工會同意，如事業單位無工會者，經勞資會議同意後，始得為之。雇主僱用勞工人數在三十人以上者，應報當地主管機關備查。
OSH-48	OSH	勞動基準法	第37條		內政部所定應放假之紀念日、節日、勞動節及其他中央主管機關指定應放假日，均應休假。 ／ 中華民國一百零五年十二月六日修正之前項規定，自一百零六年一月一日施行。
OSH-48	OSH	勞動基準法	第38條		勞工在同一雇主或事業單位，繼續工作滿一定期間者，應依下列規定給予特別休假： ／ 一、六個月以上一年未滿者，三日。 ／ 二、一年以上二年未滿者，七日。 ／ 三、二年以上三年未滿者，十日。 ／ 四、三年以上五年未滿者，每年十四日。 ／ 五、五年以上十年未滿者，每年十五日。 ／ 六、十年以上者，每一年加給一日，加至三十日為止。 ／ 前項之特別休假期日，由勞工排定之。但雇主基於企業經營上之急迫需求或勞工因個人因素，得與他方協商調整。 ／ 雇主應於勞工符合第一項所定之特別休假條件時，告知勞工依前二項規定排定特別休假。 ／ 勞工之特別休假，因年度終結或契約終止而未休之日數，雇主應發給工資。但年度終結未休之日數，經勞雇雙方協商遞延至次一年度實施者，於次一年度終結或契約終止仍未休之日數，雇主應發給工資。 ／ 雇主應將勞工每年特別休假之期日及未休之日數所發給之工資數額，記載於第二十三條所定之勞工工資清冊，並每年定期將其內容以書面通知勞工。 ／ 勞工依本條主張權利時，雇主如認為其權利不存在，應負舉證責任。
OSH-48	OSH	勞動基準法	第39條		第三十六條所定之例假、休息日、第三十七條所定之休假及第三十八條所定之特別休假，工資應由雇主照給。雇主經徵得勞工同意於休假日工作者，工資應加倍發給。因季節性關係有趕工必要，經勞工或工會同意照常工作者，亦同。
OSH-48	OSH	勞動基準法	第40條		因天災、事變或突發事件，雇主認有繼續工作之必要時，得停止第三十六條至第三十八條所定勞工之假期。但停止假期之工資，應加倍發給，並應於事後補假休息。 ／ 前項停止勞工假期，應於事後二十四小時內，詳述理由，報請當地主管機關核備。
OSH-48	OSH	勞動基準法	第41條		公用事業之勞工，當地主管機關認有必要時，得停止第三十八條所定之特別休假。假期內之工資應由雇主加倍發給。
OSH-48	OSH	勞動基準法	第42條		勞工因健康或其他正當理由，不能接受正常工作時間以外之工作者，雇主不得強制其工作。
OSH-48	OSH	勞動基準法	第43條		勞工因婚、喪、疾病或其他正當事由得請假；請假應給之假期及事假以外期間內工資給付之最低標準，由中央主管機關定之。
OSH-48	OSH	勞動基準法	第44條		十五歲以上未滿十六歲之受僱從事工作者，為童工。 ／ 童工及十六歲以上未滿十八歲之人，不得從事危險性或有害性之工作。
OSH-48	OSH	勞動基準法	第45條		雇主不得僱用未滿十五歲之人從事工作。但國民中學畢業或經主管機關認定其工作性質及環境無礙其身心健康而許可者，不在此限。 ／ 前項受僱之人，準用童工保護之規定。 ／ 第一項工作性質及環境無礙其身心健康之認定基準、審查程序及其他應遵行事項之辦法，由中央主管機關依勞工年齡、工作性質及受國民義務教育之時間等因素定之。 ／ 未滿十五歲之人透過他人取得工作為第三人提供勞務，或直接為他人提供勞務取得報酬未具勞僱關係者，準用前項及童工保護之規定。
OSH-48	OSH	勞動基準法	第46條		未滿十八歲之人受僱從事工作者，雇主應置備其法定代理人同意書及其年齡證明文件。
OSH-48	OSH	勞動基準法	第47條		童工每日之工作時間不得超過八小時，每週之工作時間不得超過四十小時，例假日不得工作。
OSH-48	OSH	勞動基準法	第48條		童工不得於午後八時至翌晨六時之時間內工作。
OSH-48	OSH	勞動基準法	第49條		雇主不得使女工於午後十時至翌晨六時之時間內工作。但雇主經工會同意，如事業單位無工會者，經勞資會議同意後，且符合下列各款規定者，不在此限： ／ 一、提供必要之安全衛生設施。 ／ 二、無大眾運輸工具可資運用時，提供交通工具或安排女工宿舍。 ／ 前項第一款所稱必要之安全衛生設施，其標準由中央主管機關定之。但雇主與勞工約定之安全衛生設施優於本法者，從其約定。 ／ 女工因健康或其他正當理由，不能於午後十時至翌晨六時之時間內工作者，雇主不得強制其工作。 ／ 第一項規定，於因天災、事變或突發事件，雇主必須使女工於午後十時至翌晨六時之時間內工作時，不適用之。 ／ 第一項但書及前項規定，於妊娠或哺乳期間之女工，不適用之。
OSH-48	OSH	勞動基準法	第50條		女工分娩前後，應停止工作，給予產假八星期；妊娠三個月以上流產者，應停止工作，給予產假四星期。 ／ 前項女工受僱工作在六個月以上者，停止工作期間工資照給；未滿六個月者減半發給。
OSH-48	OSH	勞動基準法	第51條		女工在妊娠期間，如有較為輕易之工作，得申請改調，雇主不得拒絕，並不得減少其工資。
OSH-48	OSH	勞動基準法	第52條		子女未滿一歲須女工親自哺乳者，於第三十五條規定之休息時間外，雇主應每日另給哺乳時間二次，每次以三十分鐘為度。 ／ 前項哺乳時間，視為工作時間。
OSH-48	OSH	勞動基準法	第53條		勞工有下列情形之一，得自請退休： ／ 一、工作十五年以上年滿五十五歲者。 ／ 二、工作二十五年以上者。 ／ 三、工作十年以上年滿六十歲者。
OSH-48	OSH	勞動基準法	第54條		勞工非有下列情形之一，雇主不得強制其退休： ／ 一、年滿六十五歲者。 ／ 二、身心障礙不堪勝任工作者。 ／ 前項第一款所規定之年齡，得由勞雇雙方協商延後之；對於擔任具有危險、堅強體力等特殊性質之工作者，得由事業單位報請中央主管機關予以調整，但不得少於五十五歲。
OSH-48	OSH	勞動基準法	第55條		勞工退休金之給與標準如下： ／ 一、按其工作年資，每滿一年給與兩個基數。但超過十五年之工作年資，每滿一年給與一個基數，最高總數以四十五個基數為限。未滿半年者以半年計；滿半年者以一年計。 ／ 二、依第五十四條第一項第二款規定，強制退休之勞工，其身心障礙係因執行職務所致者，依前款規定加給百分之二十。 ／ 前項第一款退休金基數之標準，係指核准退休時一個月平均工資。 ／ 第一項所定退休金，雇主應於勞工退休之日起三十日內給付，如無法一次發給時，得報經主管機關核定後，分期給付。本法施行前，事業單位原定退休標準優於本法者，從其規定。
OSH-48	OSH	勞動基準法	第56條		雇主應依勞工每月薪資總額百分之二至百分之十五範圍內，按月提撥勞工退休準備金，專戶存儲，並不得作為讓與、扣押、抵銷或擔保之標的；其提撥之比率、程序及管理等事項之辦法，由中央主管機關擬訂，報請行政院核定之。 ／ 雇主應於每年年度終了前，估算前項勞工退休準備金專戶餘額，該餘額不足給付次一年度內預估成就第五十三條或第五十四條第一項第一款退休條件之勞工，依前條計算之退休金數額者，雇主應於次年度三月底前一次提撥其差額，並送事業單位勞工退休準備金監督委員會審議。 ／ 第一項雇主按月提撥之勞工退休準備金匯集為勞工退休基金，由中央主管機關設勞工退休基金監理委員會管理之；其組織、會議及其他相關事項，由中央主管機關定之。 ／ 前項基金之收支、保管及運用，由中央主管機關會同財政部委託金融機構辦理。最低收益不得低於當地銀行二年定期存款利率之收益；如有虧損，由國庫補足之。基金之收支、保管及運用辦法，由中央主管機關擬訂，報請行政院核定之。 ／ 雇主所提撥勞工退休準備金，應由勞工與雇主共同組織勞工退休準備金監督委員會監督之。委員會中勞工代表人數不得少於三分之二；其組織準則，由中央主管機關定之。 ／ 雇主按月提撥之勞工退休準備金比率之擬訂或調整，應經事業單位勞工退休準備金監督委員會審議通過，並報請當地主管機關核定。 ／ 金融機構辦理核貸業務，需查核該事業單位勞工退休準備金提撥狀況之必要資料時，得請當地主管機關提供。 ／ 金融機構依前項取得之資料，應負保密義務，並確實辦理資料安全稽核作業。 ／ 前二項有關勞工退休準備金必要資料之內容、範圍、申請程序及其他應遵行事項之辦法，由中央主管機關會商金融監督管理委員會定之。
OSH-48	OSH	勞動基準法	第57條		勞工工作年資以服務同一事業者為限。但受同一雇主調動之工作年資，及依第二十條規定應由新雇主繼續予以承認之年資，應予併計。
OSH-48	OSH	勞動基準法	第58條		勞工請領退休金之權利，自退休之次月起，因五年間不行使而消滅。 ／ 勞工請領退休金之權利，不得讓與、抵銷、扣押或供擔保。 ／ 勞工依本法規定請領勞工退休金者，得檢具證明文件，於金融機構開立專戶，專供存入勞工退休金之用。 ／ 前項專戶內之存款，不得作為抵銷、扣押、供擔保或強制執行之標的。
OSH-48	OSH	勞動基準法	第59條		勞工因遭遇職業災害而致死亡、失能、傷害或疾病時，雇主應依下列規定予以補償。但如同一事故，依勞工保險條例或其他法令規定，已由雇主支付費用補償者，雇主得予以抵充之： ／ 一、勞工受傷或罹患職業病時，雇主應補償其必需之醫療費用。職業病之種類及其醫療範圍，依勞工保險條例有關之規定。 ／ 二、勞工在醫療中不能工作時，雇主應按其原領工資數額予以補償。但醫療期間屆滿二年仍未能痊癒，經指定之醫院診斷，審定為喪失原有工作能力，且不合第三款之失能給付標準者，雇主得一次給付四十個月之平均工資後，免除此項工資補償責任。 ／ 三、勞工經治療終止後，經指定之醫院診斷，審定其遺存障害者，雇主應按其平均工資及其失能程度，一次給予失能補償。失能補償標準，依勞工保險條例有關之規定。 ／ 四、勞工遭遇職業傷害或罹患職業病而死亡時，雇主除給與五個月平均工資之喪葬費外，並應一次給與其遺屬四十個月平均工資之死亡補償。其遺屬受領死亡補償之順位如下： ／ （一）配偶及子女。 ／ （二）父母。 ／ （三）祖父母。 ／ （四）孫子女。 ／ （五）兄弟姐妹。
OSH-48	OSH	勞動基準法	第60條		雇主依前條規定給付之補償金額，得抵充就同一事故所生損害之賠償金額。
OSH-48	OSH	勞動基準法	第61條		第五十九條之受領補償權，自得受領之日起，因二年間不行使而消滅。 ／ 受領補償之權利，不因勞工之離職而受影響，且不得讓與、抵銷、扣押或供擔保。 ／ 勞工或其遺屬依本法規定受領職業災害補償金者，得檢具證明文件，於金融機構開立專戶，專供存入職業災害補償金之用。 ／ 前項專戶內之存款，不得作為抵銷、扣押、供擔保或強制執行之標的。
OSH-48	OSH	勞動基準法	第62條		事業單位以其事業招人承攬，如有再承攬時，承攬人或中間承攬人，就各該承攬部分所使用之勞工，均應與最後承攬人，連帶負本章所定雇主應負職業災害補償之責任。 ／ 事業單位或承攬人或中間承攬人，為前項之災害補償時，就其所補償之部分，得向最後承攬人求償。
OSH-48	OSH	勞動基準法	第63條		承攬人或再承攬人工作場所，在原事業單位工作場所範圍內，或為原事業單位提供者，原事業單位應督促承攬人或再承攬人，對其所僱用勞工之勞動條件應符合有關法令之規定。 ／ 事業單位違背職業安全衛生法有關對於承攬人、再承攬人應負責任之規定，致承攬人或再承攬人所僱用之勞工發生職業災害時，應與該承攬人、再承攬人負連帶補償責任。
OSH-48	OSH	勞動基準法	第63條之1		要派單位使用派遣勞工發生職業災害時，要派單位應與派遣事業單位連帶負本章所定雇主應負職業災害補償之責任。 ／ 前項之職業災害依勞工保險條例或其他法令規定，已由要派單位或派遣事業單位支付費用補償者，得主張抵充。 ／ 要派單位及派遣事業單位因違反本法或有關安全衛生規定，致派遣勞工發生職業災害時，應連帶負損害賠償之責任。 ／ 要派單位或派遣事業單位依本法規定給付之補償金額，得抵充就同一事故所生損害之賠償金額。
OSH-48	OSH	勞動基準法	第64條		雇主不得招收未滿十五歲之人為技術生。但國民中學畢業者，不在此限。 ／ 稱技術生者，指依中央主管機關規定之技術生訓練職類中以學習技能為目的，依本章之規定而接受雇主訓練之人。 ／ 本章規定，於事業單位之養成工、見習生、建教合作班之學生及其他與技術生性質相類之人，準用之。
OSH-48	OSH	勞動基準法	第65條		雇主招收技術生時，須與技術生簽訂書面訓練契約一式三份，訂明訓練項目、訓練期限、膳宿負擔、生活津貼、相關教學、勞工保險、結業證明、契約生效與解除之條件及其他有關雙方權利、義務事項，由當事人分執，並送主管機關備案。 ／ 前項技術生如為未成年人，其訓練契約，應得法定代理人之允許。
OSH-48	OSH	勞動基準法	第66條		雇主不得向技術生收取有關訓練費用。
OSH-48	OSH	勞動基準法	第67條		技術生訓練期滿，雇主得留用之，並應與同等工作之勞工享受同等之待遇。雇主如於技術生訓練契約內訂明留用期間，應不得超過其訓練期間。
OSH-48	OSH	勞動基準法	第68條		技術生人數，不得超過勞工人數四分之一。勞工人數不滿四人者，以四人計。
OSH-48	OSH	勞動基準法	第69條		本法第四章工作時間、休息、休假，第五章童工、女工，第七章災害補償及其他勞工保險等有關規定，於技術生準用之。 ／ 技術生災害補償所採薪資計算之標準，不得低於基本工資。
OSH-48	OSH	勞動基準法	第70條		雇主僱用勞工人數在三十人以上者，應依其事業性質，就左列事項訂立工作規則，報請主管機關核備後並公開揭示之： ／ 一、工作時間、休息、休假、國定紀念日、特別休假及繼續性工作之輪班方法。 ／ 二、工資之標準、計算方法及發放日期。 ／ 三、延長工作時間。 ／ 四、津貼及獎金。 ／ 五、應遵守之紀律。 ／ 六、考勤、請假、獎懲及升遷。 ／ 七、受僱、解僱、資遣、離職及退休。 ／ 八、災害傷病補償及撫卹。 ／ 九、福利措施。 ／ 十、勞雇雙方應遵守勞工安全衛生規定。 ／ 十一、勞雇雙方溝通意見加強合作之方法。 ／ 十二、其他。
OSH-48	OSH	勞動基準法	第71條		工作規則，違反法令之強制或禁止規定或其他有關該事業適用之團體協約規定者，無效。
OSH-48	OSH	勞動基準法	第72條		中央主管機關，為貫徹本法及其他勞工法令之執行，設勞工檢查機構或授權直轄市主管機關專設檢查機構辦理之；直轄市、縣（市）主管機關於必要時，亦得派員實施檢查。 ／ 前項勞工檢查機構之組織，由中央主管機關定之。
OSH-48	OSH	勞動基準法	第73條		檢查員執行職務，應出示檢查證，各事業單位不得拒絕。事業單位拒絕檢查時，檢查員得會同當地主管機關或警察機關強制檢查之。 ／ 檢查員執行職務，得就本法規定事項，要求事業單位提出必要之報告、紀錄、帳冊及有關文件或書面說明。如需抽取物料、樣品或資料時，應事先通知雇主或其代理人並掣給收據。
OSH-48	OSH	勞動基準法	第74條		勞工發現事業單位違反本法及其他勞工法令規定時，得向雇主、主管機關或檢查機構申訴。 ／ 雇主不得因勞工為前項申訴，而予以解僱、降調、減薪、損害其依法令、契約或習慣上所應享有之權益，或其他不利之處分。 ／ 雇主為前項行為之一者，無效。 ／ 主管機關或檢查機構於接獲第一項申訴後，應為必要之調查，並於六十日內將處理情形，以書面通知勞工。 ／ 主管機關或檢查機構應對申訴人身分資料嚴守秘密，不得洩漏足以識別其身分之資訊。 ／ 違反前項規定者，除公務員應依法追究刑事與行政責任外，對因此受有損害之勞工，應負損害賠償責任。 ／ 主管機關受理檢舉案件之保密及其他應遵行事項之辦法，由中央主管機關定之。
OSH-48	OSH	勞動基準法	第75條		違反第五條規定者，處五年以下有期徒刑、拘役或科或併科新臺幣七十五萬元以下罰金。
OSH-48	OSH	勞動基準法	第76條		違反第六條規定者，處三年以下有期徒刑、拘役或科或併科新臺幣四十五萬元以下罰金。
OSH-48	OSH	勞動基準法	第77條		違反第四十二條、第四十四條第二項、第四十五條第一項、第四十七條、第四十八條、第四十九條第三項或第六十四條第一項規定者，處六個月以下有期徒刑、拘役或科或併科新臺幣三十萬元以下罰金。
OSH-48	OSH	勞動基準法	第78條		未依第十七條、第十七條之一第七項、第五十五條規定之標準或期限給付者，處新臺幣三十萬元以上一百五十萬元以下罰鍰，並限期令其給付，屆期未給付者，應按次處罰。 ／ 違反第十三條、第十七條之一第一項、第四項、第二十六條、第五十條、第五十一條或第五十六條第二項規定者，處新臺幣九萬元以上四十五萬元以下罰鍰。
OSH-48	OSH	勞動基準法	第79條		有下列各款規定行為之一者，處新臺幣二萬元以上一百萬元以下罰鍰： ／ 一、違反第二十一條第一項、第二十二條至第二十五條、第三十條第一項至第三項、第六項、第七項、第三十二條、第三十四條至第四十一條、第四十九條第一項或第五十九條規定。 ／ 二、違反主管機關依第二十七條限期給付工資或第三十三條調整工作時間之命令。 ／ 三、違反中央主管機關依第四十三條所定假期或事假以外期間內工資給付之最低標準。 ／ 違反第三十條第五項或第四十九條第五項規定者，處新臺幣九萬元以上四十五萬元以下罰鍰。 ／ 違反第七條、第九條第一項、第十六條、第十九條、第二十八條第二項、第四十六條、第五十六條第一項、第六十五條第一項、第六十六條至第六十八條、第七十條或第七十四條第二項規定者，處新臺幣二萬元以上三十萬元以下罰鍰。 ／ 有前三項規定行為之一者，主管機關得依事業規模、違反人數或違反情節，加重其罰鍰至法定罰鍰最高額二分之一。
OSH-48	OSH	勞動基準法	第79條之1		違反第四十五條第二項、第四項、第六十四條第三項及第六十九條第一項準用規定之處罰，適用本法罰則章規定。
OSH-48	OSH	勞動基準法	第80條		拒絕、規避或阻撓勞工檢查員依法執行職務者，處新臺幣三萬元以上十五萬元以下罰鍰。
OSH-48	OSH	勞動基準法	第80條之1		違反本法經主管機關處以罰鍰者，主管機關應公布其事業單位或事業主之名稱、負責人姓名、處分期日、違反條文及罰鍰金額，並限期令其改善；屆期未改善者，應按次處罰。 ／ 主管機關裁處罰鍰，得審酌與違反行為有關之勞工人數、累計違法次數或未依法給付之金額，為量罰輕重之標準。
OSH-48	OSH	勞動基準法	第81條		法人之代表人、法人或自然人之代理人、受僱人或其他從業人員，因執行業務違反本法規定，除依本章規定處罰行為人外，對該法人或自然人並應處以各該條所定之罰金或罰鍰。但法人之代表人或自然人對於違反之發生，已盡力為防止行為者，不在此限。 ／ 法人之代表人或自然人教唆或縱容為違反之行為者，以行為人論。
OSH-48	OSH	勞動基準法	第82條		本法所定之罰鍰，經主管機關催繳，仍不繳納時，得移送法院強制執行。
OSH-48	OSH	勞動基準法	第83條		為協調勞資關係，促進勞資合作，提高工作效率，事業單位應舉辦勞資會議。其辦法由中央主管機關會同經濟部訂定，並報行政院核定。
OSH-48	OSH	勞動基準法	第84條		公務員兼具勞工身分者，其有關任（派）免、薪資、獎懲、退休、撫卹及保險（含職業災害）等事項，應適用公務員法令之規定。但其他所定勞動條件優於本法規定者，從其規定。
OSH-48	OSH	勞動基準法	第84條之1		經中央主管機關核定公告之下列工作者，得由勞雇雙方另行約定，工作時間、例假、休假、女性夜間工作，並報請當地主管機關核備，不受第三十條、第三十二條、第三十六條、第三十七條、第四十九條規定之限制。 ／ 一、監督、管理人員或責任制專業人員。 ／ 二、監視性或間歇性之工作。 ／ 三、其他性質特殊之工作。 ／ 前項約定應以書面為之，並應參考本法所定之基準且不得損及勞工之健康及福祉。
OSH-48	OSH	勞動基準法	第84條之2		勞工工作年資自受僱之日起算，適用本法前之工作年資，其資遣費及退休金給與標準，依其當時應適用之法令規定計算；當時無法令可資適用者，依各該事業單位自訂之規定或勞雇雙方之協商計算之。適用本法後之工作年資，其資遣費及退休金給與標準，依第十七條及第五十五條規定計算。
OSH-48	OSH	勞動基準法	第85條		本法施行細則，由中央主管機關擬定，報請行政院核定。
OSH-48	OSH	勞動基準法	第86條		本法自公布日施行。 ／ 本法中華民國八十九年六月二十八日修正公布之第三十條第一項及第二項，自九十年一月一日施行；一百零四年二月四日修正公布之第二十八條第一項，自公布後八個月施行；一百零四年六月三日修正公布之條文，自一百零五年一月一日施行；一百零五年十二月二十一日修正公布之第三十四條第二項施行日期，由行政院定之、第三十七條及第三十八條，自一百零六年一月一日施行。 ／ 本法中華民國一百零七年一月十日修正之條文，自一百零七年三月一日施行。
OSH-49	OSH	勞動基準法施行細則	第1條		本細則依勞動基準法（以下簡稱本法）第八十五條規定訂定之。
OSH-49	OSH	勞動基準法施行細則	第2條		依本法第二條第四款計算平均工資時，下列各款期日或期間均不計入： ／ 一、發生計算事由之當日。 ／ 二、因職業災害尚在醫療中者。 ／ 三、依本法第五十條第二項減半發給工資者。 ／ 四、雇主因天災、事變或其他不可抗力而不能繼續其事業，致勞工未能工作者。 ／ 五、依勞工請假規則請普通傷病假者。 ／ 六、依性別平等工作法請生理假、產假、家庭照顧假或安胎休養，致減少工資者。 ／ 七、留職停薪者。
OSH-49	OSH	勞動基準法施行細則	第3條		本法第三條第一項第一款至第七款所列各業，適用中華民國行業標準分類之規定。
OSH-49	OSH	勞動基準法施行細則	第4條		本法第三條第一項第八款所稱中央主管機關指定之事業及第三項所稱適用本法確有窒礙難行者，係指中央主管機關依中華民國行業標準分類之規定指定者，並得僅指定各行業中之一部分。
OSH-49	OSH	勞動基準法施行細則	第4條之1		（刪除）
OSH-49	OSH	勞動基準法施行細則	第5條		勞工工作年資以服務同一事業單位為限，並自受僱當日起算。 ／ 適用本法前已在同一事業單位工作之年資合併計算。
OSH-49	OSH	勞動基準法施行細則	第6條		本法第九條第一項所稱臨時性、短期性、季節性及特定性工作，依左列規定認定之： ／ 一、臨時性工作：係指無法預期之非繼續性工作，其工作期間在六個月以內者。 ／ 二、短期性工作：係指可預期於六個月內完成之非繼續性工作。 ／ 三、季節性工作：係指受季節性原料、材料來源或市場銷售影響之非繼續性工作，其工作期間在九個月以內者。 ／ 四、特定性工作：係指可在特定期間完成之非繼續性工作。其工作期間超過一年者，應報請主管機關核備。
OSH-49	OSH	勞動基準法施行細則	第7條		勞動契約應依本法有關規定約定下列事項： ／ 一、工作場所及應從事之工作。 ／ 二、工作開始與終止之時間、休息時間、休假、例假、休息日、請假及輪班制之換班。 ／ 三、工資之議定、調整、計算、結算與給付之日期及方法。 ／ 四、勞動契約之訂定、終止及退休。 ／ 五、資遣費、退休金、其他津貼及獎金。 ／ 六、勞工應負擔之膳宿費及工作用具費。 ／ 七、安全衛生。 ／ 八、勞工教育及訓練。 ／ 九、福利。 ／ 十、災害補償及一般傷病補助。 ／ 十一、應遵守之紀律。 ／ 十二、獎懲。 ／ 十三、其他勞資權利義務有關事項。
OSH-49	OSH	勞動基準法施行細則	第7條之1		離職後競業禁止之約定，應以書面為之，且應詳細記載本法第九條之一第一項第三款及第四款規定之內容，並由雇主與勞工簽章，各執一份。
OSH-49	OSH	勞動基準法施行細則	第7條之2		本法第九條之一第一項第三款所為之約定未逾合理範疇，應符合下列規定： ／ 一、競業禁止之期間，不得逾越雇主欲保護之營業秘密或技術資訊之生命週期，且最長不得逾二年。 ／ 二、競業禁止之區域，應以原雇主實際營業活動之範圍為限。 ／ 三、競業禁止之職業活動範圍，應具體明確，且與勞工原職業活動範圍相同或類似。 ／ 四、競業禁止之就業對象，應具體明確，並以與原雇主之營業活動相同或類似，且有競爭關係者為限。
OSH-49	OSH	勞動基準法施行細則	第7條之3		本法第九條之一第一項第四款所定之合理補償，應就下列事項綜合考量： ／ 一、每月補償金額不低於勞工離職時一個月平均工資百分之五十。 ／ 二、補償金額足以維持勞工離職後競業禁止期間之生活所需。 ／ 三、補償金額與勞工遵守競業禁止之期間、區域、職業活動範圍及就業對象之範疇所受損失相當。 ／ 四、其他與判斷補償基準合理性有關之事項。 ／ 前項合理補償，應約定離職後一次預為給付或按月給付。
OSH-49	OSH	勞動基準法施行細則	第8條		（刪除）
OSH-49	OSH	勞動基準法施行細則	第9條		依本法終止勞動契約時，雇主應即結清工資給付勞工。
OSH-49	OSH	勞動基準法施行細則	第10條		本法第二條第三款所稱之其他任何名義之經常性給與係指左列各款以外之給與。 ／ 一、紅利。 ／ 二、獎金：指年終獎金、競賽獎金、研究發明獎金、特殊功績獎金、久任獎金、節約燃料物料獎金及其他非經常性獎金。 ／ 三、春節、端午節、中秋節給與之節金。 ／ 四、醫療補助費、勞工及其子女教育補助費。 ／ 五、勞工直接受自顧客之服務費。 ／ 六、婚喪喜慶由雇主致送之賀禮、慰問金或奠儀等。 ／ 七、職業災害補償費。 ／ 八、勞工保險及雇主以勞工為被保險人加入商業保險支付之保險費。 ／ 九、差旅費、差旅津貼及交際費。 ／ 十、工作服、作業用品及其代金。 ／ 十一、其他經中央主管機關會同中央目的事業主管機關指定者。
OSH-49	OSH	勞動基準法施行細則	第11條		本法第二十一條所稱基本工資，指勞工在正常工作時間內所得之報酬。不包括延長工作時間之工資與休息日、休假日及例假工作加給之工資。
OSH-49	OSH	勞動基準法施行細則	第12條		採計件工資之勞工所得基本工資，以每日工作八小時之生產額或工作量換算之。
OSH-49	OSH	勞動基準法施行細則	第13條		勞工工作時間每日少於八小時者，除工作規則、勞動契約另有約定或另有法令規定者外，其基本工資得按工作時間比例計算之。
OSH-49	OSH	勞動基準法施行細則	第14條		（刪除）
OSH-49	OSH	勞動基準法施行細則	第14條之1		本法第二十三條所定工資各項目計算方式明細，應包括下列事項： ／ 一、勞雇雙方議定之工資總額。 ／ 二、工資各項目之給付金額。 ／ 三、依法令規定或勞雇雙方約定，得扣除項目之金額。 ／ 四、實際發給之金額。 ／ 雇主提供之前項明細，得以紙本、電子資料傳輸方式或其他勞工可隨時取得及得列印之資料為之。
OSH-49	OSH	勞動基準法施行細則	第15條		本法第二十八條第一項第一款所定積欠之工資，以雇主於歇業、清算或宣告破產前六個月內所積欠者為限。
OSH-49	OSH	勞動基準法施行細則	第16條		勞工死亡時，雇主應即結清其工資給付其遺屬。 ／ 前項受領工資之順位準用本法第五十九條第四款之規定。
OSH-49	OSH	勞動基準法施行細則	第17條		本法第三十條所稱正常工作時間跨越二曆日者，其工作時間應合併計算。
OSH-49	OSH	勞動基準法施行細則	第18條		勞工因出差或其他原因於事業場所外從事工作致不易計算工作時間者，以平時之工作時間為其工作時間。但其實際工作時間經證明者，不在此限。
OSH-49	OSH	勞動基準法施行細則	第19條		勞工於同一事業單位或同一雇主所屬不同事業場所工作時，應將在各該場所之工作時間合併計算，並加計往來於事業場所間所必要之交通時間。
OSH-49	OSH	勞動基準法施行細則	第20條		雇主有下列情形之一者，應即公告周知： ／ 一、依本法第三十條第二項、第三項或第三十條之一第一項第一款規定變更勞工正常工作時間。 ／ 二、依本法第三十條之一第一項第二款或第三十二條第一項、第二項、第四項規定延長勞工工作時間。 ／ 三、依本法第三十四條第二項但書規定變更勞工更換班次時之休息時間。 ／ 四、依本法第三十六條第二項或第四項規定調整勞工例假或休息日。
OSH-49	OSH	勞動基準法施行細則	第20條之1		本法所定雇主延長勞工工作之時間如下： ／ 一、每日工作時間超過八小時或每週工作總時數超過四十小時之部分。但依本法第三十條第二項、第三項或第三十條之一第一項第一款變更工作時間者，為超過變更後工作時間之部分。 ／ 二、勞工於本法第三十六條所定休息日工作之時間。
OSH-49	OSH	勞動基準法施行細則	第21條		本法第三十條第五項所定出勤紀錄，包括以簽到簿、出勤卡、刷卡機、門禁卡、生物特徵辨識系統、電腦出勤紀錄系統或其他可資覈實記載出勤時間工具所為之紀錄。 ／ 前項出勤紀錄，雇主因勞動檢查之需要或勞工向其申請時，應以書面方式提出。
OSH-49	OSH	勞動基準法施行細則	第22條		本法第三十二條第二項但書所定每三個月，以每連續三個月為一週期，依曆計算，以勞雇雙方約定之起迄日期認定之。 ／ 本法第三十二條第五項但書所定坑內監視為主之工作範圍如下： ／ 一、從事排水機之監視工作。 ／ 二、從事壓風機或冷卻設備之監視工作。 ／ 三、從事安全警報裝置之監視工作。 ／ 四、從事生產或營建施工之紀錄及監視工作。
OSH-49	OSH	勞動基準法施行細則	第22條之1		本法第三十二條第三項、第三十四條第三項及第三十六條第五項所定雇主僱用勞工人數，以同一雇主僱用適用本法之勞工人數計算，包括分支機構之僱用人數。 ／ 本法第三十二條第三項、第三十四條第三項及第三十六條第五項所定當地主管機關，為雇主之主事務所、主營業所或公務所所在地之直轄市政府或縣（市）政府。 ／ 本法第三十二條第三項、第三十四條第三項及第三十六條第五項所定應報備查，雇主至遲應於開始實施延長工作時間、變更休息時間或調整例假之前一日為之。但因天災、事變或突發事件不及報備查者，應於原因消滅後二十四小時內敘明理由為之。
OSH-49	OSH	勞動基準法施行細則	第22條之2		本法第三十二條之一所定補休，應依勞工延長工作時間或休息日工作事實發生時間先後順序補休。補休之期限逾依第二十四條第二項所約定年度之末日者，以該日為期限之末日。 ／ 前項補休期限屆期或契約終止時，發給工資之期限如下： ／ 一、補休期限屆期：於契約約定之工資給付日發給或於補休期限屆期後三十日內發給。 ／ 二、契約終止：依第九條規定發給。 ／ 勞工依本法第三十二條之一主張權利時，雇主如認為其權利不存在，應負舉證責任。
OSH-49	OSH	勞動基準法施行細則	第22條之3		本法第三十六條第一項、第二項第一款及第二款所定之例假，以每七日為一週期，依曆計算。雇主除依同條第四項及第五項規定調整者外，不得使勞工連續工作逾六日。
OSH-49	OSH	勞動基準法施行細則	第23條		（刪除）
OSH-49	OSH	勞動基準法施行細則	第23條之1		本法第三十七條所定休假遇本法第三十六條所定例假及休息日者，應予補假。但不包括本法第三十七條指定應放假之日。 ／ 前項補假期日，由勞雇雙方協商排定之。
OSH-49	OSH	勞動基準法施行細則	第24條		勞工於符合本法第三十八條第一項所定之特別休假條件時，取得特別休假之權利；其計算特別休假之工作年資，應依第五條之規定。 ／ 依本法第三十八條第一項規定給予之特別休假日數，勞工得於勞雇雙方協商之下列期間內，行使特別休假權利： ／ 一、以勞工受僱當日起算，每一週年之期間。但其工作六個月以上一年未滿者，為取得特別休假權利後六個月之期間。 ／ 二、每年一月一日至十二月三十一日之期間。 ／ 三、教育單位之學年度、事業單位之會計年度或勞雇雙方約定年度之期間。 ／ 雇主依本法第三十八條第三項規定告知勞工排定特別休假，應於勞工符合特別休假條件之日起三十日內為之。
OSH-49	OSH	勞動基準法施行細則	第24條之1		本法第三十八條第四項所定年度終結，為前條第二項期間屆滿之日。 ／ 本法第三十八條第四項所定雇主應發給工資，依下列規定辦理： ／ 一、發給工資之基準： ／ （一）按勞工未休畢之特別休假日數，乘以其一日工資計發。 ／ （二）前目所定一日工資，為勞工之特別休假於年度終結或契約終止前一日之正常工作時間所得之工資。其為計月者，為年度終結或契約終止前最近一個月正常工作時間所得之工資除以三十所得之金額。 ／ （三）勞雇雙方依本法第三十八條第四項但書規定協商遞延至次一年度實施者，按原特別休假年度終結時應發給工資之基準計發。 ／ 二、發給工資之期限： ／ （一）年度終結：於契約約定之工資給付日發給或於年度終結後三十日內發給。 ／ （二）契約終止：依第九條規定發給。 ／ 勞雇雙方依本法第三十八條第四項但書規定協商遞延至次一年度實施者，其遞延之日數，於次一年度請休特別休假時，優先扣除。
OSH-49	OSH	勞動基準法施行細則	第24條之2		本法第三十八條第五項所定每年定期發給之書面通知，依下列規定辦理： ／ 一、雇主應於前條第二項第二款所定發給工資之期限前發給。 ／ 二、書面通知，得以紙本、電子資料傳輸方式或其他勞工可隨時取得及得列印之資料為之。
OSH-49	OSH	勞動基準法施行細則	第24條之3		本法第三十九條所定休假日，為本法第三十七條所定休假及第三十八條所定特別休假。
OSH-49	OSH	勞動基準法施行細則	第25條		本法第四十四條第二項所定危險性或有害性之工作，依職業安全衛生有關法令之規定。
OSH-49	OSH	勞動基準法施行細則	第26條		雇主對依本法第五十條第一項請產假之女工，得要求其提出證明文件。
OSH-49	OSH	勞動基準法施行細則	第27條		本法第五十三條第一款、第五十四條第一項第一款及同條第二項但書規定之年齡，應以戶籍記載為準。
OSH-49	OSH	勞動基準法施行細則	第28條		（刪除）
OSH-49	OSH	勞動基準法施行細則	第29條		本法第五十五條第三項所定雇主得報經主管機關核定分期給付勞工退休金之情形如下： ／ 一、依法提撥之退休準備金不敷支付。 ／ 二、事業之經營或財務確有困難。
OSH-49	OSH	勞動基準法施行細則	第29條之1		本法第五十六條第二項規定之退休金數額，按本法第五十五條第一項之給與標準，依下列規定估算： ／ 一、勞工人數：為估算當年度終了時適用本法或勞工退休金條例第十一條第一項保留本法工作年資之在職勞工，且預估於次一年度內成就本法第五十三條或第五十四條第一項第一款退休條件者。 ／ 二、工作年資：自適用本法之日起算至估算當年度之次一年度終了或選擇適用勞工退休金條例前一日止。 ／ 三、平均工資：為估算當年度終了之一個月平均工資。 ／ 前項數額以元為單位，角以下四捨五入。
OSH-49	OSH	勞動基準法施行細則	第30條		雇主依本法第五十九條第二款補償勞工之工資，應於發給工資之日給與。
OSH-49	OSH	勞動基準法施行細則	第31條		本法第五十九條第二款所稱原領工資，係指該勞工遭遇職業災害前一日正常工作時間所得之工資。其為計月者，以遭遇職業災害前最近一個月正常工作時間所得之工資除以三十所得之金額，為其一日之工資。 ／ 罹患職業病者依前項規定計算所得金額低於平均工資者，以平均工資為準。
OSH-49	OSH	勞動基準法施行細則	第32條		依本法第五十九條第二款但書規定給付之補償，雇主應於決定後十五日內給與。在未給與前雇主仍應繼續為同款前段規定之補償。
OSH-49	OSH	勞動基準法施行細則	第33條		雇主依本法第五十九條第四款給與勞工之喪葬費應於死亡後三日內，死亡補償應於死亡後十五日內給付。
OSH-49	OSH	勞動基準法施行細則	第34條		本法第五十九條所定同一事故，依勞工保險條例或其他法令規定，已由雇主支付費用補償者，雇主得予以抵充之。但支付之費用如由勞工與雇主共同負擔者，其補償之抵充按雇主負擔之比例計算。
OSH-49	OSH	勞動基準法施行細則	第34條之1		勞工因遭遇職業災害而致死亡或失能時，雇主已依勞工保險條例規定為其投保，並經保險人核定為職業災害保險事故者，雇主依本法第五十九條規定給予之補償，以勞工之平均工資與平均投保薪資之差額，依本法第五十九條第三款及第四款規定標準計算之。
OSH-49	OSH	勞動基準法施行細則	第35條		雇主不得使技術生從事家事、雜役及其他非學習技能為目的之工作。但從事事業場所內之清潔整頓，器具工具及機械之清理者不在此限。
OSH-49	OSH	勞動基準法施行細則	第36條		技術生之工作時間應包括學科時間。
OSH-49	OSH	勞動基準法施行細則	第37條		雇主於僱用勞工人數滿三十人時應即訂立工作規則，並於三十日內報請當地主管機關核備。 ／ 本法第七十條所定雇主僱用勞工人數，依第二十二條之一第一項規定計算。 ／ 工作規則應依據法令、勞資協議或管理制度變更情形適時修正，修正後並依第一項程序報請核備。 ／ 主管機關認為有必要時，得通知雇主修訂前項工作規則。
OSH-49	OSH	勞動基準法施行細則	第38條		工作規則經主管機關核備後，雇主應即於事業場所內公告並印發各勞工。
OSH-49	OSH	勞動基準法施行細則	第39條		雇主認有必要時，得分別就本法第七十條各款另訂單項工作規則。
OSH-49	OSH	勞動基準法施行細則	第40條		事業單位之事業場所分散各地者，雇主得訂立適用於其事業單位全部勞工之工作規則或適用於該事業場所之工作規則。
OSH-49	OSH	勞動基準法施行細則	第41條		中央主管機關應每年定期發布次年度勞工檢查方針。 ／ 檢查機構應依前項檢查方針分別擬定各該機構之勞工檢查計畫，並於檢查方針發布之日起五十日內報請中央主管機關核定後，依該檢查計畫實施檢查。
OSH-49	OSH	勞動基準法施行細則	第42條		勞工檢查機構檢查員之任用、訓練、服務，除適用公務員法令之規定外，由中央主管機關定之。
OSH-49	OSH	勞動基準法施行細則	第43條		檢查員對事業單位實施檢查時，得通知事業單位之雇主、雇主代理人、勞工或有關人員提供必要文件或作必要之說明。
OSH-49	OSH	勞動基準法施行細則	第44條		檢查員檢查後，應將檢查結果向事業單位作必要之說明，並報告檢查機構。 ／ 檢查機構認為事業單位有違反法令規定時，應依法處理。
OSH-49	OSH	勞動基準法施行細則	第45條		事業單位對檢查結果有異議時，應於通知送達後十日內向檢查機構以書面提出。
OSH-49	OSH	勞動基準法施行細則	第46條		本法第七十四條第一項規定之申訴得以口頭或書面為之。
OSH-49	OSH	勞動基準法施行細則	第47條		雇主對前條之申訴事項，應即查明，如有違反法令規定情事應即改正，並將結果通知申訴人。
OSH-49	OSH	勞動基準法施行細則	第48條		（刪除）
OSH-49	OSH	勞動基準法施行細則	第49條		（刪除）
OSH-49	OSH	勞動基準法施行細則	第50條		本法第八十四條所稱公務員兼具勞工身分者，係指依各項公務員人事法令任用、派用、聘用、遴用而於本法第三條所定各業從事工作獲致薪資之人員。所稱其他所定勞動條件，係指工作時間、休息、休假、安全衛生、福利、加班費等而言。
OSH-49	OSH	勞動基準法施行細則	第50條之1		本法第八十四條之一第一項第一款、第二款所稱監督、管理人員、責任制專業人員、監視性或間歇性工作，依左列規定： ／ 一、監督、管理人員：係指受雇主僱用，負責事業之經營及管理工作，並對一般勞工之受僱、解僱或勞動條件具有決定權力之主管級人員。 ／ 二、責任制專業人員：係指以專門知識或技術完成一定任務並負責其成敗之工作者。 ／ 三、監視性工作：係指於一定場所以監視為主之工作。 ／ 四、間歇性工作：係指工作本身以間歇性之方式進行者。
OSH-49	OSH	勞動基準法施行細則	第50條之2		雇主依本法第八十四條之一規定將其與勞工之書面約定報請當地主管機關核備時，其內容應包括職稱、工作項目、工作權責或工作性質、工作時間、例假、休假、女性夜間工作等有關事項。
OSH-49	OSH	勞動基準法施行細則	第50條之3		勞工因終止勞動契約或發生職業災害所生爭議，提起給付工資、資遣費、退休金、職業災害補償或確認僱傭關係存在之訴訟，得向中央主管機關申請扶助。 ／ 前項扶助業務，中央主管機關得委託民間團體辦理。
OSH-49	OSH	勞動基準法施行細則	第50條之4		本法第二十八條第二項中華民國一百零四年二月六日修正生效前，雇主有清算或宣告破產之情事，於修正生效後，尚未清算完結或破產終結者，勞工對於該雇主所積欠之退休金及資遣費，得於同條第二項第二款規定之數額內，依同條第五項規定申請墊償。
OSH-49	OSH	勞動基準法施行細則	第51條		本細則自發布日施行。
OSH-50	OSH	特定化學物質危害預防標準	第1條		本標準依職業安全衛生法第六條第三項規定訂定之。
OSH-50	OSH	特定化學物質危害預防標準	第2條	Y	本標準所稱特定化學物質如下： ／ 一、甲類物質：指附表一第一款規定之物質。 ／ 二、乙類物質：指附表一第二款規定之物質。 ／ 三、丙類物質：指下列規定之物質。 ／ （一）丙類第一種物質：指附表一第三款第一目規定之物質。 ／ （二）丙類第二種物質：指附表一第三款第二目規定之物質。 ／ （三）丙類第三種物質：指附表一第三款第三目規定之物質。 ／ 四、丁類物質：指附表一第四款規定之物質。 ／ 前項特定化學物質屬危害性化學品標示及通識規則第三條第一款所定之製成品，不適用本標準。
OSH-50	OSH	特定化學物質危害預防標準	第3條		本標準所稱特定管理物質，指下列規定之物質： ／ 一、二氯聯苯胺及其鹽類、α-萘胺及其鹽類、鄰-二甲基聯苯胺及其鹽類、二甲氧基聯苯胺及其鹽類、次乙亞胺、氯乙烯、3,3-二氯-4,4-二胺基苯化甲烷、四羰化鎳、對-二甲胺基偶氮苯、β-丙內酯、環氧乙烷、奧黃、苯胺紅、石綿（不含青石綿、褐石綿）、鉻酸及其鹽類、砷及其化合物、鎳及其化合物、重鉻酸及其鹽類、1,3-丁二烯及甲醛（含各該列舉物佔其重量超過百分之一之混合物）。 ／ 二、鈹及其化合物、含鈹及其化合物之重量比超過百分之一或鈹合金含鈹之重量比超過百分之三之混合物（以下簡稱鈹等）。 ／ 三、三氯甲苯或其重量比超過百分之零點五之混合物。 ／ 四、苯或其體積比超過百分之一之混合物。 ／ 五、煤焦油或其重量比超過百分之五之混合物。
OSH-50	OSH	特定化學物質危害預防標準	第4條		本標準所稱特定化學設備，指製造或處理、置放（以下簡稱處置）、使用丙類第一種物質、丁類物質之固定式設備。
OSH-50	OSH	特定化學物質危害預防標準	第5條		本標準所稱特定化學管理設備，指特定化學設備中進行放熱反應之反應槽等，且有因異常化學反應等，致漏洩丙類第一種物質或丁類物質之虞者。
OSH-50	OSH	特定化學物質危害預防標準	第6條		為防止特定化學物質引起職業災害，雇主應致力確認所使用物質之毒性，尋求替代物之使用、建立適當作業方法、改善有關設施與作業環境並採取其他必要措施。
OSH-50	OSH	特定化學物質危害預防標準	第6條之1		雇主使勞工從事特定化學物質作業者，對於健康管理、作業環境監測、妊娠與分娩後女性勞工及未滿十八歲勞工保護與入槽安全等事項，應依勞工健康保護規則、勞工作業環境監測實施辦法、妊娠與分娩後女性及未滿十八歲勞工禁止從事危險性或有害性工作認定標準、缺氧症預防規則及職業安全衛生設施規則所定之局限空間作業等相關規定辦理。
OSH-50	OSH	特定化學物質危害預防標準	第7條		雇主不得使勞工從事製造、處置或使用甲類物質。但供試驗或研究者，不在此限。 ／ 前項供試驗或研究之甲類物質，雇主應依管制性化學品之指定及運作許可管理辦法規定，向中央主管機關申請許可。
OSH-50	OSH	特定化學物質危害預防標準	第8條		雇主使勞工從事試驗或研究甲類物質時，應依下列規定辦理： ／ 一、製造設備應為密閉設備。但在作業性質上設置該項設備顯有困難，而將其置於氣櫃內者，不在此限。 ／ 二、設置製造設備場所之地板及牆壁應以不浸透性材料構築，且應為易於用水清洗之構造。 ／ 三、從事製造或使用甲類物質者，應具有預防該物質引起危害健康之必要知識。 ／ 四、儲存甲類物質時，應採用不漏洩、不溢出等之堅固容器，並應依危害性化學品標示及通識規則規定予以標示。 ／ 五、甲類物質應保管於一定之場所，並將其意旨揭示於顯明易見之處。 ／ 六、供給從事製造或使用甲類物質之勞工使用不浸透性防護圍巾及防護手套等個人防護具。 ／ 七、製造場所應禁止與該作業無關之人員進入，並將其意旨揭示於顯明易見之處。
OSH-50	OSH	特定化學物質危害預防標準	第9條		雇主使勞工從事製造、處置或使用經中央主管機關指定為管制性化學品之乙類物質，除依管制性化學品之指定及運作許可管理辦法申請許可外，應依本標準規定辦理。
OSH-50	OSH	特定化學物質危害預防標準	第10條		雇主使勞工從事製造鈹等以外之乙類物質時，應依下列規定辦理： ／ 一、製造場所應與其他場所隔離，且該場所之地板及牆壁應以不浸透性材料構築，且應為易於用水清洗之構造。 ／ 二、製造設備應為密閉設備，且原料、材料及其他物質之供輸、移送或搬運，應採用不致使作業勞工之身體與其直接接觸之方法。 ／ 三、為預防反應槽內之放熱反應或加熱反應，自其接合部分漏洩氣體或蒸氣，應使用墊圈等密接。 ／ 四、為預防異常反應引起原料、材料或反應物質之溢出，應在冷凝器內充分注入冷卻水。 ／ 五、必須在運轉中檢點內部之篩選機或真空過濾機，應為於密閉狀態下即可觀察其內部之構造，且應加鎖；非有必要，不得開啟。 ／ 六、處置鈹等以外之乙類物質時，應由作業人員於隔離室遙控操作。但將粉狀鈹等以外之乙類物質充分濕潤成泥狀或溶解於溶劑中者，不在此限。 ／ 七、從事鈹等以外之乙類物質之計量、投入容器、自該容器取出或裝袋作業，於採取前款規定之設備顯有困難時，應採用不致使作業勞工之身體與其直接接觸之方法，且該作業場所應設置包圍型氣罩之局部排氣裝置；局部排氣裝置應置除塵裝置。 ／ 八、為預防鈹等以外之乙類物質之漏洩及其暴露對勞工之影響，應就下列事項訂定必要之操作程序，並依該程序實施作業： ／ （一）閥、旋塞等（製造鈹等以外之乙類物質之設備於輸給原料、材料時，以及自該設備取出製品等時為限。）之操作。 ／ （二）冷卻裝置、加熱裝置、攪拌裝置及壓縮裝置等之操作。 ／ （三）計測裝置及控制裝置之監視及調整。 ／ （四）安全閥、緊急遮斷裝置與其他安全裝置及自動警報裝置之調整。 ／ （五）蓋板、凸緣、閥、旋塞等接合部分之有否漏洩鈹等以外之乙類物質之檢點。 ／ （六）試料之採取及其所使用之器具等之處理。 ／ （七）發生異常時之緊急措施。 ／ （八）個人防護具之穿戴、檢點、保養及保管。 ／ （九）其他為防止漏洩等之必要措施。 ／ 九、自製造設備採取試料時，應依下列規定： ／ （一）使用專用容器。 ／ （二）試料之採取，應於事前指定適當地點，並不得使試料飛散。 ／ （三）經使用於採取試料之容器等，應以溫水充分洗淨，並保管於一定之場所。 ／ 十、勞工從事鈹等以外之乙類物質之處置作業時，應使該勞工穿戴工作衣、不浸透性防護手套及防護圍巾等個人防護具。
OSH-50	OSH	特定化學物質危害預防標準	第11條		雇主使勞工從事製造鈹等之乙類物質時，應依下列規定辦理： ／ 一、鈹等之燒結或煆燒設備（自氫氧化鈹製造高純度氧化鈹製程中之設備除外）應設置於與其他場所隔離之室內，且應設置局部排氣裝置。 ／ 二、經燒結、煆燒之鈹等，應使用吸出之方式自匣缽取出。 ／ 三、經使用於燒結、煆燒之匣缽之打碎，應與其他場所隔離之室內實施，且應設置局部排氣裝置。 ／ 四、鈹等之製造場所之地板及牆壁，應以不浸透性材料構築，且應為易於用水清洗之構造。 ／ 五、鈹等之製造設備（從事鈹等之燒結或煆燒設備、自電弧爐融出之鈹等製造鈹合金製程中之設備及自氫氧化鈹製造高純度氧化鈹製程中之設備除外）應為密閉設備或設置覆圍等。 ／ 六、必須於運轉中檢點內部之前款設備，應為於密閉狀態或覆圍狀態下可觀察其內部之構造，且應加鎖；非有必要，不得開啟。 ／ 七、以電弧爐融出之鈹等製造鈹合金製程中實施下列作業之場所，應設置局部排氣裝置。 ／ （一）於電弧爐上之作業。 ／ （二）自電弧爐泄漿之作業。 ／ （三）熔融鈹等之抽氣作業。 ／ （四）熔融鈹等之浮碴之清除作業。 ／ （五）熔融鈹等之澆注作業。 ／ 八、為減少電弧爐插入電極部分之間隙，應使用砂封。 ／ 九、自氫氧化鈹製造高純度氧化鈹製程中之設備，應依下列規定： ／ （一）熱分解爐應設置於與其他場所隔離之室內場所。 ／ （二）其他設備應為密閉設備、設置覆圍或加蓋形式之構造。 ／ 十、鈹等之供輸、移送或搬運，應採用不致使作業勞工之身體與其直接接觸之方法。 ／ 十一、處置粉狀之鈹等時（除供輸、移送或搬運外），應由作業人員於隔離室遙控操作。 ／ 十二、從事粉狀之鈹等之計量、投入容器、自該容器取出或裝袋作業，於採取前款規定之設施顯有困難時，應採用不致使作業勞工之身體與其直接接觸之方法，且該作業場所應設置包圍型氣罩之局部排氣裝置。 ／ 十三、為預防鈹等之粉塵、燻煙、霧滴之飛散致勞工遭受污染，應就下列事項訂定必要之操作程序，並依該程序實施作業： ／ （一）將鈹等投入容器或自該容器取出。 ／ （二）儲存鈹等之容器之搬運。 ／ （三）鈹等之空氣輸送裝置之檢點。 ／ （四）過濾集塵方式之集塵裝置（含過濾除塵方式之除塵裝置）之濾材之更換。 ／ （五）試料之採取及其所使用之器具等之處理。 ／ （六）發生異常時之緊急措施。 ／ （七）個人防護具之穿戴、檢點、保養及保管。 ／ （八）其他為防止鈹等之粉塵、燻煙、霧滴之飛散之必要措施。 ／ 十四、勞工從事鈹等之處置作業時，應使該勞工穿戴工作衣及防護手套（供處置濕潤狀態之鈹等之勞工應著不浸透性之防護手套）等個人防護具。
OSH-50	OSH	特定化學物質危害預防標準	第12條		雇主為試驗或研究使勞工從事製造乙類物質時，應依下列規定： ／ 一、製造設備應為密閉設備。但在作業性質上設置該項設備顯有困難，而將其置於氣櫃內者，不在此限。 ／ 二、製造場所應與其他場所隔離，且該場所之地板及牆壁應以不浸透性材料構築，且應為易於用水清洗之構造。 ／ 三、使從事製造乙類物質之勞工，具有預防該物質引起危害健康之必要知識。
OSH-50	OSH	特定化學物質危害預防標準	第13條		雇主使勞工處置、使用乙類物質，將乙類物質投入容器、自容器取出或投入反應槽等之作業時，應於該作業場所設置可密閉各該物質之氣體、蒸氣或粉塵發生源之密閉設備或使用包圍型氣罩之局部排氣裝置。
OSH-50	OSH	特定化學物質危害預防標準	第14條		雇主使勞工從事鈹等之加工作業（將鈹等投入容器、自容器取出或投入反應槽等之作業除外。）時，應於該作業場所設置可密閉鈹等之粉塵發生源之密閉設備或局部排氣裝置。
OSH-50	OSH	特定化學物質危害預防標準	第15條		雇主使勞工從事製造丙類第一種物質或丙類第二種物質時，製造設備應採用密閉型，由作業人員於隔離室遙控操作。但將各該粉狀物質充分濕潤成泥狀或溶解於溶劑中者，不在此限。 ／ 因計量、投入容器、自該容器取出或裝袋作業等，於採取前項設施顯有困難時，應採用不致使勞工之身體與其直接接觸之方法，且於各該作業場所設置包圍型氣罩之局部排氣裝置。
OSH-50	OSH	特定化學物質危害預防標準	第16條		雇主對散布有丙類物質之氣體、蒸氣或粉塵之室內作業場所，應於各該發生源設置密閉設備或局部排氣裝置。但設置該項設備顯有困難或為臨時性作業者，不在此限。 ／ 依前項但書規定未設密閉設備或局部排氣裝置時，仍應設整體換氣裝置或將各該物質充分濕潤成泥狀或溶解於溶劑中，使不致危害勞工健康。 ／ 第一項規定之室內作業場所不包括散布有丙類第一種物質之氣體、蒸氣或粉塵之下列室內作業場所： ／ 一、於丙類第一種物質製造場所，處置該物質時。 ／ 二、於燻蒸作業場所處置氰化氫、溴甲烷或含各該物質佔其重量超過百分之一之混合物（以下簡稱溴甲烷等）時。 ／ 三、將苯或含有苯佔其體積比超過百分之一之混合物（以下簡稱苯等）供為溶劑（含稀釋劑）使用時。
OSH-50	OSH	特定化學物質危害預防標準	第16條之1		第十三條、第十四條及前條應設置之控制設備，應依特定化學物質之健康危害分類、散布狀況及使用量等情形，評估風險等級，並依風險等級選擇有效之控制設備。
OSH-50	OSH	特定化學物質危害預防標準	第17條		雇主依本標準規定設置之局部排氣裝置，應依下列規定： ／ 一、氣罩應置於每一氣體、蒸氣或粉塵發生源；如為外裝型或接受型之氣罩，則應儘量接近各該發生源設置。 ／ 二、應儘量縮短導管長度、減少彎曲數目，且應於適當處所設置易於清掃之清潔口與測定孔。 ／ 三、設置有除塵裝置或廢氣處理裝置者，其排氣機應置於該裝置之後。但所吸引之氣體、蒸氣或粉塵無爆炸之虞且不致腐蝕該排氣機者，不在此限。 ／ 四、排氣口應置於室外。 ／ 五、於製造或處置特定化學物質之作業時間內有效運轉，降低空氣中有害物濃度。 ／ 雇主依第三十八條第二項規定設置之局部排氣裝置，應於氣罩連接導管適當處所，設置監測靜壓、流速或其他足以顯示該設備正常運轉之裝置。
OSH-50	OSH	特定化學物質危害預防標準	第18條		雇主對排水系統、坑或槽桶等，有因含有鹽酸、硝酸或硫酸等之酸性廢液與含有氰化物、硫化物或多硫化物等之廢液接觸或混合，致生成氰化氫或硫化氫之虞時，不得使此等廢液接觸或混合。
OSH-50	OSH	特定化學物質危害預防標準	第19條		雇主對受特定化學物質污染之破布、紙屑等，為防止勞工遭受危害，應收存於不浸透性容器，並加栓、蓋等措施。
OSH-50	OSH	特定化學物質危害預防標準	第20條		雇主對其設置之特定化學設備（不含設備之閥或旋塞）有丙類第一種物質或丁類物質之接觸部分，為防止其腐蝕致使該物質等之漏洩，應對各該物質之種類、溫度、濃度等，採用不易腐蝕之材料構築或施以內襯等必要措施。 ／ 雇主對特定化學設備之蓋板、凸緣、閥或旋塞等之接合部分，應使用足以防止前項物質自該部分漏洩之墊圈密接等必要措施。
OSH-50	OSH	特定化學物質危害預防標準	第21條		雇主對特定化學設備之閥、旋塞或操作此等之開關、按鈕等，為防止誤操作致丙類第一種物質或丁類物質之漏洩，應明顯標示開閉方向。 ／ 前項之閥或旋塞，除依前項規定外，應依下列規定： ／ 一、因應開閉頻率及所製造之丙類第一種物質或丁類物質之種類、溫度、濃度等，應使用耐久性材料製造。 ／ 二、特定化學設備使用必須頻繁開啟或拆卸之過濾器等及與此最近之特定化學設備（不含配管；以下於次條至第三十六條均同。）之間設置雙重開關。但設置有可確認該過濾器等與該特定化學設備間設置之閥或旋塞確實關閉之裝置者，不在此限。
OSH-50	OSH	特定化學物質危害預防標準	第22條		雇主對於設置特定化學設備之室內作業場所及其建築物，應有二處以上直接通達地面之避難梯、斜坡道；僅能設置一處避難梯者，其另一部分得以滑梯、避難用梯、避難橋、救助袋或避難用升降梯等避難用具代替。 ／ 前項規定之避難梯或斜坡道之一應置於室外，但設置前項後段規定者，不在此限。
OSH-50	OSH	特定化學物質危害預防標準	第23條		雇主使勞工處置、使用丙類第一種物質或丁類物質之合計在一百公升（氣體以其容積一立方公尺換算為二公升。以下均同。）以上時，應置備該物質等漏洩時能迅速告知有關人員之警報用器具及除卻危害之必要藥劑、器具等設施。
OSH-50	OSH	特定化學物質危害預防標準	第24條		雇主對處置、使用乙類物質之作業場所或製造、處置、使用丙類物質之作業場所及設置特定化學設備之室內作業場所之地板及牆壁，應以不浸透性材料構築，且應為易於用水清洗之構造。 ／ 前項處置乙類物質之作業場所，不包括乙類物質製造場所。
OSH-50	OSH	特定化學物質危害預防標準	第25條		雇主為防止供輸原料、材料及其他物料於特定化學設備之勞工因誤操作致丙類第一種物質或丁類物質之漏洩，應於該勞工易見之處，標示該原料、材料及其他物料之種類、輸送對象設備及其他必要事項。
OSH-50	OSH	特定化學物質危害預防標準	第26條		雇主對特定化學管理設備，為早期掌握其異常化學反應等之發生，應設適當之溫度計、流量計及壓力計等計測裝置。
OSH-50	OSH	特定化學物質危害預防標準	第27條		雇主對製造、處置或使用丙類第一種物質或丁類物質之合計在一百公升以上之特定化學管理設備，為早期掌握其異常化學反應等之發生，應設置適當之溫度、壓力、流量等發生異常之自動警報裝置。 ／ 雇主對設置前項自動警報裝置有顯著困難時，應置監視人於設備之運轉中從事監視工作。
OSH-50	OSH	特定化學物質危害預防標準	第28條		雇主對特定化學管理設備，為防止異常化學反應等導致大量丙類第一種物質或丁類物質之漏洩，應設置遮斷原料、材料、物料之供輸或卸放製品等之裝置，或供輸惰性氣體、冷卻用水等之裝置，以因應異常化學反應等之必要措施。 ／ 設置於前項裝置之閥或旋塞，應依下列規定： ／ 一、具有確實動作之機能。 ／ 二、保持於可圓潤動作之狀態。 ／ 三、可安全且正確操作者。 ／ 第一項卸放製品等之裝置應為密閉式構造或可將卸出之特定化學物質等導引至安全處所或具有可安全處置之構造。
OSH-50	OSH	特定化學物質危害預防標準	第29條		雇主對特定化學管理設備及其配管或其附屬設備之動力源，應依下列規定： ／ 一、為防止動力源之異常導致丙類第一種物質或丁類物質之漏洩，應置備可迅速使用之備用動力源。 ／ 二、為防止對閥、旋塞或開關等之誤操作，應明顯標示開閉方向。在安全上有重大影響且不經常使用者，應予加鎖、鉛封或採取其他同等有效之措施、但供緊急使用者，不在此限。
OSH-50	OSH	特定化學物質危害預防標準	第30條		雇主對製造、處置或使用乙類物質、丙類物質或丁類物質之設備，或儲存可生成該物質之儲槽等，因改造、修理或清掃等而拆卸該設備之作業或必須進入該設備等內部作業時，應依下列規定： ／ 一、派遣特定化學物質作業主管從事監督作業。 ／ 二、決定作業方法及順序，於事前告知從事作業之勞工。 ／ 三、確實將該物質自該作業設備排出。 ／ 四、為使該設備連接之所有配管不致流入該物質，應將該閥、旋塞等設計為雙重開關構造或設置盲板等。 ／ 五、依前款規定設置之閥、旋塞應予加鎖或設置盲板，並將「不得開啟」之標示揭示於顯明易見之處。 ／ 六、作業設備之開口部，不致流入該物質至該設備者，均應予開放。 ／ 七、使用換氣裝置將設備內部充分換氣。 ／ 八、以測定方法確認作業設備內之該物質濃度未超過容許濃度。 ／ 九、拆卸第四款規定設置之盲板等時，有該物質流出之虞者，應於事前確認在該盲板與其最接近之閥或旋塞間有否該物質之滯留，並採取適當措施。 ／ 十、在設備內部應置發生意外時能使勞工立即避難之設備或其他具有同等性能以上之設備。 ／ 十一、供給從事該作業之勞工穿著不浸透性防護衣、防護手套、防護長鞋、呼吸用防護具等個人防護具。 ／ 雇主在未依前項第八款規定確認該設備適於作業前，應將「不得將頭部伸入設備內」之意旨，告知從事該作業之勞工。
OSH-50	OSH	特定化學物質危害預防標準	第31條		雇主對丙類第一種物質或丁類物質發生漏洩致有危害勞工之虞時，應立即使勞工自作業場所避難。在未確認不危害勞工之前，雇主應於顯明易見之處，揭示「禁止進入」之標示。但在使用防護具及特定化學物質作業主管指導下搶救人命及處理現場之必要作業者，不在此限。
OSH-50	OSH	特定化學物質危害預防標準	第32條		雇主應禁止與作業無關人員進入下列作業場所，並標示於顯明易見之處。 ／ 一、製造、處置或使用乙類物質或丙類物質之作業場所。 ／ 二、設置特定化學設備之作業場所或設置特定化學設備之場所以外之場所中，處置或使用丙類第一種物質或丁類物質之合計在一百公升以上者。
OSH-50	OSH	特定化學物質危害預防標準	第33條		雇主使勞工從事特定化學物質之搬運或儲存時，為防止該物質之漏洩、溢出，應使用適當之容器或確實包裝，並保管該物質於一定之場所。 ／ 雇主對曾使用於特定化學物質之搬運、儲存之容器或包裝，應採取不致使該物質飛散之措施；保管時應堆置於一定之場所。
OSH-50	OSH	特定化學物質危害預防標準	第34條		雇主對設置特定化學設備之作業場所，為因應丙類第一種物質及丁類物質之漏洩，應設搶救組織，並每年對有關人員實施急救、避難知識等訓練；其相關執行紀錄，應保存三年。
OSH-50	OSH	特定化學物質危害預防標準	第35條		雇主應於製造、處置或使用乙類物質或丙類物質之作業場所以外之場所設置休息室。 ／ 前項物質為粉狀時，其休息室應依下列規定： ／ 一、應於入口附近設置清潔用水或充分濕潤之墊席等，以清除附著於鞋底之附著物。 ／ 二、入口處應置有衣服用刷。 ／ 三、地面應為易於使用真空吸塵機吸塵或水洗之構造，並每日清掃一次以上。 ／ 雇主於勞工進入前項規定之休息室之前，應使其將附著物清除。
OSH-50	OSH	特定化學物質危害預防標準	第36條		雇主使勞工從事製造、處置或使用特定化學物質時，其身體或衣著有被污染之虞時，應設置洗眼、洗澡、漱口、更衣及洗濯等設備。 ／ 前項特定化學物質為丙類第一種物質、丁類物質、鉻酸及其鹽類，或重鉻酸及其鹽類者，其作業場所，應另設置緊急洗眼及沖淋設備。
OSH-50	OSH	特定化學物質危害預防標準	第37條		雇主使勞工從事特定化學物質之作業時，應指定現場主管擔任特定化學物質作業主管，實際從事監督作業。 ／ 雇主應使前項作業主管執行下列規定事項： ／ 一、預防從事作業之勞工遭受污染或吸入該物質。 ／ 二、決定作業方法並指揮勞工作業。 ／ 三、保存每月檢點局部排氣裝置及其他預防勞工健康危害之裝置一次以上之紀錄。 ／ 四、監督勞工確實使用防護具。
OSH-50	OSH	特定化學物質危害預防標準	第38條	Y	雇主設置之密閉設備、局部排氣裝置或整體換氣裝置，應由專業人員妥為設計，並維持其性能。 ／ 雇主設置局部排氣裝置時，應指派或委託經中央主管機關訓練合格之專業人員設計，並依附表二內容製作局部排氣裝置設計報告書。 ／ 前項局部排氣裝置設置完成後，應實施原始性能測試，並依測試結果製作附表三內容之原始性能測試報告書；其相關文件、紀錄應保存十年。 ／ 雇主依第二項規定設置之局部排氣裝置，於改裝時，應依前二項規定辦理。但對其性能未有顯著影響者，不在此限。
OSH-50	OSH	特定化學物質危害預防標準	第38條之1	Y	前條從事局部排氣裝置設計之專業人員，應具備附表四之資格，並依附表五規定之課程訓練合格。 ／ 前項從事局部排氣裝置設計之專業人員，應接受在職教育訓練，其訓練時數每三年不得低於十二小時。 ／ 前二項訓練，得由中央主管機關或勞動檢查機構自行辦理，或由中央主管機關認可之專業團體、機構或訓練單位辦理。
OSH-50	OSH	特定化學物質危害預防標準	第39條		雇主使用特定化學設備或其附屬設備實施作業時，為防止丙類第一種物質或丁類物質之漏洩，應就下列事項訂定操作程序，並依該程序實施作業： ／ 一、供輸原料、材料予特定化學設備或自該設備取出製品等時，使用之閥或旋塞等之操作。 ／ 二、冷卻裝置、加熱裝置、攪拌裝置或壓縮裝置等之操作。 ／ 三、計測裝置、控制裝置等之監視及調整。 ／ 四、安全閥、緊急遮斷裝置與其他安全裝置及自動警報裝置之調整。 ／ 五、檢點蓋板、凸緣、閥或旋塞等之接合部分有否漏洩丙類第一種物質或丁類物質。 ／ 六、試料之採取。 ／ 七、特定化學管理設備，其運轉暫時或部分中斷時，於其運轉中斷或再行運轉時之緊急措施。 ／ 八、發生異常時之緊急措施。 ／ 九、除前列各款規定者外，為防止丙類第一種物質或丁類物質之漏洩所必要之措施。
OSH-50	OSH	特定化學物質危害預防標準	第40條		雇主應禁止勞工在特定化學物質作業場所吸菸或飲食，且應將其意旨揭示於該作業場所之顯明易見之處。
OSH-50	OSH	特定化學物質危害預防標準	第41條		雇主對製造、處置或使用特定管理物質之作業，應就下列事項記錄，並自該作業勞工從事作業之日起保存三十年： ／ 一、勞工之姓名。 ／ 二、從事之作業概況及作業期間。 ／ 三、勞工顯著遭受特定管理物質污染時，其經過概況及雇主所採取之緊急措施。
OSH-50	OSH	特定化學物質危害預防標準	第42條		雇主使勞工從事處置多氯聯苯等之作業，應依下列規定： ／ 一、於作業當日開始前，檢點儲存多氯聯苯等之容器狀況及放置該容器之場所有否遭受該物質等之污染。 ／ 二、實施前款檢點而發現異常時，應將該容器加以整修，並擦拭清除漏洩之多氯聯苯等之必要措施。 ／ 三、將多氯聯苯等投入容器或自該容器取出時，應使用可與該容器投入口或卸放口直接緊密連結之器具，以防止該多氯聯苯等之漏洩。 ／ 四、對曾供為搬運或儲存多氯聯苯等之容器而附著有該物質等者，應於顯明易見之處標示該容器曾受污染。
OSH-50	OSH	特定化學物質危害預防標準	第43條		雇主不得使勞工使用石綿或含有石綿佔其重量超過百分之一之混合物（以下簡稱石綿等。）從事吹噴作業。但為建築物隔熱防火需要採取下列措施從事樑柱等鋼架之石綿吹噴作業者，不在此限。 ／ 一、將吹噴用石綿等投入容器或自該容器取出或從事混合石綿等之作業場所應於與吹噴作業場所隔離之作業室內實施。 ／ 二、使從事吹噴作業勞工使用輸氣管面罩或空氣呼吸器及防護衣。
OSH-50	OSH	特定化學物質危害預防標準	第44條		雇主使勞工從事下列之一作業時，應將石綿等加以濕潤。但濕潤石綿等有顯著困難者，不在此限。 ／ 一、石綿等之截斷、鑽孔或研磨等作業。 ／ 二、塗敷、注入或襯貼有石綿等之物之破碎、解體等作業。 ／ 三、將粉狀石綿等投入容器或自該容器取出之作業。 ／ 四、粉狀石綿等之混合作業。 ／ 雇主應於前項作業場所設置收容石綿等之切屑所必要之有蓋容器。
OSH-50	OSH	特定化學物質危害預防標準	第45條		雇主使勞工從事煉焦作業必須使勞工於煉焦爐上方或接近該爐作業時，應依下列規定： ／ 一、煉焦爐用輸煤裝置、卸焦裝置、消熱車用導軌裝置或消熱車等之駕駛室內部，應具有可防止煉焦爐生成之特定化學物質之氣體、蒸氣或粉塵（以下簡稱煉焦爐生成物）流入之構造。 ／ 二、煉焦爐之投煤口及卸焦口等場所，應設置可密煉焦爐生成物之密閉設備或局部排氣裝置。 ／ 三、依前款規定設置之局部排氣裝置或供焦煤驟冷之消熱設備，應設濕式或過濾除塵裝置或具有同等性能以上之除塵裝置。 ／ 四、為煤碳等之輸入而需使煉焦爐內減壓，應在上升管部分採取適當之裝置。 ／ 五、為防止上升管與上升管蓋接合部分漏洩煉焦爐生成物，應將該接合部分緊密連接。 ／ 六、為防止勞工輸煤於煉焦爐致遭受煉焦爐生成物之污染，輸煤口蓋之開閉，應由作業人員於隔離室遙控操作。 ／ 七、從事煉焦作業，應依下列事項訂定操作程序，並依該程序作業。 ／ （一）輸煤裝置之操作。 ／ （二）設置於上升管部之設備之操作。 ／ （三）關閉輸煤口時，其與蓋間及上升管與上升管蓋板間漏洩煉焦爐生成物時之檢點方法。 ／ （四）附著於輸煤口蓋附著物之除卻方法。 ／ （五）附著於上升管內附著物之除卻方法。 ／ （六）防護具之檢點及管理。 ／ （七）其他為防止勞工遭受煉焦爐生成物污染之必要措施。
OSH-50	OSH	特定化學物質危害預防標準	第46條		雇主僱用勞工使用氰化氫或溴甲烷（以下簡稱溴甲烷等）等從事燻蒸作業時，應依下列規定： ／ 一、供燻蒸之倉庫、貨櫃、船艙等場所（以下簡稱燻蒸作業場所。）空氣中溴甲烷等濃度之測定，應可於各該場所外操作者。 ／ 二、投藥應於燻蒸作業場所外實施。但從事燻蒸作業之勞工佩戴適當之輸氣管面罩、空氣呼吸器或隔離式防毒面罩（以下簡稱輸氣防護具）者，不在此限。 ／ 三、應檢點有否自燻蒸作業場所溴甲烷等之漏洩。 ／ 四、實施前款檢點發現異常時，應即糊縫或採取必要措施。 ／ 五、應禁止勞工進入燻蒸作業場所，並將其意旨揭示於顯明易見之處。但為確認燻蒸效果，使勞工佩戴輸氣防護具且配置監視人監視時，得使作業勞工進入燻蒸作業場所。 ／ 六、必須開啟燻蒸作業場所之門扉或艙蓋等時，為防止自該場所流出之溴甲烷等致勞工遭受污染，應確認風向等必要措施。 ／ 七、倉庫燻蒸作業或貨櫃燻蒸作業，應依下列規定： ／ （一）倉庫或貨櫃燻蒸場所應予糊縫，以防止溴甲烷等之漏洩。 ／ （二）投藥開始前應確認糊縫已完整，且勞工均已自燻蒸場所退出。 ／ （三）在倉庫內實施局部性燻蒸作業時，同倉庫內之非燻蒸場所亦應禁止非從事作業勞工進入，且將其意旨揭示於顯明易見之處。 ／ （四）倉庫或貨櫃等燻蒸場所於燻蒸終止開啟門扉等之後，使勞工進入該場所或使勞工進入同一倉庫未曾實施局部性燻蒸之場所時，應在事前測定該倉庫或貨櫃之燻蒸場所或未曾燻蒸之場所空氣中氰化氫或溴甲烷之濃度；未曾燻蒸場所之測定，應於該場所外操作。 ／ 八、帳幕燻蒸作業，應依下列規定： ／ （一）供燻蒸用帳幕，應使用網、索等確實固定，其裙部應以土、砂等填埋，以防止溴甲烷等之漏洩。 ／ （二）投藥前應檢點帳幕有否破損。 ／ （三）實施前款檢點發現異常時應即採取修補或其他必要措施。 ／ 九、穀倉燻蒸作業，應依下列規定： ／ （一）應將供燻蒸倉開口部等全予關閉，以防止溴甲烷等之漏洩。但在作業上關閉開口部顯有困難者，不在此限。 ／ （二）投藥前應確認穀倉均已封閉。 ／ （三）燻蒸後非經確認勞工無被溴甲烷等污染之虞前，應禁止勞工進入穀倉，並將意旨揭示於顯明易見之處。 ／ 十、駁船燻蒸作業，應依下列規定： ／ （一）燻蒸場所應以帳幕覆蓋，以防止溴甲烷等之漏洩。 ／ （二）鄰接於燻蒸場所之居住室，應為可防止溴甲烷等滲入之構造或採取不致使溴化甲烷等滲入之糊縫措施。 ／ （三）投藥前應檢點帳幕有否破損。 ／ （四）實施前款檢點發現異常時，應即修補或採取其他必要措施。 ／ （五）為防止溴甲烷等之滲入居住室，應於投藥前確認已確實糊縫及勞工已自燻蒸場所退離。 ／ （六）拆除帳幕後，使勞工進入燻蒸場所或鄰近於該場所之居住室等時，應測定各該場所空氣中氰化氫或溴甲烷之濃度，測定人員應於各該場所外操作。 ／ 十一、輪船燻蒸作業，應依下列規定： ／ （一）擬燻蒸之船艙，為防止溴甲烷等之漏洩，應以塑膠遮布等遮蔽開口部等。 ／ （二）投藥前應確認已實施前款規定及勞工已自該船艙退離。 ／ （三）拆除遮布後，使勞工進入燻蒸場所或鄰近於該場所之居住室等時，應測定各該場所空氣中氰化氫或溴甲烷之濃度；測定時應使測定人員佩戴輸氣防護具，並於各該場所外操作。 ／ 十二、依第七款第四目、第十款第六目或前款第三目測定結果，各該場所空氣中氰化氫或溴甲烷之濃度，超過次表下欄規定值時，應禁止勞工進入各該場所。 ／ ┌──────┬────────────────────┐ ／ │物質名稱    │規定值                                  │ ／ │            ├──┬─────────────────┤ ／ │            │ppm │mg/m3                             │ ／ ├──────┼──┼─────────────────┤ ／ │氰化氫      │十  │十一                              │ ／ ├──────┼──┼─────────────────┤ ／ │溴甲烷      │十五│六○                              │ ／ ├──────┴──┴─────────────────┤ ／ │備註：表中之值，係於溫度攝氏二十五度、一氣壓下每立方公│ ／ │尺空氣中該物質所佔有之重量或容積。                    │ ／ └───────────────────────────┘ ／ 雇主使從事燻蒸作業以外之勞工於燻蒸作業場所或鄰近該場所之居住室等作業時，應依下列規定。但可明確確定該勞工等不致遭受溴甲烷等污染時，不在此限。 ／ 一、應測定各該場所空氣中氰化氫或溴甲烷之濃度。 ／ 二、實施前款測定結果，各該場所空氣中氰化氫或溴甲烷之濃度超過規定時，應即禁止勞工進入各該場所。
OSH-50	OSH	特定化學物質危害預防標準	第47條		雇主不得使勞工從事以苯等為溶劑之作業。但作業設備為密閉設備或採用不使勞工直接與苯等接觸並設置包圍型局部排氣裝置者，不在此限。
OSH-50	OSH	特定化學物質危害預防標準	第48條		（刪除）
OSH-50	OSH	特定化學物質危害預防標準	第49條		雇主因特定化學物質之漏洩，致勞工吸入或遭受其污染時，應迅即使其接受醫師之診察及治療。
OSH-50	OSH	特定化學物質危害預防標準	第50條		雇主對製造、處置或使用特定化學物質之作業場所，應依下列規定置備與同一工作時間作業勞工人數相同數量以上之適當必要防護具，並保持其性能及清潔，使勞工於有暴露危害之虞時，確實使用： ／ 一、為防止勞工於該作業場所吸入該物質之氣體、蒸氣或粉塵引起之健康危害，應置備必要之呼吸用防護具。 ／ 二、為防止勞工於該作業場所接觸該物質等引起皮膚障害或由皮膚吸收引起健康危害，應置備必要之不浸透性防護衣、防護手套、防護鞋及塗敷劑等。 ／ 三、為防止特定化學物質對視機能之影響，應置備必要之防護眼鏡。
OSH-50	OSH	特定化學物質危害預防標準	第51條		本標準自發布日施行。 ／ 本標準中華民國一百零三年六月二十五日修正發布之條文，自一百零三年七月三日施行；一百十年九月十六日修正發布之第二條附表一第三款第一目之22至24、第三目之13至15、第十七條第二項、第三十八條第二項至第四項、第三十八條之一，自一百十二年七月一日施行。