Q0535	OSH	OSH-09	職業安全衛生管理辦法	第1條	民國115年6月29日	管理辦法-法源	1	職業安全衛生管理辦法係依職業安全衛生法第幾條規定訂定？	第三十二條第三項	第二十三條第五項	第六條第三項	第十九條第二項	The Regulations of OSH Management are enacted under which article of the OSH Act?	Article 32, paragraph 3	Article 23, paragraph 5	Article 6, paragraph 3	Article 19, paragraph 2	b	第1條：本辦法依職業安全衛生法第二十三條第五項規定訂定之。第1條之1：雇主應依事業規模性質設置安全衛生組織及人員，建立管理制度，透過規劃、實施、評估及改善實現管理目標。	Article 1: under Article 23(5); Article 1-1 requires employers to set up an OSH organization and management system with plan-do-check-act functions.	draft	4		
Q0536	OSH	OSH-09	職業安全衛生管理辦法	第2條	民國115年6月29日	管理辦法-事業分類	1	職業安全衛生管理辦法依危害風險將事業分為幾類？第一類事業指何者？	二類；製造業	四類；營造業	五類；化工業	三類；具顯著風險者	How many risk categories of enterprises are there, and what is Category 1?	Two; manufacturing	Four; construction	Five; chemicals	Three; enterprises with significant risk	d	第2條：第一類事業具顯著風險、第二類事業具中度風險、第三類事業具低度風險；各類事業例示如附表一。	Article 2: Category 1 = significant risk, Category 2 = moderate risk, Category 3 = low risk, with examples in Annex 1.	draft	4		
Q0537	OSH	OSH-09	職業安全衛生管理辦法	第2-1條	民國115年6月29日	管理辦法-管理單位	2	第一類事業之事業單位勞工人數在幾人以上，應設直接隸屬雇主之專責一級管理單位？	五百人以上	三百人以上	一百人以上	三十人以上	A Category 1 enterprise with at least how many workers must set up a dedicated first-level OSH management unit directly under the employer?	500	300	100	30	c	第2條之1：第一類事業勞工人數一百人以上應設直接隸屬雇主之專責一級管理單位；第二類事業三百人以上應設直接隸屬雇主之一級管理單位。	Article 2-1: Category 1 with 100+ workers needs a dedicated first-level unit; Category 2 with 300+ needs a first-level unit directly under the employer.	draft	4		
Q0538	OSH	OSH-09	職業安全衛生管理辦法	第2-1條	民國115年6月29日	管理辦法-管理單位	2	第二類事業勞工人數在幾人以上，應設直接隸屬雇主之一級管理單位？	一百人以上	一千人以上	三百人以上	五十人以上	A Category 2 enterprise with at least how many workers must set up a first-level management unit directly under the employer?	100	1,000	300	50	c	第2條之1第1項第2款：第二類事業勞工人數在三百人以上者，應設直接隸屬雇主之一級管理單位。	Article 2-1(1)(2): Category 2 enterprises with 300 or more workers.	draft	4		
Q0539	OSH	OSH-09	職業安全衛生管理辦法	第3條	民國115年6月29日	管理辦法-管理人員	2	第一類事業之事業單位勞工人數在一百人以上者，所置管理人員應為專職；第二類事業三百人以上者，所置管理人員至少幾人為專職？	三人	一人	二人	全部	For Category 2 enterprises with 300+ workers, at least how many OSH management personnel must be full-time?	Three	One	Two	All	b	第3條第2項：第一類事業勞工人數一百人以上者，所置管理人員應為專職；第二類事業三百人以上者，所置管理人員應至少一人為專職。專職人員應常駐廠場，不得兼任其他法令所定專責人員或從事無關工作。	Article 3(2): Category 1 with 100+ workers: all management personnel full-time; Category 2 with 300+: at least one full-time. Full-time staff must be stationed on site and not hold other statutory posts.	draft	4		
Q0540	OSH	OSH-09	職業安全衛生管理辦法	第3-1條	民國115年6月29日	管理辦法-管理人員	3	營造業之事業單位對於橋樑、道路、隧道或輸配電等距離較長之工程，應於每幾公里內增置營造業丙種職業安全衛生業務主管一人？	二十公里	十公里	五公里	三公里	For long linear construction projects such as bridges, roads, tunnels or power lines, one additional Class C construction OSH supervisor is required for every:	20 km	10 km	5 km	3 km	b	第3條之1第2項：營造業對於橋樑、道路、隧道或輸配電等距離較長之工程，應於每十公里內增置營造業丙種職業安全衛生業務主管一人。	Article 3-1(2): one additional Class C construction OSH business supervisor per 10 km.	draft	4		
Q0541	OSH	OSH-09	職業安全衛生管理辦法	第3-1條	民國115年6月29日	管理辦法-管理人員	3	第一類事業之事業單位對於所屬從事製造之一級單位，勞工人數在一百人以上未滿三百人者，應另置何人？	丁種職業安全衛生業務主管一人	甲種職業安全衛生業務主管一人	職業安全管理師一人	職業衛生管理師一人	In a Category 1 enterprise, a manufacturing first-level unit with 100 to under 300 workers must additionally have:	One Class D OSH business supervisor	One Class A OSH business supervisor	One occupational safety management specialist	One occupational hygiene management specialist	b	第3條之1第1項：第一類事業對於所屬從事製造之一級單位，勞工人數一百人以上未滿三百人者應另置甲種職業安全衛生業務主管一人；三百人以上者應再至少增置專職職業安全衛生管理員一人。	Article 3-1(1): a Class A OSH business supervisor for 100–299 workers; 300+ also requires at least one additional full-time OSH administrator.	draft	4		
Q0542	OSH	OSH-09	職業安全衛生管理辦法	第3-2條	民國115年6月29日	管理辦法-人數計算	2	事業單位勞工人數之計算，是否包含承攬人、再承攬人之勞工？	包含，以同一期間同一工作場所作業之總人數計	不包含	由雇主自行決定	僅包含承攬人不含再承攬人	Does the worker headcount include contractors' and subcontractors' workers?	Yes, the total working at the same time and place	No	At the employer's discretion	Contractors only, not subcontractors	a	第3條之2：勞工人數之計算，包含原事業單位及其承攬人、再承攬人之勞工及其他受工作場所負責人指揮或監督從事勞動之人員，於同一期間、同一工作場所作業時之總人數；設有總機構者包含各地區事業單位作業勞工人數。	Article 3-2: includes the enterprise's own, contractors', subcontractors' workers and others under the workplace manager's direction, working in the same period at the same workplace.	draft	4		
Q0543	OSH	OSH-09	職業安全衛生管理辦法	第4條	民國115年6月29日	管理辦法-業務主管	2	事業單位勞工人數未滿幾人者，雇主或其代理人經職業安全衛生業務主管教育訓練合格，得擔任該事業單位職業安全衛生業務主管？	五人	三十人	一百人	五十人	In enterprises with fewer than how many workers may the employer or a representative, having passed the OSH business supervisor training, act as the OSH business supervisor?	5	30	100	50	b	第4條：勞工人數未滿三十人者，雇主或其代理人經業務主管教育訓練合格得擔任業務主管；第二類及第三類事業且勞工五人以下者，得由丁種業務主管訓練合格之雇主或代理人擔任。	Article 4: fewer than 30 workers; for Category 2/3 enterprises with 5 or fewer workers, a Class D-trained employer or representative may serve.	draft	4		
Q0544	OSH	OSH-09	職業安全衛生管理辦法	第4條	民國115年6月29日	管理辦法-業務主管	3	第二類及第三類事業之事業單位，勞工人數在幾人以下者，得由丁種職業安全衛生業務主管教育訓練合格之雇主或其代理人擔任業務主管？	二十人以下	十人以下	三十人以下	五人以下	For Category 2 or 3 enterprises with how many workers or fewer may a Class D-trained employer or representative serve as OSH business supervisor?	20 or fewer	10 or fewer	30 or fewer	5 or fewer	d	第4條但書：屬第二類及第三類事業之事業單位，且勞工人數在五人以下者，得由經丁種職業安全衛生業務主管教育訓練合格之雇主或其代理人擔任。	Article 4 proviso: Category 2/3 enterprises with 5 or fewer workers.	draft	4		
Q0545	OSH	OSH-09	職業安全衛生管理辦法	第5-1條	民國115年6月29日	管理辦法-職責	2	依職業安全衛生管理辦法，職業安全衛生委員會之職責為何？	執行現場作業	綜理該工作場所之安全衛生管理事項	擬訂、規劃、推動及督導安全衛生管理事項	對雇主擬訂之安全衛生政策提出建議，並審議、協調、考核及建議安全衛生相關事項	Under the Regulations, what is the duty of the OSH committee?	Perform on-site operations	Oversee all OSH matters of the workplace	Draft, plan, promote and supervise OSH management	Advise on the employer's OSH policy and deliberate, coordinate, evaluate and recommend OSH matters	d	第5條之1：管理單位擬訂規劃推動督導並指導部門實施；委員會對政策提出建議並審議協調考核建議；管理師／管理員擬訂規劃推動查核並指導實施；工作場所負責人綜理工作場所安全衛生管理事項；各級主管依職責指揮監督所屬執行。	Article 5-1: management unit drafts/plans/promotes/supervises; committee advises on policy and deliberates/coordinates/evaluates; specialists and administrators draft/plan/promote/audit; the workplace manager oversees; line managers direct and supervise.	draft	4		
Q0546	OSH	OSH-09	職業安全衛生管理辦法	第5-1條	民國115年6月29日	管理辦法-職責	2	事業單位未置有職業安全（衛生）管理師、職業安全衛生管理員者，其職業安全衛生業務主管之職責為何？	僅簽核文件	不負職責	主管及督導安全衛生管理事項	擬訂、規劃、推動及查核安全衛生管理事項	If an enterprise has no OSH management specialist or administrator, the OSH business supervisor's duty is to:	Only sign documents	Nothing	Direct and supervise OSH management matters	Draft, plan, promote and audit OSH management matters	d	第5條之1第3款：置有管理師、管理員者，業務主管主管及督導安全衛生管理事項；未置有者，業務主管擬訂、規劃、推動及查核安全衛生管理事項。	Article 5-1(3): with specialists/administrators the supervisor directs and oversees; without them the supervisor drafts, plans, promotes and audits.	draft	4		
Q0547	OSH	OSH-09	職業安全衛生管理辦法	第6條	民國115年6月29日	管理辦法-總機構	3	事業設有總機構者，第一類事業勞工人數在幾人以上，應於總機構設直接隸屬雇主之專責一級管理單位？第三類事業幾人以上應設管理單位？	一百人；五百人	一千人；五千人	五百人；三千人	三百人；一千人	For an enterprise with a head office, a Category 1 enterprise with how many workers needs a dedicated first-level unit at head office, and Category 3 with how many needs a management unit?	100; 500	1,000; 5,000	500; 3,000	300; 1,000	c	第6條第2項：設有總機構者，第一類事業五百人以上應設直接隸屬雇主之專責一級管理單位；第二類事業五百人以上應設直接隸屬雇主之一級管理單位；第三類事業三千人以上應設管理單位；所置管理人員應為專職（第二、三類之業務主管除外）。	Article 6(2): Category 1 with 500+ → dedicated first-level unit; Category 2 with 500+ → first-level unit; Category 3 with 3,000+ → management unit; personnel full-time except Category 2/3 business supervisors.	draft	4		
Q0548	OSH	OSH-09	職業安全衛生管理辦法	第6-1條	民國115年6月29日	管理辦法-管理系統	3	第一類事業單位已實施職業安全衛生管理系統，管理績效經中央主管機關審查通過者，得不受何種限制？	設置委員會之限制	自動檢查之限制	教育訓練之限制	一級管理單位應為專責及業務主管應為專職之限制	A Category 1 enterprise with an OSH management system whose performance has been approved by the central authority is exempt from:	Setting up a committee	Self-inspection	Training	The requirements that the first-level unit be dedicated and the business supervisor full-time	d	第6條之1：第一類事業單位或其總機構已實施第12條之2管理系統相關管理制度，管理績效經中央主管機關審查通過者，得不受第2條之1、第3條及第6條有關一級管理單位應為專責及業務主管應為專職之限制。	Article 6-1: exempt from the dedicated-unit and full-time-supervisor requirements of Articles 2-1, 3 and 6.	draft	4		
Q0549	OSH	OSH-09	職業安全衛生管理辦法	第7條	民國115年6月29日	管理辦法-資格	3	下列何者為職業安全衛生管理員之資格之一？	領有職業安全衛生管理乙級技術士證照	領有職業安全管理甲級技術士證照	高等考試職業安全衛生類科錄取	具工業安全技師資格	Which is a qualification for an OSH administrator?	Class B technician certificate in OSH management	Class A technician certificate in occupational safety management	Passing the senior civil service OSH exam	Industrial safety engineer (技師) license	a	第7條第2項第3款：職業安全衛生管理員資格：具管理師資格；領有職業安全衛生管理乙級技術士證照；曾任勞動檢查員具二年以上檢查經驗；普通考試職業安全衛生類科錄取（大專相關科系畢業之目自103年7月1日不再適用）。其他選項為管理師資格。	Article 7(2)(3): administrator qualifications include a Class B OSH management technician certificate, 2+ years as a labor inspector, or passing the junior civil service exam; the other options are specialist-level qualifications.	draft	4		
Q0550	OSH	OSH-09	職業安全衛生管理辦法	第7條	民國115年6月29日	管理辦法-資格	3	職業安全管理師之資格，曾任勞動檢查員者須具有職業安全檢查工作經驗幾年以上？	三年以上	二年以上	一年以上	五年以上	A former labor inspector qualifies as an occupational safety management specialist with how many years of safety inspection experience?	At least 3 years	At least 2 years	At least 1 year	At least 5 years	a	第7條第2項第1款：職業安全管理師資格：高考職業安全衛生類科錄取或工業安全技師；職業安全管理甲級技術士；曾任勞動檢查員具職業安全檢查經驗三年以上。管理員則為二年以上。	Article 7(2)(1): 3+ years for specialists; 2+ years for administrators.	draft	4		
Q0551	OSH	OSH-09	職業安全衛生管理辦法	第7條	民國115年6月29日	管理辦法-資格	2	營造業之事業單位的職業安全衛生業務主管，應由何人選任？	曾受營造業職業安全衛生業務主管教育訓練者	工地保全	會計人員	任何主管	In a construction enterprise, the OSH business supervisor must be selected from:	Persons who have completed construction-industry OSH business supervisor training	Site security guards	Accounting staff	Any manager	a	第7條第1項：業務主管應自事業之相關主管或辦理職業安全衛生事務者選任；但營造業之事業單位，應由曾受營造業職業安全衛生業務主管教育訓練者選任之。	Article 7(1): construction enterprises must select someone trained as a construction-industry OSH business supervisor.	draft	4		
Q0552	OSH	OSH-09	職業安全衛生管理辦法	第8條	民國115年6月29日	管理辦法-代理	2	職業安全衛生人員因故未能執行職務時，雇主應即指定代理人，其代理期間不得超過多久？	三個月	一個月	一年	六個月	When OSH personnel cannot perform their duties, the employer must appoint a deputy; the deputy period shall not exceed:	3 months	1 month	1 year	6 months	a	第8條：雇主應即指定適當代理人，代理期間不得超過三個月；勞工人數三十人以上之事業單位，其職業安全衛生人員離職時應即報當地勞動檢查機構備查。	Article 8: not more than three months; enterprises with 30+ workers must report the departure of OSH personnel to the labor inspection agency.	draft	4		
Q0553	OSH	OSH-09	職業安全衛生管理辦法	第8條	民國115年6月29日	管理辦法-備查	2	勞工人數在幾人以上之事業單位，其職業安全衛生人員離職時應即報當地勞動檢查機構備查？	三十人以上	一百人以上	三百人以上	十人以上	Enterprises with at least how many workers must report the departure of OSH personnel to the local labor inspection agency?	30	100	300	10	a	第8條第2項：勞工人數在三十人以上之事業單位，其職業安全衛生人員離職時，應即報當地勞動檢查機構備查。第86條：三十人以上設管理單位或置管理人員時亦應登錄報備。	Article 8(2): 30 or more; Article 86 also requires such enterprises to register their management unit and personnel.	draft	4		
Q0554	OSH	OSH-09	職業安全衛生管理辦法	第11條	民國115年6月29日	管理辦法-委員會	2	職業安全衛生委員會置委員幾人以上？委員任期幾年？	五人以上；一年	三人以上；二年	七人以上；二年	九人以上；三年	An OSH committee has at least how many members, serving terms of how long?	5; 1 year	3; 2 years	7; 2 years	9; 3 years	c	第11條：委員會置委員七人以上，除雇主為當然委員外由雇主指定勞工代表、各部門主管、職業安全衛生人員、勞工健康服務人員、其他專業人員組成；委員任期二年，雇主為主任委員綜理會務，並指定一人為秘書。	Article 11: at least 7 members including the employer as ex-officio chair; 2-year terms; the chair appoints a secretary.	draft	4		
Q0555	OSH	OSH-09	職業安全衛生管理辦法	第11條	民國115年6月29日	管理辦法-委員會	2	職業安全衛生委員會之勞工代表應佔委員人數多少以上？	三分之一以上	四分之一以上	五分之一以上	二分之一以上	Labor representatives must make up at least what share of OSH committee members?	One third	One quarter	One fifth	One half	a	第11條第4項：勞工代表應佔委員人數三分之一以上；設有工會者由工會推派，無工會而有勞資會議者由勞方代表推選，均無者由勞工共同推選。	Article 11(4): at least one third, nominated by the union, or elected by labor representatives of the labor-management meeting, or elected by workers.	draft	4		
Q0556	OSH	OSH-09	職業安全衛生管理辦法	第12條	民國115年6月29日	管理辦法-委員會	2	職業安全衛生委員會應多久至少開會一次？其紀錄保存幾年？	每年；三年	每月；一年	每三個月；三年	每六個月；五年	The OSH committee must meet at least once every how long, and keep minutes for how many years?	Year; 3 years	Month; 1 year	3 months; 3 years	6 months; 5 years	c	第12條：委員會應每三個月至少開會一次，審議政策建議、管理計畫、教育訓練計畫、環境監測、健康管理、提案、自動檢查、災害調查報告、承攬管理等；審議協調考核建議事項應作成紀錄保存三年；由主任委員擔任主席，必要時得召開臨時會議。	Article 12: at least quarterly; records kept 3 years; the chair presides and may call extraordinary meetings.	draft	4		
Q0557	OSH	OSH-09	職業安全衛生管理辦法	第12-1條	民國115年6月29日	管理辦法-管理計畫	2	勞工人數未滿幾人之事業單位，得以安全衛生管理執行紀錄或文件代替職業安全衛生管理計畫？	五十人	十人	三十人	一百人	Enterprises with fewer than how many workers may replace the OSH management plan with execution records or documents?	50	10	30	100	c	第12條之1第2項：雇主應依規模性質及風險評估結果訂定職業安全衛生管理計畫；勞工人數未滿三十人之事業單位得以執行紀錄或文件代替；一百人以上者應另訂定職業安全衛生管理規章。	Article 12-1(2): fewer than 30; enterprises with 100+ workers must also formulate OSH management rules.	draft	4		
Q0558	OSH	OSH-09	職業安全衛生管理辦法	第12-1條	民國115年6月29日	管理辦法-管理計畫	2	勞工人數在幾人以上之事業單位，應另訂定職業安全衛生管理規章？	三十人以上	三百人以上	五百人以上	一百人以上	Enterprises with at least how many workers must additionally formulate OSH management rules (regulations)?	30	300	500	100	d	第12條之1第3項：勞工人數在一百人以上之事業單位，應另訂定職業安全衛生管理規章。	Article 12-1(3): 100 or more workers.	draft	4		
Q0559	OSH	OSH-09	職業安全衛生管理辦法	第12-1條	民國115年6月29日	管理辦法-管理計畫	2	下列何者為職業安全衛生管理計畫應包括之事項？	採購管理、承攬管理及變更管理	股東會議程	行銷策略	產品定價	Which must be included in the OSH management plan?	Procurement, contractor and change management	Shareholder meeting agenda	Marketing strategy	Product pricing	a	第12條之1第4項：管理計畫應包括機械設備器具管理、危害性化學品分類標示通識管理、有害作業環境採樣策略及監測、危險性工作場所製程或施工安全評估、採購承攬變更管理、安全衛生作業標準、定期檢查重點檢查作業檢點現場巡視、教育訓練、個人防護具管理、健康檢查管理促進、資訊蒐集分享、緊急應變、災害虛驚事故調查統計、稽核績效評估等。執行紀錄保存三年。	Article 12-1(4): 15 items including equipment management, chemical hazard communication, environmental monitoring, process/construction safety assessment, procurement/contractor/change management, SOPs, inspections, training, PPE, health, information, emergency response, incident investigation and audits; records kept 3 years.	draft	4		
Q0560	OSH	OSH-09	職業安全衛生管理辦法	第12-1條	民國115年6月29日	管理辦法-風險評估	1	雇主使勞工從事工作前，應就工作場所之建築物、機械、設備、原料等或作業活動實施何事？	財務評估	風險評估，並依結果採取必要之預防設備及措施	環評	市場評估	Before assigning work, the employer shall carry out what on buildings, machinery, equipment, materials and activities?	A financial assessment	A risk assessment, then take preventive equipment and measures per the results	An environmental impact assessment	A market assessment	b	第12條之1第1項：雇主使勞工從事工作前，應就工作場所內之建築物、機械、設備、器具、原料、材料等或作業活動及其他可能引起之危害因素實施風險評估，並依評估結果採取必要之預防設備及措施。	Article 12-1(1): a risk assessment of workplace hazards, with preventive equipment and measures based on the results.	draft	4		
Q0561	OSH	OSH-09	職業安全衛生管理辦法	第12-2條	民國115年6月29日	管理辦法-管理系統	2	下列何種事業單位，雇主應依 CNS 45001 同等以上規定建置職業安全衛生管理系統？	第三類事業勞工人數在一百人以上者	所有事業單位	第一類事業勞工人數在二百人以上者	第一類事業勞工人數在三十人以上者	Which enterprises must establish an OSH management system equivalent to CNS 45001 or better?	Category 3 with 100+ workers	All enterprises	Category 1 enterprises with 200+ workers	Category 1 with 30+ workers	c	第12條之2：第一類事業二百人以上；第二類事業五百人以上；從事石油裂解之石化工業工作場所；製造處置使用危害性化學品達規定量之工作場所；其他指定者。執行紀錄保存三年。	Article 12-2: Category 1 with 200+; Category 2 with 500+; petroleum cracking petrochemical workplaces; workplaces handling hazardous chemicals above threshold quantities; others designated. Records kept 3 years.	draft	4		
Q0562	OSH	OSH-09	職業安全衛生管理辦法	第12-2條	民國115年6月29日	管理辦法-管理系統	2	第二類事業勞工人數在幾人以上，應建置職業安全衛生管理系統？	一千人以上	二百人以上	三百人以上	五百人以上	Category 2 enterprises with at least how many workers must establish an OSH management system?	1,000	200	300	500	d	第12條之2第1項第2款：第二類事業勞工人數在五百人以上者。	Article 12-2(1)(2): 500 or more.	draft	4		
Q0563	OSH	OSH-09	職業安全衛生管理辦法	第12-3條	民國115年6月29日	管理辦法-變更管理	2	應建置管理系統之事業單位，於引進或修改製程、作業程序、材料及設備前，應如何？	事後再評估	僅口頭通知	直接施行	依變更管理程序辨識危害、評估風險並採取預防措施，檢討更新文件並使勞工知悉及受訓	Before introducing or modifying processes, procedures, materials or equipment, enterprises required to have a management system shall:	Assess afterwards	Give verbal notice only	Implement directly	Follow a management-of-change procedure: identify hazards, assess risk, take precautions, update documents, inform and train workers	d	第12條之3：應建立變更管理程序，於引進或修改製程、作業程序、材料及設備前辨識可能危害及評估風險，依結果採取預防設備及措施；檢討更新相關安全衛生文件，使勞工充分知悉及接受教育訓練；紀錄保存三年。	Article 12-3: management-of-change procedure with hazard identification, risk assessment, precautions, document updates, worker awareness and training; records 3 years.	draft	4		
Q0564	OSH	OSH-09	職業安全衛生管理辦法	第12-4條	民國115年6月29日	管理辦法-採購管理	3	應建置管理系統之事業單位將營繕工程交付規劃、設計時，應如何？	不需規範	依工程特性實施風險評估、訂定施工管理規範並納入施工及監造履約要件	交由承攬人全權負責	僅比價	When such enterprises commission planning or design of construction works, they shall:	Set no specifications	Assess risks per project characteristics, set construction management specifications, and include them in construction and supervision contract terms	Leave everything to the contractor	Only compare prices	b	第12條之4：應建立採購管理程序，採購租賃契約應有職業安全衛生具體規範並於驗收使用前確認；將營繕工程交付規劃設計時應依工程特性實施風險評估及訂定施工管理規範，納入施工及監造履約要件；紀錄保存三年。	Article 12-4: procurement procedures with concrete OSH specifications; for construction works, risk assessment and construction management rules built into contract requirements; records 3 years.	draft	4		
Q0565	OSH	OSH-09	職業安全衛生管理辦法	第12-5條	民國115年6月29日	管理辦法-承攬管理	3	應建置管理系統之事業單位將營繕工程交付二個以上施工者施工時，應如何？	指定施工者之一實施整體工程施工風險評估及必要之統合管理	由業主自行施工	各自負責互不干涉	不需管理	When construction works are awarded to two or more contractors, the enterprise shall:	Designate one contractor to perform overall construction risk assessment and integrated management	Do the work itself	Let each act independently	Do nothing	a	第12條之5：應訂定承攬管理計畫（承攬人管理能力、災害事故通報、危險作業管制、教育訓練、進場管制、緊急應變、績效評估）；交付二個以上施工者時應指定其一實施整體施工風險評估及統合管理；紀錄保存三年。	Article 12-5: contractor management plan covering capability, incident reporting, hazardous-work control, training, site access, emergency response and performance; designate one contractor for overall risk assessment and coordination; records 3 years.	draft	4		
Q0566	OSH	OSH-09	職業安全衛生管理辦法	第12-6條	民國115年6月29日	管理辦法-緊急應變	2	緊急狀況預防、準備及應變計畫應包括下列何者？	產品開發時程	應變組織及職責、通報程序、處理程序、避難疏散、應變設備、與外部救援單位之聯繫機制	公司年度預算	員工旅遊計畫	An emergency prevention, preparedness and response plan must include:	Product development schedule	Response organization and duties, reporting procedures, handling procedures, evacuation, response equipment, liaison with external rescue units	The annual budget	Staff travel plans	b	第12條之6：應評估潛在風險訂定緊急狀況預防準備及應變計畫，定期辦理教育訓練與演練並檢討修正；計畫包括應變組織及職責、通報程序、各項緊急狀況處理程序、避難疏散措施、必要應變設備、與外部救援單位之聯繫機制；紀錄保存三年。	Article 12-6: the six elements listed, with periodic training and drills and plan revision; records 3 years.	draft	4		
Q0567	OSH	OSH-09	職業安全衛生管理辦法	第13條	民國115年6月29日	管理辦法-定期檢查	3	雇主對電氣機車、蓄電池機車、內燃機車、蒸汽機車等，應每幾年就整體定期實施檢查一次？	一年	三年	二年	五年	Electric, battery, internal-combustion and steam locomotives must undergo an overall periodic inspection every:	1 year	3 years	2 years	5 years	b	第13條：電氣機車等應每三年就整體定期檢查一次，每年就電動機控制裝置制動器等檢查一次，每月就車體裝置項目檢查一次。	Article 13: overall every 3 years, specified items yearly, and body-mounted items monthly.	draft	4		
Q0568	OSH	OSH-09	職業安全衛生管理辦法	第14條	民國115年6月29日	管理辦法-定期檢查	2	雇主對一般車輛，應每多久就車輛各項安全性能定期實施檢查一次？	每三個月	每年	每週	每月	General vehicles must have their safety performance inspected every:	3 months	Year	Week	Month	a	第14條：一般車輛應每三個月就各項安全性能定期檢查一次。第15條：車輛頂高機每三個月檢查一次以上。	Article 14: every three months; Article 15: vehicle lifts at least every three months.	draft	4		
Q0569	OSH	OSH-09	職業安全衛生管理辦法	第15-1條	民國115年6月29日	管理辦法-定期檢查	2	雇主對高空工作車，應每年實施整體檢查一次外，每多久定期檢查制動裝置、作業裝置及安全裝置一次？	每月	每三個月	每半年	每週	Besides the annual inspection, aerial work platforms (boom lifts) must have brakes, work devices and safety devices inspected every:	Month	3 months	6 months	Week	a	第15條之1：高空工作車每年就原動機、動力傳動、走行、操作、制動、作業、油壓、電氣、安全裝置等檢查一次；第15條之2：每月檢查制動裝置離合器操作裝置、作業裝置油壓裝置、安全裝置；第50條之1：每日作業前檢點。	Article 15-1: annual items; Article 15-2: monthly brakes/clutch/controls, work and hydraulic devices, safety devices; Article 50-1: daily pre-use check.	draft	4		
Q0570	OSH	OSH-09	職業安全衛生管理辦法	第16條	民國115年6月29日	管理辦法-定期檢查	2	雇主對車輛系營建機械應每年整體檢查一次，並每月檢查何項目？	僅輪胎	僅油量	制動器離合器操作及作業裝置、鋼索及鏈、吊斗及鏟斗、倒車或旋轉警示燈及蜂鳴器	僅車牌	Vehicle-type construction machinery is inspected overall yearly and monthly for:	Tires only	Oil level only	Brakes/clutch/controls/work devices, wire ropes and chains, buckets, reversing or slewing warning lights and buzzers	License plate only	c	第16條：車輛系營建機械每年整體檢查一次；每月檢查制動器離合器操作裝置及作業裝置、鋼索及鏈有無損傷、吊斗及鏟斗有無損傷、倒車或旋轉警示燈及蜂鳴器有無異常。	Article 16: monthly checks of brakes, clutch, controls and work devices, ropes and chains, buckets, and reversing/slewing warning lights and buzzers.	draft	4		
Q0571	OSH	OSH-09	職業安全衛生管理辦法	第17條	民國115年6月29日	管理辦法-定期檢查	2	雇主對堆高機，應每年整體檢查一次，並每月檢查何項目？	制動裝置離合器及方向裝置、積載裝置及油壓裝置、貨叉鍊條頂蓬及桅桿	僅電瓶	僅喇叭	僅輪胎	Forklifts are inspected overall yearly and monthly for:	Brakes, clutch and steering; load and hydraulic devices; forks, chains, overhead guard and mast	Battery only	Horn only	Tires only	a	第17條：堆高機每年就整體定期檢查一次；每月檢查制動裝置、離合器及方向裝置，積載裝置及油壓裝置，貨叉、鍊條、頂蓬及桅桿。	Article 17: monthly brakes/clutch/steering, load and hydraulic systems, forks, chains, overhead guard and mast.	draft	4		
Q0572	OSH	OSH-09	職業安全衛生管理辦法	第19條	民國115年6月29日	管理辦法-定期檢查	2	雇主對固定式起重機應每年整體檢查一次、每月檢查安全裝置鋼索吊具等；於輻射區及高溫區停用超過多久者得免實施每月檢查？	一個月	三個月	六個月	一週	For overhead cranes in radiation or high-temperature zones, monthly inspection may be skipped if the crane is out of service for more than:	1 month	3 months	6 months	1 week	a	第19條：固定式起重機每年整體檢查、每月檢查過捲預防裝置警報裝置制動器離合器安全裝置、鋼索吊鏈、吊鉤抓斗、配線集電裝置配電盤開關控制裝置、纜索固定式起重機之鋼纜絞車；於輻射區及高溫區停用超過一個月者得免每月檢查，再度使用時仍應為之。	Article 19: monthly inspection may be omitted after over a month out of service in radiation or high-temperature areas, but must be done before reuse.	draft	4		
Q0573	OSH	OSH-09	職業安全衛生管理辦法	第20條	民國115年6月29日	管理辦法-定期檢查	3	雇主對移動式起重機每年定期檢查時，迴轉裝置應如何檢查？	不需檢查	僅聽聲音	目視即可	有無異常並依原製造廠規定量測位移及螺栓扭力值	During the annual inspection of a mobile crane, the slewing device must be:	Not inspected	Listened to only	Visually checked only	Checked for abnormality with displacement and bolt torque measured per the manufacturer's specifications	d	第20條：移動式起重機每年檢查伸臂外伸撐座動力傳導裝置結構、迴轉裝置（含螺栓螺帽）有無異常並依原製造廠規定量測位移及螺栓扭力值、過捲預防警報制動離合器安全裝置、鋼索吊鏈吊具、配線集電配電盤開關等；每月檢查安全裝置鋼索吊具配線等。	Article 20: annual check of boom, outriggers, drivetrain, slewing ring (bolts/nuts) with displacement and bolt torque measured per manufacturer, safety devices, ropes/chains/hooks and electrics; monthly checks of safety devices, ropes and electrics.	draft	4		
Q0574	OSH	OSH-09	職業安全衛生管理辦法	第22條	民國115年6月29日	管理辦法-定期檢查	2	雇主對升降機應每年整體檢查一次，每月檢查之項目不包括下列何者？	鋼索或吊鏈有無損傷	車廂內裝飾	終點極限開關緊急停止裝置制動器控制裝置	導軌之狀況	Which is NOT a monthly inspection item for elevators (lifts)?	Wire ropes or chains	Car interior decoration	Final limit switches, emergency stop, brakes and controls	Guide rails	b	第22條：升降機每年整體檢查一次；每月檢查終點極限開關、緊急停止裝置、制動器、控制裝置及其他安全裝置，鋼索或吊鏈，導軌狀況，室外升降機之導索結頭。	Article 22: monthly items are limit switches/emergency stop/brakes/controls and other safety devices, ropes or chains, guide rails, and rope terminations for outdoor lifts.	draft	4		
Q0575	OSH	OSH-09	職業安全衛生管理辦法	第24條	民國115年6月29日	管理辦法-定期檢查	2	雇主對吊籠應每多久定期檢查過捲預防裝置、制動器、吊臂伸臂工作台、升降裝置配線配電盤一次？	每月	每週	每季	每年	Gondolas (suspended platforms) must have safety devices, arms, platform and hoist electrics inspected every:	Month	Week	Quarter	Year	a	第24條：吊籠應每月檢查過捲預防裝置制動器控制裝置及其他安全裝置、吊臂伸臂及工作台、升降裝置配線配電盤。第56條：每日作業前檢點，惡劣氣候後應實施第3至5款檢點。	Article 24: monthly; Article 56: daily pre-use checks, with extra checks after severe weather.	draft	4		
Q0576	OSH	OSH-09	職業安全衛生管理辦法	第26條	民國115年6月29日	管理辦法-定期檢查	2	雇主對以動力驅動之衝剪機械，應每年就下列何項目定期檢查？	僅噪音	離合器及制動裝置、曲柄軸飛輪滑塊連結螺栓連桿、一行程一停止機構及緊急制動器、電磁閥減壓閥壓力表、配線及開關	僅潤滑油	僅外觀	Power presses and shears must be inspected annually for:	Noise only	Clutch and brakes; crankshaft, flywheel, slide, bolts and connecting rods; single-stroke mechanism and emergency stop; solenoid valves, regulators and gauges; wiring and switches	Lubricant only	Appearance only	b	第26條：動力衝剪機械每年檢查離合器及制動裝置，曲柄軸飛輪滑塊連結螺栓及連桿，一行程一停止機構及緊急制動器，電磁閥減壓閥及壓力表，配線及開關。第59條：每日作業前檢點。	Article 26: the listed items annually; Article 59: daily pre-use check.	draft	4		
Q0577	OSH	OSH-09	職業安全衛生管理辦法	第27條	民國115年6月29日	管理辦法-定期檢查	3	雇主對乾燥設備及以氣體或液體燃料為熱源之加熱設備，應每多久定期檢查一次？	每二年	每年	每月	每三年	Drying equipment and gas- or liquid-fuel heating equipment must be inspected every:	2 years	Year	Month	3 years	b	第27條：乾燥設備、以氣體燃料或液體燃料為熱源之加熱設備及其附屬設備應每年檢查內外面損傷腐蝕、排出氣體蒸氣粉塵設備、換氣設備、開口部、溫度測定調整裝置、內部電氣器具配線、燃料供應系統控制閥電磁遮斷閥等安全遮斷裝置。	Article 27: annually, covering corrosion, exhaust devices, ventilation, openings, temperature controls, internal electrics and fuel shut-off devices.	draft	4		
Q0578	OSH	OSH-09	職業安全衛生管理辦法	第30條	民國115年6月29日	管理辦法-定期檢查	2	雇主對高壓電氣設備及低壓電氣設備，應每多久定期檢查一次？	每季	每二年	每年	每月	High-voltage and low-voltage electrical equipment must be inspected every:	Quarter	2 years	Year	Month	c	第30條、第31條：高壓及低壓電氣設備應每年檢查受電盤及分電盤動作試驗、用電設備絕緣情形接地電阻及安全設備、自備屋外配電線路。第31條之1：防爆電氣設備應每月檢查。	Articles 30–31: annually (switchboard tests, insulation, grounding resistance, outdoor lines); Article 31-1: explosion-proof electrical equipment monthly.	draft	4		
Q0579	OSH	OSH-09	職業安全衛生管理辦法	第31-1條	民國115年6月29日	管理辦法-定期檢查	2	雇主對於防爆電氣設備，應每多久定期檢查本體及配管配線有無損傷變形一次？	每年	每週	每季	每月	Explosion-proof electrical equipment must be inspected for damage or deformation of the body, conduits and wiring every:	Year	Week	Quarter	Month	d	第31條之1：防爆電氣設備應每月檢查本體有無損傷變形、配管配線有無損傷變形及異常、其他保持防爆性能之必要事項。	Article 31-1: monthly.	draft	4		
Q0580	OSH	OSH-09	職業安全衛生管理辦法	第32條	民國115年6月29日	管理辦法-定期檢查	2	雇主對鍋爐應每多久定期檢查本體、燃燒裝置、自動控制裝置及附屬裝置一次？	每季	每週	每年	每月	Boilers must have their body, combustion system, automatic controls and accessories inspected every:	Quarter	Week	Year	Month	d	第32條：鍋爐應每月檢查本體損傷、燃燒裝置（油加熱器燃料輸送噴燃器過濾器爐壁加煤機煙道）、自動控制裝置（起動停止火焰檢出燃料切斷水位壓力調節）、附屬裝置（給水蒸汽管停止閥空氣預熱器水處理）。第34條：小型鍋爐每年檢查。	Article 32: monthly; Article 34: small boilers annually.	draft	4		
Q0581	OSH	OSH-09	職業安全衛生管理辦法	第33條	民國115年6月29日	管理辦法-定期檢查	2	雇主對高壓氣體特定設備、高壓氣體容器及第一種壓力容器，應每多久定期檢查一次？	每年	每週	每月	每二年	High-pressure gas specific equipment, gas containers and Class 1 pressure vessels must be inspected every:	Year	Week	Month	2 years	c	第33條：高壓氣體特定設備、高壓氣體容器及第一種壓力容器每月檢查本體損傷變形、蓋板螺栓損耗、管凸緣閥旋塞損傷洩漏、壓力表溫度計安全裝置、平台支架腐蝕；有保溫部分或高游離輻射污染場所得免。第35條：第二種壓力容器每年；第36條：小型壓力容器每年。	Article 33: monthly; Article 35: Class 2 pressure vessels yearly; Article 36: small pressure vessels yearly.	draft	4		
Q0582	OSH	OSH-09	職業安全衛生管理辦法	第37條	民國115年6月29日	管理辦法-定期檢查	3	雇主對高壓氣體儲存能力在多少以上之儲槽，應每年定期測定其沈陷狀況一次？	十立方公尺或零點五公噸以上	一百立方公尺或一公噸以上	一千立方公尺或十公噸以上	五百立方公尺或五公噸以上	High-pressure gas storage tanks with a capacity of at least what must have settlement measured yearly?	10 m³ or 0.5 tonne	100 m³ or 1 tonne	1,000 m³ or 10 tonnes	500 m³ or 5 tonnes	b	第37條：高壓氣體儲存能力在一百立方公尺或一公噸以上之儲槽應注意有無沈陷現象，並應每年定期測定其沈陷狀況一次。	Article 37: tanks of 100 m³ or 1 tonne or more, settlement measured once a year.	draft	4		
Q0583	OSH	OSH-09	職業安全衛生管理辦法	第38條	民國115年6月29日	管理辦法-定期檢查	2	雇主對特定化學設備或其附屬設備，及化學設備及其附屬設備，應每多久定期檢查一次？	每三年	每年	每月	每二年	Specified chemical equipment and chemical equipment with their accessories must be inspected every:	3 years	Year	Month	2 years	d	第38條：特定化學設備或附屬設備每二年檢查內部物質、損傷變形腐蝕、蓋凸緣閥旋塞、安全閥緊急遮斷裝置警報裝置、冷卻攪拌壓縮計測控制性能、備用動力源、配管熔接接頭等。第39條：化學設備及附屬設備亦每二年。第49條：特定化學設備開始使用改造修理時應重點檢查。	Articles 38–39: every two years; Article 49: focused inspection of specified chemical equipment at first use, modification or repair.	draft	4		
Q0584	OSH	OSH-09	職業安全衛生管理辦法	第40條	民國115年6月29日	管理辦法-定期檢查	2	雇主對局部排氣裝置、空氣清淨裝置及吹吸型換氣裝置，應每多久定期檢查一次？	每週	每年	每二年	每月	Local exhaust ventilation, air cleaning devices and push-pull ventilation must be inspected every:	Week	Year	2 years	Month	b	第40條：局部排氣裝置、空氣清淨裝置及吹吸型換氣裝置每年檢查氣罩導管排氣機之磨損腐蝕、塵埃聚積、注油潤滑、導管接觸部分、皮帶鬆弛、吸排氣能力、採樣設施等。第41條：局部排氣裝置內之空氣清淨裝置每年。第47條：開始使用拆卸改裝修理時重點檢查。	Article 40: annually; Article 41: air cleaners in LEV annually; Article 47: focused inspection at first use, dismantling, modification or repair.	draft	4		
Q0585	OSH	OSH-09	職業安全衛生管理辦法	第42條	民國115年6月29日	管理辦法-定期檢查	2	雇主對異常氣壓之再壓室或減壓艙，應每多久定期檢查輸排氣設備、通話設備警報裝置、漏電、電器配線一次？	每季	每週	每個月	每年	Recompression chambers and decompression chambers must be inspected for supply/exhaust, communication/alarm, leakage current and wiring every:	Quarter	Week	Month	Year	c	第42條：再壓室或減壓艙每個月檢查輸氣設備及排氣設備運作、通話設備及警報裝置運作、電路有無漏電、電器機械器具及配線有無損傷。	Article 42: monthly.	draft	4		
Q0586	OSH	OSH-09	職業安全衛生管理辦法	第43條	民國115年6月29日	管理辦法-定期檢查	2	雇主對施工架及施工構臺，應每多久定期實施檢查一次？除定期外，何時亦應檢查？	每月；僅颱風後	每季；每年一次	每日；不需額外檢查	每週；強風大雨等惡劣氣候、四級以上地震後及每次停工之復工前	Scaffolds and work platforms must be inspected how often, and additionally when?	Monthly; only after typhoons	Quarterly; once a year	Daily; no extra checks	Weekly; after severe weather such as strong wind or heavy rain, after earthquakes of intensity 4 or above, and before resuming after any suspension	d	第43條：施工架及施工構臺每週檢查架材損傷安裝、固定部分鬆弛、固定材料腐蝕、扶手護欄拆卸脫落、基腳下沈滑動、補強材、壁連座間距等；強風大雨等惡劣氣候、四級以上地震襲擊後及每次停工之復工前亦應檢查。	Article 43: weekly, plus after severe weather, intensity-4+ earthquakes and before resuming work after suspension.	draft	4		
Q0587	OSH	OSH-09	職業安全衛生管理辦法	第44條	民國115年6月29日	管理辦法-定期檢查	2	雇主對營造工程之模板支撐架，除每週檢查外，於何時亦應實施檢查？	僅每月一次	僅檢查機構要求時	僅工程完工時	惡劣氣候、四級以上地震後、每次停工之復工前及混凝土澆置作業前	Formwork shoring must be inspected weekly and also:	Only monthly	Only when the inspection agency asks	Only at completion	After severe weather, intensity-4+ earthquakes, before resuming after suspension, and before concrete placement	d	第44條：模板支撐架每週檢查架材損傷安裝、支柱固定接觸搭接鬆弛、固定材料腐蝕、基腳沉陷滑動、斜撐水平繫條補強材；強風大雨等惡劣氣候、四級以上地震後、每次停工之復工前及混凝土澆置作業前亦應檢查。	Article 44: additionally after severe weather, intensity-4+ earthquakes, before resuming work and before concrete pouring.	draft	4		
Q0588	OSH	OSH-09	職業安全衛生管理辦法	第44-1條	民國115年6月29日	管理辦法-定期檢查	2	雇主發現機械、設備有腐蝕、劣化、損傷或堪用性之虞時，應如何？	實施安全評估，並縮短其檢查期限	僅記錄	不需處理	延長檢查期限	If machinery or equipment shows corrosion, deterioration, damage or doubtful serviceability, the employer shall:	Perform a safety assessment and shorten the inspection interval	Only record it	Do nothing	Extend the interval	a	第44條之1：雇主對機械設備應依規定實施定期檢查；但發現有腐蝕、劣化、損傷或堪用性之虞，應實施安全評估，並縮短其檢查期限。	Article 44-1: conduct a safety assessment and shorten the inspection period.	draft	4		
Q0589	OSH	OSH-09	職業安全衛生管理辦法	第45條	民國115年6月29日	管理辦法-重點檢查	3	雇主對第二種壓力容器及減壓艙，應於何時實施重點檢查？	初次使用前	報廢前	每年	每月	Class 2 pressure vessels and decompression chambers require a focused inspection:	Before first use	Before scrapping	Every year	Every month	a	第45條：第二種壓力容器及減壓艙於初次使用前重點檢查胴體端板厚度是否符合製造廠資料、安全閥吹洩量、尺寸附屬品與明細表符合、耐壓試驗無膨出伸長洩漏等。	Article 45: before first use, checking shell/head thickness against manufacturer data, relief valve capacity, dimensions and accessories, and pressure test results.	draft	4		
Q0590	OSH	OSH-09	職業安全衛生管理辦法	第46條	民國115年6月29日	管理辦法-重點檢查	2	雇主對捲揚裝置，應於何時實施重點檢查？	開始使用、拆卸、改裝或修理時	每年	每日	每月	Winches (hoisting devices) require a focused inspection:	At first use, dismantling, modification or repair	Yearly	Daily	Monthly	a	第46條：捲揚裝置於開始使用、拆卸、改裝或修理時重點檢查安裝部位強度、結合元件結合良好及強度。第51條：每日作業前檢點制動安全控制裝置及鋼索通過部分。	Article 46: at first use, dismantling, modification or repair (mounting strength and fasteners); Article 51: daily pre-use checks.	draft	4		
Q0591	OSH	OSH-09	職業安全衛生管理辦法	第48條	民國115年6月29日	管理辦法-重點檢查	3	雇主對異常氣壓之輸氣設備，停用多久以上擬再度使用時，應實施重點檢查？	六個月以上	一個月以上	一週以上	三個月以上	Air supply equipment for hyperbaric work must undergo a focused inspection before reuse after being out of service for at least:	6 months	1 month	1 week	3 months	b	第48條：輸氣設備初次使用或予分解後加以改造、修理或停用一個月以上擬再度使用時，應實施重點檢查；發生故障出水等異常時應迅即使勞工撤離並檢點。	Article 48: at first use, after modification or repair, or after one month or more out of service.	draft	4		
Q0592	OSH	OSH-09	職業安全衛生管理辦法	第50條	民國115年6月29日	管理辦法-作業檢點	1	雇主對車輛機械，應於何時就制動器、連結裝置、儀器、蓄電池配線控制裝置實施檢點？	每年	每週	每日作業前	每月	Vehicle machinery must be checked for brakes, couplings, instruments, batteries, wiring and controls:	Yearly	Weekly	Daily before work	Monthly	c	第50條：車輛機械應每日作業前檢點制動器連結裝置各種儀器、蓄電池配線控制裝置有無異常。	Article 50: daily before operation.	draft	4		
Q0593	OSH	OSH-09	職業安全衛生管理辦法	第52條	民國115年6月29日	管理辦法-作業檢點	3	固定式起重機於瞬間風速可能超過每秒幾公尺或幾級以上地震後，應實施各部安全狀況之檢點？	十五公尺；四級	三十公尺；四級	二十公尺；三級	四十公尺；五級	Overhead cranes must have all parts checked after instantaneous wind speeds possibly exceeding, or earthquakes of intensity:	15 m/s; 4	30 m/s; 4	20 m/s; 3	40 m/s; 5	b	第52條：固定式起重機每日作業前檢點過捲預防裝置制動器離合器控制裝置、軌道導軌、鋼索運行；置於瞬間風速可能超過每秒三十公尺或四級以上地震後應檢點各部安全狀況。第54條人字臂起重桿亦同（室外者）。	Article 52: after possible gusts over 30 m/s or intensity-4+ earthquakes; Article 54 applies the same to outdoor derricks.	draft	4		
Q0594	OSH	OSH-09	職業安全衛生管理辦法	第58條	民國115年6月29日	管理辦法-作業檢點	2	雇主對起重機械使用之吊掛用鋼索、吊鏈、纖維索、吊鉤、吊索、鏈環等用具，應於何時實施檢點？	每日作業前	每週	每月	每年	Lifting gear used with cranes (wire ropes, chains, fiber ropes, hooks, slings, links) must be checked:	Daily before work	Weekly	Monthly	Yearly	a	第58條：對起重機械使用之吊掛用鋼索、吊鏈、纖維索、吊鉤、吊索、鏈環等用具，應於每日作業前實施檢點。	Article 58: daily before operation.	draft	4		
Q0595	OSH	OSH-09	職業安全衛生管理辦法	第60條	民國115年6月29日	管理辦法-作業檢點	2	雇主對工業用機器人每日作業前實施檢點時，應儘可能在何處為之？	機器人上方	控制室外	可動範圍內	可動範圍外	When checking industrial robots daily before operation, the check should be done as far as possible:	On top of the robot	Outside the control room	Inside the operating range	Outside the robot's operating range	d	第60條：工業用機器人每日作業前檢點制動裝置、緊急停止裝置、接觸防止設施及連鎖裝置、相連機器連鎖、外部電線配管、電壓油壓空氣壓、動作、異常聲音振動；檢點時應儘可能在可動範圍外為之；協同作業機器人並應確認安全功能。	Article 60: outside the movement range; items include brakes, emergency stop, guarding interlocks, wiring, power/hydraulic/pneumatic supply, motion and abnormal noise or vibration; collaborative robots also have safety functions confirmed.	draft	4		
Q0596	OSH	OSH-09	職業安全衛生管理辦法	第61條	民國115年6月29日	管理辦法-作業檢點	2	雇主對高壓氣體製造設備及消費設備，應於何時檢點有無異常？	每月一次	每週一次	每年一次	使用開始前及使用終了後，並一日一次以上就動作狀況檢點	High-pressure gas production and consumption equipment must be checked:	Once a month	Once a week	Once a year	Before start and after end of use, plus at least once a day for operating condition	d	第61條、第62條：高壓氣體製造設備及消費設備應於使用開始前及使用終了後檢點有無異常，且一日一次以上就動作狀況實施檢點。	Articles 61–62: before and after use, and at least once daily for operating status.	draft	4		
Q0597	OSH	OSH-09	職業安全衛生管理辦法	第63條	民國115年6月29日	管理辦法-作業檢點	2	雇主對營建工程施工架、支撐架、擋土支撐、隧道開挖支撐、沉箱圍堰壓氣施工設備、打樁設備等，應於何時檢點有無異常或變形？	每日作業前及使用終了後	每週	每月	每季	Construction scaffolds, shoring, excavation supports, tunnel supports, caissons, cofferdams and piling equipment must be checked for abnormality or deformation:	Daily before work and after use ends	Weekly	Monthly	Quarterly	a	第63條：營建工程施工架設備、施工構臺、支撐架設備、露天開挖擋土支撐設備、隧道或坑道開挖支撐設備、沉箱圍堰及壓氣施工設備、打樁設備等，應於每日作業前及使用終了後檢點有無異常或變形。	Article 63: daily before operation and after the end of use.	draft	4		
Q0598	OSH	OSH-09	職業安全衛生管理辦法	第64條	民國115年6月29日	管理辦法-作業檢點	2	雇主使勞工從事下列何種危險性設備作業時，應使該勞工就其作業有關事項實施檢點？	鍋爐、第一種壓力容器、高壓氣體特定設備、高壓氣體容器之操作作業	辦公室文書作業	電話客服	倉儲盤點	Workers must perform work checks when operating which dangerous equipment?	Boilers, Class 1 pressure vessels, high-pressure gas specific equipment and gas containers	Office clerical work	Phone customer service	Warehouse stocktaking	a	第64條：鍋爐之操作、第一種壓力容器之操作、高壓氣體特定設備之操作、高壓氣體容器之操作作業。第65條：高壓氣體灌裝、儲存、運輸、廢棄作業。	Article 64: boiler, Class 1 pressure vessel, HP gas specific equipment and gas container operation; Article 65: HP gas filling, storage, transport and disposal.	draft	4		
Q0599	OSH	OSH-09	職業安全衛生管理辦法	第69條	民國115年6月29日	管理辦法-作業檢點	2	雇主使勞工從事下列何種有害物作業時，應使勞工就其作業有關事項實施檢點？	餐飲作業	駕駛作業	有機溶劑、鉛、四烷基鉛、特定化學物質、粉塵作業	文書作業	Workers must perform work checks for which harmful-substance operations?	Catering	Driving	Organic solvents, lead, tetraalkyl lead, specified chemicals and dust operations	Clerical work	c	第69條：有機溶劑作業、鉛作業、四烷基鉛作業、特定化學物質作業、粉塵作業。第68條：缺氧危險或局限空間作業；第70條：潛水高壓室內沈箱等異常氣壓作業；第72條：危害性化學品製造處置使用作業。	Article 69: the five listed; Article 68: oxygen-deficiency and confined spaces; Article 70: abnormal pressure work; Article 72: hazardous chemical operations.	draft	4		
Q0600	OSH	OSH-09	職業安全衛生管理辦法	第78條	民國115年6月29日	管理辦法-作業檢點	2	雇主實施各項作業檢點，其檢點對象、內容應如何訂定？	不需書面	依實際需要訂定，以檢點手冊或檢點表等為之	由勞工口頭記憶	沿用他廠表格即可	How should the subjects and contents of work checks be established?	No documentation needed	Based on actual needs, using checklists or check manuals	Memorized verbally by workers	Copy another factory's forms	b	第78條：雇主依第50條至第56條及第58條至第77條實施之檢點，其檢點對象、內容應依實際需要訂定，以檢點手冊或檢點表等為之。	Article 78: per actual needs, in the form of check manuals or checklists.	draft	4		
Q0601	OSH	OSH-09	職業安全衛生管理辦法	第79條	民國115年6月29日	管理辦法-自動檢查	2	雇主依規定實施定期檢查、重點檢查及作業檢點（機械設備部分），應訂定何種計畫？	自動檢查計畫	生產計畫	年度預算計畫	行銷計畫	For periodic inspections, focused inspections and equipment checks, the employer must draw up:	A self-inspection (automatic inspection) plan	A production plan	An annual budget	A marketing plan	a	第79條：雇主依第13條至第63條規定實施之自動檢查，應訂定自動檢查計畫。	Article 79: a self-inspection plan covering inspections under Articles 13–63.	draft	4		
Q0602	OSH	OSH-09	職業安全衛生管理辦法	第80條	民國115年6月29日	管理辦法-自動檢查	2	定期檢查及重點檢查之紀錄應記載哪些事項？保存幾年？	僅檢查者；十年	僅結果；五年	僅日期；一年	檢查年月日、方法、部分、結果、實施檢查者姓名、改善措施內容；三年	Periodic and focused inspection records must contain what, and be kept how long?	Inspector only; 10 years	Results only; 5 years	Date only; 1 year	Date, method, parts inspected, results, inspector's name, corrective measures; 3 years	d	第80條：定期檢查、重點檢查應記錄檢查年月日、檢查方法、檢查部分、檢查結果、實施檢查者之姓名、依檢查結果應採取改善措施之內容，並保存三年。第89條之2：紀錄應以紙本保存，但電子紀錄能隨時調閱者不在此限。	Article 80: the six items, kept 3 years; Article 89-2: paper records unless electronic records can be retrieved at any time.	draft	4		
Q0603	OSH	OSH-09	職業安全衛生管理辦法	第81條	民國115年6月29日	管理辦法-自動檢查	1	勞工、主管人員及職業安全衛生管理人員實施檢查、檢點時，發現對勞工有危害之虞者，應如何？	自行忽略	僅記錄	應即報告上級主管；雇主發現異常應立即檢修及採取必要措施	等下次檢查再處理	If an inspection or check reveals a possible hazard to workers, the person shall:	Ignore it	Only record it	Report immediately to the superior; the employer must immediately repair and take measures	Wait until the next inspection	c	第81條：實施檢查檢點發現對勞工有危害之虞者應即報告上級主管；雇主實施自動檢查發現有異常時，應立即檢修及採取必要措施。	Article 81: report immediately; the employer must promptly repair and take necessary measures on any abnormality.	draft	4		
Q0604	OSH	OSH-09	職業安全衛生管理辦法	第83條	民國115年6月29日	管理辦法-自動檢查	2	雇主實施自動檢查，應指定何人為之？	任何新進人員	外部訪客	具專業知能或操作資格之適當人員	不限	Self-inspections must be assigned to:	Any new employee	External visitors	Suitable persons with professional knowledge or operating qualifications	Anyone	c	第83條：自動檢查除依其他法令另有規定者外，應指定具專業知能或操作資格之適當人員為之。第82條：其他法令另有規定者依該規定。	Article 83: qualified persons with professional competence or operating qualifications, unless other laws provide otherwise.	draft	4		
Q0605	OSH	OSH-09	職業安全衛生管理辦法	第84條	民國115年6月29日	管理辦法-承攬	2	事業單位交付承攬時，承攬人使用之機械設備係由原事業單位提供者，其定期檢查及重點檢查應由何人實施？	原事業單位（必要時得會同承攬人；承攬人有能力時得書面約定由其為之）	一律由承攬人	勞動檢查機構	製造商	When machinery provided by the principal enterprise is used by a contractor, who performs the periodic and focused inspections?	The principal enterprise (jointly with the contractor if needed, or by written agreement delegated to a capable contractor)	Always the contractor	The labor inspection agency	The manufacturer	a	第84條：承攬人使用之機械設備器具由原事業單位提供者，應由原事業單位實施定期檢查及重點檢查；必要時得由承攬人會同實施；承攬人具有能力時得以書面約定由承攬人為之。第85條：承租承借機械設備者應實施自動檢查，定期重點檢查得書面約定由出租出借人為之。	Article 84: the principal enterprise, jointly if necessary, or by written agreement the contractor; Article 85: rented or borrowed equipment must be self-inspected, with periodic/focused inspection assignable in writing to the lessor.	draft	4		
Q0606	OSH	OSH-09	職業安全衛生管理辦法	第86條	民國115年6月29日	管理辦法-報告	2	勞工人數在三十人以上之事業單位，設管理單位或置管理人員時應如何？	依中央主管機關公告之內容及方式登錄，報請勞動檢查機構備查；變更時亦同	報警察機關	僅公告於廠內	不需報備	Enterprises with 30+ workers that set up a management unit or appoint management personnel must:	Register per the central authority's format and report to the labor inspection agency, also on any change	Report to the police	Only post it in the plant	Not report	a	第86條：勞工人數三十人以上之事業單位設管理單位或置管理人員時，應依中央主管機關公告之內容及方式登錄，報請勞動檢查機構備查；變更時亦同。第87條：設委員會時應製作委員會名冊登錄報備。	Article 86: register and report for record to the labor inspection agency, including changes; Article 87: the committee roster must also be registered.	draft	4		
Q0607	OSH	OSH-09	職業安全衛生管理辦法	第90條	民國115年6月29日	管理辦法-施行	3	職業安全衛生管理辦法民國115年6月29日修正發布之條文，自何時施行？	115年6月29日	115年12月31日	116年1月1日	115年7月1日	The amendments to the Regulations promulgated on 29 June 2026 (ROC 115) take effect on:	29 June 2026	31 December 2026	1 January 2027	1 July 2026	d	第90條末項：本辦法中華民國一百十五年六月二十九日修正發布之條文，自一百十五年七月一日施行。	Article 90: effective 1 July ROC 115 (2026).	draft	4		
Q0608	OSH	OSH-11	職業安全衛生教育訓練規則	第1條	民國115年6月25日	教育訓練-法源	1	職業安全衛生教育訓練規則係依職業安全衛生法第幾條規定訂定？	第二十三條第五項	第六條第三項	第二十條第三項	第三十二條第三項	The OSH Education and Training Rules are enacted under which OSH Act article?	Article 23, paragraph 5	Article 6, paragraph 3	Article 20, paragraph 3	Article 32, paragraph 3	d	第1條：本規則依職業安全衛生法第三十二條第三項規定訂定之。	Article 1: under Article 32(3) of the OSH Act.	draft	4		
Q0609	OSH	OSH-11	職業安全衛生教育訓練規則	第3條	民國115年6月25日	教育訓練-業務主管	2	具下列何種資格者，得免接受職業安全衛生業務主管之安全衛生教育訓練？	具急救人員資格者	具堆高機操作資格者	具駕照者	具有職業安全管理師、職業衛生管理師或職業安全衛生管理員資格者	Who is exempt from OSH business supervisor training?	First-aiders	Forklift operators	Driver's license holders	Persons qualified as occupational safety/hygiene management specialists or OSH administrators	d	第3條：擔任業務主管應事前受訓，雇主或代理人擔任者亦同；具管理師、管理員資格者，經管理師管理員訓練合格領有結業證書者，或受訓期滿經測驗合格領有業務主管結業證書者，得免受訓。	Article 3: those qualified as specialists or administrators, or holding the corresponding training certificates, are exempt.	draft	4		
Q0610	OSH	OSH-11	職業安全衛生教育訓練規則	第5條	民國115年6月25日	教育訓練-管理人員	1	雇主對擔任職業安全管理師、職業衛生管理師及職業安全衛生管理員之勞工，應於何時使其接受安全衛生教育訓練？	不需訓練	事前	到職後一年內	到職後三個月內	Workers assigned as OSH management specialists or administrators must receive training:	Not required	Beforehand	Within a year of appointment	Within three months	b	第5條：雇主對擔任職業安全管理師、職業衛生管理師、職業安全衛生管理員之勞工，應於事前使其接受職業安全衛生管理人員之安全衛生教育訓練；課程時數依附表三。	Article 5: before taking up the post, per Annex 3 curricula.	draft	4		
Q0611	OSH	OSH-11	職業安全衛生教育訓練規則	第6條	民國115年6月25日	教育訓練-環測人員	2	作業環境監測人員之安全衛生教育訓練分為哪些類別？	依產業別	甲、乙、丙、丁四種	甲級、乙級之化學性因子及物理性因子作業環境監測人員	僅一種	Workplace environmental monitoring personnel training covers which categories?	By industry	Classes A, B, C and D	Class A and Class B, each for chemical factors and physical factors	One type only	c	第6條：甲級化學性因子、甲級物理性因子、乙級化學性因子、乙級物理性因子作業環境監測人員，應事前受訓；課程時數依附表四。	Article 6: Class A/B chemical-factor and Class A/B physical-factor monitoring personnel, trained beforehand per Annex 4.	draft	4		
Q0612	OSH	OSH-11	職業安全衛生教育訓練規則	第9條	民國115年6月25日	教育訓練-高壓氣體	2	下列何者屬高壓氣體作業主管之安全衛生教育訓練對象？	屋頂作業主管	缺氧作業主管	施工架組配作業主管	高壓氣體製造安全主任、製造安全作業主管、供應及消費作業主管	Which are covered by high-pressure gas work supervisor training?	Roof work supervisors	Oxygen-deficiency supervisors	Scaffold assembly supervisors	HP gas production safety chiefs, production safety work supervisors, supply and consumption work supervisors	d	第9條：高壓氣體製造安全主任、高壓氣體製造安全作業主管、高壓氣體供應及消費作業主管，應事前受訓，課程時數依附表七。	Article 9: the three HP gas supervisor types, trained beforehand per Annex 7.	draft	4		
Q0613	OSH	OSH-11	職業安全衛生教育訓練規則	第10條	民國115年6月25日	教育訓練-營造主管	2	下列何者屬營造作業主管之安全衛生教育訓練對象？	擋土支撐、露天開挖、模板支撐、隧道挖掘、隧道襯砌、施工架組配、鋼構組配、屋頂作業主管	有機溶劑作業主管	潛水作業主管	鉛作業主管	Which are construction work supervisors requiring training under Article 10?	Earth-retaining support, open excavation, formwork support, tunnel excavation, tunnel lining, scaffold assembly, steel erection and roof work supervisors	Organic solvent supervisors	Diving supervisors	Lead work supervisors	a	第10條：擋土支撐、露天開挖、模板支撐、隧道等挖掘、隧道等襯砌、施工架組配、鋼構組配、屋頂作業主管及其他指定人員，應事前受訓，課程時數依附表八。	Article 10: the eight construction supervisor types plus others designated, per Annex 8.	draft	4		
Q0614	OSH	OSH-11	職業安全衛生教育訓練規則	第11條	民國115年6月25日	教育訓練-有害作業主管	2	下列何者屬有害作業主管之安全衛生教育訓練對象？	模板支撐作業主管	鋼構組配作業主管	有機溶劑、鉛、四烷基鉛、缺氧、特定化學物質、粉塵、高壓室內、潛水作業主管	高壓氣體製造安全主任	Which are harmful-operation supervisors requiring training under Article 11?	Formwork support supervisors	Steel erection supervisors	Organic solvent, lead, tetraalkyl lead, oxygen-deficiency, specified chemical, dust, hyperbaric chamber and diving work supervisors	HP gas production safety chiefs	c	第11條：有機溶劑、鉛、四烷基鉛、缺氧、特定化學物質、粉塵、高壓室內、潛水作業主管及其他指定人員，應事前受訓，課程時數依附表九。	Article 11: the eight harmful-operation supervisor types, per Annex 9.	draft	4		
Q0615	OSH	OSH-11	職業安全衛生教育訓練規則	第12條	民國115年6月25日	教育訓練-危險機械	2	吊升荷重在幾公噸以上之固定式起重機操作人員，屬具有危險性之機械操作人員教育訓練對象？	零點五公噸以上	五公噸以上	三公噸以上	一公噸以上	Operators of overhead cranes with a lifting capacity of at least how much fall under dangerous machinery operator training?	0.5 tonne	5 tonnes	3 tonnes	1 tonne	c	第12條：吊升荷重三公噸以上之固定式起重機或一公噸以上之斯達卡式起重機、三公噸以上之移動式起重機、三公噸以上之人字臂起重桿、導軌或升降路高度二十公尺以上之營建用提升機、吊籠操作人員，須經訓練或技能檢定取得資格；自營作業者亦應受訓。	Article 12: overhead cranes 3 t+ (stacker cranes 1 t+), mobile cranes 3 t+, derricks 3 t+, construction hoists with rail height 20 m+, gondolas; qualification by training or skills test.	draft	4		
Q0616	OSH	OSH-11	職業安全衛生教育訓練規則	第12條	民國115年6月25日	教育訓練-危險機械	3	導軌或升降路之高度在幾公尺以上之營建用提升機操作人員，屬具有危險性之機械操作人員？	三十公尺以上	二十公尺以上	十公尺以上	五公尺以上	Operators of construction hoists with guide rail or hoistway height of at least how much are dangerous machinery operators?	30 m	20 m	10 m	5 m	b	第12條第1項第4款：導軌或升降路之高度在二十公尺以上之營建用提升機操作人員。	Article 12(1)(4): 20 m or more.	draft	4		
Q0617	OSH	OSH-11	職業安全衛生教育訓練規則	第13條	民國115年6月25日	教育訓練-危險設備	2	下列何者屬具有危險性之設備操作人員之安全衛生教育訓練對象？	小型鍋爐操作人員	高空工作車操作人員	鍋爐、第一種壓力容器、高壓氣體特定設備、高壓氣體容器操作人員	堆高機操作人員	Which are dangerous equipment operators under Article 13?	Small boiler operators	Aerial work platform operators	Boiler, Class 1 pressure vessel, HP gas specific equipment and HP gas container operators	Forklift operators	c	第13條：鍋爐操作人員、第一種壓力容器操作人員、高壓氣體特定設備操作人員、高壓氣體容器操作人員，須經訓練或技能檢定取得資格；自營作業者亦應受訓；課程時數依附表十一。	Article 13: the four dangerous-equipment operator types; the others are special-operation personnel under Article 14.	draft	4		
Q0618	OSH	OSH-11	職業安全衛生教育訓練規則	第14條	民國115年6月25日	教育訓練-特殊作業	2	荷重在幾公噸以上之堆高機操作人員，應接受特殊作業安全衛生教育訓練？	零點五公噸以上	三公噸以上	一公噸以上	二公噸以上	Forklift operators must receive special-operation training when the forklift's load capacity is at least:	0.5 tonne	3 tonnes	1 tonne	2 tonnes	c	第14條：小型鍋爐操作、荷重一公噸以上堆高機操作、零點五公噸以上未滿三公噸之固定式移動式起重機及人字臂起重桿操作、高空工作車操作、起重機具吊掛作業、乙炔熔接裝置作業、火藥爆破、胸高直徑七十公分以上伐木、機械集材運材、高壓室內作業、潛水作業、油輪清艙作業人員等。	Article 14: forklifts of 1 t+, plus small boilers, cranes 0.5–under 3 t, aerial work platforms, rigging, acetylene welding, blasting, felling trees over 70 cm, cable logging, hyperbaric, diving and tanker cleaning.	draft	4		
Q0619	OSH	OSH-11	職業安全衛生教育訓練規則	第14條	民國115年6月25日	教育訓練-特殊作業	3	吊升荷重在零點五公噸以上未滿三公噸之移動式起重機操作人員，屬何種教育訓練對象？	具有危險性之機械操作人員	營造作業主管	具有危險性之設備操作人員	特殊作業人員	Operators of mobile cranes with capacity 0.5 t to under 3 t fall under which training category?	Dangerous machinery operators	Construction work supervisors	Dangerous equipment operators	Special-operation personnel	d	第14條第1項第4款：吊升荷重零點五公噸以上未滿三公噸之移動式起重機操作人員屬特殊作業安全衛生教育訓練對象；三公噸以上者則屬第12條危險性機械操作人員。	Article 14(1)(4): special-operation training; 3 t and above falls under Article 12.	draft	4		
Q0620	OSH	OSH-11	職業安全衛生教育訓練規則	第14條	民國115年6月25日	教育訓練-特殊作業	3	胸高直徑幾公分以上之伐木作業人員，應接受特殊作業安全衛生教育訓練？	一百公分	五十公分	七十公分	三十公分	Tree-felling workers need special-operation training when the trees' diameter at breast height is at least:	100 cm	50 cm	70 cm	30 cm	c	第14條第1項第10款：胸高直徑七十公分以上之伐木作業人員。第9款火藥爆破人員依爆破專業人員訓練辦法結業者得採認。	Article 14(1)(10): 70 cm or more; blasting personnel trained under the explosives regulations may be recognized.	draft	4		
Q0621	OSH	OSH-11	職業安全衛生教育訓練規則	第16條	民國115年6月25日	教育訓練-急救人員	2	雇主對工作場所急救人員應使其接受急救人員之安全衛生教育訓練，但下列何者不在此限？	消防隊員以外之所有人	主管人員	工會幹部	醫護人員及緊急醫療救護法所定之救護技術員	Workplace first-aiders must receive first-aid training, except:	Everyone except firefighters	Managers	Union officers	Medical/nursing personnel and EMTs under the Emergency Medical Services Act	d	第16條：雇主對工作場所急救人員應使其接受急救人員之安全衛生教育訓練，但醫護人員及緊急醫療救護法所定之救護技術員不在此限；課程時數依附表十三。	Article 16: medical personnel and certified emergency medical technicians are exempt.	draft	4		
Q0622	OSH	OSH-11	職業安全衛生教育訓練規則	第17條	民國115年6月25日	教育訓練-一般訓練	2	雇主對新僱勞工或在職勞工於變更工作前，應使其接受何種訓練？在何種情形下得免？	專業證照訓練；無例外	消防訓練；夜班免	急救訓練；主管免	適於各該工作必要之一般安全衛生教育訓練；工作環境、性質與變更前相當者免	New hires and workers changing jobs must receive what training, and when is it waived?	Professional license training; no exception	Fire training; night shift exempt	First-aid training; managers exempt	General OSH training suited to the work; waived when the environment and nature of work are equivalent to before	d	第17條：新僱勞工或在職勞工變更工作前應接受適於各該工作必要之一般安全衛生教育訓練，但工作環境性質與變更前相當者不在此限；無一定雇主之勞工及受指揮監督從事勞動之人員亦應接受；網路教學課程至多採認二小時；經營造作業安全訓練合格者進入營繕工程場所得免。	Article 17: general OSH training before starting or changing work, waived for equivalent work; also applies to workers without a fixed employer; approved online courses count for at most 2 hours.	draft	4		
Q0623	OSH	OSH-11	職業安全衛生教育訓練規則	第17條	民國115年6月25日	教育訓練-一般訓練	3	中央主管機關認可之職業安全衛生教育訓練網路教學課程，其時數至多得採認為一般安全衛生教育訓練幾小時？	六小時	三小時	一小時	二小時	Approved online OSH courses may count toward general OSH training for at most:	6 hours	3 hours	1 hour	2 hours	d	第17條第4項：中央主管機關指定之網路教學課程取得認證時數後得採認為一般安全衛生教育訓練時數，但認可之網路教學課程至多採認二小時。	Article 17(4): at most two hours.	draft	4		
Q0624	OSH	OSH-11	職業安全衛生教育訓練規則	第18條	民國115年6月25日	教育訓練-在職訓練	2	下列何者屬應接受安全衛生在職教育訓練之人員？	僅新進人員	僅訪客	工作場所負責人及各級主管、職業安全衛生委員會成員	僅離職人員	Who must receive in-service OSH training?	New hires only	Visitors only	Workplace managers and line supervisors, and OSH committee members	Departing staff only	c	第18條：業務主管、管理人員、健康服務護理及相關人員、環測人員、施工及製程安全評估人員、各類作業主管、危險機械設備操作人員、特殊作業人員、急救人員、工作場所負責人及各級主管、委員會成員、營造車輛系營建機械吊掛缺氧局限空間氧乙炔危害性化學品作業人員、一般勞工等，均應依工作性質接受在職教育訓練。	Article 18: a broad list including supervisors, management personnel, health service staff, monitoring and assessment personnel, work supervisors, operators, special-operation and first-aid personnel, workplace managers, committee members, specified operation workers and general workers.	draft	4		
Q0625	OSH	OSH-11	職業安全衛生教育訓練規則	第19條	民國115年6月25日	教育訓練-在職時數	2	職業安全衛生業務主管之在職教育訓練時數為何？職業安全衛生管理人員為何？	每二年至少六小時；每二年至少十二小時	每二年十二小時；每二年二十四小時	每年三小時；每年六小時	每三年六小時；每三年十二小時	In-service training hours for OSH business supervisors and for OSH management personnel are:	At least 6 hours every 2 years; at least 12 hours every 2 years	12 hours every 2 years; 24 hours every 2 years	3 hours yearly; 6 hours yearly	6 hours every 3 years; 12 hours every 3 years	a	第19條：業務主管每二年至少六小時；管理人員每二年至少十二小時；健康服務護理及相關人員每三年至少十二小時；環測人員、安全評估人員、各類作業主管每三年至少六小時；危險機械設備操作、特殊作業、急救、工作場所負責人及主管、委員會成員、特定作業人員及一般勞工每三年至少三小時。	Article 19: supervisors 6 h/2 yr; management personnel 12 h/2 yr; health service staff 12 h/3 yr; monitoring/assessment personnel and work supervisors 6 h/3 yr; operators, special-operation, first-aid, managers, committee members and general workers 3 h/3 yr.	draft	4		
Q0626	OSH	OSH-11	職業安全衛生教育訓練規則	第19條	民國115年6月25日	教育訓練-在職時數	2	一般勞工及工作場所負責人、各級主管之安全衛生在職教育訓練時數為何？	每三年至少六小時	每年至少三小時	每三年至少三小時	每二年至少六小時	In-service training hours for general workers, workplace managers and line supervisors are:	At least 6 hours every 3 years	At least 3 hours yearly	At least 3 hours every 3 years	At least 6 hours every 2 years	c	第19條第1項第5款：第七款至第十三款之勞工（危險機械設備操作人員、特殊作業人員、急救人員、工作場所負責人及各級主管、委員會成員、特定作業人員、一般勞工）每三年至少三小時。	Article 19(1)(5): at least 3 hours every 3 years.	draft	4		
Q0627	OSH	OSH-11	職業安全衛生教育訓練規則	第19條	民國115年6月25日	教育訓練-在職時數	3	勞工作業環境監測人員及各類作業主管之在職教育訓練時數為何？	每三年至少三小時	每三年至少六小時	每年至少六小時	每二年至少六小時	In-service training hours for environmental monitoring personnel and work supervisors are:	At least 3 hours every 3 years	At least 6 hours every 3 years	At least 6 hours yearly	At least 6 hours every 2 years	b	第19條第1項第4款：第四款至第六款之勞工（環測人員、施工及製程安全評估人員、高壓氣體營造有害作業主管）每三年至少六小時。	Article 19(1)(4): at least 6 hours every 3 years.	draft	4		
Q0628	OSH	OSH-11	職業安全衛生教育訓練規則	第20條	民國115年6月25日	教育訓練-訓練單位	2	事業單位作為安全衛生教育訓練之訓練單位，其辦理範圍為何？	以辦理其勞工或相關承攬事業間之安全衛生教育訓練為限	得對外招訓	得核發技術士證	得辦理所有職類	An enterprise acting as a training unit may only conduct:	Training for its own workers or related contractor enterprises	Public enrollment training	Skills certification	All training categories	a	第20條：訓練單位包括勞工衛生主管機關、勞檢機構、目的事業主管機關、非營利法人、雇主團體、勞工團體、評鑑合格醫院或設有醫護科系之大專、急救訓練單位、設安全衛生相關科系之大專、事業單位等；事業單位以辦理其勞工或相關承攬事業間之訓練為限；非營利法人雇主勞工團體對外招訓應經中央主管機關認可。	Article 20: enterprises may only train their own and related contractors' workers; non-profit legal persons, employer and labor groups need central approval for public enrollment.	draft	4		
Q0629	OSH	OSH-11	職業安全衛生教育訓練規則	第20-3條	民國115年6月25日	教育訓練-評鑑	3	職業安全衛生教育訓練單位評鑑結果分為哪幾等？	特優、優、良	合格、不合格	A、B、C	優等、甲等、乙等及丙等	Training unit evaluation results are graded as:	Outstanding, good, fair	Pass or fail	A, B, C	Excellent, A, B and C	d	第20條之3：認可訓練單位符合人才發展品質管理系統評核、近三年辦理達十班次、近五年未受撤銷廢止停訓者，得申請評鑑；結果分優等、甲等、乙等及丙等並公開。第21條：辦理管理人員、三公噸以上起重機、鍋爐第一種壓力容器、堆高機等訓練須甲等以上。	Article 20-3: excellent (優等), A (甲等), B (乙等), C (丙等), published; Article 21 requires grade A or above for certain courses such as management personnel, cranes 3 t+, boilers and forklifts.	draft	4		
Q0630	OSH	OSH-11	職業安全衛生教育訓練規則	第25條	民國115年6月25日	教育訓練-報備	2	訓練單位辦理第3條至第16條之教育訓練，應於幾日前報請地方主管機關備查？每日上課時數不得逾幾小時？	三日前；四小時	十五日前；八小時	七日前；六小時	三十日前；十小時	Training units must file training plans with the local authority how many days in advance, and daily class hours may not exceed:	3 days; 4 hours	15 days; 8 hours	7 days; 6 hours	30 days; 10 hours	b	第25條：應於十五日前檢附教育訓練計畫報備書、課程表、講師概況、學員名冊、專責輔導員名單報請地方主管機關備查；學科術科每日上課不得逾八小時，術科實習應於日間，夜間上課以三小時為原則不得超過午後十時。	Article 25: 15 days before, with plan, timetable, instructor profile, roster and counselor list; max 8 hours per day, practical sessions in daytime, evening classes about 3 hours and not past 10 p.m.	draft	4		
Q0631	OSH	OSH-11	職業安全衛生教育訓練規則	第28條	民國115年6月25日	教育訓練-結業	2	訓練單位對於結訓測驗合格者，應於結訓後幾日內發給結業證書？測驗文字應為何？	七日內；英文	十五日內；中文	六十日內；雙語	三十日內；任意	Certificates of completion must be issued within how many days after passing the final test, and the test must be in which language?	7 days; English	15 days; Chinese	60 days; bilingual	30 days; any	b	第28條：應實施結訓測驗，合格者於結訓後十五日內發給結業證書；測驗文字及語文應為中文；公告職類之測驗應於認可之測驗試場辦理。第27條：技能檢定職類者於結訓後十五日內發給訓練期滿證明。	Article 28: within 15 days; tests in Chinese; Article 27: certificates of course completion for skills-test categories also within 15 days.	draft	4		
Q0632	OSH	OSH-11	職業安全衛生教育訓練規則	第29條	民國115年6月25日	教育訓練-紀錄	3	訓練單位對於第3條至第16條教育訓練之學員簽到、點名、成績冊、證書核發清冊等文件，應於訓練結束後幾日內做成電子檔？至少保存幾年？	七日內；一年	十日內；十年	十五日內；五年	三十日內；三年	Training records (sign-in, roll call, grades, certificate registers) must be digitized within how many days after training, and kept at least:	7 days; 1 year	10 days; 10 years	15 days; 5 years	30 days; 3 years	b	第29條：應於教育訓練結束後十日內做成電子檔，至少保存十年。第31條：第17、18條之訓練資料保存三年。	Article 29: within 10 days, kept at least 10 years; Article 31: general and in-service training records kept 3 years.	draft	4		
Q0633	OSH	OSH-11	職業安全衛生教育訓練規則	第31條	民國115年6月25日	教育訓練-紀錄	2	訓練單位辦理一般安全衛生教育訓練及在職教育訓練之訓練教材、課程表、名冊、簽到紀錄等實施資料，應保存幾年？	一年	三年	十年	五年	Records of general and in-service OSH training (materials, timetables, rosters, sign-ins) must be kept for:	1 year	3 years	10 years	5 years	b	第31條：辦理第17條及第18條之教育訓練，應將訓練教材、課程表相關訓練計畫、受訓人員名冊、簽到紀錄、課程內容等資料保存三年；並應於結業證書背面記錄或發給在職教育訓練紀錄。	Article 31: three years; in-service training is recorded on the back of the certificate or on a training record form.	draft	4		
Q0634	OSH	OSH-11	職業安全衛生教育訓練規則	第33條	民國115年6月25日	教育訓練-管理	3	受訓學員缺課時數達課程總時數多少以上者，訓練單位應通知其退訓？	二分之一	十分之一	五分之一	三分之一	A trainee absent for at least what fraction of total course hours must be withdrawn?	One half	One tenth	One fifth	One third	c	第33條：訓練單位應指派專責輔導員（具管理員資格；急救訓練得由醫護人員或救護技術員擔任）、查核參訓資格簽到上課情形等；學員缺課達總時數五分之一以上應通知退訓，請假超過三小時或曠課者應補足全部課程；專責輔導員每二年至少接受六小時講習。	Article 33: one fifth; leave over 3 hours or absence requires making up the full course; counselors must hold administrator qualification and attend 6 hours of briefing every 2 years.	draft	4		
Q0635	OSH	OSH-11	職業安全衛生教育訓練規則	第37條	民國115年6月25日	教育訓練-教材	2	教育訓練教材之編撰原則，下列何者正確？	可任意引用不註明	使用中文，輔以圖說實例或災害案例；使用公制單位；橫式由左至右；載明編輯委員	直式由右至左	使用英文為主	Which is a correct principle for compiling training materials?	Free quotation without attribution	Chinese text with illustrations, examples or accident cases; metric units; horizontal left-to-right layout; editors named	Vertical right-to-left	Mainly English	b	第37條：符合勞動法令及著作權法；使用中文敘述輔以圖說實例或職災案例，引用外文者加註中文；使用公制單位；編排橫式由左至右；載明編輯委員。第36條：教材應設編輯及審查會並報中央主管機關備查。	Article 37: comply with labor and copyright law, Chinese with illustrations and case studies, metric units, horizontal left-to-right, editorial committee listed.	draft	4		
Q0636	OSH	OSH-11	職業安全衛生教育訓練規則	第39條	民國115年6月25日	教育訓練-處罰	3	訓練單位有下列何種情事，主管機關依職安法第48條處以罰鍰並令限期改正？	講師遲到	學員成績不佳	招訓廣告或簡章內容有虛偽不實	教室冷氣故障	Which situation leads to a fine and order to correct under OSH Act Article 48?	An instructor arriving late	Poor trainee scores	False or misleading enrollment advertisements or brochures	Broken classroom air conditioning	c	第39條：訓練場所設備不良、招訓廣告虛偽不實、未於核備場所實施、訓練計畫未報備、資料不實、未辦結訓測驗、未依規定發證、未登錄指定文件、拒絕查核、未經認可對外招訓、未具甲等辦理指定訓練等，處以罰鍰並令限期改正。第38條為警告事由；第40條屆期未改或情節重大者撤銷廢止認可或停訓。	Article 39: poor facilities, false advertising, training outside approved venues, unfiled plans, false records, no final test, improper certificates, no registration, refusing audits, unapproved public enrollment, etc.; Article 40: revocation or suspension for serious or uncorrected cases.	draft	4		
Q0637	OSH	OSH-11	職業安全衛生教育訓練規則	第42-4條	民國115年6月25日	教育訓練-外送	3	事業單位以數位方式經營商品交易或運送，交付無僱傭關係之個人親自履行外送作業時，對新加入者應使其接受安全衛生教育訓練至少幾小時？	六小時	一小時	八小時	三小時	Digital platforms using self-employed delivery workers must give newcomers OSH training of at least:	6 hours	1 hour	8 hours	3 hours	b	第42條之4：對新加入者應使其接受至少一小時之安全衛生教育訓練，課程為危害辨識及預防、安全衛生防護裝備使用、緊急事故應變處理；每年並應依相同時數及課程辦理在職訓練；講師應具職業安全衛生管理人員資格或三年以上相關工作經驗。	Article 42-4: at least one hour on hazard identification, protective equipment and emergency response, repeated yearly as in-service training; instructors need OSH management qualification or 3 years' experience.	draft	4		
Q0638	OSH	OSH-11	職業安全衛生教育訓練規則	第42條	民國115年6月25日	教育訓練-抵充	3	職業安全衛生管理人員及三公噸以上起重機操作人員之教育訓練課程及時數，於幾年內已受相同種類之課程時數且有證明者，得抵充之？	二年內	一年內	三年內	五年內	Training for OSH management personnel and crane operators (3 t+) taken within how many years may be credited toward the same course?	2 years	1 year	3 years	5 years	a	第42條：第5條、第12條第1項第1款及第2款規定之課程及時數，於二年內已受相同種類之教育訓練課程及時數相同且有證明者，得抵充之。	Article 42: identical courses completed within two years, with proof, may be credited.	draft	4		
Q0639	OSH	OSH-10	勞工健康保護規則	第2條	民國115年6月26日	健康保護-定義	2	勞工健康保護規則所稱「臨時性作業」，指正常作業以外之作業，其作業期間不超過多久且一年內不再重複者？	一年	一個月	六個月	三個月	'Temporary work' under the Labor Health Protection Rules is non-routine work lasting no more than how long and not repeated within a year?	1 year	1 month	6 months	3 months	d	第2條第3款：臨時性作業指正常作業以外之作業，其作業期間不超過三個月，且一年內不再重複者。	Article 2(3): not exceeding three months and not repeated within one year.	draft	4		
Q0640	OSH	OSH-10	勞工健康保護規則	第2條	民國115年6月26日	健康保護-定義	3	「長期夜間工作」指勞工前一年度於午後十時至翌晨六時期間工作三小時以上之工作日數達當月工作日數二分之一且累計達幾個月以上，或該時段工作時數累計達幾小時以上？	三個月；五百小時	十二個月；一千小時	一個月；一百小時	六個月；七百小時	'Long-term night work' means, in the previous year, night work (10 p.m.–6 a.m.) of 3+ hours on half the working days of a month for at least how many months, or night hours totaling at least:	3 months; 500 hours	12 months; 1,000 hours	1 month; 100 hours	6 months; 700 hours	d	第2條第4款：長期夜間工作指前一年度於午後十時至翌晨六時工作三小時以上之工作日數達當月工作日數二分之一且累計達六個月以上，或該期間工作時數累計達七百小時以上。第18條：應於當年度實施長期夜間工作健康檢查。	Article 2(4): six months cumulative, or 700 hours cumulative; Article 18 requires a night-work health check that year.	draft	4		
Q0641	OSH	OSH-10	勞工健康保護規則	第2條	民國115年6月26日	健康保護-定義	2	勞工健康服務人員包括下列何者？	僅護理人員	保全人員	醫師、護理人員、心理師、物理治療師、職能治療師或公共衛生師	僅醫師	Labor health service personnel include:	Nurses only	Security guards	Physicians, nurses, psychologists, physical therapists, occupational therapists or public health specialists	Physicians only	c	第2條第5款：勞工健康服務人員指從事勞工健康服務之醫師、護理人員、心理師、物理治療師、職能治療師或公共衛生師。	Article 2(5): the six professions listed.	draft	4		
Q0642	OSH	OSH-10	勞工健康保護規則	第3條	民國115年6月26日	健康保護-醫護配置	2	事業單位勞工人數在幾人以上，或從事特別危害健康作業之勞工人數在幾人以上者，應僱用或特約醫師及僱用護理人員辦理勞工健康服務？	一百人；三十人	三百人；五十人	五百人；一百人	五十人；十人	Enterprises with at least how many workers, or how many workers in specially hazardous work, must employ or contract physicians and employ nurses for health services?	100; 30	300; 50	500; 100	50; 10	b	第3條：勞工人數三百人以上或從事特別危害健康作業勞工五十人以上者，應依附表二、三之人力配置及臨場服務頻率，僱用或特約醫師及僱用護理人員辦理勞工健康服務；經評估有需求者得僱用相關人員。	Article 3: 300+ workers or 50+ in specially hazardous operations, per Annexes 2 and 3 for staffing and on-site frequency.	draft	4		
Q0643	OSH	OSH-10	勞工健康保護規則	第4條	民國115年6月26日	健康保護-醫護配置	2	事業單位勞工人數在五十人以上未達三百人者，應如何辦理勞工健康服務？	僱用專職醫師	依附表四所定特約醫護人員臨場服務頻率辦理	不需辦理	僅需急救人員	Enterprises with 50 to under 300 workers must provide health services by:	Employing a full-time physician	Contracted medical and nursing personnel at the on-site frequencies in Annex 4	Not required	First-aiders only	b	第4條：勞工人數五十人以上未達三百人者，應依附表四所定特約醫護人員臨場服務頻率辦理；經評估得特約相關人員，但護理人員之總服務頻率應達二分之一以上。	Article 4: contracted physicians and nurses at Annex 4 frequencies; nurses must provide at least half the total service frequency.	draft	4		
Q0644	OSH	OSH-10	勞工健康保護規則	第6條	民國115年6月26日	健康保護-兼任	2	依規則僱用之勞工健康服務人員，得否兼任其他法令所定專責人員？	僅得兼任會計	僅得兼任安全衛生管理員	得兼任	不得兼任，也不得從事與勞工健康服務無關之工作	May employed labor health service personnel concurrently hold other statutory dedicated posts?	Only accounting	Only OSH administrator	Yes	No, nor do unrelated work	d	第6條：僱用之勞工健康服務人員不得兼任其他法令所定專責（任）人員或從事其他與勞工健康服務無關之工作；請假超過三十日得委託專業機構指派人員代理；僱用人員應報請備查，變更亦同。	Article 6: no concurrent statutory posts or unrelated work; leave over 30 days may be covered by an accredited institution; appointments must be reported.	draft	4		
Q0645	OSH	OSH-10	勞工健康保護規則	第7條	民國115年6月26日	健康保護-資格	3	從事勞工健康服務之護理人員，除具護理師或護士資格外，須具實務工作經驗幾年以上並經課程訓練合格？	三年以上	一年以上	五年以上	二年以上	Nurses providing labor health services need nursing qualification plus how many years of practical experience and course training?	At least 3 years	At least 1 year	At least 5 years	At least 2 years	d	第7條：從事勞工健康服務之醫師須為職業醫學科專科醫師或其他專科醫師經附表五課程訓練合格；護理人員及勞工健康服務相關人員須具資格且實務經驗二年以上並經附表六課程訓練合格。	Article 7: physicians must be occupational medicine specialists or other specialists with Annex 5 training; nurses and related personnel need 2+ years' experience and Annex 6 training.	draft	4		
Q0646	OSH	OSH-10	勞工健康保護規則	第8條	民國115年6月26日	健康保護-在職訓練	2	勞工健康服務人員之在職教育訓練時數為每三年合計至少幾小時？其中數位學習課程時數採計不超過幾小時？	十二小時；六小時	三小時；一小時	六小時；三小時	二十四小時；十二小時	In-service training for labor health service personnel totals at least how many hours every 3 years, with e-learning counted up to:	12 hours; 6 hours	3 hours; 1 hour	6 hours; 3 hours	24 hours; 12 hours	a	第8條：每三年合計至少十二小時，且職業安全衛生法規與職場健康風險評估管理實務每類至少二小時；職醫每三年至少二小時法規課程；數位學習採計不超過六小時。	Article 8: 12 hours per 3 years with at least 2 hours per course category; occupational medicine specialists need 2 hours of legal courses; e-learning up to 6 hours.	draft	4		
Q0647	OSH	OSH-10	勞工健康保護規則	第9條	民國115年6月26日	健康保護-服務事項	2	下列何者屬勞工健康服務人員應臨場辦理之事項？	體格健康檢查結果之分析評估、健康管理及資料保存；協助選配適當工作；異常者追蹤管理及健康指導	人事考績	產品品質檢驗	財務稽核	Which is an on-site duty of labor health service personnel?	Analyzing health exam results, health management and record keeping; helping assign suitable work; follow-up and guidance for abnormal results	Personnel appraisal	Product quality testing	Financial auditing	a	第9條：檢查結果分析評估健康管理資料保存、協助選配工作、異常者追蹤管理健康指導、未滿十八歲母性健康職業傷病高風險勞工評估及個案管理、職業衛生調查分析及紀錄保存、疾病預防健康促進諮詢急救、定期向雇主報告及建議等。	Article 9: exam result analysis and management, job placement, follow-up of abnormalities, case management of minors, maternal-health, injured and high-risk workers, health surveys, health promotion and first aid, reporting to the employer.	draft	4		
Q0648	OSH	OSH-10	勞工健康保護規則	第11條	民國115年6月26日	健康保護-現場訪視	2	勞工健康服務人員配合職業安全衛生、人力資源等部門訪視現場時，應辦理何事？	監督考勤	評核生產效率	辨識評估影響勞工身心健康之危害因子並建議改善、建議作業環境設施改善、調查健康與作業關連性、提供復工勞工職能評估及職務再設計建議	檢查財務帳冊	During site visits with OSH and HR staff, health service personnel shall:	Monitor attendance	Rate production efficiency	Identify and assess hazards affecting physical and mental health, recommend improvements, study health–work links, and advise on return-to-work evaluation and job redesign	Audit financial books	c	第11條：辨識與評估工作場所環境作業及組織內部影響勞工身心健康之危害因子並建議改善；提出作業環境安全衛生設施改善規劃建議；調查勞工健康與作業關連性並採取預防及促進措施；提供復工勞工之職能評估、職務再設計或調整之諮詢建議。	Article 11: hazard identification and assessment with improvement recommendations, facility improvement advice, health–work correlation studies, and return-to-work functional assessment and job redesign advice.	draft	4		
Q0649	OSH	OSH-10	勞工健康保護規則	第12條	民國115年6月26日	健康保護-計畫	2	依第3條僱用勞工健康服務人員辦理者，應訂定何種計畫並每年評估成效及檢討？	職業安全衛生管理計畫	勞工健康服務計畫	承攬管理計畫	緊急應變計畫	Enterprises employing health service personnel under Article 3 must formulate what plan, reviewed annually?	An OSH management plan	A labor health service plan	A contractor management plan	An emergency response plan	b	第12條：依第3條僱用人員辦理者，應依作業環境特性訂定勞工健康服務計畫據以執行，每年評估成效及檢討；依第4條特約辦理者得以執行紀錄或文件代替。	Article 12: a labor health service plan with annual evaluation; those using contracted personnel under Article 4 may substitute records.	draft	4		
Q0650	OSH	OSH-10	勞工健康保護規則	第13條	民國115年6月26日	健康保護-管理方案	3	第二類或第三類事業且未具特別危害健康作業之雇主，勞務場所分布不同地區或非於雇主設施內者，得訂定何者以替代第3、4條之勞工健康服務規定？	風險評估報告	勞工健康管理方案	健康促進計畫	職業安全衛生管理規章	Category 2/3 enterprises without specially hazardous work, whose worksites are scattered or outside the employer's facilities, may adopt what instead of Articles 3–4 services?	A risk assessment report	A labor health management program	A health promotion plan	OSH management rules	b	第13條：得訂定勞工健康管理方案，內容包括工作環境危害性質、勞工作業型態及分布、高風險群健康檢查評估、安排醫師面談及健康指導、書面或遠端通訊評估建議諮詢，每年評估檢討；應僱用護理人員或委託專業機構並依附表七實施臨場服務。	Article 13: a labor health management program covering hazards, work patterns, high-risk group evaluation, physician interviews and remote consultation, reviewed yearly, with nurses or an accredited institution per Annex 7.	draft	4		
Q0651	OSH	OSH-10	勞工健康保護規則	第14條	民國115年6月26日	健康保護-紀錄	2	雇主執行勞工健康服務相關事項之紀錄表及採行措施文件，應保存幾年？	三年	七年	一年	五年	Records of labor health service activities and the measures taken must be kept for:	3 years	7 years	1 year	5 years	a	第14條：執行第9條至第13條事項應依附表八填寫紀錄表並依建議採取措施；紀錄表及採行措施之文件應保存三年。	Article 14: three years, using the Annex 8 record form.	draft	4		
Q0652	OSH	OSH-10	勞工健康保護規則	第15條	民國115年6月26日	健康保護-急救	2	事業單位急救人員每一輪班次應至少置幾人？每一輪班次勞工人數超過五十人者，每增加幾人再置一人？	一人；五十人	二人；一百人	一人；三十人	三人；五十人	At least how many first-aiders per shift, and one more for every additional how many workers above 50?	1; 50	2; 100	1; 30	3; 50	a	第15條：每一輪班次至少置急救人員一人，勞工超過五十人者每增加五十人再置一人；第一類事業每班僅一人作業或第二三類每班未達五人且有緊急連線通報監視措施者不在此限；急救人員未能執行職務時應即指定代理人。	Article 15: at least one per shift, plus one per additional 50 workers; exemptions for single-worker shifts in Category 1 or shifts under 5 workers in Category 2/3 with emergency communication or monitoring.	draft	4		
Q0653	OSH	OSH-10	勞工健康保護規則	第15條	民國115年6月26日	健康保護-急救	2	急救人員之資格，除醫護人員及救護技術員外，尚有何者？下列何種情形不得擔任？	主管指定即可；無限制	經急救人員安全衛生教育訓練合格者；失聰、兩眼裸視或矯正視力均在零點六以下、失能及健康不良者不得	任何人；無限制	保全人員；年滿五十歲不得	Besides medical staff and EMTs, who may be a first-aider, and who is disqualified?	Anyone the manager appoints; no restriction	Those who passed first-aid OSH training; persons who are deaf, have vision of 0.6 or worse in both eyes even corrected, are disabled or in poor health are disqualified	Anyone; no restriction	Security guards; over age 50 disqualified	b	第15條第2項：急救人員應為醫護人員、經教育訓練規則所定急救人員訓練合格者或緊急醫療救護法所定救護技術員，且不得有失聰、兩眼裸視或矯正視力後均在零點六以下、失能及健康不良等足以妨礙急救情形。	Article 15(2): trained first-aiders; excluded if hearing loss, corrected vision 0.6 or below in both eyes, disability or poor health would impede first aid.	draft	4		
Q0654	OSH	OSH-10	勞工健康保護規則	第15條	民國115年6月26日	健康保護-急救	2	急救藥品與器材應置於適當固定處所並保持清潔，至少每多久定期檢查？	每月	每年	每週	每六個月	First-aid supplies and equipment must be kept in a fixed clean place and checked at least every:	Month	Year	Week	6 months	d	第15條第3項：急救藥品與器材應置於適當固定處所及保持清潔，至少每六個月定期檢查；被污染或失效之物品應隨時更換補充。	Article 15(3): at least every six months, replacing contaminated or expired items at any time.	draft	4		
Q0655	OSH	OSH-10	勞工健康保護規則	第16條	民國115年6月26日	健康保護-體格檢查	2	雇主僱用勞工時，除一般體格檢查外，另應按作業類別實施何種檢查？何種情形得免一般體格檢查？	不需檢查；一律	健康促進；主管	心理測驗；所有人	特殊體格檢查；非繼續性之臨時性或短期性工作期間在六個月以內者	At hiring, besides a general physical exam, what must be done by job type, and when is the general exam waived?	No exam; always	Health promotion; managers	A psychological test; everyone	A special physical exam; non-continuous temporary or short-term work of six months or less	d	第16條：僱用時應依附表九實施一般體格檢查，並按作業類別依附表十實施特殊體格檢查；非繼續性之臨時性或短期性工作在六個月以內、其他法規已有規定、經指定公告者得免一般體格檢查；距前次檢查未超過定期期限經提出證明者得免。	Article 16: general exam per Annex 9 and special exam per Annex 10 by job type; waived for temporary work of six months or less, where other laws provide, or with proof of a recent exam within the periodic interval.	draft	4		
Q0656	OSH	OSH-10	勞工健康保護規則	第17條	民國115年6月26日	健康保護-健康檢查	2	在職勞工一般健康檢查之頻率為何？	一律每三年一次	六十五歲以上每年，其餘每五年	年滿六十歲每年一次；四十歲以上未滿六十歲每二年一次；未滿四十歲每三年一次	一律每年一次	How often must in-service workers receive general health examinations?	Every 3 years for all	65+ yearly, others every 5 years	Age 60+: yearly; 40 to under 60: every 2 years; under 40: every 3 years	Yearly for all	c	第17條：年滿六十歲者每年檢查一次；四十歲以上未滿六十歲者每二年一次；未滿四十歲者每三年一次；項目依附表九，先天性辨色力異常者得免再檢查辨色力。	Article 17: yearly at 60+, every two years at 40–59, every three years under 40.	draft	4		
Q0657	OSH	OSH-10	勞工健康保護規則	第19條	民國115年6月26日	健康保護-特殊檢查	2	雇主使勞工從事特別危害健康作業，應多久實施特殊健康檢查？並應將何資料交予醫師？	每五年；學歷	每二年；考勤表	每年或變更作業時；作業內容、最近一次作業環境監測紀錄及危害暴露情形	每三年；薪資單	Workers in specially hazardous operations must have special health exams how often, and what must be given to the physician?	Every 5 years; diplomas	Every 2 years; attendance records	Yearly or on change of work; job content, latest environmental monitoring record and exposure data	Every 3 years; pay slips	c	第19條：應每年或於變更其作業時依附表十實施特殊健康檢查；並將勞工作業內容、最近一次作業環境監測紀錄及危害暴露情形等作業經歷資料交予醫師；游離輻射作業依游離輻射防護法。	Article 19: annually or when the job changes, with job content, latest monitoring records and exposure history provided to the physician.	draft	4		
Q0658	OSH	OSH-10	勞工健康保護規則	第20條	民國115年6月26日	健康保護-紀錄保存	3	一般體格（健康）檢查及長期夜間工作健康檢查紀錄至少保存幾年？特殊體格（健康）檢查紀錄至少保存幾年？	五年；七年	十年；三十年	三年；五年	七年；十年	General and night-work health exam records are kept at least how long, and special exam records at least how long?	5 years; 7 years	10 years; 30 years	3 years; 5 years	7 years; 10 years	d	第20條：附表九及附表十一之檢查紀錄至少保存七年；附表十之特殊檢查紀錄至少保存十年。第21條：游離輻射、粉塵、苯、石綿等特定作業之特殊檢查紀錄至少保存三十年。	Article 20: 7 years for general and night-work exams; 10 years for special exams; Article 21: 30 years for certain agents.	draft	4		
Q0659	OSH	OSH-10	勞工健康保護規則	第21條	民國115年6月26日	健康保護-紀錄保存	3	從事下列何種作業之特殊體格（健康）檢查紀錄，應至少保存三十年？	高溫作業	噪音作業	游離輻射、粉塵、苯、石綿、氯乙烯、甲醛、鎘等	重體力作業	Special exam records for which operations must be kept at least 30 years?	High-temperature work	Noise work	Ionizing radiation, dust, benzene, asbestos, vinyl chloride, formaldehyde, cadmium and similar	Heavy physical work	c	第21條：游離輻射、粉塵、三氯乙烯及四氯乙烯、聯苯胺類、鈹、氯乙烯、苯、鉻酸及重鉻酸鹽、砷、鎳、1,3-丁二烯、甲醛、銦、石綿、鎘、苯乙烯等作業之特殊檢查紀錄至少保存三十年。	Article 21: ionizing radiation, dust, tri/tetrachloroethylene, benzidine compounds, beryllium, vinyl chloride, benzene, chromates, arsenic, nickel, 1,3-butadiene, formaldehyde, indium, asbestos, cadmium, styrene.	draft	4		
Q0660	OSH	OSH-10	勞工健康保護規則	第22條	民國115年6月26日	健康保護-分級管理	3	特殊健康檢查結果部分或全部項目異常，經職醫綜合判定為異常且與工作有關者，屬第幾級管理？	第三級管理	第四級管理	第二級管理	第一級管理	Abnormal special exam results judged by the occupational physician to be work-related fall under which management level?	Level 3	Level 4	Level 2	Level 1	b	第22條：第一級全部正常或經職醫判定無異常；第二級異常但與工作無關；第三級異常而無法確定與工作相關性須進一步評估；第四級異常且與工作有關。第二級以上應註明不適宜作業，第三、四級並註明臨床診斷。	Article 22: Level 1 normal; Level 2 abnormal but unrelated to work; Level 3 abnormal with undetermined work relation; Level 4 abnormal and work-related.	draft	4		
Q0661	OSH	OSH-10	勞工健康保護規則	第22條	民國115年6月26日	健康保護-分級管理	3	特殊健康檢查屬第三級管理者，雇主應如何處理？	僅提供健康指導	立即解僱	請職醫實施健康追蹤檢查，必要時會同職業安全衛生人員實施現場評估並重新分級，並通報分級結果及措施	不需處理	For workers at management Level 3, the employer shall:	Only give health guidance	Dismiss immediately	Have the occupational physician conduct follow-up exams, with on-site evaluation jointly with OSH personnel if needed, re-grade and report	Do nothing	c	第22條第3項：第二級管理者應提供個人健康指導；第三級管理者應請職醫實施健康追蹤檢查，必要時會同職業安全衛生人員實施疑似工作相關疾病現場評估，依結果重新分級並通報；第四級經評估現場仍有暴露者應採取危害控制及管理措施。	Article 22(3): Level 2 gets individual guidance; Level 3 gets follow-up exams and possible site evaluation with re-grading and reporting; Level 4 with ongoing exposure requires hazard control.	draft	4		
Q0662	OSH	OSH-10	勞工健康保護規則	第24條	民國115年6月26日	健康保護-檢查後措施	2	勞工經健康檢查後，經醫師評估不能適應原有工作者，雇主應如何？	扣薪	不需處理	要求繼續原工作	參採醫師建議變更作業場所、更換工作或縮短工作時間，並採取健康管理措施	If a physician finds a worker unfit for the current job after a health exam, the employer shall:	Cut wages	Do nothing	Insist on the same job	Follow medical advice to change the workplace, reassign work or shorten hours, with health management measures	d	第24條：應參採醫師建議告知勞工並適當配置；異常者由醫護人員提供健康指導，不能適應原工作者變更作業場所、更換工作或縮短工作時間並採健康管理措施；將檢查結果發給勞工；彙整歷年紀錄；資料由僱用之醫護人員保存管理並遵守個資法。	Article 24: inform and place workers per medical advice, give guidance for abnormalities, reassign or shorten hours if unfit, give results to workers, compile records, and protect personal data.	draft	4		
Q0663	OSH	OSH-10	勞工健康保護規則	第25條	民國115年6月26日	健康保護-配置	2	雇主使勞工從事高溫、異常氣壓、高架、精密或重體力勞動作業時，應如何配置工作及休息時間？	由勞工自行決定	一律不休息	參採勞工健康服務醫師綜合評估體格或健康檢查結果之建議	依年資	For high-temperature, abnormal pressure, work at height, precision or heavy physical work, work and rest arrangements shall be based on:	The worker's own choice	No rest at all	The labor health service physician's overall assessment of the worker's physical or health exam results	Seniority	c	第25條：從事職安法第19條之高溫度、異常氣壓、高架、精密或重體力勞動作業時，應參採從事勞工健康服務醫師綜合評估體格或健康檢查結果之建議，適當配置勞工之工作及休息時間；免僱用或特約醫師者得由辦理體格健康檢查之醫師為之。	Article 25: the physician's assessment of exam results; where no physician is employed or contracted, the examining physician may advise.	draft	4		
Q0664	OSH	OSH-10	勞工健康保護規則	第26條	民國115年6月26日	健康保護-資料	1	離職勞工要求提供其健康檢查有關資料時，雇主得否拒絕？	不得拒絕，但超過保存期限者不在此限	須付費	得拒絕	僅提供摘要	May an employer refuse a former employee's request for their health exam records?	No, unless the retention period has expired	Only for a fee	Yes	Summary only	a	第26條：離職勞工要求提供其健康檢查有關資料時，雇主不得拒絕；但超過保存期限者不在此限。	Article 26: must not refuse, except for records past their retention period.	draft	4		
Q0665	OSH	OSH-10	勞工健康保護規則	第27條	民國115年6月26日	健康保護-登錄	2	雇主實施勞工特殊健康檢查，應將辦理期程、作業類別與醫療機構等內容如何處理？	僅公告於廠內	登錄於中央主管機關公告之系統	不需登錄	口頭告知檢查機構	When conducting special health exams, the employer must record the schedule, job categories and medical institution:	Only on a plant notice board	In the system announced by the central competent authority	Not required	Verbally to the inspection agency	b	第27條：雇主實施勞工特殊健康檢查，應將辦理期程、作業類別與辦理體格及健康檢查之醫療機構等內容，登錄於中央主管機關公告之系統。	Article 27: register in the central authority's designated system.	draft	4		
Q0666	OSH	OSH-10	勞工健康保護規則	第28條	民國115年6月26日	健康保護-癌症篩檢	2	雇主於定期健康檢查時，對符合癌症篩檢條件之勞工，得如何辦理？其結果是否列入健康檢查紀錄表？	不得篩檢；不列入	強制篩檢；列入	經勞工同意一併進行癌症篩檢；不列入	由雇主決定；列入	During periodic exams, eligible workers may receive cancer screening under what condition, and is the result entered in the health exam record?	Not allowed; not entered	Mandatory; entered	With the worker's consent; not entered	Employer decides; entered	c	第28條：得由醫療機構說明癌症篩檢規定，對符合條件之勞工經勞工同意一併進行癌症篩檢；檢查結果不列入健康檢查紀錄表；相關事項依中央衛生福利主管機關規定。	Article 28: with worker consent, results kept out of the health exam record, per health ministry rules.	draft	4		
Q0667	OSH	OSH-08	危險性工作場所審查及檢查辦法	第1條	民國109年7月17日	危工-法源	1	危險性工作場所審查及檢查辦法係依何法規定訂定？	勞動基準法	勞動檢查法第二十六條第二項	職業安全衛生法第十五條	職業安全衛生法第六條	The Regulations for Review and Inspection of Dangerous Workplaces are enacted under:	The Labor Standards Act	Labor Inspection Act Article 26(2)	OSH Act Article 15	OSH Act Article 6	b	第1條：本辦法依勞動檢查法第二十六條第二項規定訂定之。	Article 1: under Article 26(2) of the Labor Inspection Act.	draft	4		
Q0668	OSH	OSH-08	危險性工作場所審查及檢查辦法	第2條	民國109年7月17日	危工-分類	2	從事石油產品之裂解反應以製造石化基本原料之工作場所，屬何類危險性工作場所？	乙類	丁類	丙類	甲類	A workplace cracking petroleum products to make basic petrochemicals is which class of dangerous workplace?	Class B (乙)	Class D (丁)	Class C (丙)	Class A (甲)	d	第2條：甲類為石油裂解製造石化基本原料之工作場所，及製造處置使用危險物有害物達勞檢法施行細則附表一、二數量之工作場所。	Article 2: Class A covers petroleum cracking and workplaces handling dangerous or harmful substances above the threshold quantities.	draft	4		
Q0669	OSH	OSH-08	危險性工作場所審查及檢查辦法	第2條	民國109年7月17日	危工-分類	2	使用異氰酸甲酯、氯化氫、氨、甲醛、過氧化氫或吡啶從事農藥原體合成之工作場所，屬何類？	丁類	乙類	甲類	丙類	A workplace synthesizing pesticide active ingredients using methyl isocyanate, hydrogen chloride, ammonia, formaldehyde, hydrogen peroxide or pyridine is:	Class D (丁)	Class B (乙)	Class A (甲)	Class C (丙)	b	第2條第2款：乙類包括使用異氰酸甲酯、氯化氫、氨、甲醛、過氧化氫或吡啶從事農藥原體合成之工作場所；製造爆竹煙火類物品之工廠；以化學物質製造爆炸性物品之火藥類製造工作場所。	Article 2(2): Class B also includes fireworks factories and explosives manufacturing workplaces.	draft	4		
Q0670	OSH	OSH-08	危險性工作場所審查及檢查辦法	第2條	民國109年7月17日	危工-分類	3	丙類危險性工作場所指蒸汽鍋爐之傳熱面積在多少平方公尺以上，或高壓氣體類壓力容器一日冷凍能力在多少公噸以上者？	一千平方公尺；三百公噸	一百平方公尺；五十公噸	五百平方公尺；一百五十公噸	二百平方公尺；一百公噸	Class C dangerous workplaces have steam boilers with heating surface of at least, or HP gas pressure vessels with daily refrigeration capacity of at least:	1,000 m²; 300 tonnes	100 m²; 50 tonnes	500 m²; 150 tonnes	200 m²; 100 tonnes	c	第2條第3款：丙類指蒸汽鍋爐傳熱面積五百平方公尺以上，或高壓氣體類壓力容器一日冷凍能力一百五十公噸以上，或處理能力一千立方公尺以上之氧氣有毒性及可燃性高壓氣體、五千立方公尺以上之其他高壓氣體者。	Article 2(3): 500 m² heating surface, 150 tonnes/day refrigeration, or processing capacity of 1,000 m³ (oxygen, toxic, flammable gases) or 5,000 m³ (other gases).	draft	4		
Q0671	OSH	OSH-08	危險性工作場所審查及檢查辦法	第2條	民國109年7月17日	危工-分類	3	丙類危險性工作場所之高壓氣體處理能力，氧氣、有毒性及可燃性高壓氣體為多少立方公尺以上？其他高壓氣體為多少以上？	一千立方公尺；五千立方公尺	五百立方公尺；一千立方公尺	五千立方公尺；一萬立方公尺	一百立方公尺；五百立方公尺	Class C processing capacity thresholds are how much for oxygen, toxic and flammable HP gases, and for other HP gases?	1,000 m³; 5,000 m³	500 m³; 1,000 m³	5,000 m³; 10,000 m³	100 m³; 500 m³	a	第2條第3款：一千立方公尺以上之氧氣、有毒性及可燃性高壓氣體；五千立方公尺以上之前款以外之高壓氣體。	Article 2(3): 1,000 m³ for oxygen/toxic/flammable gases; 5,000 m³ for others.	draft	4		
Q0672	OSH	OSH-08	危險性工作場所審查及檢查辦法	第2條	民國109年7月17日	危工-分類	2	建築物高度在幾公尺以上之建築工程，屬丁類危險性工作場所？	五十公尺	八十公尺	一百公尺	三十公尺	Building projects of at least what height are Class D dangerous workplaces?	50 m	80 m	100 m	30 m	b	第2條第4款：丁類營造工程包括建築物高度八十公尺以上、單跨橋墩跨距七十五公尺以上或多跨五十公尺以上之橋梁、壓氣施工、長度一千公尺以上或需開挖十五公尺以上豎坑之隧道、開挖深度十八公尺以上且面積五百平方公尺以上、模板支撐高度七公尺以上且面積三百三十平方公尺以上之工程。	Article 2(4): buildings 80 m+, bridges with spans 75 m+ (single) or 50 m+ (multi), compressed-air work, tunnels 1,000 m+ or shafts 15 m+, excavations 18 m+ deep and 500 m²+, formwork 7 m+ high and 330 m²+.	draft	4		
Q0673	OSH	OSH-08	危險性工作場所審查及檢查辦法	第2條	民國109年7月17日	危工-分類	3	開挖深度達幾公尺以上且開挖面積達多少平方公尺以上之工程，屬丁類危險性工作場所？	十八公尺；五百平方公尺	二十公尺；二百平方公尺	十公尺；三百平方公尺	十五公尺；一千平方公尺	Excavation works of at least what depth and area are Class D dangerous workplaces?	18 m; 500 m²	20 m; 200 m²	10 m; 300 m²	15 m; 1,000 m²	a	第2條第4款第5目：開挖深度達十八公尺以上，且開挖面積達五百平方公尺以上之工程。	Article 2(4)(5): 18 m deep and 500 m² in area.	draft	4		
Q0674	OSH	OSH-08	危險性工作場所審查及檢查辦法	第2條	民國109年7月17日	危工-分類	3	工程中模板支撐高度幾公尺以上且面積達多少平方公尺以上者，屬丁類危險性工作場所？	三公尺；一百平方公尺	十公尺；五百平方公尺	五公尺；二百平方公尺	七公尺；三百三十平方公尺	Formwork shoring of at least what height and area makes a project a Class D dangerous workplace?	3 m; 100 m²	10 m; 500 m²	5 m; 200 m²	7 m; 330 m²	d	第2條第4款第6目：工程中模板支撐高度七公尺以上，且面積達三百三十平方公尺以上者。	Article 2(4)(6): 7 m high and 330 m² in area.	draft	4		
Q0675	OSH	OSH-08	危險性工作場所審查及檢查辦法	第2條	民國109年7月17日	危工-分類	3	長度幾公尺以上或需開挖幾公尺以上豎坑之隧道工程，屬丁類危險性工作場所？	一千公尺；十五公尺	五百公尺；十公尺	三百公尺；五公尺	二千公尺；二十公尺	Tunnel projects of at least what length, or requiring shafts of at least what depth, are Class D?	1,000 m; 15 m	500 m; 10 m	300 m; 5 m	2,000 m; 20 m	a	第2條第4款第4目：長度一千公尺以上或需開挖十五公尺以上豎坑之隧道工程。第3目：採用壓氣施工作業之工程。	Article 2(4)(4): 1,000 m long or 15 m shafts; compressed-air construction is also Class D.	draft	4		
Q0676	OSH	OSH-08	危險性工作場所審查及檢查辦法	第3條	民國109年7月17日	危工-定義	2	危險性工作場所審查及檢查辦法所稱「審查」與「檢查」有何不同？	相同	皆由業者自行辦理	審查為勞檢機構對資料之書面審查；檢查為對資料及設施之現場檢查	審查為現場、檢查為書面	What is the difference between 'review' and 'inspection' under the Regulations?	The same	Both done by the enterprise itself	Review is a documentary review by the inspection agency; inspection is an on-site check of documents and facilities	Review is on site, inspection is documentary	c	第3條：審查指勞動檢查機構對工作場所有關資料之書面審查；檢查指勞動檢查機構對工作場所有關資料及設施之現場檢查；製程修改指既有安全防護措施未能控制新潛在危害之製程化學品技術設備操作程序或規模之變更。	Article 3: review = document review; inspection = on-site inspection of documents and facilities; 'process modification' = changes existing safeguards cannot control.	draft	4		
Q0677	OSH	OSH-08	危險性工作場所審查及檢查辦法	第4條	民國109年7月17日	危工-申請	2	事業單位應於甲類、丁類工作場所使勞工作業幾日前申請審查？乙類、丙類幾日前申請審查及檢查？	六十日前；九十日前	十五日前；三十日前	七日前；十四日前	三十日前；四十五日前	Applications for review of Class A/D workplaces must be filed how many days before workers start, and for review and inspection of Class B/C?	60 days; 90 days	15 days; 30 days	7 days; 14 days	30 days; 45 days	d	第4條：甲類、丁類工作場所應於使勞工作業三十日前向當地勞動檢查機構申請審查；乙類、丙類應於四十五日前申請審查及檢查。	Article 4: 30 days for Class A and D (review); 45 days for Class B and C (review and inspection).	draft	4		
Q0678	OSH	OSH-08	危險性工作場所審查及檢查辦法	第5條	民國109年7月17日	危工-甲類	3	申請審查甲類工作場所應檢附之資料為何？	僅公司登記	安全衛生管理基本資料，及製程安全評估定期實施辦法第4條所定附表一至附表十四，各三份，並登錄於指定資訊網站	僅環評報告	僅施工計畫書	What must accompany an application for review of a Class A workplace?	Only company registration	Basic OSH management data and Annexes 1–14 under Article 4 of the Periodic Process Safety Assessment Regulations, three copies each, registered online	Only an EIA report	Only a construction plan	b	第5條：應填具申請書並檢附安全衛生管理基本資料（附件一）及製程安全評估定期實施辦法第4條附表一至十四各三份；申請應登錄於中央主管機關指定之資訊網站。	Article 5: application form, basic OSH management data (Attachment 1), and PSM Annexes 1–14, three copies, registered on the designated website.	draft	4		
Q0679	OSH	OSH-08	危險性工作場所審查及檢查辦法	第6條	民國109年7月17日	危工-評估小組	2	甲類工作場所之評估小組應由哪些人員組成？	僅勞動檢查員	僅雇主	工作場所負責人、製程安全評估人員、職業安全衛生人員、作業主管、熟悉作業之勞工	僅外部顧問	The assessment team for a Class A workplace consists of:	Labor inspectors only	The employer only	Workplace manager, process safety assessor, OSH personnel, operation supervisors and workers familiar with the operations	External consultants only	c	第6條：工作場所負責人、製程安全評估人員（受訓或具能力經認可）、依管理辦法設置之職業安全衛生人員、工作場所作業主管、熟悉該場所作業之勞工；未置評估人員者得以完成訓練之工業安全技師及化工／職業衛生／機械／電機技師之一任之；評估過程及結果應記錄。	Article 6: the five listed; without an accredited assessor, trained industrial safety engineers together with chemical/hygiene/mechanical/electrical engineers may serve; records required.	draft	4		
Q0680	OSH	OSH-08	危險性工作場所審查及檢查辦法	第6條	民國109年7月17日	危工-評估小組	3	事業單位未置製程安全評估人員者，得以完成製程安全評估人員訓練之工業安全技師及下列何種技師之一任之？	土木工程技師	水利工程技師	建築師	化學工程、職業衛生、機械工程或電機工程技師	Without an accredited process safety assessor, a trained industrial safety engineer plus which other engineer may serve?	Civil engineer	Hydraulic engineer	Architect	Chemical, occupational hygiene, mechanical or electrical engineer	d	第6條第2項：得以在國內完成製程安全評估人員訓練之工業安全技師及化學工程、職業衛生、機械工程、電機工程技師之一任之；兼具兩種資格者得為同一人。丁類則為工業安全技師及建築師土木結構大地水利技師之一。	Article 6(2): chemical, hygiene, mechanical or electrical engineers (one person may hold both); Class D uses architects or civil/structural/geotechnical/hydraulic engineers.	draft	4		
Q0681	OSH	OSH-08	危險性工作場所審查及檢查辦法	第7條	民國109年7月17日	危工-審查	2	檢查機構對甲類工作場所之審查結果，應於受理申請後幾日內以書面通知事業單位？	四十五日內	三十日內	十五日內	六十日內	The inspection agency must notify the enterprise in writing of the Class A review result within how many days of receipt?	45 days	30 days	15 days	60 days	b	第7條：檢查機構依檢附資料實施審查並得就職業安全衛生設施及管理實施檢查；審查結果應於受理申請後三十日內書面通知，但可歸責於事業單位者不在此限。第11條、第15條：乙類丙類為四十五日內。第19條：丁類三十日內。	Article 7: 30 days (unless attributable to the enterprise); Articles 11 and 15: 45 days for Class B and C; Article 19: 30 days for Class D.	draft	4		
Q0682	OSH	OSH-08	危險性工作場所審查及檢查辦法	第8條	民國109年7月17日	危工-重新評估	2	經審查合格之甲類工作場所，應於何時重新評估檢附之資料並報請檢查機構備查？	僅發生災害時	每年	每十年	製程修改時或至少每五年	An approved Class A workplace must re-evaluate its submitted data:	Only after an accident	Yearly	Every ten years	On process modification or at least every five years, reporting to the inspection agency	d	第8條：應於製程修改時或至少每五年重新評估第5條檢附之資料，為必要之更新及記錄，並報請檢查機構備查；重新評估準用第6條。第12條、第16條：乙類丙類亦於製程修改或至少每五年重新評估。	Article 8: on process modification or at least every 5 years, updated, recorded and filed; Articles 12 and 16 apply the same to Class B and C.	draft	4		
Q0683	OSH	OSH-08	危險性工作場所審查及檢查辦法	第9條	民國109年7月17日	危工-乙類	3	申請審查及檢查乙類工作場所應檢附之資料，不包括下列何者？	緊急應變計畫	製程安全評估報告書	製程修改安全計畫	施工安全評估報告書	Which is NOT required for a Class B workplace application?	Emergency response plan	Process safety assessment report	Process modification safety plan	Construction safety assessment report	d	第9條：乙類應檢附安全衛生管理基本資料、製程安全評估報告書、製程修改安全計畫、緊急應變計畫、稽核管理計畫各三份。施工安全評估報告書為丁類（第17條）所需。	Article 9: basic OSH data, process safety assessment report, process modification safety plan, emergency response plan and audit management plan; the construction safety report belongs to Class D.	draft	4		
Q0684	OSH	OSH-08	危險性工作場所審查及檢查辦法	第11條	民國109年7月17日	危工-乙類	3	檢查機構對乙類工作場所審查後，應對何種設施實施檢查？	鍋爐設施	施工架	加氣站製造設施	火災爆炸危害預防設施、有害物洩漏及中毒危害預防設施	After reviewing a Class B workplace, the inspection agency inspects which facilities?	Boiler facilities	Scaffolds	Gas filling station facilities	Fire/explosion prevention facilities and harmful-substance leakage/poisoning prevention facilities	d	第11條：審查後應對火災爆炸危害預防設施（附件七）及有害物洩漏及中毒危害預防設施（附件八）實施檢查；結果於受理後四十五日內書面通知。	Article 11: fire and explosion prevention (Attachment 7) and leakage/poisoning prevention (Attachment 8); notice within 45 days.	draft	4		
Q0685	OSH	OSH-08	危險性工作場所審查及檢查辦法	第15條	民國109年7月17日	危工-丙類	3	檢查機構對丙類工作場所審查後，應對下列何種設施實施檢查？	火災爆炸預防設施	一般高壓氣體、液化石油氣、冷凍用高壓氣體、加氣站製造設施及鍋爐設施	施工計畫	模板支撐	After reviewing a Class C workplace, the inspection agency inspects:	Fire/explosion prevention facilities	General HP gas, LPG, refrigeration HP gas, gas filling station production facilities and boiler facilities	Construction plans	Formwork shoring	b	第15條：一般高壓氣體製造設施、液化石油氣製造設施、冷凍用高壓氣體製造設施、加氣站製造設施、鍋爐設施（附件九至十三）；結果於四十五日內書面通知。第13條：丙類申請檢附第9條各款資料。	Article 15: the five facility types in Attachments 9–13; notice within 45 days.	draft	4		
Q0686	OSH	OSH-08	危險性工作場所審查及檢查辦法	第17條	民國109年7月17日	危工-丁類	3	申請審查丁類工作場所應檢附何種資料？	製程安全評估報告書	施工安全評估人員及專任工程人員、執業技師或開業建築師之簽章文件，及施工計畫書、施工安全評估報告書各三份	稽核管理計畫	製程修改安全計畫	An application for review of a Class D workplace must include:	A process safety assessment report	Signatures of the construction safety assessor and full-time engineer, licensed engineer or architect, plus the construction plan and construction safety assessment report in triplicate	An audit management plan	A process modification safety plan	b	第17條：應填具申請書並檢附施工安全評估人員及所僱專任工程人員、相關執業技師或開業建築師之簽章文件，及施工計畫書（附件十四）、施工安全評估報告書（附件十五）各三份；簽章以涉及專業技術部分為限；特殊狀況得報經同意分段申請審查。	Article 17: signed documents, construction plan (Attachment 14) and construction safety assessment report (Attachment 15), three copies; phased review allowed for complex projects.	draft	4		
Q0687	OSH	OSH-08	危險性工作場所審查及檢查辦法	第18條	民國109年7月17日	危工-丁類	2	丁類工作場所之評估小組，除工作場所負責人、施工安全評估人員、職業安全衛生人員外，尚包括何者？	保險公司代表	熟悉作業之勞工	勞動檢查員	專任工程人員、工作場所作業主管（含承攬人之人員）	Besides the workplace manager, construction safety assessor and OSH personnel, a Class D assessment team includes:	Insurance representatives	Workers familiar with the operation	Labor inspectors	The full-time engineer and operation supervisors (including contractors' personnel)	d	第18條：工作場所負責人、施工安全評估人員、專任工程人員、職業安全衛生人員、工作場所作業主管（含承攬人之人員）；未置評估人員者得以完成訓練之工業安全技師及建築師、土木、結構、大地、水利技師之一任之；評估過程及結果應記錄。	Article 18: full-time engineer and operation supervisors including contractors'; alternative assessors are trained industrial safety engineers with an architect or civil/structural/geotechnical/hydraulic engineer.	draft	4		
Q0688	OSH	OSH-08	危險性工作場所審查及檢查辦法	第20條	民國109年7月17日	危工-丁類	2	經審查合格之丁類工作場所，於施工過程中變更主要分項工程施工方法時，應如何？	僅口頭告知檢查機構	不需處理	就變更部分重新評估，採取預防措施，更新施工計畫書及施工安全評估報告書並記錄	停工三十日	When an approved Class D worksite changes the construction method of a major sub-work item, the enterprise shall:	Only tell the agency verbally	Do nothing	Re-assess the change, take precautions, update the construction plan and safety assessment report, and record it	Stop work for 30 days	c	第20條：變更主要分項工程施工方法時，應就變更部分重新評估後，就評估之危害採取必要預防措施，更新施工計畫書及施工安全評估報告書並記錄；重新評估準用第18條；施工方法變更情形如附件十六例示。	Article 20: re-evaluate the changed part per Article 18, take preventive measures, update documents and record; Attachment 16 gives examples.	draft	4		
Q0689	OSH	OSH-08	危險性工作場所審查及檢查辦法	第22條	民國109年7月17日	危工-列席	2	檢查機構實施危險性工作場所審查、檢查時，何人應列席說明？	股東	製程安全評估小組、施工安全評估小組成員	銀行代表	消防隊	Who must attend and explain during the agency's review or inspection of a dangerous workplace?	Shareholders	Members of the process safety or construction safety assessment team	Bank representatives	The fire brigade	b	第22條：檢查機構實施審查檢查時，製程安全評估小組、施工安全評估小組成員應列席說明。第21條：得邀請專家學者協助。第23條：應摘要記錄過程及決議。第23條之1：爆竹煙火工廠應檢附製造許可文件影本。	Article 22: assessment team members; Article 21: experts may be invited; Article 23: proceedings summarized; Article 23-1: fireworks factories attach their manufacturing permit.	draft	4		
Q0690	OSH	OSH-32	製程安全評估定期實施辦法	第1條	民國109年7月17日	製程安全-法源	1	製程安全評估定期實施辦法係依職業安全衛生法第幾條規定訂定？	第六條第三項	第十五條第三項	第三十二條第三項	第二十三條第五項	The Regulations for Periodic Process Safety Assessment are enacted under which OSH Act article?	Article 6, paragraph 3	Article 15, paragraph 3	Article 32, paragraph 3	Article 23, paragraph 5	b	第1條：本辦法依職業安全衛生法第十五條第三項規定訂定之。	Article 1: under Article 15(3) of the OSH Act.	draft	4		
Q0691	OSH	OSH-32	製程安全評估定期實施辦法	第2條	民國109年7月17日	製程安全-適用	2	製程安全評估定期實施辦法適用於何種工作場所？	營造工地	石油裂解製造石化基本原料之工作場所，及製造處置使用危險物有害物達勞檢法施行細則附表數量之工作場所	辦公室	所有工廠	The Regulations apply to which workplaces?	Construction sites	Petroleum cracking petrochemical workplaces, and workplaces handling dangerous/harmful substances above the Labor Inspection Act Enforcement Rules' threshold quantities	Offices	All factories	b	第2條：適用於勞檢法第26條第1項第1款石油裂解之石化工作場所，及第5款製造處置使用危險物及有害物達勞動檢查法施行細則附表一及附表二規定數量之工作場所。	Article 2: the two workplace types under Labor Inspection Act Article 26(1)(1) and (5).	draft	4		
Q0692	OSH	OSH-32	製程安全評估定期實施辦法	第3條	民國109年7月17日	製程安全-定義	2	製程安全評估定期實施辦法所稱「製程安全評估」係指何者？	環境影響評估	利用結構化、系統化方式辨識、分析工作場所潛在危害而採取必要預防措施之評估	財務風險評估	品質稽核	'Process safety assessment' means:	Environmental impact assessment	A structured, systematic assessment to identify and analyze potential workplace hazards and take necessary precautions	Financial risk assessment	Quality audit	b	第3條：製程安全評估指利用結構化、系統化方式，辨識、分析工作場所潛在危害，而採取必要預防措施之評估；製程修改指既有安全防護措施未能控制新潛在危害之製程化學品技術設備操作程序或規模之變更。	Article 3: structured, systematic hazard identification and analysis with precautions; 'process modification' is a change existing safeguards cannot control.	draft	4		
Q0693	OSH	OSH-32	製程安全評估定期實施辦法	第4條	民國109年7月17日	製程安全-週期	2	適用製程安全評估定期實施辦法之工作場所，事業單位應每幾年實施製程安全評估？	三年	一年	五年	十年	Enterprises covered by the Regulations must conduct a process safety assessment every:	3 years	1 year	5 years	10 years	c	第4條：應每五年就製程安全資訊（附表一）及製程危害控制措施（附表二）實施製程安全評估，記錄過程及結果並製作評估報告及採取預防措施；製程修改時亦適用。	Article 4: every five years, covering process safety information and process hazard controls, with a report and precautions; also on process modification.	draft	4		
Q0694	OSH	OSH-32	製程安全評估定期實施辦法	第4條	民國109年7月17日	製程安全-報告內容	3	製程安全評估報告內容應包括下列何者？	行銷計畫	勞工參與、標準作業程序、教育訓練、承攬管理、啟動前安全檢查、機械完整性、動火許可、變更管理、事故調查、緊急應變、符合性稽核、商業機密	財務報表	人事名冊	A process safety assessment report must include:	Marketing plans	Employee participation, SOPs, training, contractor management, pre-startup safety review, mechanical integrity, hot work permits, management of change, incident investigation, emergency response, compliance audits, trade secrets	Financial statements	Personnel roster	b	第4條第2項：評估報告包括評估過程文件及結果、勞工參與、標準作業程序、教育訓練、承攬管理、啟動前安全檢查、機械完整性、動火許可、變更管理、事故調查、緊急應變、符合性稽核、商業機密（附表三至十四）。	Article 4(2): the twelve process safety management elements (Annexes 3–14) plus assessment documents and results.	draft	4		
Q0695	OSH	OSH-32	製程安全評估定期實施辦法	第5條	民國109年7月17日	製程安全-方法	2	製程安全評估應使用下列何種安全評估方法一種以上？	如果-結果分析、檢核表、危害及可操作性分析、失誤模式及影響分析、故障樹分析等	SWOT 分析	問卷調查	損益平衡分析	A process safety assessment must use at least one of which methods?	What-if, checklist, HAZOP, FMEA, fault tree analysis, etc.	SWOT analysis	Questionnaires	Break-even analysis	a	第5條：如果-結果分析、檢核表、如果-結果分析／檢核表、危害及可操作性分析（HazOp）、失誤模式及影響分析（FMEA）、故障樹分析（FTA）、其他經中央主管機關認可具同等功能之方法，應使用一種以上。	Article 5: what-if, checklist, what-if/checklist, HAZOP, FMEA, FTA, or other approved equivalent methods.	draft	4		
Q0696	OSH	OSH-32	製程安全評估定期實施辦法	第5條	民國109年7月17日	製程安全-方法	3	下列何者不是製程安全評估定期實施辦法所列之安全評估方法？	故障樹分析	危害及可操作性分析	魚骨圖分析	失誤模式及影響分析	Which is NOT a listed process safety assessment method?	Fault tree analysis	HAZOP	Fishbone diagram analysis	FMEA	c	第5條所列方法為如果-結果分析、檢核表、如果-結果分析／檢核表、危害及可操作性分析、失誤模式及影響分析、故障樹分析及其他經認可之同等方法；魚骨圖並未列入。	Article 5 lists what-if, checklist, what-if/checklist, HAZOP, FMEA and FTA; the fishbone diagram is not listed.	draft	4		
Q0697	OSH	OSH-32	製程安全評估定期實施辦法	第7條	民國109年7月17日	製程安全-小組	2	製程安全評估應由哪些人員組成評估小組實施？	僅雇主	工作場所負責人、製程安全評估人員、職業安全衛生人員、作業主管、熟悉作業之勞工	僅外部顧問	僅工程師	The process safety assessment team consists of:	The employer only	Workplace manager, process safety assessor, OSH personnel, operation supervisors and workers familiar with the operations	External consultants only	Engineers only	b	第7條：工作場所負責人、製程安全評估人員（受訓或具能力經認可）、依管理辦法設置之職業安全衛生人員、工作場所作業主管、熟悉該場所作業之勞工；未置評估人員者得以完成訓練之工業安全技師及化工／職業衛生／機械／電機技師之一任之。	Article 7: the five listed; alternative assessors are trained industrial safety engineers with chemical/hygiene/mechanical/electrical engineers.	draft	4		
Q0698	OSH	OSH-32	製程安全評估定期實施辦法	第8條	民國109年7月17日	製程安全-報備	2	事業單位應於製程安全評估五年期間屆滿日或製程修改日之幾日前，填具報備書並檢附評估報告報請勞動檢查機構備查？	六十日前	七日前	十五日前	三十日前	The process safety assessment report must be filed with the labor inspection agency how many days before the five-year deadline or the process modification date?	60 days	7 days	15 days	30 days	d	第8條：應於五年期間屆滿日之三十日前或製程修改日之三十日前，填具製程安全評估報備書（附表十五）並檢附評估報告報請勞動檢查機構備查；報告應登錄於指定資訊網站；評估過程資料得留存備查。第9條：內容不完備者得限期補正。	Article 8: 30 days before, with the Annex 15 filing form, registered online; Article 9: incomplete reports may be ordered corrected.	draft	4		
Q0699	OSH	OSH-32	製程安全評估定期實施辦法	第6條	民國109年7月17日	製程安全-起算	3	每五年實施製程安全評估之期間，依下列何者起算？	完成評估報經勞動檢查機構備查之日、或施行前依危工辦法審查合格之日、或完成重新評估之日	公司成立日	第一批產品出貨日	廠房完工日	The five-year assessment period is counted from:	The date of filing the completed assessment, or the pre-existing dangerous-workplace approval date, or the date of the last re-assessment	Company founding date	First shipment date	Plant completion date	a	第6條：自依本辦法完成製程安全評估並報經勞動檢查機構備查之日、本辦法施行前依危險性工作場所審查及檢查辦法審查合格取得合格之日、或施行前完成製程安全重新評估之日起算。	Article 6: from filing of the completed assessment, or from prior approval or re-assessment under the dangerous workplace regulations.	draft	4		
Q0700	OSH	OSH-32	製程安全評估定期實施辦法	第10條	民國109年7月17日	製程安全-檢討	2	事業單位發生下列何種情事時，應檢討並修正製程安全評估報告後留存備查？	更換供應商	股價下跌	職安法第37條第2項之職業災害、火災、爆炸、有害氣體洩漏或其他製程風險情形	員工離職	The process safety assessment report must be reviewed and revised after:	Supplier changes	Share price drops	Reportable occupational accidents under OSH Act Article 37(2), fires, explosions, harmful gas leaks or other process risk events	Staff resignations	c	第10條：發生職安法第37條第2項之職業災害、火災、爆炸、有害氣體洩漏、其他認有製程風險之情形時，應檢討並修正評估報告後留存備查；勞動檢查機構得請說明並邀請專家學者建議。	Article 10: after reportable accidents, fires, explosions, gas leaks or other process risks; the agency may request explanations and expert advice.	draft	4		
Q0701	OSH	OSH-32	製程安全評估定期實施辦法	第11條	民國109年7月17日	製程安全-施行	3	製程安全評估定期實施辦法自何時施行？	一百一十年一月一日	中華民國一百零四年一月一日	一百零九年七月十七日	一百零三年七月三日	The Regulations for Periodic Process Safety Assessment took effect on:	1 January 2021	1 January 2015 (ROC 104)	17 July 2020	3 July 2014	b	第11條：本辦法自中華民國一百零四年一月一日施行；修正條文自發布日施行（最近修正 109 年 7 月 17 日）。	Article 11: effective 1 January ROC 104 (2015); amendments effective on promulgation, most recently 17 July 2020.	draft	4		
Q0702	OSH	OSH-09	職業安全衛生管理辦法	第3條附表二	民國115年6月29日	管理辦法-人員配置	2	第一類事業（營造業以外）之事業單位勞工人數未滿三十人者，應置何種職業安全衛生人員？	丙種職業安全衛生業務主管	乙種職業安全衛生業務主管	甲種職業安全衛生業務主管	職業安全衛生管理員	A Category 1 (non-construction) enterprise with fewer than 30 workers must appoint:	A Class C OSH business supervisor	A Class B OSH business supervisor	A Class A OSH business supervisor	An OSH administrator	a	附表二：各類事業未滿三十人者均置丙種職業安全衛生業務主管；三十人以上未滿一百人置乙種業務主管（第一類營造業另加管理員一人）；一百人以上置甲種業務主管。	Annex 2: under 30 workers → Class C supervisor for all categories; 30–99 → Class B (construction Category 1 also adds an administrator); 100+ → Class A.	draft	4		
Q0703	OSH	OSH-09	職業安全衛生管理辦法	第3條附表二	民國115年6月29日	管理辦法-人員配置	3	第一類事業之營造業事業單位勞工人數三十人以上未滿一百人者，依附表二應置何種人員？	甲種業務主管一人	管理師一人	乙種職業安全衛生業務主管及職業安全衛生管理員各一人	僅乙種業務主管	A construction enterprise (Category 1) with 30 to under 100 workers must appoint, per Annex 2:	One Class A supervisor	One management specialist	One Class B OSH business supervisor and one OSH administrator	A Class B supervisor only	c	附表二：營造業之事業單位三十人以上未滿一百人者，應置乙種職業安全衛生業務主管及職業安全衛生管理員各一人；營造業以外之第一類事業同規模僅置乙種業務主管。	Annex 2: construction enterprises of 30–99 workers need a Class B supervisor plus an administrator; non-construction Category 1 of the same size needs only the Class B supervisor.	draft	4		
Q0704	OSH	OSH-09	職業安全衛生管理辦法	第3條附表二	民國115年6月29日	管理辦法-人員配置	3	第一類事業之營造業事業單位勞工人數三百人以上未滿五百人者，依附表二應置何種人員？	甲種業務主管一人、職業安全（衛生）管理師一人及職業安全衛生管理員二人	管理師二人	乙種業務主管一人	甲種業務主管及管理員各一人	A construction enterprise (Category 1) with 300 to under 500 workers must appoint, per Annex 2:	One Class A supervisor, one safety/hygiene management specialist and two OSH administrators	Two specialists	One Class B supervisor	One Class A supervisor and one administrator	a	附表二：營造業三百人以上未滿五百人者，置甲種業務主管一人、職業安全（衛生）管理師一人及職業安全衛生管理員二人；五百人以上者甲種業務主管一人、管理師及管理員各二人以上。	Annex 2: 300–499 workers → Class A supervisor + 1 specialist + 2 administrators; 500+ → Class A supervisor + at least 2 specialists and 2 administrators.	draft	4		
Q0705	OSH	OSH-09	職業安全衛生管理辦法	第3條附表二	民國115年6月29日	管理辦法-人員配置	3	第一類事業（營造業以外）勞工人數五百人以上未滿一千人者，依附表二應置何種人員？	甲種業務主管及管理員各一人	乙種業務主管及管理員各一人	甲種業務主管一人、職業安全（衛生）管理師一人及職業安全衛生管理員二人	甲種業務主管、管理師及管理員各二人以上	A non-construction Category 1 enterprise with 500 to under 1,000 workers must appoint, per Annex 2:	One Class A supervisor and one administrator	One Class B supervisor and one administrator	One Class A supervisor, one management specialist and two administrators	Class A supervisor plus at least two specialists and two administrators	c	附表二：營造業以外之第一類事業，一百人以上未滿三百人置甲種業務主管及管理員各一人；三百人以上未滿五百人置甲種業務主管一人、管理師及管理員各一人；五百人以上未滿一千人置甲種業務主管一人、管理師一人及管理員二人；一千人以上置甲種業務主管一人、管理師及管理員各二人以上。	Annex 2 (non-construction Category 1): 100–299 → A + 1 admin; 300–499 → A + 1 specialist + 1 admin; 500–999 → A + 1 specialist + 2 admins; 1,000+ → A + at least 2 specialists and 2 admins.	draft	4		
Q0706	OSH	OSH-09	職業安全衛生管理辦法	第3條附表二	民國115年6月29日	管理辦法-人員配置	2	第二類事業勞工人數三百人以上未滿五百人者，依附表二應置何種人員？	乙種業務主管一人	管理師一人	甲種職業安全衛生業務主管及職業安全衛生管理員各一人	甲種業務主管一人	A Category 2 enterprise with 300 to under 500 workers must appoint, per Annex 2:	One Class B supervisor	One specialist	One Class A OSH business supervisor and one OSH administrator	One Class A supervisor	c	附表二：第二類事業一百人以上未滿三百人置甲種業務主管；三百人以上未滿五百人置甲種業務主管及管理員各一人；五百人以上置甲種業務主管、管理師及管理員各一人以上。	Annex 2 (Category 2): 100–299 → Class A supervisor; 300–499 → A + 1 administrator; 500+ → A + at least 1 specialist and 1 administrator.	draft	4		
Q0707	OSH	OSH-09	職業安全衛生管理辦法	第3條附表二	民國115年6月29日	管理辦法-人員配置	2	第三類事業勞工人數五百人以上者，依附表二應置何種人員？	僅丙種業務主管	甲種職業安全衛生業務主管及職業安全衛生管理員各一人以上	不需置人員	管理師二人	A Category 3 enterprise with 500 or more workers must appoint, per Annex 2:	A Class C supervisor only	At least one Class A OSH business supervisor and one OSH administrator	No personnel	Two specialists	b	附表二：第三類事業未滿三十人丙種、三十至九十九人乙種、一百至四百九十九人甲種業務主管；五百人以上置甲種業務主管及管理員各一人以上。	Annex 2 (Category 3): under 30 → C; 30–99 → B; 100–499 → A; 500+ → A plus at least one administrator.	draft	4		
Q0708	OSH	OSH-09	職業安全衛生管理辦法	第3條附表二	民國115年6月29日	管理辦法-人員配置	3	依附表二附註，置職業安全（衛生）管理師二人以上者，其中至少一人應為何種資格？	職業安全衛生管理員	職業安全管理師	職業衛生管理師	工業安全技師	Per the note to Annex 2, when two or more management specialists are appointed, at least one must be:	An OSH administrator	An occupational safety management specialist	An occupational hygiene management specialist	An industrial safety engineer	c	附表二附註1：置職業安全（衛生）管理師二人以上者，其中至少一人應為職業衛生管理師；但於103年7月3日前已置有職業安全衛生人員者不在此限。附註2：本表為至少人數，仍應依規模及危害風險增置。	Annex 2 note 1: at least one hygiene specialist (grandfathered before 3 July 2014); note 2: the table is a minimum.	draft	4		
Q0709	OSH	OSH-11	職業安全衛生教育訓練規則	第3條附表一	民國115年6月25日	教育訓練-時數	2	甲種職業安全衛生業務主管安全衛生教育訓練之時數為幾小時？	四十二小時	六小時	三十五小時	二十一小時	The Class A OSH business supervisor training course lasts:	42 hours	6 hours	35 hours	21 hours	a	附表一：甲種業務主管四十二小時；乙種三十五小時；丙種二十一小時；丁種六小時。	Annex 1: Class A 42 h; Class B 35 h; Class C 21 h; Class D 6 h.	draft	4		
Q0710	OSH	OSH-11	職業安全衛生教育訓練規則	第3條附表一	民國115年6月25日	教育訓練-時數	2	乙種及丙種職業安全衛生業務主管教育訓練之時數各為幾小時？	四十二小時；三十五小時	二十一小時；六小時	三十小時；十八小時	三十五小時；二十一小時	Class B and Class C OSH business supervisor courses last respectively:	42 hours; 35 hours	21 hours; 6 hours	30 hours; 18 hours	35 hours; 21 hours	d	附表一：乙種業務主管三十五小時，丙種二十一小時，丁種六小時。	Annex 1: Class B 35 h, Class C 21 h, Class D 6 h.	draft	4		
Q0711	OSH	OSH-11	職業安全衛生教育訓練規則	第3條附表一	民國115年6月25日	教育訓練-時數	1	丁種職業安全衛生業務主管教育訓練之時數為幾小時？	二十一小時	十二小時	六小時	三小時	The Class D OSH business supervisor course lasts:	21 hours	12 hours	6 hours	3 hours	c	附表一肆：丁種職業安全衛生業務主管安全衛生教育訓練課程及時數為六小時（第二、三類事業五人以下之雇主或代理人適用）。	Annex 1 Part 4: 6 hours, for employers or representatives of Category 2/3 enterprises with 5 or fewer workers.	draft	4		
Q0712	OSH	OSH-11	職業安全衛生教育訓練規則	第10條附表八	民國115年6月25日	教育訓練-時數	2	擋土支撐、模板支撐、施工架組配、屋頂作業等營造作業主管之安全衛生教育訓練時數為幾小時？	十二小時	三十六小時	二十四小時	十八小時	Construction work supervisor courses (earth-retaining, formwork, scaffold assembly, roof work, etc.) last:	12 hours	36 hours	24 hours	18 hours	d	附表八：擋土支撐、露天開挖、模板支撐、隧道等挖掘、隧道等襯砌、施工架組配、鋼構組配、屋頂作業主管之教育訓練均為十八小時。	Annex 8: all eight construction work supervisor courses are 18 hours.	draft	4		
Q0713	OSH	OSH-11	職業安全衛生教育訓練規則	第11條附表九	民國115年6月25日	教育訓練-時數	3	有機溶劑、缺氧、特定化學物質等有害作業主管之教育訓練時數為幾小時？潛水作業主管為幾小時？	二十一小時；四十二小時	十八小時；十八小時	十二小時；二十四小時	十八小時；三十六小時	Harmful-operation supervisor courses (organic solvent, oxygen-deficiency, specified chemicals, etc.) last how long, and the diving supervisor course?	21 hours; 42 hours	18 hours; 18 hours	12 hours; 24 hours	18 hours; 36 hours	d	附表九：有機溶劑、鉛、四烷基鉛、缺氧、特定化學物質、粉塵、高壓室內作業主管均為十八小時；潛水作業主管為三十六小時。	Annex 9: 18 hours for the seven harmful-operation supervisors; 36 hours for diving supervisors.	draft	4		
Q0714	OSH	OSH-11	職業安全衛生教育訓練規則	第12條附表十	民國115年6月25日	教育訓練-時數	3	吊升荷重三公噸以上之固定式起重機、移動式起重機及人字臂起重桿操作人員之教育訓練時數為幾小時？	十八小時	二十六小時	三十八小時	二十一小時	Operator courses for overhead cranes, mobile cranes and derricks of 3 tonnes or more last:	18 hours	26 hours	38 hours	21 hours	c	附表十：三公噸以上固定式起重機（含一公噸以上斯達卡式）、移動式起重機、人字臂起重桿操作人員均為三十八小時；營建用提升機操作人員二十一小時；吊籠操作人員二十六小時。	Annex 10: 38 hours for the three crane types; construction hoists 21 hours; gondolas 26 hours.	draft	4		
Q0715	OSH	OSH-11	職業安全衛生教育訓練規則	第12條附表十	民國115年6月25日	教育訓練-時數	3	吊籠操作人員與營建用提升機操作人員之教育訓練時數各為幾小時？	十八小時；十八小時	二十六小時；二十一小時	三十八小時；三十八小時	二十一小時；二十六小時	Gondola operator and construction hoist operator courses last respectively:	18 hours; 18 hours	26 hours; 21 hours	38 hours; 38 hours	21 hours; 26 hours	b	附表十：吊籠操作人員二十六小時；導軌或升降路高度二十公尺以上之營建用提升機操作人員二十一小時。	Annex 10: gondolas 26 hours; construction hoists 21 hours.	draft	4		
Q0716	OSH	OSH-11	職業安全衛生教育訓練規則	第9條附表七	民國115年6月25日	教育訓練-時數	3	高壓氣體製造安全主任之安全衛生教育訓練時數為幾小時？	二十二小時	三十八小時	十八小時	十二小時	The high-pressure gas production safety chief course lasts:	22 hours	38 hours	18 hours	12 hours	a	附表七壹：高壓氣體製造安全主任安全衛生教育訓練課程、時數為二十二小時。	Annex 7 Part 1: 22 hours.	draft	4		
Q0717	OSH	OSH-10	勞工健康保護規則	第2條附表一	民國115年6月26日	健康保護-特別危害	2	勞工噪音暴露工作日八小時日時量平均音壓級在多少分貝以上之噪音作業，屬特別危害健康作業？	八十分貝	九十分貝	七十五分貝	八十五分貝	Noise work counts as specially hazardous to health when the 8-hour time-weighted average exposure is at least:	80 dB	90 dB	75 dB	85 dB	d	附表一第2項：勞工噪音暴露工作日八小時日時量平均音壓級在八十五分貝以上之噪音作業。附表一另包括高溫作業、游離輻射、異常氣壓、鉛、四烷基鉛、粉塵、特定有機溶劑、特定化學物質、黃磷、聯吡啶或巴拉刈製造、1-溴丙烷等作業。	Annex 1 item 2: 85 dB(A) TWA; the annex also lists heat, ionizing radiation, abnormal pressure, lead, tetraalkyl lead, dust, specified organic solvents and chemicals, yellow phosphorus, paraquat manufacturing and 1-bromopropane.	draft	4		
Q0718	OSH	OSH-10	勞工健康保護規則	第2條附表一	民國115年6月26日	健康保護-特別危害	3	下列何種有機溶劑作業屬附表一所定之特別危害健康作業？	丙酮作業	乙醇作業	正己烷、甲苯、二甲苯、三氯乙烯、四氯乙烯、二硫化碳等作業	水性塗料作業	Which organic solvent operations are specially hazardous to health under Annex 1?	Acetone work	Ethanol work	n-Hexane, toluene, xylene, trichloroethylene, tetrachloroethylene, carbon disulfide and similar	Water-based paint work	c	附表一第8項：有機溶劑中毒預防規則所稱之1,1,2,2-四氯乙烷、四氯化碳、二硫化碳、三氯乙烯、四氯乙烯、二甲基甲醯胺、正己烷、苯乙烯、甲苯、二甲苯作業。	Annex 1 item 8: 1,1,2,2-tetrachloroethane, carbon tetrachloride, carbon disulfide, trichloroethylene, tetrachloroethylene, dimethylformamide, n-hexane, styrene, toluene and xylene.	draft	4		
Q0719	OSH	OSH-10	勞工健康保護規則	第2條附表一	民國115年6月26日	健康保護-特別危害	3	製造、處置或使用特定化學物質之作業屬特別危害健康作業者，其混合物之重量比須超過百分之多少（苯為體積比）？	百分之一	百分之零點一	百分之十	百分之五	Handling specified chemicals is specially hazardous when a mixture contains them above what proportion by weight (benzene by volume)?	1%	0.1%	10%	5%	a	附表一第9項：製造處置使用聯苯胺、氯乙烯、苯、石綿、鉻酸、砷、鎘、錳、汞、鎳、甲醛、1,3-丁二烯、銦等特定化學物質或其重量比（苯為體積比）超過百分之一之混合物之作業；第12項1-溴丙烷則為超過百分之五。	Annex 1 item 9: over 1% (benzene by volume); item 12: 1-bromopropane over 5%.	draft	4		
Q0720	OSH	OSH-10	勞工健康保護規則	第3條附表二	民國115年6月26日	健康保護-醫師頻率	3	第一類事業勞工人數三百人至九百九十九人者，從事勞工健康服務之醫師臨場服務頻率為何？每次臨場服務至少幾小時？	每週一次；四小時	每二個月一次；二小時	每月一次；三小時	每三個月一次；一小時	For a Category 1 enterprise with 300–999 workers, the physician's on-site service frequency is, and each visit lasts at least:	Once a week; 4 hours	Once every 2 months; 2 hours	Once a month; 3 hours	Once every 3 months; 1 hour	c	附表二：第一類事業300–999人每月1次、1000–1999人每月3次、2000–2999人每月6次…6000人以上專任職醫一人或每月18次；第二類300–999人每2個月1次；第三類300–999人每3個月1次；每次臨場服務至少3小時。	Annex 2: Category 1 300–999 → monthly; 1,000–1,999 → 3/month; 2,000–2,999 → 6/month; 6,000+ → a full-time physician or 18/month; Category 2 300–999 → every 2 months; Category 3 → every 3 months; each visit at least 3 hours.	draft	4		
Q0721	OSH	OSH-10	勞工健康保護規則	第3條附表二	民國115年6月26日	健康保護-醫師頻率	3	從事特別危害健康作業勞工人數在一百人以上者，職業醫學科專科醫師臨場服務頻率為何？五十至九十九人者為何？	每月一次；每四個月一次	每二個月一次；每六個月一次	每週一次；每月一次	每年一次；每二年一次	Where 100+ workers do specially hazardous work, the occupational medicine specialist visits how often, and for 50–99 such workers?	Monthly; once every 4 months	Every 2 months; every 6 months	Weekly; monthly	Yearly; every 2 years	a	附表二：特別危害健康作業50–99人，職業醫學科專科醫師每4個月1次；100人以上每月1次。	Annex 2: 50–99 specially hazardous workers → every 4 months; 100+ → monthly.	draft	4		
Q0722	OSH	OSH-10	勞工健康保護規則	第3條附表三	民國115年6月26日	健康保護-護理配置	3	事業單位勞工人數三百人至九百九十九人且特別危害健康作業勞工未達一百人者，應僱用護理人員幾人？勞工三千人至五千九百九十九人者幾人？	一人；二人	三人；六人	一人；三人	二人；四人	An enterprise with 300–999 workers (under 100 in specially hazardous work) must employ how many nurses, and one with 3,000–5,999 workers?	1; 2	3; 6	1; 3	2; 4	c	附表三：300–999人置護理人員1人（特別危害作業勞工300人以上則2人）；1000–2999人2人；3000–5999人3人（特別危害300人以上4人）；6000人以上4人，每增加6000人至少增1人；護理人員3人以上得置護理主管1人。	Annex 3: 300–999 → 1 (2 if 300+ specially hazardous workers); 1,000–2,999 → 2; 3,000–5,999 → 3 (4 if 300+ hazardous); 6,000+ → 4, plus 1 per additional 6,000; 3+ nurses may have a nursing supervisor.	draft	4		
Q0723	OSH	OSH-10	勞工健康保護規則	第3條附表三	民國115年6月26日	健康保護-護理配置	3	依附表三，事業單位設置護理人員數達幾人以上者，得置護理主管一人？勞工人數超過六千人者，每增加幾人應增加護理人員至少一人？	三人；六千人	二人；三千人	五人；一萬人	四人；五千人	Per Annex 3, with how many nurses may a nursing supervisor be appointed, and above 6,000 workers one more nurse is required per how many additional workers?	3; 6,000	2; 3,000	5; 10,000	4; 5,000	a	附表三備註：勞工人數超過6000人者，每增加6000人應增加護理人員至少1人；設置護理人員數達3人以上者，得置護理主管1人。	Annex 3 notes: 3+ nurses → optional nursing supervisor; one additional nurse per additional 6,000 workers.	draft	4		