Q0130	OSH	OSH-07	職業安全衛生設施規則	第3條	民國115年6月30日	設施規則-總則	1	依職業安全衛生設施規則，「高壓」係指何種電壓範圍？	超過一百五十伏特至六百伏特	超過六百伏特至二萬二千八百伏特	超過二萬二千八百伏特至五萬伏特	超過三百伏特至一千二百伏特	Under the OSH Facilities Rules, 'high voltage' refers to which range?	Over 150 V up to 600 V	Over 600 V up to 22,800 V	Over 22,800 V up to 50,000 V	Over 300 V up to 1,200 V	b	第3條：特高壓指超過二萬二千八百伏特；高壓指超過六百伏特至二萬二千八百伏特；低壓指六百伏特以下。	Article 3: extra-high voltage exceeds 22,800 V; high voltage is over 600 V up to 22,800 V; low voltage is 600 V or below.	draft	2		
Q0131	OSH	OSH-07	職業安全衛生設施規則	第3條	民國115年6月30日	設施規則-總則	1	職業安全衛生設施規則所稱「低壓」，係指多少伏特以下之電壓？	二百二十伏特	一百一十伏特	一千伏特	六百伏特	Under the Rules, 'low voltage' means voltage not exceeding:	220 V	110 V	1,000 V	600 V	d	第3條：低壓係指六百伏特以下之電壓。	Article 3: low voltage means 600 volts or below.	draft	2		
Q0132	OSH	OSH-07	職業安全衛生設施規則	第6條	民國115年6月30日	設施規則-總則	2	職業安全衛生設施規則所稱「車輛機械」，下列何者屬之？	輸送帶	固定式起重機	電梯	堆高機	Which of the following is a 'vehicle-type machine' under the Rules?	Conveyor belt	Fixed crane	Elevator	Forklift	d	第6條：車輛機械係指能以動力驅動且自行活動於非特定場所之車輛、車輛系營建機械、堆高機等。	Article 6: vehicle-type machines are power-driven vehicles that move freely in non-specific places, including vehicle-type construction machinery and forklifts.	draft	2		
Q0133	OSH	OSH-07	職業安全衛生設施規則	第13條	民國115年6月30日	設施規則-危險物	2	依設施規則第13條，下列何者屬閃火點未滿攝氏零下三十度之易燃液體？	甲醇	煤油	乙醇	汽油	Under Article 13, which is a flammable liquid with a flash point below -30°C?	Methanol	Kerosene	Ethanol	Gasoline	d	第13條第1款：乙醚、汽油、乙醛、環氧丙烷、二硫化碳及其他閃火點未滿攝氏零下三十度之物質。乙醇、甲醇為零度以上未滿三十度；煤油為三十度以上未滿六十五度。	Article 13(1): ether, gasoline, acetaldehyde, propylene oxide, carbon disulfide and other substances with flash point below -30°C. Ethanol and methanol are 0–30°C; kerosene is 30–65°C.	draft	2		
Q0134	OSH	OSH-07	職業安全衛生設施規則	第12條	民國115年6月30日	設施規則-危險物	2	下列何者屬設施規則第12條所稱之「著火性物質」？	金屬鈉	硝化甘油	乙炔	氯酸鉀	Which is a 'pyrophoric/ignitable substance' under Article 12?	Metallic sodium	Nitroglycerin	Acetylene	Potassium chlorate	a	第12條著火性物質包括金屬鋰、鈉、鉀、黃磷、赤磷、賽璐珞類、碳化鈣、鎂粉、鋁粉等。氯酸鉀為氧化性物質、硝化甘油為爆炸性物質、乙炔為可燃性氣體。	Article 12 lists lithium, sodium, potassium, yellow/red phosphorus, celluloid, calcium carbide, magnesium and aluminum powder, etc. Potassium chlorate is oxidizing, nitroglycerin explosive, acetylene a flammable gas.	draft	2		
Q0135	OSH	OSH-07	職業安全衛生設施規則	第18條	民國115年6月30日	設施規則-危險物	3	設施規則所稱高壓氣體，常用溫度下壓縮氣體之表壓力應達每平方公分多少公斤以上？	二公斤	二十公斤	五公斤	十公斤	Under the Rules, a compressed gas is 'high-pressure gas' when its gauge pressure at normal temperature reaches at least:	2 kg/cm²	20 kg/cm²	5 kg/cm²	10 kg/cm²	d	第18條第1款：在常用溫度下，表壓力達每平方公分十公斤以上之壓縮氣體（不含壓縮乙炔氣）；壓縮乙炔氣及液化氣體則為每平方公分二公斤以上。	Article 18(1): compressed gas with gauge pressure of 10 kg/cm² or more at normal temperature (excluding compressed acetylene); compressed acetylene and liquefied gas thresholds are 2 kg/cm².	draft	2		
Q0136	OSH	OSH-07	職業安全衛生設施規則	第19-1條	民國115年6月30日	設施規則-局限空間	1	設施規則所稱「局限空間」之定義，不包括下列何項特徵？	面積在十平方公尺以下	無法以自然通風維持充分清淨空氣	勞工進出方法受限制	非供勞工在其內部從事經常性作業	Which is NOT part of the definition of 'confined space' under the Rules?	Floor area of 10 m² or less	Natural ventilation cannot maintain sufficient clean air	Restricted means of entry and exit	Not intended for regular work inside	a	第19條之1：局限空間指非供勞工在其內部從事經常性作業，勞工進出方法受限制，且無法以自然通風來維持充分、清淨空氣之空間。與面積大小無關。	Article 19-1: a confined space is not intended for regular work, has restricted entry/exit, and cannot maintain sufficient clean air by natural ventilation. Size is not a criterion.	draft	2		
Q0137	OSH	OSH-07	職業安全衛生設施規則	第21-2條	民國115年6月30日	設施規則-道路作業	2	使用道路作業之工作場所，日間封閉車道逾多少小時，或夜間封閉車道逾多少小時，應訂定安全防護計畫？	日間逾二小時、夜間逾一小時	日間逾八小時、夜間逾四小時	日間逾四小時、夜間逾二小時	日間逾一小時、夜間逾半小時	For road work, a safety protection plan is required when a lane is closed for more than how long?	2 h daytime / 1 h nighttime	8 h daytime / 4 h nighttime	4 h daytime / 2 h nighttime	1 h daytime / 0.5 h nighttime	a	第21條之2第1項第7款：日間封閉車道、路肩逾二小時或夜間封閉車道、路肩逾一小時者，應訂定安全防護計畫，並指派專人指揮勞工作業。	Article 21-2(1)(7): closing a lane or shoulder for over 2 hours in daytime or over 1 hour at night requires a safety protection plan and a designated person to direct the work.	draft	2		
Q0138	OSH	OSH-07	職業安全衛生設施規則	第21-2條	民國115年6月30日	設施規則-道路作業	1	使用道路作業之作業人員，應戴用及穿著何種裝備以利辨識？	具鋼頭之安全鞋及具吸震功能之防護手套與護目鏡	無反光帶之一般工作帽及深色不反光之棉質工作服	附有防塵濾罩之口罩及印有公司名稱之連身工作服	有反光帶之安全帽及顏色鮮明有反光帶之施工背心	Workers doing road work shall wear what for visibility?	Steel-toed safety shoes plus shock-absorbing protective gloves and goggles	An ordinary cap without reflective strips and dark non-reflective cotton work clothes	A dust-filtering respirator mask and a one-piece coverall printed with the company name	A safety helmet with reflective strips and a brightly colored reflective vest	d	第21條之2第1項第2款：作業人員應戴有反光帶之安全帽，及穿著顏色鮮明有反光帶之施工背心，以利辨識。	Article 21-2(1)(2): workers shall wear safety helmets with reflective strips and brightly colored construction vests with reflective strips.	draft	2		
Q0139	OSH	OSH-07	職業安全衛生設施規則	第21-3條	民國115年6月30日	設施規則-風險評估	3	依設施規則第21條之3，下列何種作業應於作業前實施風險評估並通報勞動檢查機構，且紀錄留存三年？	高度五十公尺以上施工架組立及拆除作業	模板支撐高度三公尺以上之混凝土灌漿作業	高度三公尺以上施工架之組立及拆除作業	開挖深度五公尺以上之露天開挖及擋土作業	Under Article 21-3, which operation requires a pre-work risk assessment, notification to the labor inspection agency, and 3-year record keeping?	Erecting or dismantling scaffolds 50 m or higher	Concrete pouring with formwork supports 3 m high	Erecting or dismantling scaffolds 3 m or higher	Open excavation and shoring work 5 m or deeper	a	第21條之3所列作業包括：易踏穿屋頂作業、繩索作業、塔式起重機升高拆卸、吊籠作業、模板支撐高度七公尺以上且面積一百平方公尺以上灌漿、高度五十公尺以上施工架組拆、開挖深度十八公尺以上且面積五百平方公尺之開挖等。	Article 21-3 lists operations such as work on fragile roofs, rope access, tower crane climbing/dismantling, gondola work, concrete pouring with formwork supports ≥7 m and ≥100 m², scaffolds ≥50 m, and excavations ≥18 m deep and ≥500 m².	draft	2		
Q0140	OSH	OSH-07	職業安全衛生設施規則	第25條	民國115年6月30日	設施規則-工作場所	2	建築物之工作室，其樓地板至天花板淨高原則上應在多少公尺以上？	一．八公尺	二．一公尺	三公尺	二．四公尺	The clear height from floor to ceiling of a workroom shall generally be at least:	1.8 m	2.1 m	3 m	2.4 m	b	第25條：雇主對於建築物之工作室，其樓地板至天花板淨高應在二．一公尺以上。但建築法規另有規定者，從其規定。	Article 25: the clear height from floor to ceiling of a workroom shall be at least 2.1 m, unless building regulations provide otherwise.	draft	2		
Q0141	OSH	OSH-07	職業安全衛生設施規則	第29條	民國115年6月30日	設施規則-工作場所	2	工作用階梯之設置，其斜度不得大於幾度？梯級面深度不得小於幾公分？	斜度六十度、深度十五公分	斜度四十五度、深度十公分	斜度七十五度、深度二十公分	斜度三十度、深度二十五公分	For working stairs, the maximum slope and minimum tread depth are:	60° and 15 cm	45° and 10 cm	75° and 20 cm	30° and 25 cm	a	第29條：工作用階梯寬度不得小於五十六公分（原動機與鍋爐房或機械四周通往工作台者）、斜度不得大於六十度、梯級面深度不得小於十五公分、應有適當扶手。	Article 29: working stairs shall be at least 56 cm wide (in engine/boiler rooms or around machinery), slope not over 60°, tread depth not less than 15 cm, with suitable handrails.	draft	2		
Q0142	OSH	OSH-07	職業安全衛生設施規則	第29-1條	民國115年6月30日	設施規則-局限空間	2	雇主使勞工於局限空間作業前，應先確認有無危害，有危害之虞者應訂定何種計畫？	危害防止計畫	年度稽核計畫	教育訓練計畫	品質管理計畫	Before confined-space work, if hazards are possible the employer shall formulate what plan?	A hazard prevention plan	An annual audit plan	A training plan	A quality management plan	a	第29條之1：有危害之虞者，應訂定危害防止計畫，並使現場作業主管、監視人員、作業勞工及相關承攬人依循辦理。內容包括危害確認、濃度測定、通風換氣、隔離措施、進入許可程序、緊急應變等。	Article 29-1: a hazard prevention plan covering hazard identification, gas measurement, ventilation, isolation, entry permit procedures, emergency response, etc., followed by supervisors, watchers, workers and contractors.	draft	2		
Q0143	OSH	OSH-07	職業安全衛生設施規則	第29-2條	民國115年6月30日	設施規則-局限空間	2	局限空間作業場所入口應公告之注意事項，包括下列何者？	現場監視人員姓名	全體勞工之薪資清冊	公司年度營業額統計	作業機具之採購金額	Which must be posted at the entrance of a confined-space worksite?	Name of the on-site watcher	The payroll list of all workers	The company's annual revenue	The purchase cost of equipment	a	第29條之2：入口公告事項包括應經許可始得進入之重要性、進入時應採取之措施、事故發生時之緊急措施及聯絡方式、現場監視人員姓名、其他注意事項。	Article 29-2: the notice includes the importance of entry by permit only, measures on entry, emergency measures and contacts, the on-site watcher's name, and other precautions.	draft	2		
Q0144	OSH	OSH-07	職業安全衛生設施規則	第29-5條	民國115年6月30日	設施規則-局限空間	2	局限空間作業之氧氣及危害物質濃度確認，應由專人辦理，其紀錄應保存幾年？	三年	五年	一年	二年	Records of oxygen and hazardous-substance concentration checks for confined-space work shall be kept for:	3 years	5 years	1 year	2 years	a	第29條之5第2項：前條及前項所定確認，應由專人辦理，其紀錄應保存三年。第29條之6之進入許可與進出紀錄亦保存三年。	Article 29-5(2): the checks shall be done by a designated person and records kept for 3 years; entry permits and entry/exit logs under Article 29-6 are also kept for 3 years.	draft	2		
Q0145	OSH	OSH-07	職業安全衛生設施規則	第29-6條	民國115年6月30日	設施規則-局限空間	2	局限空間作業之進入許可，應由何人簽署後始得使勞工進入？	雇主、工作場所負責人或現場作業主管	事業單位企業工會理事長或勞工代表	承保保險公司之代表或外聘安全顧問	轄區勞動檢查機構指派之勞動檢查員	A confined-space entry permit must be signed by whom before workers enter?	The employer, workplace manager or on-site supervisor	The union chairperson or a worker representative	An insurance company representative or safety consultant	A labor inspector assigned by the local inspection agency	a	第29條之6第1項：進入許可應由雇主、工作場所負責人或現場作業主管簽署後，始得使勞工進入作業；對勞工之進出應確認、點名登記，並作成紀錄保存三年。	Article 29-6(1): the entry permit shall be signed by the employer, workplace manager or on-site supervisor; entry and exit shall be confirmed, logged by name and kept for 3 years.	draft	2		
Q0146	OSH	OSH-07	職業安全衛生設施規則	第29-6條	民國115年6月30日	設施規則-局限空間	3	勞工進入局限空間從事焊接、切割等動火作業時，除進入許可外，還應辦理何事？	除進入許可外不需辦理其他動火相關程序	指定專人確認無危害之虞，並簽署動火許可	向當地消防主管機關申請動火作業許可證	取得現場監視人員之口頭同意即可作業	For hot work (welding, cutting) inside a confined space, in addition to the entry permit, what is required?	No further procedure beyond the entry permit is needed for hot work	A designated person confirms no hazard and a hot-work permit is signed	An application for a hot-work permit is filed with the fire department	Verbal consent from the on-site watcher is enough to start work	b	第29條之6第3項：進入局限空間從事焊接、切割、燃燒及加熱等動火作業時，應指定專人確認無發生危害之虞，並由雇主、工作場所負責人或現場作業主管確認安全，簽署動火許可後，始得作業。	Article 29-6(3): hot work in a confined space requires a designated person to confirm no hazard and a hot-work permit signed by the employer, workplace manager or on-site supervisor.	draft	2		
Q0147	OSH	OSH-07	職業安全衛生設施規則	第29-7條	民國115年6月30日	設施規則-局限空間	3	局限空間作業區域超出監視人員目視範圍者，應使勞工佩戴何種裝備？	僅需佩戴符合國家標準之安全帽及防護面罩	全身背負式安全帶及可偵測人員活動情形之裝置	顏色鮮明之反光背心及具照明功能之頭燈裝置	一般腰帶式安全帶及可顯示位置之反光標示帶	When a confined-space work area is beyond the watcher's line of sight, workers shall wear:	Only a safety helmet meeting national standards and a protective face shield	A full-body harness (CNS 14253-1) and a device that detects personnel activity	A brightly colored reflective vest and a headlamp with a lighting function	A waist-belt harness and a reflective band that shows the wearer's position	b	第29條之7第1款：作業區域超出監視人員目視範圍者，應使勞工佩戴符合CNS 14253-1同等以上規定之全身背負式安全帶及可偵測人員活動情形之裝置；並置備動力或機械輔助吊升之緊急救援設備。	Article 29-7(1): a full-body harness meeting CNS 14253-1 and a device that detects activity; powered or mechanical rescue-hoist equipment shall also be provided.	draft	2		
Q0148	OSH	OSH-07	職業安全衛生設施規則	第31條	民國115年6月30日	設施規則-通路	2	室內工作場所之主要人行道寬度不得小於多少？各機械間通道不得小於多少？	主要人行道六十公分、機械間五十公分	主要人行道一公尺、機械間八十公分	主要人行道一．五公尺、機械間一公尺	主要人行道八十公分、機械間六十公分	In indoor workplaces, the minimum widths of main walkways and passages between machines are:	60 cm and 50 cm	1 m and 80 cm	1.5 m and 1 m	80 cm and 60 cm	b	第31條：主要人行道不得小於一公尺；各機械間或其他設備間通道不得小於八十公分；自路面起算二公尺高度範圍內不得有障礙物。	Article 31: main walkways at least 1 m; passages between machines or equipment at least 80 cm; no obstacles within 2 m above the floor.	draft	2		
Q0149	OSH	OSH-07	職業安全衛生設施規則	第33條	民國115年6月30日	設施規則-通路	3	車輛通行道寬度應如何計算？	最大車輛寬度之二倍再加一公尺；單行道為最大車輛寬度加一公尺	最大車輛寬度之三倍；單行道則為最大車輛寬度之二倍	最大車輛寬度之二倍再加五十公分；單行道為最大車輛寬度加五十公分	固定為三公尺；單行道則固定為二公尺，與車輛寬度無關	How wide must a vehicle passage be?	Twice the widest vehicle plus 1 m; one-way lanes the widest vehicle plus 1 m	Three times the widest vehicle; one-way lanes twice the widest vehicle	Twice the widest vehicle plus 50 cm; one-way lanes the widest vehicle plus 50 cm	A fixed 3 m; one-way lanes a fixed 2 m, regardless of vehicle width	a	第33條：車輛通行道寬度應為最大車輛寬度之二倍再加一公尺，如係單行道則為最大車輛之寬度加一公尺；通行道上禁止放置物品。	Article 33: twice the width of the largest vehicle plus 1 m; for one-way passages, the largest vehicle's width plus 1 m; nothing may be placed on the passage.	draft	2		
Q0150	OSH	OSH-07	職業安全衛生設施規則	第34條	民國115年6月30日	設施規則-通路	1	設置於緊急避難用出口或通道之門，應為何種型式？	內開式	外開式	上鎖之門	旋轉門	Doors at emergency exits or escape routes shall be:	Inward-opening	Outward-opening	Locked doors	Revolving doors	b	第34條第2項：設置於緊急避難用出口或通道之門，應為外開式。	Article 34(2): doors at emergency exits or passages shall open outward.	draft	2		
Q0151	OSH	OSH-07	職業安全衛生設施規則	第36條	民國115年6月30日	設施規則-通路	3	架設之通道傾斜應保持在幾度以下？傾斜超過幾度應設置踏條或防滑措施？	二十度以下；超過十度	三十度以下；超過十五度	四十五度以下；超過三十度	六十度以下；超過四十五度	An erected walkway's slope shall not exceed how many degrees, and above what slope are cleats or anti-slip measures required?	20°; above 10°	30°; above 15°	45°; above 30°	60°; above 45°	b	第36條：通道傾斜應保持在三十度以下（設樓梯或高度未滿二公尺設有扶手者除外）；傾斜超過十五度以上者應設置踏條或防滑措施；有墜落之虞應設七十五公分以上扶手。	Article 36: slope not over 30° (except with stairs, or under 2 m high with handrails); cleats or anti-slip measures above 15°; handrails at least 75 cm high where there is a fall risk.	draft	2		
Q0152	OSH	OSH-07	職業安全衛生設施規則	第37條	民國115年6月30日	設施規則-通路	3	固定梯之頂端應突出板面多少公分以上？梯長連續超過六公尺時，每隔幾公尺以下應設一平台？	四十五公分；十公尺	九十公分；十二公尺	六十公分；九公尺	三十公分；六公尺	A fixed ladder's top shall extend at least how far above the landing, and for ladders over 6 m a platform is required at most every:	45 cm; 10 m	90 cm; 12 m	60 cm; 9 m	30 cm; 6 m	c	第37條：梯之頂端應突出板面六十公分以上；梯長連續超過六公尺時應每隔九公尺以下設一平台，並於距梯底二公尺以上部分設置護籠或其他保護裝置；踏條與牆壁淨距十六點五公分以上。	Article 37: the top shall extend at least 60 cm above the landing; ladders continuously longer than 6 m need a platform at intervals of 9 m or less and a cage from 2 m above the base; rungs at least 16.5 cm clear of the wall.	draft	2		
Q0153	OSH	OSH-07	職業安全衛生設施規則	第38條	民國115年6月30日	設施規則-通路	2	以傾斜路代替樓梯時，傾斜路之斜度不得大於幾度？	二十度	四十五度	十度	三十度	When a ramp replaces stairs, its slope shall not exceed:	20°	45°	10°	30°	a	第38條：傾斜路之斜度不得大於二十度，表面應以粗糙不滑之材料製造。	Article 38: the ramp slope shall not exceed 20°, and its surface shall be made of rough, non-slip material.	draft	2		
Q0154	OSH	OSH-07	職業安全衛生設施規則	第41條	民國115年6月30日	設施規則-機械	2	下列何種機械依設施規則第41條，應具安全構造並依機械設備器具安全標準辦理？	動力堆高機	電腦主機	影印機	冷氣機	Which machine must have a safe structure per the Machinery, Equipment and Tools Safety Standards under Article 41?	Powered forklift	Computer server	Photocopier	Air conditioner	a	第41條列舉：動力衝剪機械、手推刨床、木材加工用圓盤鋸、動力堆高機、研磨機、研磨輪、防爆電氣設備及相關安全裝置等。	Article 41 lists power shearing/punching machines, hand-fed planers, woodworking circular saws, powered forklifts, grinders, grinding wheels, explosion-proof electrical equipment and related safety devices.	draft	2		
Q0155	OSH	OSH-07	職業安全衛生設施規則	第43條	民國115年6月30日	設施規則-機械	1	機械之原動機、轉軸、齒輪、帶輪、飛輪、傳動帶等有危害勞工之虞之部分，應有何種設備？	護罩、護圍、套胴、跨橋等	每月實施定期檢查及保養即可	張貼警告標語及危險標示即可	於外露部分塗上紅色警示油漆	Hazardous parts of machines such as prime movers, shafts, gears, pulleys, flywheels and belts shall be provided with:	Guards, enclosures, sleeves, crossover bridges, etc.	Monthly periodic inspection and maintenance only	Posting warning slogans and danger signs is enough	Painting the exposed parts with red warning paint	a	第43條：雇主對於機械之原動機、轉軸、齒輪、帶輪、飛輪、傳動輪、傳動帶等有危害勞工之虞之部分，應有護罩、護圍、套胴、跨橋等設備。	Article 43: such parts shall be provided with guards, enclosures, sleeves, crossover bridges and similar equipment.	draft	2		
Q0156	OSH	OSH-07	職業安全衛生設施規則	第44條	民國115年6月30日	設施規則-機械	2	雇主應於每一具機械分別設置何種裝置？	滅火器、消防砂等初期滅火防護器材	電錶、電流表等電力使用之計量裝置	計數器、計時器等產量統計之記錄裝置	開關、離合器、移帶裝置等動力遮斷裝置	What shall be installed separately on each machine?	Firefighting gear such as an extinguisher or a sand bucket	A metering device such as an electricity meter or ammeter	An output recording device such as a counter or a timer	A power cut-off device such as a switch, clutch or belt shifter	d	第44條：雇主應於每一具機械分別設置開關、離合器、移帶裝置等動力遮斷裝置；切斷、引伸、壓縮等加工機械之遮斷裝置應置於勞工無須離開崗位即可操作之場所。	Article 44: each machine shall have its own power cut-off device (switch, clutch, belt shifter); for cutting, drawing or pressing machines it must be operable without leaving the work position.	draft	2		
Q0157	OSH	OSH-07	職業安全衛生設施規則	第46條	民國115年6月30日	設施規則-機械	1	動力傳動裝置之軸承，運轉中是否可以注油？	可以，惟應由持證人員隨時注油即可	僅限領班以上之主管在場時始得注油	禁止，但有安全注油裝置者不在此限	僅限夜班期間得由指定專人進行注油	May bearings of power transmission devices be oiled while running?	Yes, at any time as long as a certified worker does it	Only when a supervisor of foreman rank is present	No, unless a safe lubrication device is provided	Only during the night shift by a designated person	c	第46條：動力傳動裝置之軸承應有適當之潤滑，運轉中禁止注油。但有安全注油裝置者，不在此限。	Article 46: bearings shall be properly lubricated; oiling during operation is prohibited unless a safe lubrication device is installed.	draft	2		
Q0158	OSH	OSH-07	職業安全衛生設施規則	第49條	民國115年6月30日	設施規則-機械	2	離地幾公尺以內之傳動帶，附近有勞工工作或通行而有接觸危險者，應裝置圍柵或護網？	三公尺	二公尺	五公尺	一公尺	Belts within how many meters of the floor with a risk of contact shall be fenced or guarded?	3 m	2 m	5 m	1 m	b	第49條第1款：離地二公尺以內之傳動帶或附近有勞工工作或通行而有接觸危險者，應裝置適當之圍柵或護網。	Article 49(1): belts within 2 m of the floor, or where workers work or pass nearby with contact risk, shall have suitable fences or guard nets.	draft	2		
Q0159	OSH	OSH-07	職業安全衛生設施規則	第56條	民國115年6月30日	設施規則-機械	1	對於鑽孔機、截角機等旋轉刃具作業，勞工手指有觸及之虞者，雇主應明確告知及標示勞工不得使用何物？	安全鞋	安全眼鏡	耳塞	手套	For rotating-blade work such as drilling machines, workers whose fingers may contact the blade must be told and signs posted NOT to use:	Safety shoes	Safety glasses	Earplugs	Gloves	d	第56條：對於鑽孔機、截角機等旋轉刃具作業，勞工手指有觸及之虞者，應明確告知及標示勞工不得使用手套，並使勞工確實遵守。	Article 56: workers shall be clearly informed and signs posted that gloves must not be used, and the employer shall ensure compliance.	draft	2		
Q0160	OSH	OSH-07	職業安全衛生設施規則	第57條	民國115年6月30日	設施規則-機械	2	機械之掃除、上油、檢查、修理有導致危害之虞時，應採取下列何種措施？	維持機械低速運轉、加快作業速度以縮短時間、由二人以上共同作業	使勞工戴用防護手套、指派一名監視人員、於作業完成後通報主管	以口頭提醒作業人員、於現場張貼警告標語、作業後填寫檢查紀錄表	停止運轉及送料、上鎖及設置標示防止誤操作、設置防止落下物之設備	When cleaning, oiling, inspecting or repairing machinery could cause harm, the employer shall:	Keep the machine running at low speed, work faster to shorten the time, and assign two or more workers together	Have workers wear protective gloves, assign one watcher to observe, and report to the supervisor when the work ends	Give verbal reminders to the workers, post warning slogans on site, and fill in an inspection record afterwards	Stop operation and feeding, lock out and tag to prevent mis-operation, and install protection against falling objects	d	第57條第1項：停止相關機械運轉及送料；上鎖及設置標示等措施，防止誤操作起動裝置或誤送料；設置防止落下物導致危害之安全設備。第2項並應訂定危害防止計畫。	Article 57(1): stop the machine and feeding; lock out and tag to prevent accidental start-up or feeding; provide safety equipment against falling objects. Paragraph 2 requires a hazard prevention plan.	draft	2		
Q0161	OSH	OSH-07	職業安全衛生設施規則	第62條	民國115年6月30日	設施規則-機械	3	研磨機應於每日作業開始前試轉多久以上？更換研磨輪時應在防護罩下試轉多久以上？	一分鐘；三分鐘	五分鐘；十分鐘	三十秒；一分鐘	三分鐘；五分鐘	A grinder shall be test-run for at least how long before daily work, and after changing the wheel?	1 minute; 3 minutes	5 minutes; 10 minutes	30 seconds; 1 minute	3 minutes; 5 minutes	a	第62條第1項第4款：研磨機使用應於每日作業開始前試轉一分鐘以上，研磨輪更換時應先檢驗有無裂痕，並在防護罩下試轉三分鐘以上。	Article 62(1)(4): test-run at least 1 minute before daily work; after changing the wheel, check for cracks and test-run at least 3 minutes under the guard.	draft	2		
Q0162	OSH	OSH-07	職業安全衛生設施規則	第62條	民國115年6月30日	設施規則-機械	3	研磨輪之速率試驗應按最高使用周速度增加多少為之？直徑不滿多少公分之研磨輪得免予速率試驗？	增加百分之百；二十公分	增加百分之十；五公分	增加百分之五十；十公分	增加百分之二十；十五公分	The speed test of a grinding wheel is done at the maximum operating peripheral speed increased by what percentage, and wheels under what diameter are exempt?	100%; 20 cm	10%; 5 cm	50%; 10 cm	20%; 15 cm	c	第62條第2項：速率試驗應按最高使用周速度增加百分之五十為之。直徑不滿十公分之研磨輪得免予速率試驗。	Article 62(2): the speed test is performed at 150% of the maximum operating peripheral speed; wheels with diameter under 10 cm are exempt.	draft	2		
Q0163	OSH	OSH-07	職業安全衛生設施規則	第63-1條	民國115年6月30日	設施規則-機械	3	使用水柱壓力達每平方公分多少公斤以上之高壓水切割裝置，應訂定安全衛生作業標準並指定專人指揮監督？	二百五十公斤	一百五十公斤	四百五十公斤	三百五十公斤	High-pressure water cutting devices with water pressure of at least how much require a safety work standard and a designated supervisor?	250 kg/cm²	150 kg/cm²	450 kg/cm²	350 kg/cm²	d	第63條之1：使用水柱壓力達每平方公分三百五十公斤以上之高壓水切割裝置，從事沖蝕、剝離、切除等作業，應事前訂定安全衛生作業標準，指定專人指揮監督，並提供個人防護具。	Article 63-1: devices with water jet pressure of 350 kg/cm² or more require a pre-established safety work standard, a designated supervisor and personal protective equipment.	draft	2		
Q0164	OSH	OSH-07	職業安全衛生設施規則	第68條	民國115年6月30日	設施規則-機械	2	設置固定式圓盤鋸、帶鋸、手推刨床、截角機等木材加工機械合計幾台以上時，應指定作業管理人員？	二十台以上，應指定安全衛生管理師	三台以上，應指定現場作業主管	五台以上，應指定作業管理人員	十台以上，應指定安全衛生管理員	When five or more woodworking machines (circular saws, band saws, planers, etc.) are installed, the employer shall designate:	Twenty or more machines, a safety and health manager	Three or more machines, an on-site work supervisor	Five or more machines, an operations manager	Ten or more machines, a safety and health officer	c	第68條：設置固定式圓盤鋸、帶鋸、手推刨床、截角機等合計五台以上時，應指定作業管理人員負責指揮操作、檢查機械及安全裝置、監視送料工具使用情形等。第72條衝剪機械五台以上亦同。	Article 68: with five or more such machines, an operations manager shall be designated to direct operation, inspect machines and safety devices, and monitor use of feeding tools. Article 72 applies the same to five or more press/shear machines.	draft	2		
Q0165	OSH	OSH-07	職業安全衛生設施規則	第69條	民國115年6月30日	設施規則-機械	2	勞工從事動力衝剪機械金屬模之安裝、拆模、調整及試模時，為防止滑塊突降，應使用何種裝置？	隔音耳罩、防音耳塞或防振手套	防護目鏡、防塵面罩或防護面板	防切割手套、防滑鞋或防護袖套	安全塊、安全插梢或安全開關鎖匙	When installing, removing, adjusting or testing dies on a power press, what must workers use to prevent the slide from dropping?	Ear muffs, ear plugs or anti-vibration gloves	Safety goggles, dust masks or face shields	Cut-proof gloves, non-slip shoes or arm sleeves	Safety blocks, safety pins or safety switch keys	d	第69條：為防止滑塊等突降之危害，應使勞工使用安全塊、安全插梢或安全開關鎖匙等裝置；勞工應確實使用。	Article 69: workers shall use safety blocks, safety plugs/pins or safety switch keys to prevent sudden descent of the slide, and must actually use them.	draft	2		
Q0166	OSH	OSH-07	職業安全衛生設施規則	第73條	民國115年6月30日	設施規則-機械	2	離心機械應裝置何種裝置，使覆蓋未完全關閉時無法啟動？	計時器及計數器	警報器及閃光燈	覆蓋及連鎖裝置	溫度計及壓力錶	Centrifugal machines shall be fitted with what so they cannot start unless the cover is fully closed?	A timer and a counting device	An alarm and a flashing light	A cover and an interlock device	A thermometer and a pressure gauge	c	第73條：雇主對於離心機械，應裝置覆蓋及連鎖裝置；連鎖裝置應使覆蓋未完全關閉時無法啟動。	Article 73: centrifugal machines shall have a cover and an interlock that prevents starting when the cover is not fully closed.	draft	2		
Q0167	OSH	OSH-07	職業安全衛生設施規則	第76條	民國115年6月30日	設施規則-機械	2	為防止勞工自粉碎機及混合機之開口部分墜落，設置之圍柵高度應在多少公分以上？	七十五公分	九十公分	一百二十公分	六十公分	To prevent falls into crushers or mixers, guard fences shall be at least:	75 cm	90 cm	120 cm	60 cm	b	第76條：雇主應有覆蓋、護圍、高度在九十公分以上之圍柵等必要設備。但設置有阻礙作業且勞工佩戴安全帶或安全索者，不在此限。	Article 76: covers, enclosures or fences at least 90 cm high are required, unless they obstruct work and workers wear safety harnesses or lines.	draft	2		
Q0168	OSH	OSH-07	職業安全衛生設施規則	第84條	民國115年6月30日	設施規則-機械	3	施行週邊速率超過每秒多少公尺之高速回轉體試驗時，應於專用堅固建築物內或以堅固隔牆隔離之場所實施？	每秒二十五公尺	每秒一百二十公尺	每秒五十公尺	每秒十公尺	Tests of high-speed rotating bodies with peripheral speed exceeding what value must be done in a dedicated sturdy building or behind a solid partition?	25 m/s	120 m/s	50 m/s	10 m/s	a	第84條：旋轉輪機、離心分離機等週邊速率超越每秒二十五公尺以上之高速回轉體之試驗，應於專用堅固建築物內或以堅固隔牆隔離之場所實施。第85條：轉軸超過一公噸且週邊速率每秒一百二十公尺以上者，應先施行非破壞檢查。	Article 84: peripheral speeds over 25 m/s require a dedicated sturdy building or solid partition; Article 85: shafts over 1 tonne with peripheral speed of 120 m/s or more require non-destructive inspection first.	draft	2		
Q0169	OSH	OSH-07	職業安全衛生設施規則	第88條	民國115年6月30日	設施規則-起重	1	雇主對於起重機具之作業，應規定一定之運轉指揮信號，並如何辦理？	不需信號	指派專人負責辦理	由承攬商任意指派	由駕駛自行決定	For crane operations, the employer shall establish fixed operating signals and:	No signals required	Designate a specific person to give them	Let the contractor assign anyone	Let the driver decide	b	第88條：雇主對於起重機具之作業，應規定一定之運轉指揮信號，並指派專人負責辦理。	Article 88: the employer shall prescribe fixed operating signals for lifting equipment and designate a person responsible for them.	draft	2		
Q0170	OSH	OSH-07	職業安全衛生設施規則	第91條	民國115年6月30日	設施規則-起重	3	起重機具之吊鉤或吊具，為防止與吊架或捲揚胴接觸，其過捲預防裝置應至少保持多少公尺距離？直動式者為多少？	○．五公尺；○．一公尺	○．二五公尺；○．○五公尺	○．一公尺；○．○一公尺	一公尺；○．五公尺	The over-hoist prevention device of a crane hook shall keep at least what distance from the hoist frame or drum, and for direct-acting devices?	0.5 m; 0.1 m	0.25 m; 0.05 m	0.1 m; 0.01 m	1 m; 0.5 m	b	第91條：應有至少保持○．二五公尺距離之過捲預防裝置，如為直動式過捲預防裝置者，應保持○．○五公尺以上距離；並於鋼索上作顯著標示或設警報裝置。	Article 91: at least 0.25 m; for direct-acting over-hoist prevention devices at least 0.05 m; with conspicuous marks on the wire rope or an alarm device.	draft	2		
Q0171	OSH	OSH-07	職業安全衛生設施規則	第95條	民國115年6月30日	設施規則-起重	3	升降機之升降路各樓出入口門應有連鎖裝置，使搬器地板與樓板相差多少公分以上時，出入口門不能開啟？	十五公分	三十公分	七．五公分	三公分	Elevator landing doors shall have an interlock preventing opening when the car floor differs from the landing by more than:	15 cm	30 cm	7.5 cm	3 cm	c	第95條：雇主對於升降機之升降路各樓出入口門，應有連鎖裝置，使搬器地板與樓板相差七．五公分以上時，升降路出入口門不能開啟之。	Article 95: landing doors shall have an interlock so they cannot open when the car floor and landing differ by 7.5 cm or more.	draft	2		
Q0172	OSH	OSH-07	職業安全衛生設施規則	第97條	民國115年6月30日	設施規則-起重	2	起重機具所使用之吊鉤或鉤環及附屬零件，其斷裂荷重與所承受最大荷重比之安全係數應在多少以上？	二	十	四	六	The safety factor (breaking load ÷ maximum load) of crane hooks, shackles and fittings shall be at least:	2	10	4	6	c	第97條：吊鉤或鉤環及附屬零件，其斷裂荷重與所承受之最大荷重比之安全係數，應在四以上。但相關法規另有規定者，從其規定。	Article 97: the safety factor of hooks, shackles and fittings shall be 4 or more, unless other regulations provide otherwise.	draft	2		
Q0173	OSH	OSH-07	職業安全衛生設施規則	第98條	民國115年6月30日	設施規則-起重	2	下列何種情況之吊鏈不得作為起重升降機具之吊掛用具？	延伸長度超過百分之五以上	表面有輕微油漬	使用未滿一年	延伸長度超過百分之一	Which chain must NOT be used as a lifting sling?	Elongation exceeding 5%	Slight oil stains on the surface	Less than one year old	Elongation exceeding 1%	a	第98條：延伸長度超過百分之五以上、斷面直徑減少百分之十以上、有龜裂者，不得作為吊掛用具。	Article 98: chains with elongation over 5%, cross-section diameter reduced by 10% or more, or cracks shall not be used.	draft	2		
Q0174	OSH	OSH-07	職業安全衛生設施規則	第99條	民國115年6月30日	設施規則-起重	2	吊掛用鋼索，鋼索一撚間有百分之多少以上素線截斷者不得使用？直徑減少達公稱直徑百分之多少以上者不得使用？	百分之十；百分之七	百分之三；百分之五	百分之二十；百分之十五	百分之五；百分之十	A lifting wire rope must not be used when broken wires in one lay exceed what percentage, or when diameter is reduced by what percentage of nominal?	10%; 7%	3%; 5%	20%; 15%	5%; 10%	a	第99條：鋼索一撚間有百分之十以上素線截斷者、直徑減少達公稱直徑百分之七以上者、有顯著變形或腐蝕者、已扭結者，不得作為吊掛用具。	Article 99: 10% or more broken wires in one lay; diameter reduced by 7% or more of nominal; significant deformation or corrosion; kinked ropes are all prohibited.	draft	2		
Q0175	OSH	OSH-07	職業安全衛生設施規則	第101條	民國115年6月30日	設施規則-起重	2	纖維索、帶有何種情形，不得作為起重升降機具之吊掛用具？	顏色褪色者	已斷一股子索者	長度超過十公尺者	品牌不明者	A fiber rope or sling must not be used for lifting when:	The color has faded	One strand is broken	It is longer than 10 m	The brand is unknown	b	第101條：已斷一股子索者、有顯著之損傷或腐蝕者，不得使用。	Article 101: fiber ropes with one broken strand, or with significant damage or corrosion, shall not be used.	draft	2		
Q0176	OSH	OSH-07	職業安全衛生設施規則	第107條	民國115年6月30日	設施規則-高壓氣體	2	搬運高壓氣體容器時，溫度應保持在攝氏幾度以下？	二十五度	四十度	三十度	六十度	When transporting high-pressure gas cylinders, the temperature shall be kept below:	25°C	40°C	30°C	60°C	b	第107條第1款：溫度保持在攝氏四十度以下。另容器吊起搬運不得直接用電磁鐵、吊鏈、繩子等直接吊運；裝卸車應確知護蓋旋緊。	Article 107(1): keep below 40°C; cylinders must not be lifted directly with electromagnets, chains or ropes; caps must be tightened before loading/unloading.	draft	2		
Q0177	OSH	OSH-07	職業安全衛生設施規則	第108條	民國115年6月30日	設施規則-高壓氣體	2	高壓氣體貯存場所周圍幾公尺內不得放置煙火及著火性、引火性物品？	十公尺	五公尺	二公尺	一公尺	Within how many meters of a high-pressure gas storage area are fire, ignitable and flammable items prohibited?	10 m	5 m	2 m	1 m	c	第108條第2款：貯存周圍二公尺內不得放置有煙火及著火性、引火性物品。另可燃性、毒性及氧氣鋼瓶應分開貯存；通路面積以貯存處面積百分之二十以上為原則。	Article 108(2): within 2 m. Flammable, toxic and oxygen cylinders shall be stored separately; aisles should be at least 20% of the storage area.	draft	2		
Q0178	OSH	OSH-07	職業安全衛生設施規則	第108條	民國115年6月30日	設施規則-高壓氣體	2	高壓氣體貯存，可燃性氣體、有毒性氣體及氧氣之鋼瓶應如何處理？	放在同一鐵籠內即可	應分開貯存	僅需標示即可混放	可混合貯存以節省空間	Cylinders of flammable gas, toxic gas and oxygen shall be:	Kept in the same cage	Stored separately	Mixed as long as labeled	Stored together to save space	b	第108條第4款：可燃性氣體、有毒性氣體及氧氣之鋼瓶，應分開貯存；盛裝容器和空容器亦應分區放置。	Article 108(4): flammable, toxic and oxygen cylinders shall be stored separately; full and empty cylinders shall also be placed in separate zones.	draft	2		
Q0179	OSH	OSH-07	職業安全衛生設施規則	第116條	民國115年6月30日	設施規則-車輛機械	2	車輛系營建機械及堆高機，除乘坐席位外，於作業時是否得搭載勞工？	不得搭載	可搭載二人	可搭載一人	視現場需要	May workers ride on vehicle-type construction machinery or forklifts other than in seats?	No	Two persons allowed	One person allowed	Depends on site needs	a	第116條第2款：車輛系營建機械及堆高機，除乘坐席位外，於作業時不得搭載勞工。第10款並禁止勞工搭載於堆高機貨叉之托板等部分。	Article 116(2): apart from seats, no workers may ride during operation; item 10 also prohibits riding on forklift pallets or forks.	draft	2		
Q0180	OSH	OSH-07	職業安全衛生設施規則	第116條	民國115年6月30日	設施規則-車輛機械	2	堆高機駕駛者離開其位置時，應採取何種措施？	將貨叉等放置於地面，並將原動機熄火、制動	將鑰匙拔出交由現場主管保管，其餘不必處理	將貨叉升至最高位置，以免人員絆倒或碰撞	將貨叉等留置於原高度，並保持原動機運轉待命	When a forklift driver leaves the seat, the driver shall:	Lower the forks to the ground, shut off the engine and apply the brake	Remove the key and hand it to the site supervisor for safekeeping	Raise the forks to the highest position so no one trips over them	Leave the forks at their current height and keep the engine running	a	第116條第12款：堆高機於駕駛者離開其位置時，應採將貨叉等放置於地面，並將原動機熄火、制動。第11款車輛機械亦應將吊斗等作業裝置放置於地面、熄火、制動。	Article 116(12): lower the forks to the ground, shut off the engine and apply the brake; item 11 requires the same for other vehicle machines (buckets to the ground).	draft	2		
Q0181	OSH	OSH-07	職業安全衛生設施規則	第116條	民國115年6月30日	設施規則-車輛機械	3	使用座式操作之配衡型堆高機及側舉型堆高機，駕駛勞工應確實使用何種裝備？	防音用耳塞	防護用安全帽	防塵用護目鏡	駕駛座安全帶	Drivers of seated counterbalance or side-loading forklifts shall use:	Noise earplugs	A safety helmet	Dust goggles	The seat belt	d	第116條第14款：使用座式操作之配衡型堆高機及側舉型堆高機，應使擔任駕駛之勞工確實使用駕駛座安全帶。但駕駛座配置有防止翻倒壓傷之護欄或其他防護設施者，不在此限。	Article 116(14): drivers of seated counterbalance and side-loader forklifts shall wear the seat belt, unless the seat has a guard rail or other protection against being crushed in a tip-over.	draft	2		
Q0182	OSH	OSH-07	職業安全衛生設施規則	第117條	民國115年6月30日	設施規則-車輛機械	3	最大速率超過每小時多少公里之車輛系營建機械，應事前依地質地形規定行駛速率？	二十公里	三十公里	十公里	五公里	For vehicle-type construction machinery with a maximum speed exceeding what, must the employer set travel speeds in advance based on terrain?	20 km/h	30 km/h	10 km/h	5 km/h	c	第117條：最大速率超過每小時十公里之車輛系營建機械，應於事前依相關作業場所之地質、地形等狀況，規定車輛行駛速率，並使勞工依該速率進行作業。	Article 117: for machines with maximum speed over 10 km/h, travel speed shall be prescribed in advance based on the geology and terrain of the site.	draft	2		
Q0183	OSH	OSH-07	職業安全衛生設施規則	第119條	民國115年6月30日	設施規則-車輛機械	2	使用於作業場所之車輛系營建機械，應設置何種裝置以防止物體掉落之危害？	防水帆布	閃光警示燈	活動遮陽傘	堅固頂蓬	Vehicle-type construction machinery used on site shall be equipped with what to protect against falling objects?	A waterproof tarp	A flashing light	A movable sunshade	A sturdy canopy	d	第119條：駕駛棚須有良好視線與通風、裝置前照燈、設置堅固頂蓬、制動裝置、裝設倒車或旋轉之警報裝置或人員偵測警示設備。	Article 119: good cab visibility and ventilation, headlights, a sturdy canopy, brakes, and reversing/rotation alarms or personnel-detection warning equipment.	draft	2		
Q0184	OSH	OSH-07	職業安全衛生設施規則	第120條	民國115年6月30日	設施規則-車輛機械	2	車輛系營建機械作業有翻落、表土崩塌之虞者，雇主事先決定之事項中，應告知作業勞工者為何？	機械之購買價格及租金	駕駛之薪資及工作年資	行經路線及作業方法	機械之品牌及出廠年份	When vehicle-type construction machinery may overturn or cause surface collapse, which pre-decided items must be told to workers?	The purchase price and rental cost	The driver's salary and seniority	Travel routes and work methods	The brand and year of manufacture	c	第120條：應事先調查地質、地形，決定機械種類及性能、行經路線、作業方法、整理工作場所，並將第二款（行經路線）及第三款（作業方法）告知作業勞工。	Article 120: after surveying geology and terrain, decide machine type/performance, travel routes, work methods and site preparation; routes and methods shall be told to workers.	draft	2		
Q0185	OSH	OSH-07	職業安全衛生設施規則	第124條	民國115年6月30日	設施規則-堆高機	1	堆高機非置備何種裝置者不得使用？	冷氣	音響	倒車雷達	後扶架	A forklift must not be used unless it is equipped with a:	Air conditioner	Sound system	Reversing radar	Load backrest	d	第124條：堆高機非置備有後扶架者，不得使用。但將桅桿後傾之際，雖有貨物之掉落亦不致危害勞工者，不在此限。	Article 124: forklifts without a load backrest shall not be used, unless load falling during mast tilt-back poses no hazard.	draft	2		
Q0186	OSH	OSH-07	職業安全衛生設施規則	第126條	民國115年6月30日	設施規則-堆高機	2	荷重在多少公噸以上之堆高機，應指派經特殊作業安全衛生教育訓練人員操作？	○．五公噸	五公噸	三公噸	一公噸	Forklifts with a load capacity of at least how much must be operated by persons who completed special operation safety training?	0.5 tonne	5 tonnes	3 tonnes	1 tonne	d	第126條：雇主對於荷重在一公噸以上之堆高機，應指派經特殊作業安全衛生教育訓練人員操作。	Article 126: forklifts with a load of 1 tonne or more shall be operated by personnel trained in special operation safety and health.	draft	2		
Q0187	OSH	OSH-07	職業安全衛生設施規則	第128-1條	民國115年6月30日	設施規則-高空工作車	2	使用高空工作車從事作業時，工作台上之勞工應佩戴何種防護具？	安全帽及全身背負式安全帶	防護面罩及耐衝擊防護手套	安全帽及一般腰帶式安全帶	反光背心及具防滑功能安全鞋	Workers on the platform of an aerial work platform vehicle shall wear:	A helmet and a full-body harness	A face shield and impact-proof gloves	A helmet and a waist-belt harness	A reflective vest and non-slip shoes	a	第128條之1第7款：應使工作台上之勞工佩戴安全帽及符合CNS 14253-1同等以上規定之全身背負式安全帶。另應訂定作業計畫、外伸撐座完全伸出、不得超過積載荷重。	Article 128-1(7): a helmet and a full-body harness meeting CNS 14253-1; also a work plan, fully extended outriggers, and no overloading.	draft	2		
Q0188	OSH	OSH-07	職業安全衛生設施規則	第128-1條	民國115年6月30日	設施規則-高空工作車	2	為防止高空工作車翻倒或翻落，除行駛於道路上外，其外伸撐座應如何？	完全收起，以節省作業所需之空間	伸出二分之一，並以木板墊高支撐	完全伸出，並防止地盤不均勻沉陷	依駕駛人員之習慣及現場狀況調整	To prevent an aerial work platform vehicle from overturning (other than when driving on roads), its outriggers shall be:	Fully retracted, to save the space needed for the work	Extended halfway, with wooden planks used as packing blocks	Fully extended, with measures against uneven ground settlement	Adjusted to suit the driver's habits and site conditions	c	第128條之1第2款：應將其外伸撐座完全伸出，並採取防止地盤不均勻沉陷、路肩崩塌等必要措施。但具有多段伸出之外伸撐座者，得依原廠設計之允許外伸長度作業。	Article 128-1(2): outriggers shall be fully extended with measures against uneven settlement or shoulder collapse; multi-stage outriggers may follow the manufacturer's allowed extension.	draft	2		
Q0189	OSH	OSH-07	職業安全衛生設施規則	第128-2條	民國115年6月30日	設施規則-高空工作車	2	高空工作車之駕駛離開駕駛座時（工作台無人作業），應採取何種措施？	使原動機保持高轉速運轉，以維持油壓穩定	將工作台保持於原作業高度，以利後續作業	將工作台下降至最低位置，並採取預防逸走措施	僅需拔出鑰匙離開，其餘不須採取任何措施	When the driver of an aerial work platform vehicle leaves the seat (no one on the platform), the driver shall:	Keep the engine running at high speed to maintain stable hydraulic oil pressure	Keep the platform at the working height so the next task can continue smoothly	Lower the platform to its lowest position and prevent runaway (engine off, brake applied)	Simply take out the ignition key and leave; no other measures are required at all	c	第128條之2：駕駛離開駕駛座時應將工作台下降至最低位置，並採取停止原動機、確實使用制動裝置等預防逸走措施。但有勞工在工作台作業時不在此限。	Article 128-2: lower the platform to the lowest position, stop the engine and apply the brake to prevent runaway, except when workers are on the platform.	draft	2		
Q0190	OSH	OSH-07	職業安全衛生設施規則	第128-9條	民國115年6月30日	設施規則-高空工作車	2	高空工作車應指派何種人員操作？	由承攬商依現場需要任意指派之人員	經特殊作業安全衛生教育訓練人員	領有小型車以上汽車駕駛執照之人員	在該公司服務三年以上之資深員工	Aerial work platform vehicles shall be operated by:	Anyone the contractor assigns as the site requires	Personnel trained in special operation safety and health	Anyone holding a valid car driver's licence or above	Senior employees with three or more years of service	b	第128條之9：雇主對於高空工作車，應指派經特殊作業安全衛生教育訓練人員操作。	Article 128-9: the employer shall assign personnel who completed special operation safety and health training.	draft	2		
Q0191	OSH	OSH-07	職業安全衛生設施規則	第144條	民國115年6月30日	設施規則-軌道	3	藉捲揚裝置行駛之軌道車輛，其捲揚鋼索安全係數，載貨者與載人者分別應在多少以上？	載貨四、載人六	載貨六、載人十	載貨十、載人十五	載貨三、載人五	For rail vehicles hauled by a winch, the wire rope safety factor for cargo and for passengers shall be at least:	4 for cargo, 6 for passengers	6 for cargo, 10 for passengers	10 for cargo, 15 for passengers	3 for cargo, 5 for passengers	b	第144條第2款：捲揚鋼索之斷裂荷重與所承受最大荷重比之安全係數，載貨者應在六以上，載人者應在十以上。	Article 144(2): safety factor at least 6 for cargo vehicles and at least 10 for passenger vehicles.	draft	2		
Q0192	OSH	OSH-07	職業安全衛生設施規則	第150條	民國115年6月30日	設施規則-軌道	3	軌道手推車於下坡行駛時，車輛間應保持多少公尺以上間距？速率不得超過每小時幾公里？	六公尺；十公里	十公尺；二十公里	三十公尺；五公里	二十公尺；十五公里	Rail handcarts travelling downhill shall keep what spacing, and not exceed what speed?	6 m; 10 km/h	10 m; 20 km/h	30 m; 5 km/h	20 m; 15 km/h	d	第150條：車輛於上坡或水平行駛時應保持六公尺以上間距，下坡行駛時應保持二十公尺以上間距；下坡速率不得超過每小時十五公里。	Article 150: at least 6 m spacing on level or uphill, 20 m downhill; downhill speed not over 15 km/h.	draft	2		
Q0193	OSH	OSH-07	職業安全衛生設施規則	第154條	民國115年6月30日	設施規則-搬運	2	使勞工進入供儲存大量物料之槽桶時，下列何者為正確作法？	為節省時間直接進入，作業完成後再測定濃度，並補填紀錄	事先測定確認無爆炸、中毒及缺氧危險，佩掛安全帶，進口處派人監視	僅佩戴防塵口罩即可進入，不必測定氣體濃度，也不需監視人員	由槽桶下方開口進入，測定後即可免佩安全帶，無須派人監視	When workers enter a tank storing large quantities of material, the correct practice is:	Enter directly to save time and measure the explosion and oxygen levels afterwards, then record the results	Test in advance for explosion, poisoning and oxygen deficiency, wear a harness, and post a watcher at the entrance	Wear a dust mask only, with no need to measure the gas concentration and no watcher posted at the entrance	Enter through the bottom opening after testing, with no harness required, and no watcher at the entrance	b	第154條：應事先測定並確認無爆炸、中毒及缺氧等危險；使勞工佩掛安全帶及安全索；於進口處派人監視以備營救；規定以由槽桶上方進入為原則。	Article 154: test and confirm no explosion, poisoning or oxygen-deficiency hazard; wear a harness and lifeline; station a watcher at the entrance; enter from the top as a rule.	draft	2		
Q0194	OSH	OSH-07	職業安全衛生設施規則	第155條	民國115年6月30日	設施規則-搬運	2	依設施規則第155條，多少公斤以上物品以人力車輛或工具搬運為原則？多少公斤以上以機動車輛或其他機械搬運為宜？	十公斤；五十公斤	六十公斤；一千公斤	四十公斤；五百公斤	二十公斤；一百公斤	Under Article 155, items of what weight should be moved with hand carts or tools, and what weight with powered vehicles or machinery?	10 kg; 50 kg	60 kg; 1,000 kg	40 kg; 500 kg	20 kg; 100 kg	c	第155條：物料之搬運應儘量利用機械以代替人力，凡四十公斤以上物品以人力車輛或工具搬運為原則，五百公斤以上物品以機動車輛或其他機械搬運為宜。	Article 155: items of 40 kg or more should be moved by hand carts or tools; 500 kg or more by powered vehicles or other machinery.	draft	2		
Q0195	OSH	OSH-07	職業安全衛生設施規則	第155-1條	民國115年6月30日	設施規則-搬運	2	以捲揚機等吊運物料時，下列何者正確？	得於電力線正下方吊運物料；由搭乘人員兼任指揮；無須專人監督	吊鉤無須防止脫落裝置；人員可於吊掛物下方通行；不需信號人員	人員得隨吊掛物搭乘上下；免設防止過捲裝置；由操作者自行判斷	不得供人員搭乘、吊升或降落；應設防止過捲裝置；設置信號指揮人員	When hoisting materials with a winch, which is correct?	Hoisting directly under power lines is allowed; the rider also signals; no supervision needed	Hooks need no anti-slip device; persons may pass under the load; no signal person is required	Persons may ride up and down with the load; no over-hoist prevention device; the operator decides	No riding, lifting or lowering of persons; an over-hoist prevention device; a signal person	d	第155條之1：不得供人員搭乘、吊升或降落（臨時緊急處理經採防墜措施及專人監督者除外）；吊鉤應有防止脫落裝置；嚴禁人員進入吊掛物下方；應設防止過捲裝置；設置信號指揮聯絡人員；避免鄰近電力線作業。	Article 155-1: no persons may ride or be hoisted (except emergencies with fall protection and supervision); hooks need anti-slip devices; no one under the load; over-hoist prevention; a signal person; avoid working near power lines.	draft	2		
Q0196	OSH	OSH-07	職業安全衛生設施規則	第161條	民國115年6月30日	設施規則-搬運	3	物料積垛作業，作業地點高差在多少公尺以上時，應設置安全上下設備？高差在多少公尺以上時，應指定專人指揮？	二公尺；三公尺	一公尺；二公尺	○．五公尺；一．五公尺	一．五公尺；二．五公尺	In material stacking work, safe access equipment is required at a height difference of at least how much, and a designated supervisor at least how much?	2 m; 3 m	1 m; 2 m	0.5 m; 1.5 m	1.5 m; 2.5 m	d	第161條：作業地點高差在一．五公尺以上時應設置使勞工能安全上下之設備；高差在二．五公尺以上時，並應指定專人決定作業方法、檢點工具、指示安全事項及監督作業。	Article 161: safe means of access at 1.5 m or more; at 2.5 m or more a designated person shall decide methods, inspect tools, instruct on safety and supervise.	draft	2		
Q0197	OSH	OSH-07	職業安全衛生設施規則	第163條	民國115年6月30日	設施規則-搬運	2	高度二公尺以上之袋裝容器積垛拆垛時，應使成階梯狀，除最底階外其餘各階高度應在多少以下？	一公尺	一．五公尺	二公尺	二．五公尺	When dismantling bagged-material stacks over 2 m high, they shall be stepped so that each step (except the bottom) is no higher than:	1 m	1.5 m	2 m	2.5 m	b	第163條：不得自積垛物料中間抽出物料；拆除袋裝容器構成之積垛應使成階梯狀，除最底階外，其餘各階之高度應在一．五公尺以下。	Article 163: do not pull materials from the middle; step the stack so each step except the bottom is 1.5 m or less.	draft	2		
Q0198	OSH	OSH-07	職業安全衛生設施規則	第167條	民國115年6月30日	設施規則-搬運	3	勞工於載貨台從事單一重量超過多少公斤之物料裝卸時，應指定專人指揮監督？	五百公斤	一百公斤	五十公斤	二百公斤	Loading or unloading single items heavier than what on a truck bed requires a designated supervisor?	500 kg	100 kg	50 kg	200 kg	b	第167條：於載貨台從事單一之重量超越一百公斤以上物料裝卸時，應指定專人決定作業方法及順序、檢點工具、禁止無關人員進入、確認貨物無墜落危險、監督作業。	Article 167: for single items over 100 kg, a designated person shall decide methods, inspect tools, keep others away, check for falling risk and supervise.	draft	2		
Q0199	OSH	OSH-07	職業安全衛生設施規則	第170條	民國115年6月30日	設施規則-火災爆炸	2	高煙囪及高度在幾公尺以上並作為危險物品倉庫使用之建築物，應裝設避雷裝置？	二十公尺	五公尺	十公尺	三公尺	Tall chimneys and buildings of at least what height used as hazardous-material warehouses require lightning protection?	20 m	5 m	10 m	3 m	d	第170條：雇主對於高煙囪及高度在三公尺以上並作為危險物品倉庫使用之建築物，均應裝設適當避雷裝置。	Article 170: tall chimneys and buildings 3 m or higher used as hazardous-material warehouses shall have suitable lightning protection.	draft	2		
Q0200	OSH	OSH-07	職業安全衛生設施規則	第174條	民國115年6月30日	設施規則-火災爆炸	1	從事熔接、熔斷等使用明火之作業時，不得以何種氣體供為通風或換氣之用？	氧氣	二氧化碳	空氣	氮氣	During welding, cutting or other open-flame work, which gas must NOT be used for ventilation?	Oxygen	Carbon dioxide	Air	Nitrogen	a	第174條：從事熔接、熔斷、金屬之加熱及其他須使用明火之作業或有發生火花之虞之作業時，不得以氧氣供為通風或換氣之用。	Article 174: oxygen shall not be used for ventilation during welding, cutting, metal heating or other open-flame or spark-producing work.	draft	2		
Q0201	OSH	OSH-07	職業安全衛生設施規則	第177條	民國115年6月30日	設施規則-火災爆炸	3	作業場所之易燃液體蒸氣或可燃性氣體濃度達爆炸下限值百分之多少以上時，應即刻使勞工退避並停止使用煙火？	百分之二十	百分之三十	百分之十	百分之五十	Workers must be evacuated and ignition sources stopped when flammable vapor or gas reaches what percentage of the lower explosive limit?	20%	30%	10%	50%	b	第177條第1項第2款：蒸氣或氣體之濃度達爆炸下限值之百分之三十以上時，應即刻使勞工退避至安全場所，停止使用煙火及其他點火源，並加強通風。作業前應指定專人測定濃度。	Article 177(1)(2): at 30% or more of the LEL, evacuate workers, stop fire and ignition sources and increase ventilation; a designated person shall measure concentrations before work.	draft	2		
Q0202	OSH	OSH-07	職業安全衛生設施規則	第179-1條	民國115年6月30日	設施規則-火災爆炸	2	使用槽車從事灌注或卸收危險物作業前，應採取何種措施？	保持引擎運轉以便隨時移動	槽車引擎熄火並設置輪擋	打開所有閥門後開始灌注	僅拉起手煞車，不設輪擋	Before loading or unloading hazardous materials with a tank truck, the employer shall:	Keep the engine running to move quickly	Shut off the engine and place wheel chocks	Open all valves before starting the transfer	Set the parking brake only, with no chocks	b	第179條之1第5款：使用槽車從事灌注或卸收作業前，槽車之引擎應熄火，且設置適當之輪擋，以防止作業時車輛移動；作業結束並確認安全後始得發動。	Article 179-1(5): the tank truck engine shall be shut off and wheel chocks placed to prevent movement; restart only after confirming safety at the end.	draft	2		
Q0203	OSH	OSH-07	職業安全衛生設施規則	第184條	民國115年6月30日	設施規則-危險物	2	危險物製造、處置之工作場所，對於爆炸性物質應如何處理？	與氧化性物質混合貯存，並置於發火源附近	置於高溫乾燥處，並得以加熱、摩擦方式乾燥	可隨意放置於作業區，並以衝擊方式分裝	遠離煙火或發火源，並不得加熱、摩擦、衝擊	In workplaces handling hazardous materials, explosive substances shall be:	Stored mixed with oxidizing substances and placed near ignition sources	Kept in hot dry places, and dried by heating or rubbing as needed	Left anywhere in the work area, and repackaged by striking the container	Kept away from fire and ignition sources, and not heated, rubbed or struck	d	第184條第1款：爆炸性物質應遠離煙火或有發火源之虞之物，並不得加熱、摩擦、衝擊。氧化性物質不得接觸促進分解之物質；易燃液體未經許可不得灌注、蒸發或加熱。	Article 184(1): explosives shall be kept away from fire and ignition sources and not heated, rubbed or struck; oxidizers must not contact decomposition promoters; flammable liquids must not be poured, evaporated or heated without permission.	draft	2		
Q0204	OSH	OSH-07	職業安全衛生設施規則	第185-1條	民國115年6月30日	設施規則-危險物	3	雇主對於常溫下具自燃性之四氫化矽（矽甲烷）之處理，除依高壓氣體及消防法規外，應於作業前辦理何事？其紀錄留存幾年？	僅依高壓氣體法規檢查鋼瓶並張貼標示；免留存紀錄	向當地消防機關申請書面使用許可後始得施工；五年	依中央主管機關指引實施風險評估並製作報告；三年	由勞工自行口頭告知作業內容並登記於工作日誌；一年	For handling silane (SiH4), which is pyrophoric at room temperature, what must the employer do before work, and how long are records kept?	Only inspect the cylinders and post labels under high-pressure gas rules; no records	Apply to the local fire authority for a written permit before starting work; 5 years	Conduct a risk assessment per the central authority's guidelines and prepare a report; 3 years	Have the worker give verbal notice of the operation and log it in the shift diary; 1 year	c	第185條之1：作業前應依中央主管機關公告之指引，就製程危害、防止設備、維護方法、緊急應變實施風險評估並製作報告；設置氣體洩漏檢知警報系統、流率限制孔、氣瓶櫃、灑水設備等，並留存紀錄三年。硝酸銨、有機過氧化物、熱媒油亦有類似規定。	Article 185-1: a pre-work risk assessment report (process hazards, prevention equipment, maintenance, emergency response), leak detection alarms, flow-restricting orifices, gas cabinets, sprinklers, with records kept 3 years. Similar rules cover ammonium nitrate, organic peroxides and heat-transfer oil.	draft	2		
Q0205	OSH	OSH-07	職業安全衛生設施規則	第187條	民國115年6月30日	設施規則-火災爆炸	2	工作場所實施加油作業時，下列何者正確？	加油場所免設危險警告標示及滅火器材	以汽油為燃料之內燃機得於發動中加油	禁止以汽油為燃料之內燃機在發動中加油	油料溢濺於引擎或排氣管附近並無妨礙	During refueling in the workplace, which is correct?	No hazard warning signs or extinguishers are needed there	Gasoline-powered engines may be refueled while running	Gasoline-powered engines must not be refueled while running	Spilling fuel on the engine or exhaust pipe is acceptable	c	第187條：禁止以汽油為燃料之內燃機等機械在發動中加油；設置顯著之危險警告標示；備置化學乾粉、泡沫或二氧化碳等適當之油類用滅火器材；避免油料溢濺於引擎、排氣管或電氣設備。	Article 187: gasoline engines must not be refueled while running; post hazard warnings; provide dry chemical, foam or CO2 extinguishers; avoid spills on engines, exhausts or electrical equipment.	draft	2		
Q0206	OSH	OSH-07	職業安全衛生設施規則	第190條	民國115年6月30日	設施規則-火災爆炸	2	熔接用可燃性氣體及氧氣之容器，使用時應留置何物於容器閥柄上，以備緊急時遮斷氣源？	警示標籤	安全頭盔	專用板手	滅火器材	When using welding gas or oxygen cylinders, what must be left on the cylinder valve for emergency shut-off?	A warning label	A safety helmet	A dedicated wrench	A fire extinguisher	c	第190條第4款：容器使用時，應留置專用板手於容器閥柄上，以備緊急時遮斷氣源。另應保持四十度以下、直立穩妥放置、搬運時裝妥護蓋、不得接觸電焊器電路火源。	Article 190(4): a dedicated wrench shall be kept on the valve stem for emergency shut-off; cylinders shall be kept below 40°C, upright, capped during transport, and away from welders, circuits and fire.	draft	2		
Q0207	OSH	OSH-07	職業安全衛生設施規則	第198條	民國115年6月30日	設施規則-化學設備	3	化學設備之改善、修理、清掃等作業，為防止危險物洩漏，應將閥或旋塞如何處理？	保持開啟以利通風，並於閥上貼便條紙提醒	雙重關閉或設置盲板，並加鎖、鉛封或拆離把手	僅單重關閉即可，無須加鎖、鉛封或拆離把手	拆除盲板後直接作業，不須確認有無殘留物質	During repair or cleaning of chemical equipment, valves or cocks shall be:	Left open for ventilation, with a sticky note put on the valve	Double-closed or blanked off, and locked, sealed or handles removed	Closed once only, with no lock, seal or removal of handles	Work started right after removing the blind, without checking residues	b	第198條：應將閥或旋塞雙重關閉或設置盲板；並加鎖、鉛封或將把手拆離，使其無法擅動，設有不准開啟之標示或監視人員。拆除盲板前應確認無殘留物質。	Article 198: double-close valves or install blind flanges; lock, seal or remove handles with a 'do not open' sign or a watcher; confirm no residue before removing blinds.	draft	2		
Q0208	OSH	OSH-07	職業安全衛生設施規則	第199條	民國115年6月30日	設施規則-乾燥設備	2	處理危險物之乾燥室，原則上應為何種建築？	地下室	平房	頂樓	二層樓	A drying room handling hazardous materials shall in principle be:	A basement room	A single-story building	A top-floor room	A two-story building	b	第199條：處理危險物之乾燥室應為平房。但設置乾燥室建築物之樓層正上方無樓層或為耐火建築者，不在此限。	Article 199: single-story, unless there is no floor above or the building is fire-resistant.	draft	2		
Q0209	OSH	OSH-07	職業安全衛生設施規則	第203條	民國115年6月30日	設施規則-乙炔	3	使用乙炔熔接裝置從事熔接作業時，產生之乙炔壓力不得超過表壓力每平方公分多少公斤？	○．七公斤	二公斤	一．三公斤	十公斤	When using an acetylene welding apparatus, the acetylene gauge pressure shall not exceed:	0.7 kg/cm²	2 kg/cm²	1.3 kg/cm²	10 kg/cm²	c	第203條：應規定其產生之乙炔壓力不得超過表壓力每平方公分一點三公斤以上。	Article 203: acetylene pressure shall not exceed a gauge pressure of 1.3 kg/cm².	draft	2		
Q0210	OSH	OSH-07	職業安全衛生設施規則	第204條	民國115年6月30日	設施規則-乙炔	3	乙炔發生器室以置於屋外為原則，其開口部分應與其他建築物保持多少公尺以上距離？	三．五公尺	二．五公尺	○．五公尺	一．五公尺	An acetylene generator room should be outdoors, with its openings at least how far from other buildings?	3.5 m	2.5 m	0.5 m	1.5 m	d	第204條：乙炔發生器應有專用發生器室，以置於屋外為原則，開口部分應與其他建築物保持一．五公尺以上之距離；置於屋內者上方不得有樓層。	Article 204: a dedicated generator room, preferably outdoors, with openings at least 1.5 m from other buildings; if indoors, no floor above.	draft	2		
Q0211	OSH	OSH-07	職業安全衛生設施規則	第209條	民國115年6月30日	設施規則-乙炔	2	乙炔熔接裝置及氧乙炔熔接裝置，為防止氧氣背壓過高、逆流及回火，應於每一何處設置安全器？	每一氣瓶	每一作業員	每一吹管	每一房間	To prevent oxygen backpressure, backflow and flashback in acetylene welding apparatus, a safety device (flashback arrestor) shall be installed on each:	Cylinder	Operator	Torch	Room	c	第209條：應於每一吹管分別設置安全器。但主管及最近吹管之分岐管分別設有安全器者，不在此限。第212條：使每一吹管有兩個以上之安全器。	Article 209: a safety device on each torch, unless both the main line and the nearest branch have one; Article 212 requires two or more per torch on the main and branch lines.	draft	2		
Q0212	OSH	OSH-07	職業安全衛生設施規則	第210條	民國115年6月30日	設施規則-乙炔	3	氣體集合熔接裝置之設置，應選擇於距離用火設備多少公尺以上之場所？	一公尺	十公尺	三公尺	五公尺	A gas manifold welding installation shall be located at least how far from fire-using equipment?	1 m	10 m	3 m	5 m	d	第210條：氣體集合熔接裝置之設置，應選擇於距離用火設備五公尺以上之場所，並設置於專用氣體裝置室內。	Article 210: at least 5 m from fire-using equipment, in a dedicated gas equipment room.	draft	2		
Q0213	OSH	OSH-07	職業安全衛生設施規則	第214條	民國115年6月30日	設施規則-乙炔	3	距離乙炔熔接裝置之發生器室幾公尺、距離乙炔發生器及氣體集合裝置幾公尺範圍內，應禁止吸菸及使用煙火？	三公尺；五公尺	一公尺；二公尺	二公尺；三公尺	五公尺；十公尺	Smoking and fire are prohibited within how many meters of an acetylene generator room, and of the generator or gas manifold?	3 m; 5 m	1 m; 2 m	2 m; 3 m	5 m; 10 m	a	第214條第3款：距離乙炔熔接裝置之發生器室三公尺、距離乙炔發生器及氣體集合裝置五公尺範圍內，應禁止吸菸、使用煙火或從事有發生火花之虞之作業，並加標示。	Article 214(3): within 3 m of the generator room and within 5 m of the generator or gas manifold, with signs posted.	draft	2		
Q0214	OSH	OSH-07	職業安全衛生設施規則	第216條	民國115年6月30日	設施規則-乙炔	2	以乙炔熔接裝置或氣體集合熔接裝置從事金屬熔接、熔斷作業，應指派何種人員操作？	具三年以上經驗之現場熟練勞工	由現場主管口頭指定之任何勞工	經特殊安全衛生教育訓練合格人員	在職人員陪同下練習之新進人員	Welding or cutting with acetylene or gas manifold welding apparatus shall be performed by:	Any skilled worker with three years of experience	Anyone verbally designated by the site supervisor	Personnel who passed special safety and health training	New hires practising under an existing employee	c	第216條：應指派經特殊安全衛生教育、訓練合格人員操作。第217、218條並應選任專人辦理作業指揮、漏洩測試等事項。	Article 216: only personnel who completed special safety and health training; Articles 217–218 require a designated person to direct work and test for leaks.	draft	2		
Q0215	OSH	OSH-07	職業安全衛生設施規則	第219條	民國115年6月30日	設施規則-爆破	3	火藥爆破點火後未爆或難以確認時，使用電氣雷管者應經幾分鐘以上、使用電氣雷管以外者應經幾分鐘以上，始得接近充填地點？	十分鐘；三十分鐘	五分鐘；十五分鐘	三十分鐘；六十分鐘	一分鐘；五分鐘	After a misfire, how long must one wait before approaching the charge with electric detonators, and with non-electric detonators?	10 minutes; 30 minutes	5 minutes; 15 minutes	30 minutes; 60 minutes	1 minute; 5 minutes	b	第219條第5款：使用電氣雷管時應卸下發爆母線、短結端部、採取無法再點火措施並經五分鐘以上；使用電氣雷管以外者應經十五分鐘以上，並確認無危險後始得接近。	Article 219(5): electric detonators: disconnect the firing line, short the ends, prevent re-firing and wait at least 5 minutes; non-electric: wait at least 15 minutes, then confirm safety.	draft	2		
Q0216	OSH	OSH-07	職業安全衛生設施規則	第221條	民國115年6月30日	設施規則-爆破	3	使用導火索方式從事爆破作業，一人之點火數在多少以上時，應使用爆破時間指示器等能獲知退避時間之儀表？	三	五	十	二十	In fuse blasting, when one person lights how many or more fuses must a blasting timer or similar instrument be used to know the retreat time?	3	5	10	20	b	第221條第3款：一人之點火數在五以上時，應使用爆破時間指示器等能獲知退避時間之儀表。	Article 221(3): when one person lights 5 or more fuses, a blasting time indicator or similar instrument must be used.	draft	2		
Q0217	OSH	OSH-07	職業安全衛生設施規則	第224條	民國115年6月30日	設施規則-墜落	1	高度在幾公尺以上之工作場所邊緣及開口部分，勞工有墜落之虞者，應設護欄、護蓋等防護設備？	二公尺	三公尺	一．五公尺	一公尺	Edges and openings of workplaces at least how high require guardrails or covers where workers may fall?	2 m	3 m	1.5 m	1 m	a	第224條：高度在二公尺以上之工作場所邊緣及開口部分，勞工有遭受墜落危險之虞者，應設有適當強度之護欄、護蓋等防護設備；顯有困難或臨時拆除時，應使勞工使用安全帶。	Article 224: at 2 m or higher, guardrails or covers of adequate strength are required; where impractical or temporarily removed, workers shall use safety harnesses.	draft	2		
Q0218	OSH	OSH-07	職業安全衛生設施規則	第225條	民國115年6月30日	設施規則-墜落	2	高度二公尺以上作業設置工作台有困難時，得採取張掛安全網或使用安全帶；無其他安全替代措施者得採繩索作業，繩索作業應符合何種標準？	ISO 9001 系列	CNS 14253 系列	IEC 60079 系列	ISO 22846 系列	When a work platform is impractical above 2 m and no alternative exists, rope access may be used following which standard?	ISO 9001 series	CNS 14253 series	IEC 60079 series	ISO 22846 series	d	第225條：繩索作業應由受過訓練之人員為之，並於高處採用符合國際標準ISO 22846系列或同等標準之作業規定及設備從事工作。	Article 225: rope access shall be done by trained personnel following ISO 22846 series or equivalent standards for procedures and equipment.	draft	2		
Q0219	OSH	OSH-07	職業安全衛生設施規則	第226條	民國115年6月30日	設施規則-墜落	1	高度二公尺以上之作業場所遇強風、大雨等惡劣氣候致有墜落危險時，雇主應如何？	要求勞工加快速度	僅發放雨衣	加派人手趕工	使勞工停止作業	At work areas 2 m or higher, in strong wind or heavy rain with fall risk, the employer shall:	Tell workers to hurry	Only hand out raincoats	Add workers to rush the job	Stop the work	d	第226條：對於高度在二公尺以上之作業場所，有遇強風、大雨等惡劣氣候致勞工有墜落危險時，應使勞工停止作業。	Article 226: work shall be stopped when severe weather such as strong wind or heavy rain creates a fall risk at heights of 2 m or more.	draft	2		
Q0220	OSH	OSH-07	職業安全衛生設施規則	第227條	民國115年6月30日	設施規則-墜落	2	於石綿板、鐵皮板等易踏穿材料構築之屋頂作業時，應設置寬度多少公分以上之踏板，並指定何人監督？	三十公分；屋頂作業主管	二十公分；工地主任	十公分；領班	五十公分；職安管理員	On roofs of fragile materials such as asbestos or metal sheets, walkboards of what minimum width are required and who supervises?	30 cm; a roof work supervisor	20 cm; the site director	10 cm; the foreman	50 cm; the OSH administrator	a	第227條：規劃安全通道，於屋架上設置適當強度且寬度在三十公分以上之踏板；下方裝設堅固格柵或安全網；指定屋頂作業主管指揮或監督該作業。	Article 227: plan safe routes with walkboards at least 30 cm wide on the roof frame, install grilles or safety nets below, and designate a roof work supervisor.	draft	2		
Q0221	OSH	OSH-07	職業安全衛生設施規則	第227-1條	民國115年6月30日	設施規則-墜落	3	新建、增建工廠之鋼構屋頂，於邊緣及屋頂突出物頂板周圍應設置高度多少公分以上之女兒牆或適當強度欄杆？	六十公分	七十五公分	九十公分	一百二十公分	On steel-structure roofs of new or expanded factories, parapets or railings at edges shall be at least:	60 cm	75 cm	90 cm	120 cm	c	第227條之1：於邊緣及屋頂突出物頂板周圍設置高度九十公分以上之女兒牆或適當強度欄杆；易踏穿屋頂應設寬度三十公分以上通道並於採光範圍下方裝設堅固格柵。	Article 227-1: parapets or adequately strong railings at least 90 cm high at edges and around roof projections; fragile roofs need 30 cm walkways and grilles under skylights.	draft	2		
Q0222	OSH	OSH-07	職業安全衛生設施規則	第228條	民國115年6月30日	設施規則-墜落	2	勞工於高差超過多少公尺以上之場所作業時，應設置能使勞工安全上下之設備？	一．五公尺	○．五公尺	二．五公尺	三．五公尺	Safe access equipment is required for work at places with a height difference exceeding:	1.5 m	0.5 m	2.5 m	3.5 m	a	第228條：雇主對勞工於高差超過一．五公尺以上之場所作業時，應設置能使勞工安全上下之設備。	Article 228: safe means of ascent and descent shall be provided where the height difference exceeds 1.5 m.	draft	2		
Q0223	OSH	OSH-07	職業安全衛生設施規則	第229條	民國115年6月30日	設施規則-墜落	2	使用之移動梯，其寬度應在多少公分以上？	三十公分	五十公分	二十公分	四十公分	A portable ladder shall be at least how wide?	30 cm	50 cm	20 cm	40 cm	a	第229條：移動梯應具堅固構造、材質無顯著損傷腐蝕、寬度應在三十公分以上、應採取防止滑溜或轉動之措施。	Article 229: sturdy construction, no significant damage or corrosion, width at least 30 cm, and anti-slip or anti-rotation measures.	draft	2		
Q0224	OSH	OSH-07	職業安全衛生設施規則	第230條	民國115年6月30日	設施規則-墜落	2	合梯之梯腳與地面之角度應在幾度以內？並禁止勞工於何處作業？	七十五度以內；頂板	九十度以內；中段	六十度以內；第二階	四十五度以內；底階	A stepladder's legs shall form an angle with the ground within how many degrees, and where is standing prohibited?	75°; on the top cap	90°; in the middle	60°; on the second step	45°; on the bottom step	a	第230條：梯腳與地面之角度應在七十五度以內，兩梯腳間有金屬等硬質繫材扣牢，腳部有防滑絕緣腳座套；不得以合梯當作二工作面之上下設備，並禁止勞工站立於頂板作業。	Article 230: legs within 75° of the ground, rigid spreaders between legs, non-slip insulated feet; not to be used as access between two work surfaces; standing on the top cap is prohibited.	draft	2		
Q0225	OSH	OSH-07	職業安全衛生設施規則	第237條	民國115年6月30日	設施規則-飛落	2	自高度在幾公尺以上之場所投下物體有危害勞工之虞時，應設置滑槽、承受設備並指派監視人員？	三公尺	二公尺	五公尺	一公尺	When dropping objects from a height of at least how much may endanger workers, chutes, receiving equipment and a watcher are required?	3 m	2 m	5 m	1 m	a	第237條：自高度在三公尺以上之場所投下物體有危害勞工之虞時，應設置適當之滑槽、承受設備，並指派監視人員。	Article 237: from 3 m or higher, provide suitable chutes and receiving equipment and assign a watcher.	draft	2		
Q0226	OSH	OSH-07	職業安全衛生設施規則	第243條	民國115年6月30日	設施規則-電氣	2	使用對地電壓在多少伏特以上之移動式或攜帶式電動機具，應設置防止感電用漏電斷路器？	五十伏特	二百二十伏特	一百五十伏特	一百一十伏特	Portable or mobile electric tools with a voltage to ground of at least how much require a ground-fault circuit interrupter?	50 V	220 V	150 V	110 V	c	第243條：使用對地電壓在一百五十伏特以上移動式或攜帶式電動機具；於潮濕場所、金屬板上或鋼架上等導電性良好場所使用移動式或攜帶式電動機具；建築或工程作業使用之臨時用電設備，均應設置高敏感度、高速型漏電斷路器。	Article 243: 150 V or more to ground; also portable tools used in wet or conductive places (metal plates, steel frames) and temporary power for construction require high-sensitivity, high-speed GFCIs.	draft	2		
Q0227	OSH	OSH-07	職業安全衛生設施規則	第244條	民國115年6月30日	設施規則-電氣	3	下列何種電動機具不適用漏電斷路器之規定？	雙重絕緣構造之電動機具	一般攜帶式電鑽	潮濕場所使用之電動工具	工地臨時用電設備	Which electric tool is exempt from the GFCI requirement?	A double-insulated tool	An ordinary portable drill	A power tool used in a wet area	Temporary power equipment on a construction site	a	第244條：連接於非接地方式電路（絕緣變壓器二次側三百伏特以下且負荷側不接地）之電動機具、在絕緣台上使用之電動機具、雙重絕緣構造之電動機具，不適用前條規定。	Article 244: tools on ungrounded circuits (isolation transformer secondary ≤300 V, ungrounded load side), tools used on insulated platforms, and double-insulated tools are exempt.	draft	2		
Q0228	OSH	OSH-07	職業安全衛生設施規則	第249條	民國115年6月30日	設施規則-電氣	3	良導體機器設備內之檢修工作所用之手提式照明燈，其使用電壓不得超過多少伏特？	一百一十伏特	二百二十伏特	二十四伏特	十二伏特	Portable lamps used for inspection inside conductive equipment shall not exceed what voltage?	110 V	220 V	24 V	12 V	c	第249條：手提式照明燈使用電壓不得超過二十四伏特，且導線須為耐磨損及有良好絕緣，並不得有接頭。	Article 249: not more than 24 V, with abrasion-resistant, well-insulated cords without joints.	draft	2		
Q0229	OSH	OSH-07	職業安全衛生設施規則	第250條	民國115年6月30日	設施規則-電氣	2	於良導體機器設備內之狹小空間或鋼架上作業所使用之交流電焊機，應有何種裝置？	焊接時間計時裝置	自動溫度調節裝置	自動電擊防止裝置	電流過載警示燈具	AC arc welders used in confined conductive spaces or on steel frames shall have:	A welding time counting device (built-in timer and counter)	An automatic temperature regulating device (thermostat unit)	An automatic electric shock prevention device (voltage reducing device)	A current overload warning lamp (red indicator light module)	c	第250條：於良導體機器設備內之狹小空間，或於鋼架等有觸及高導電性接地物之虞之場所，作業時所使用之交流電焊機，應有自動電擊防止裝置。但採自動式焊接者不在此限。	Article 250: AC welders used in narrow spaces of conductive equipment or where contact with grounded conductive objects is likely shall have an automatic shock prevention device, except automatic welding.	draft	2		
Q0230	OSH	OSH-07	職業安全衛生設施規則	第254條	民國115年6月30日	設施規則-電氣	3	停電作業時，停電作業範圍應以何種顏色之帶或網加圍？有電部分則以何種顏色？	停電作業區紅色、有電危險區藍色	停電作業區藍色、有電危險區紅色	停電作業區黃色、有電危險區綠色	停電作業區綠色、有電危險區白色	During de-energized work in a substation, the de-energized area is marked with tape or net of which color, and the live area with which?	Red for the de-energized area, blue for the live area	Blue for the de-energized area, red for the live area	Yellow for the de-energized area, green for the live area	Green for the de-energized area, white for the live area	b	第254條第1項第4款：停電作業範圍如為發電或變電設備或開關場之一部分時，應以藍帶或網加圍並懸掛「停電作業區」標誌；有電部分則以紅帶或網加圍並懸掛「有電危險區」標誌。	Article 254(1)(4): the de-energized work area is enclosed with blue tape or net and a 'de-energized work area' sign; live parts with red tape or net and a 'live danger area' sign.	draft	2		
Q0231	OSH	OSH-07	職業安全衛生設施規則	第254條	民國115年6月30日	設施規則-電氣	2	電路開路後從事作業，開路之開關於作業中應如何處理？	開關維持原狀即可，無須上鎖、標示或指派監視人員	上鎖或標示「禁止送電」、「停電作業中」或設置監視人員	交由現場任何人員管理，並以口頭告知代替標示或上鎖	以膠帶貼住開關把手，作業結束後才補掛警告標示	After opening a circuit for work, the opened switch shall be:	Left exactly as it is, with no lock, no tag and no watcher assigned to the switch	Locked or tagged 'Do not energize' / 'De-energized work in progress', or watched by a person	Managed by anyone on site, with a verbal notice given instead of any tag or lock sign	Taped over at the handle, with the warning tag added only after the work has finished	b	第254條第1項第1款：開路之開關於作業中應上鎖或標示「禁止送電」、「停電作業中」或設置監視人員監視之；並應放電、檢電確認停電、短路接地。	Article 254(1)(1): lock or tag the opened switch or post a watcher; also discharge residual charge, verify de-energization with a tester, and apply short-circuit grounding.	draft	2		
Q0232	OSH	OSH-07	職業安全衛生設施規則	第259條	民國115年6月30日	設施規則-電氣	3	接近高壓電路從事作業時，在距離頭上、身側及腳下多少公分以內之高壓電路，應設置絕緣用防護裝備？	九十公分	一百二十公分	六十公分	三十公分	When working near high-voltage circuits, insulating protective equipment must be installed on circuits within how many centimeters above, beside or below the worker?	90 cm	120 cm	60 cm	30 cm	c	第259條：在距離頭上、身側及腳下六十公分以內之高壓電路者，應在該電路設置絕緣用防護裝備。但已使該作業勞工戴用絕緣用防護具而無感電之虞者，不在此限。	Article 259: within 60 cm above the head, beside the body or below the feet, unless the worker wears insulating protective gear with no shock risk.	draft	2		
Q0233	OSH	OSH-07	職業安全衛生設施規則	第260條	民國115年6月30日	設施規則-電氣	3	特高壓充電電路使用電壓二十二千伏特以下者，勞工身體或金屬工具應保持之接近界限距離為多少公分？	六十公分	二十公分	三十公分	十公分	For extra-high-voltage circuits of 22 kV or less, the minimum approach distance for the worker's body or metal tools is:	60 cm	20 cm	30 cm	10 cm	b	第260條表：二二千伏特以下二○公分；超過二二至三三千伏特三○公分；超過三三至六六千伏特五○公分；超過六六至七七千伏特六○公分；…超過三四五千伏特三○○公分。	Article 260 table: ≤22 kV 20 cm; >22–33 kV 30 cm; >33–66 kV 50 cm; >66–77 kV 60 cm; … >345 kV 300 cm.	draft	2		
Q0234	OSH	OSH-07	職業安全衛生設施規則	第264條	民國115年6月30日	設施規則-電氣	3	低壓（六百伏特以下）供電且契約容量達多少瓩以上之工廠或供公眾使用之建築物，應置初級電氣技術人員？	一百瓩	五百瓩	五十瓩	二十瓩	Low-voltage factories or public buildings with a contract capacity of at least how many kW must have a junior electrical technician?	100 kW	500 kW	50 kW	20 kW	c	第264條：低壓供電且契約容量達五十瓩以上者應置初級電氣技術人員；高壓供電之用電場所應置中級；特高壓應置高級電氣技術人員。	Article 264: low voltage with contract capacity of 50 kW or more: junior technician; high voltage: intermediate; extra-high voltage: senior electrical technician.	draft	2		
Q0235	OSH	OSH-07	職業安全衛生設施規則	第268條	民國115年6月30日	設施規則-電氣	3	六百伏特以下之電氣設備前方，至少應有多少公分以上之水平工作空間？	六十公分	一百公分	八十公分	一百二十公分	In front of electrical equipment of 600 V or less, the minimum horizontal working space is:	60 cm	100 cm	80 cm	120 cm	c	第268條：六百伏特以下之電氣設備前方至少應有八十公分以上之水平工作空間；低壓帶電體前方可能有活線作業時，依表規定不得低於九十至一百二十公分。	Article 268: at least 80 cm; where live-line work on low-voltage parts is possible, the table requires 90–120 cm depending on the environment.	draft	2		
Q0236	OSH	OSH-07	職業安全衛生設施規則	第272條	民國115年6月30日	設施規則-電氣	2	絕緣用防護裝備、防護具、活線作業用工具等，應每隔多久檢驗其性能一次？	每三個月	每月	每年	每六個月	Insulating protective equipment and live-line tools shall be performance-tested every:	3 months	Month	Year	6 months	d	第272條：絕緣用防護裝備、防護具、活線作業用工具等，應每六個月檢驗其性能一次，工作人員應於每次使用前自行檢點，不合格者應予更換。	Article 272: every 6 months, plus a self-check by the worker before each use; failed items must be replaced.	draft	2		
Q0237	OSH	OSH-07	職業安全衛生設施規則	第274條	民國115年6月30日	設施規則-電氣	2	電氣技術人員以操作棒操作高壓開關時，應使用何種防護具？	橡皮手套	皮手套	不需手套	棉手套	When operating a high-voltage switch with a hot stick, an electrical technician shall wear:	Rubber gloves	Leather gloves	No gloves	Cotton gloves	a	第274條第4款：以操作棒操作高壓開關，應使用橡皮手套。另拆除或接裝保險絲前應先切斷電源。	Article 274(4): rubber gloves shall be used; also cut power before removing or installing fuses.	draft	2		
Q0238	OSH	OSH-07	職業安全衛生設施規則	第276條	民國115年6月30日	設施規則-電氣	2	為調整電動機械而停電，開關切斷後應如何處理？復電時由何人執行？	以便條紙貼於開關提醒即可；由現場任何人員逕行復電	先以口頭通知相關人員；由現場主管口頭同意後即可復電	立即上鎖或掛牌標示並簽章；由原掛簽人取下鎖或掛牌後始可復電	切斷開關後無須任何處理；由次日輪班人員直接送電	When power is cut to adjust machinery, what is done after opening the switch, and who may re-energize?	Put a sticky note on the switch; anyone on site may confirm and then re-energize the circuit directly	Give verbal notice to the workers concerned; the site supervisor may then approve re-energizing orally	Lock or tag and sign immediately; only the person who tagged it removes the lock/tag before re-energizing	Nothing needs to be done after opening the switch; the next shift may simply re-energize the circuit	c	第276條第2款：開關切斷後須立即上鎖或掛牌標示並簽章；復電時應由原掛簽人取下鎖或掛牌後始可復電。原掛簽人因故無法執行時，雇主應指派職務代理人處理。	Article 276(2): lock/tag and sign immediately; re-energize only after the original tagger removes the lock or tag; a designated deputy handles it if the tagger is unavailable.	draft	2		
Q0239	OSH	OSH-07	職業安全衛生設施規則	第276條	民國115年6月30日	設施規則-電氣	2	遇電氣設備或電路著火時，應使用何種滅火設備？	泡沫式滅火器材	大量清水直接沖淋	不導電之滅火設備	以濕布覆蓋撲滅	For fires in electrical equipment or circuits, use:	Foam-type extinguishing equipment	A direct jet of water from a hose	Non-conductive extinguishing equipment	Smothering the fire with a wet cloth	c	第276條第10款：遇電氣設備或電路著火者，應用不導電之滅火設備。另不得以肩負方式攜帶竹梯、鐵管等過長物體接近電氣設備；不得以濕手操作開關。	Article 276(10): use non-conductive extinguishing equipment; also do not carry long objects like bamboo ladders or pipes on the shoulder near electrical equipment, and never operate switches with wet hands.	draft	2		
Q0240	OSH	OSH-07	職業安全衛生設施規則	第277條	民國115年6月30日	設施規則-防護具	2	雇主供給勞工使用之個人防護具，其數量應如何準備？	每五名勞工置備一套，並由班長保管統一發放	與作業勞工人數相同或以上，並以個人專用為原則	為作業勞工人數之半數，並由同班人員輪流使用	僅供主管及訪客使用，並依年度預算決定數量	How many personal protective items must the employer provide?	One set for every five workers, kept and issued by the foreman only	At least as many as the number of workers, for individual use in principle	Half the number of workers on site, shared in turn by the same shift	Only for supervisors and visitors, in a quantity set by the annual budget	b	第277條第3款：個人使用之防護具應置備與作業勞工人數相同或以上之數量，並以個人專用為原則；對有感染疾病之虞時應置備個人專用防護器具。	Article 277(3): a quantity equal to or greater than the number of workers, for individual use in principle; individual equipment is required where infection risk exists.	draft	2		
Q0241	OSH	OSH-07	職業安全衛生設施規則	第277-1條	民國115年6月30日	設施規則-防護具	3	事業單位勞工人數達多少人以上，雇主應訂定呼吸防護計畫並據以執行？	三十人	五十人	二百人	一百人	Employers with at least how many workers must formulate a written respiratory protection program?	30	50	200	100	c	第277條之1：使勞工使用呼吸防護具時應指派專人採取危害辨識、防護具選擇、使用、維護管理、教育訓練、成效評估等措施，紀錄留存三年；勞工人數達二百人以上者應訂定呼吸防護計畫。	Article 277-1: respiratory protection measures (hazard identification, selection, use, maintenance, training, evaluation) with 3-year records; a written program is required at 200 or more workers.	draft	2		
Q0242	OSH	OSH-07	職業安全衛生設施規則	第281條	民國115年6月30日	設施規則-防護具	3	對於二公尺以上未設護籠之垂直固定梯、局限空間、屋頂或施工架組拆等高處作業，應採用何種安全帶？	全身背負式安全帶及捲揚式防墜器	救生衣（浮力背心）及麻質固定繩索	一般帆布工作腰帶及安全帽即足夠	腰帶式安全帶（舊式）及固定長度短繩	For vertical fixed ladders over 2 m without cages, confined spaces, roofs or scaffold assembly, what harness is required?	A full-body harness (CNS 14253-1) with a self-retracting lifeline	A life jacket (buoyancy aid) with a plain hemp rope lanyard	An ordinary work belt (canvas type) with a safety helmet only	A waist-belt harness (older type) with a fixed-length lanyard	a	第281條第2項：對於鋼構懸臂突出物、斜籬、二公尺以上未設護籠之垂直固定梯、局限空間、屋頂或施工架組拆、工作台組拆、管線維修等高處或傾斜面移動，應採用符合CNS 14253-1之全身背負式安全帶及捲揚式防墜器。	Article 281(2): for steel cantilevers, catch fans, uncaged vertical ladders over 2 m, confined spaces, roof or scaffold assembly/dismantling, platform assembly and pipeline maintenance, a full-body harness meeting CNS 14253-1 with a self-retracting fall arrester is required.	draft	2		
Q0243	OSH	OSH-07	職業安全衛生設施規則	第286-3條	民國115年6月30日	設施規則-防護具	3	事業單位從事外送作業勞工人數在多少人以上，雇主應訂定外送作業危害防止計畫？	五十人	三十人	一百人	十人	Employers with at least how many delivery workers must formulate a delivery-work hazard prevention plan?	50	30	100	10	b	第286條之3：使用機車、自行車從事外送作業，應置備安全帽、反光標示、高低氣溫危害預防、緊急連絡通訊設備等；外送作業勞工人數在三十人以上者應訂定外送作業危害防止計畫，紀錄留存三年。	Article 286-3: helmets, reflective markings, heat/cold protection and emergency communication for motorcycle/bicycle delivery; a hazard prevention plan is required at 30 or more delivery workers, records kept 3 years.	draft	2		
Q0244	OSH	OSH-07	職業安全衛生設施規則	第287-1條	民國115年6月30日	設施規則-防護具	2	使勞工使用輸氣管面罩呼吸防護具時，應避免使用何種氣體供氣？	一般空氣	純氧	過濾空氣	壓縮空氣	When supplying air-line respirators, the employer shall avoid supplying:	Ordinary air	Pure oxygen	Filtered air	Compressed air	b	第287條之1：應確保其供氣及性能維持正常運作，並避免使用純氧供氣；使用空氣壓縮機供氣者，輸氣管線及接頭應明顯標示種類及用途，相鄰管線接頭應以不同規格區隔。	Article 287-1: ensure proper supply and performance and avoid pure oxygen; with compressors, label air lines and use different fitting sizes for adjacent lines.	draft	2		
Q0245	OSH	OSH-07	職業安全衛生設施規則	第295條	民國115年6月30日	設施規則-衛生	2	坑內、深井、沉箱、儲槽等自然換氣不充分之工作場所，原則上不得使用何種機械？	僅具電動馬達之機械	具有內燃機之機械	以人力操作之手工具	以壓縮空氣驅動之工具	In pits, deep wells, caissons, tanks and other poorly ventilated places, which machines must not be used in principle?	Machines driven by electric motors only	Machines with internal combustion engines	Hand tools operated by human power	Tools driven by compressed air supply	b	第295條：於坑內、深井、沉箱、儲槽、隧道、船艙等場所應依缺氧症預防規則採取措施；不得使用具有內燃機之機械，以免排出之廢氣危害勞工。但另設有效之換氣設施者不在此限。	Article 295: internal combustion engines must not be used in such places because of exhaust gases, unless effective ventilation is provided; the Hypoxia Prevention Rules also apply.	draft	2		
Q0246	OSH	OSH-07	職業安全衛生設施規則	第299條	民國115年6月30日	設施規則-衛生	2	氧氣濃度未達百分之多少之場所，應設置警告標示牌並禁止非作業人員進入？	百分之十九．五	百分之二十一	百分之十八	百分之十六	Places with oxygen concentration below what percentage require warning signs and exclusion of non-workers?	19.5%	21%	18%	16%	c	第299條第4款：氧氣濃度未達百分之十八之場所。其他包括處置大量高熱或低溫物體、強烈非游離輻射、有害物超過容許暴露標準、遭受生物病原體顯著污染之場所。	Article 299(4): below 18% oxygen; also places handling large amounts of hot or cold objects, strong non-ionizing radiation, hazardous substances above exposure limits, or significant biological contamination.	draft	2		
Q0247	OSH	OSH-07	職業安全衛生設施規則	第300條	民國115年6月30日	設施規則-噪音	3	勞工八小時日時量平均音壓級超過多少分貝或暴露劑量超過百分之多少時，雇主應使勞工戴用防音防護具？	八十五分貝或百分之五十	九十分貝或百分之百	八十分貝或百分之三十	九十五分貝或百分之百	Hearing protectors are mandatory when the 8-hour TWA sound level exceeds what, or the dose exceeds what?	85 dB or 50%	90 dB or 100%	80 dB or 30%	95 dB or 100%	a	第300條第1款：八小時日時量平均音壓級超過八十五分貝或暴露劑量超過百分之五十時，應使勞工戴用有效之耳塞、耳罩等防音防護具；機械噪音超過九十分貝時應採工程控制；任何時間不得暴露於峰值超過一百四十分貝之衝擊性噪音或一百十五分貝之連續性噪音。	Article 300(1): 85 dBA TWA or 50% dose requires hearing protectors; over 90 dB requires engineering controls; never exceed 140 dB impulse peak or 115 dB continuous.	draft	2		
Q0248	OSH	OSH-07	職業安全衛生設施規則	第300條	民國115年6月30日	設施規則-噪音	3	依噪音容許暴露時間對照表，A權噪音音壓級九十五分貝之工作日容許暴露時間為多久？	四小時	六小時	八小時	二小時	Per the permissible noise exposure table, the daily limit at 95 dBA is:	4 hours	6 hours	8 hours	2 hours	a	第300條表：九十分貝八小時、九十二分貝六小時、九十五分貝四小時、九十七分貝三小時、一百分貝二小時、一百零五分貝一小時、一百一十分貝半小時、一百一十五分貝四分之一小時。	Article 300 table: 90 dBA 8 h; 92 dBA 6 h; 95 dBA 4 h; 97 dBA 3 h; 100 dBA 2 h; 105 dBA 1 h; 110 dBA 0.5 h; 115 dBA 0.25 h.	draft	2		
Q0249	OSH	OSH-07	職業安全衛生設施規則	第300-1條	民國115年6月30日	設施規則-噪音	3	事業單位勞工人數達多少人以上，對於噪音超過八十五分貝之工作場所應訂定聽力保護計畫？	三十人	三百人	一百人	五十人	Employers with at least how many workers must formulate a hearing conservation program for workplaces over 85 dBA?	30	300	100	50	c	第300條之1：八小時日時量平均音壓級超過八十五分貝或劑量超過百分之五十之工作場所，應採取噪音監測、危害控制、防音防護具、教育訓練、健康檢查、成效評估等聽力保護措施，紀錄留存三年；勞工人數達一百人以上者應訂定聽力保護計畫。	Article 300-1: hearing conservation measures (monitoring, controls, protectors, training, health exams, evaluation) with 3-year records; a written program at 100 or more workers.	draft	2		
Q0250	OSH	OSH-07	職業安全衛生設施規則	第302條	民國115年6月30日	設施規則-振動	3	局部振動作業每日容許暴露時間四小時以上未滿八小時者，其最大加速度值不得超過每平方秒幾公尺？	八公尺	六公尺	十二公尺	四公尺	For hand-arm vibration with daily exposure of 4 to under 8 hours, the maximum acceleration is:	8 m/s²	6 m/s²	12 m/s²	4 m/s²	d	第302條表：四小時以上未滿八小時 4 m/s²；二小時以上未滿四小時 6 m/s²；一小時以上未滿二小時 8 m/s²；未滿一小時 12 m/s²。並應使勞工使用防振把手等設備。	Article 302 table: 4–<8 h: 4 m/s²; 2–<4 h: 6 m/s²; 1–<2 h: 8 m/s²; <1 h: 12 m/s²; anti-vibration handles are also required.	draft	2		
Q0251	OSH	OSH-07	職業安全衛生設施規則	第303-1條	民國115年6月30日	設施規則-高溫	2	戶外作業熱危害風險等級達熱指數對照表第幾級以上者，應設置遮陽設施及具降溫效果之休息場所？	第五級	第三級	第二級	第四級	For outdoor work, shading and cooled rest areas are required when the heat-hazard risk level reaches at least which level of the heat index table?	Level 5	Level 3	Level 2	Level 4	d	第303條之1：熱危害風險等級達表三熱指數對照表第四級以上者，應設置遮陽設施並提供風扇、水霧等降溫設備，並於鄰近設置具冷氣、風扇或自然通風之休息場所及充足飲水。	Article 303-1: at level 4 or above, provide shade, fans or water mist, a nearby rest area with air conditioning, fans or good ventilation, and adequate drinking water.	draft	2		
Q0252	OSH	OSH-07	職業安全衛生設施規則	第308條	民國115年6月30日	設施規則-高溫	2	坑內之溫度應保持在攝氏幾度以下？超過時應使勞工停止作業？	三十七度	三十度	四十度	三十五度	Underground (pit) temperature shall be kept below what, above which work must stop?	37°C	30°C	40°C	35°C	a	第308條：坑內之溫度應保持在攝氏三十七度以下；溫度在三十七度以上時應使勞工停止作業。但已採取防止高溫危害措施、從事救護或搶救作業者不在此限。	Article 308: below 37°C; at 37°C or above workers must stop, except with heat-hazard controls or during rescue work.	draft	2		
Q0253	OSH	OSH-07	職業安全衛生設施規則	第309條	民國115年6月30日	設施規則-通風	2	勞工經常作業之室內作業場所，每一勞工原則上應有多少立方公尺以上之空間（設備及高度超過四公尺之空間不計）？	十五立方公尺	十立方公尺	二十立方公尺	五立方公尺	In indoor workplaces where workers regularly work, each worker shall in principle have at least how much space (excluding equipment and space above 4 m)?	15 m³	10 m³	20 m³	5 m³	b	第309條：除設備及自地面算起高度超過四公尺以上之空間不計外，每一勞工原則上應有十立方公尺以上之空間。	Article 309: at least 10 m³ per worker, excluding equipment and space higher than 4 m above the floor.	draft	2		
Q0254	OSH	OSH-07	職業安全衛生設施規則	第311條	民國115年6月30日	設施規則-通風	3	室內作業場所可直接與大氣相通之開口部分面積，應為地板面積之幾分之一以上？	十分之一	二十分之一	三十分之一	五十分之一	Openings of an indoor workplace communicating directly with outside air shall be at least what fraction of the floor area?	1/10	1/20	1/30	1/50	b	第311條：窗戶及其他開口部分面積應為地板面積之二十分之一以上（設有充分換氣能力之機械通風設備者除外）；氣溫在十度以下換氣時不得使勞工暴露於每秒一公尺以上之氣流中。	Article 311: at least 1/20 of the floor area, unless mechanical ventilation of sufficient capacity is installed; when ventilating at 10°C or below, air speed on workers must not exceed 1 m/s.	draft	2		
Q0255	OSH	OSH-07	職業安全衛生設施規則	第313條	民國115年6月30日	設施規則-採光照明	3	依設施規則第313條照度表，一般辦公場所之人工照明應達多少米燭光以上？	五百米燭光	三百米燭光	二百米燭光	一百米燭光	Per the illumination table of Article 313, general offices require artificial lighting of at least:	500 lux	300 lux	200 lux	100 lux	b	第313條表：室外走道二十米燭光；走道樓梯倉庫五十；機械鍋爐房更衣室廁所一百；須細辨物體二百；須精辨物體及一般辦公場所三百；須極細辨五百至一千；極精辨對襯不良一千以上。窗面面積比率不得小於室內地面十分之一。	Article 313 table: outdoor walkways 20 lux; corridors/stairs/warehouses 50; machine rooms, changing rooms, toilets 100; fine work 200; precise work and general offices 300; very fine work 500–1,000; extremely fine work 1,000+. Window area at least 1/10 of floor area.	draft	2		
Q0256	OSH	OSH-07	職業安全衛生設施規則	第318條	民國115年6月30日	設施規則-清潔	3	刺激物、腐蝕性物質或毒性物質污染之工作場所，每幾人應設置一個冷熱水沖淋設備？每幾人設置一個冷熱水盥洗設備？	每十五人沖淋；每五人盥洗	每五人沖淋；每二人盥洗	每十人沖淋；每三人盥洗	每二十人沖淋；每十人盥洗	In workplaces contaminated by irritants, corrosives or toxic substances, one hot/cold shower is required per how many workers, and one washing facility per how many?	Shower per 15; washing facility per 5	Shower per 5; washing facility per 2	Shower per 10; washing facility per 3	Shower per 20; washing facility per 10	a	第318條：刺激物、腐蝕性物質或毒性物質污染之工作場所，每十五人應設置一個冷熱水沖淋設備，每五人應設置一個冷熱水盥洗設備。	Article 318: one hot-and-cold shower per 15 workers and one hot-and-cold washing facility per 5 workers.	draft	2		
Q0257	OSH	OSH-07	職業安全衛生設施規則	第319條	民國115年6月30日	設施規則-清潔	3	男用廁所之大便器數目，以同時作業男工每幾人以內設置一個以上為原則？廁所與廚房及食堂應距離多少公尺以上？	五十人；十公尺	十五人；二十公尺	十人；五十公尺	二十五人；三十公尺	Men's toilets: at least one water closet per how many male workers, and toilets at least how far from kitchens and dining rooms?	50; 10 m	15; 20 m	10; 50 m	25; 30 m	d	第319條：男用大便器每二十五人以內一個（最少不低於六十人一個）；男用小便器每十五人一個；女用大便器每十五人一個；廁所與廚房及食堂應距離三十公尺以上（衛生沖水式除外）；每日清洗一次、每週消毒一次。	Article 319: one WC per 25 men (minimum one per 60); one urinal per 15 men; one WC per 15 women; toilets at least 30 m from kitchens and dining rooms (except flush toilets); cleaned daily and disinfected weekly.	draft	2		
Q0258	OSH	OSH-07	職業安全衛生設施規則	第320條	民國115年6月30日	設施規則-清潔	1	雇主供應勞工飲用水時，下列何者正確？	可設置共用杯具以節省成本	不得設置共用之杯具	水源不需檢驗	工業用水可作飲用水	When providing drinking water, which is correct?	Shared cups are fine to save cost	No shared cups may be provided	Water sources need no testing	Industrial water can be used for drinking	b	第320條：飲水處所及容器應保持清潔並加蓋；不得設置共用之杯具；飲用水應符合飲用水水質衛生標準，非自來水水源應定期檢驗合格；非飲用水之水源應有明顯標誌。	Article 320: keep dispensers clean and covered; no shared cups; water must meet drinking-water standards and non-tap sources must be tested regularly; label non-potable sources.	draft	2		
Q0259	OSH	OSH-07	職業安全衛生設施規則	第322條	民國115年6月30日	設施規則-清潔	3	餐廳面積應以同時進餐之人數每人多少平方公尺以上為原則？通風窗面積不得少於總面積百分之多少？	一．五平方公尺；百分之五	二平方公尺；百分之二十	○．五平方公尺；百分之十	一平方公尺；百分之十二	A dining room should provide at least how much area per person eating at the same time, and ventilation windows of at least what percentage of total area?	1.5 m²; 5%	2 m²; 20%	0.5 m²; 10%	1 m²; 12%	d	第322條：餐廳面積以同時進餐人數每人一平方公尺以上為原則；通風窗之面積不得少於總面積百分之十二；應採三槽式洗滌暨餐具消毒設備、廚房設機械排氣裝置。	Article 322: at least 1 m² per person; ventilation windows at least 12% of total area; three-compartment sinks with disinfection, and mechanical exhaust in kitchens.	draft	2		
Q0260	OSH	OSH-07	職業安全衛生設施規則	第324-1條	民國115年6月30日	設施規則-身心健康	2	使勞工從事重複性作業，為預防肌肉骨骼疾病，勞工人數達多少人以上之事業單位應訂定人因性危害預防計畫？	五十人	一百人	三十人	三百人	To prevent musculoskeletal disorders from repetitive work, enterprises with at least how many workers must formulate an ergonomic hazard prevention plan?	50	100	30	300	b	第324條之1：應分析作業流程、確認人因性危害因子、評估選定改善方法、評估成效，紀錄留存三年；勞工人數達一百人以上者應訂定人因性危害預防計畫。	Article 324-1: analyze work processes, identify ergonomic risk factors, select and implement improvements, evaluate results, keep records 3 years; a written plan at 100 or more workers.	draft	2		
Q0261	OSH	OSH-07	職業安全衛生設施規則	第324-2條	民國115年6月30日	設施規則-身心健康	3	為預防輪班、夜間工作、長時間工作等異常工作負荷促發疾病，何種事業單位應訂定預防計畫？	僅製造業及營造業之事業單位應訂定	所有事業單位不分規模及行業均應訂定	依規定配置有醫護人員從事勞工健康服務者	僅醫療保健服務業之事業單位應訂定	Which enterprises must formulate a written plan to prevent diseases induced by abnormal workloads (shift, night, long hours)?	Enterprises in manufacturing and construction industries only	All enterprises in the country, regardless of size or industry sector	Those required to have medical personnel providing labor health services	Enterprises in healthcare and medical service industries only	c	第324條之2：應辨識評估高風險群、安排醫師面談及健康指導、調整工時、健康檢查管理等，紀錄留存三年；依規定配置有醫護人員從事勞工健康服務者，應訂定異常工作負荷促發疾病預防計畫；免配置者得以執行紀錄代替。	Article 324-2: identify high-risk groups, arrange physician interviews and guidance, adjust hours, manage health exams, keep records 3 years; a written plan is required where medical personnel are mandated, otherwise records suffice.	draft	2		
Q0262	OSH	OSH-07	職業安全衛生設施規則	第324-3條	民國115年6月30日	設施規則-身心健康	2	為預防勞工執行職務遭受不法侵害，勞工人數達多少人以上之事業單位應訂定執行職務遭受不法侵害預防計畫？	五十人	二百人	三十人	一百人	Enterprises with at least how many workers must formulate a written plan to prevent unlawful harm (workplace violence) while performing duties?	50	200	30	100	d	第324條之3：應辨識評估危害、適當配置作業場所、建構行為規範、辦理訓練、設置申訴管道並公開揭示、建立調查處理程序、提供法律醫療心理協助等，紀錄留存三年；勞工人數達一百人以上者應訂定預防計畫。	Article 324-3: hazard identification, workplace layout, code of conduct, training, complaint channels, investigation procedures, legal/medical/psychological assistance, 3-year records; a written plan at 100 or more workers.	draft	2		
Q0263	OSH	OSH-07	職業安全衛生設施規則	第324-5條	民國115年6月30日	設施規則-身心健康	1	對於連續站立作業之勞工，雇主應設置何種設備供休息時使用？	電動按摩椅	適當之坐具	大型電視機	自動咖啡機	For workers who stand continuously, the employer shall provide:	Massage chairs for use during breaks	Suitable seats for use during breaks	A large television for the work area	An automatic coffee machine for staff	b	第324條之5：雇主對於連續站立作業之勞工，應設置適當之坐具，以供休息時使用。	Article 324-5: suitable seating shall be provided for rest breaks for workers who stand continuously.	draft	2		
Q0264	OSH	OSH-07	職業安全衛生設施規則	第324-6條	民國115年6月30日	設施規則-身心健康	2	使勞工從事戶外作業防範熱疾病之危害預防措施，不包括下列何者？	提供適當之飲料或食鹽水	禁止勞工飲水以免上廁所	實施勞工熱適應相關措施	調整作業時間	Which is NOT a heat-illness prevention measure for outdoor work under Article 324-6?	Providing suitable drinks or salt water	Forbidding water to avoid toilet breaks	Heat acclimatization measures	Adjusting work hours	b	第324條之6：降低作業場所溫度、提供陰涼休息場所、提供飲料或食鹽水、調整作業時間、增加巡視頻率、健康管理及適當安排工作、熱適應措施、留意健康狀況、教育宣導、建立緊急醫療通報應變機制。	Article 324-6 lists lowering temperature, shaded rest areas, drinks or salt water, adjusted hours, more frequent patrols, health management, acclimatization, monitoring workers' condition, education, and emergency medical/reporting mechanisms.	draft	2		
Q0265	OSH	OSH-07	職業安全衛生設施規則	第326-1條	民國115年6月30日	設施規則-附則	2	自營作業者獨立作業或以其作業交付承攬時，是否適用設施規則有關雇主義務之規定？	不適用	僅適用一半	適用	視契約而定	Do the employer obligations in the Rules apply to self-employed persons working independently or contracting out their work?	No	Only half	Yes	Depends on the contract	c	第326條之1：自營作業者獨立作業或以其作業交付承攬時，適用本規則有關雇主義務之規定；受工作場所負責人指揮或監督從事勞動之人員，比照該事業單位之勞工適用本規則。	Article 326-1: yes; and persons working under the direction of a workplace manager are treated like that enterprise's laborers under the Rules.	draft	2		
Q0266	OSH	OSH-36	營造安全衛生設施標準	第1-1條	民國115年6月30日	營造-總則	2	營造安全衛生設施標準所稱「露天開挖」，下列敘述何者正確？	僅指於室外採機械實施深度超過五公尺之開挖，不包括基礎開挖、管溝開挖及整地	僅指於室內採人工實施土、砂、岩石等之開挖，包括隧道開挖與坑道支撐作業	於室外採人工或機械實施土、砂、岩石等之開挖，包括基礎開挖、管溝開挖與整地	僅指採人工實施之地下埋設物管溝開挖，不包括機械開挖、基礎開挖與整地	Under the Construction Safety and Health Facilities Standards, 'open excavation' means:	Outdoor mechanical excavation deeper than five metres only, excluding foundation, trench and grading work	Indoor manual excavation of soil, sand or rock only, including tunnel excavation and gallery support work	Outdoor manual or mechanical excavation of soil, sand or rock, including foundation, trench and grading work	Manual trenching for underground utilities only, excluding mechanical, foundation and grading excavation	c	第1條之1：露天開挖指於室外採人工或機械實施土、砂、岩石等之開挖，包括土木構造物、建築物之基礎開挖、地下埋設物之管溝開挖與整地及其他相關之開挖。	Article 1-1: open excavation is outdoor manual or mechanical excavation of soil, sand, rock, etc., including foundations for structures and buildings, trenches for underground utilities, grading and related excavation.	draft	2		
Q0267	OSH	OSH-36	營造安全衛生設施標準	第3條	民國115年6月30日	營造-總則	2	依營造標準第3條，雇主應於何階段依設計階段之風險評估及圖說實施風險評估，並將安全衛生設施納入考量？	保固期滿後	發生災害後	完工驗收後	施工規劃階段	Under Article 3, at which stage shall the employer conduct a risk assessment based on the design-stage assessment and drawings?	After the warranty period	After an accident	After completion acceptance	The construction planning stage	d	第3條第1款：於施工規劃階段，應依設計階段之風險評估及圖說等資料，實施風險評估，並將必要之安全衛生設施納入考量；依規定須有施工計畫者應納入施工計畫。工程施工期間包含開工前準備及竣工後驗收、保固維修期間。	Article 3(1): at the construction planning stage, based on design-stage risk assessment and drawings, incorporating necessary safety facilities into the construction plan; the construction period includes pre-work preparation and post-completion acceptance and warranty maintenance.	draft	2		
Q0268	OSH	OSH-36	營造安全衛生設施標準	第5條	民國115年6月30日	營造-工作場所	1	工作場所暴露之鋼筋、鋼材等易生職業災害者，應採取何種防護設施？	以塑膠繩綁紮並固定於支架	設置警告標示並圍以警戒線	塗上防鏽油漆並標示顏色	彎曲尖端、加蓋或加裝護套	Exposed rebar, steel and similar materials in the workplace shall be protected by:	Tying them to a bracket with plastic rope	Posting warning signs and roping off the area	Painting them with rust-proof paint	Bending the tips, capping or sleeving them	d	第5條：對於工作場所暴露之鋼筋、鋼材、鐵件、鋁件及其他材料等易生職業災害者，應採取彎曲尖端、加蓋或加裝護套等防護設施。	Article 5: exposed rebar, steel, iron, aluminum and other materials shall have their tips bent, capped or fitted with protective sleeves.	draft	2		
Q0269	OSH	OSH-36	營造安全衛生設施標準	第8條	民國115年6月30日	營造-工作場所	2	工作場所之周圍原則上應設置何種圍籬？大規模土木工程得以何者替代？	移動式圍籬；固定式圍籬或警示帶圍成之警示區	警示帶圍成之警示區；固定式圍籬或活動護欄	固定式護欄；僅設置警告標示牌即可免設圍籬	固定式圍籬；移動式圍籬或警示帶圍成之警示區	What fencing is required around a construction site, and what may large civil works use instead?	Movable fencing; fixed fencing or warning-tape zones	Warning-tape zones; fixed fencing or movable guardrails	Fixed guardrails; warning signboards alone, with no fencing	Fixed fencing; movable fencing or warning-tape zones	d	第8條：工作場所周圍應設置固定式圍籬並於明顯位置裝設警告標示；大規模施工之土木工程或設置固定式圍籬有困難者，得以移動式圍籬、警示帶圍成之警示區替代。	Article 8: fixed fencing with warning signs; large-scale civil works or where fixed fencing is difficult may use movable fencing or warning-tape zones.	draft	2		
Q0270	OSH	OSH-36	營造安全衛生設施標準	第11條	民國115年6月30日	營造-工作場所	2	工作場所人員及車輛機械出入口處，下列何者正確？	出入口應設推開式大門，車輛出入頻繁時免設引導人員	人員出入口與車輛機械出入口應合併設置，以節省用地	車輛機械得自由進出，管制人員僅需查核工程車輛牌照	人員出入口與車輛機械出入口應分隔設置，並置管制人員	Regarding site entrances for personnel and vehicles, which is correct?	Gates shall be push-open, and traffic guides are not needed at busy entrances	Personnel and vehicle entrances may be combined to save site space and cost	Vehicles may enter freely; gate staff only check vehicle licence plates	Personnel and vehicle entrances shall be separate, with gate control personnel	d	第11條：事前調查地下埋設物；出入口應設拉開式大門，車輛出入頻繁時應置交通引導人員；人員出入口與車輛機械出入口應分隔設置（設有足以防止事故之警告標誌者除外）；應置管制人員管制人員防護具及車輛許可文件。	Article 11: survey underground utilities; sliding gates; traffic guides where vehicle traffic is frequent; separate personnel and vehicle entrances (unless warning signs suffice); gate control staff check PPE and vehicle permits.	draft	2		
Q0271	OSH	OSH-36	營造安全衛生設施標準	第11-2條	民國115年6月30日	營造-工作場所	3	依民國115年修正之營造標準第11條之2，進入營繕工程工作場所作業人員應於事前接受何種訓練？該條自何時施行？	中央主管機關指定之營造作業安全訓練；一百十六年七月一日	地方主管機關指定之營造作業安全訓練；一百十五年七月一日	中央主管機關指定之急救人員訓練；一百十七年七月一日	一般安全衛生教育訓練六小時；一百十六年一月一日	Under Article 11-2 (2026 amendment), what training must workers receive before entering a construction site, and when does it take effect?	Construction work safety training designated by the central authority; 1 July 2027 (ROC 116)	Construction work safety training designated by the local authority; 1 July 2026 (ROC 115)	First-aid responder training designated by the central authority; 1 July 2028 (ROC 117)	Six-hour general occupational safety and health training; 1 January 2027 (ROC 116)	a	第11條之2：進入營繕工程工作場所作業人員，應於事前使其接受中央主管機關指定之營造作業安全訓練（已依教育訓練規則第4、5、7或10條受訓者除外）。第174條：第11條之2自一百十六年七月一日施行。	Article 11-2: workers shall receive construction work safety training designated by the central competent authority (exempt if trained under Articles 4, 5, 7 or 10 of the Training Rules); Article 174: effective 1 July ROC 116 (2027).	draft	2		
Q0272	OSH	OSH-36	營造安全衛生設施標準	第14條	民國115年6月30日	營造-水域作業	3	勞工鄰近水域作業有落水之虞時，備置之救生船筏每艘應配備多長、直徑多少之聚丙烯纖維繩索？	長度五公尺、直徑八毫米	長度十公尺、直徑六毫米	長度十五公尺、直徑九點五毫米	長度三十公尺、直徑十二毫米	For work near water with drowning risk, each rescue boat shall carry a polypropylene rope of what length and diameter?	5 m long, 8 mm diameter	10 m long, 6 mm diameter	15 m long, 9.5 mm diameter	30 m long, 12 mm diameter	c	第14條：應設置防止落水設施或使勞工著用救生衣；備置動力救生船、救生艇等，每艘船筏應配備長度十五公尺、直徑九點五毫米之聚丙烯纖維繩索，並掛繫與最大可救援人數相同數量之救生圈、船鈎及救生衣。	Article 14: fall-prevention or life jackets; rescue boats each with a 15 m, 9.5 mm polypropylene rope carrying life rings, boat hooks and life jackets equal to the maximum number of rescuees.	draft	2		
Q0273	OSH	OSH-36	營造安全衛生設施標準	第17條	民國115年6月30日	營造-墜落	2	高度二公尺以上作業有墜落之虞者，應訂定墜落災害防止計畫，其風險控制先後順序中，第一優先為何？	設置警示線系統，並劃定管制區限制人員進入該區域	經由設計或工法之選擇，儘量使勞工於地面完成作業	使勞工佩掛安全帶或安全母索，並全程監督其使用情形	張掛安全網，並於作業前確認已實施耐衝擊試驗	In the fall-hazard prevention plan for work at 2 m or higher, what is the first priority in the hierarchy of controls?	Install warning-line systems and restrict entry to the controlled zone	Choose designs or methods that let workers finish the job at ground level	Have workers wear harnesses or lifelines and supervise their use throughout	Hang safety nets and verify impact testing before work begins	b	第17條順序：一、設計或工法選擇使勞工於地面完成作業；二、施工程序變更優先施作永久構造物之上下設備或防墜設施；三、設置護欄、護蓋；四、張掛安全網；五、警示線系統；六、限制人員進入管制區；七、使勞工佩掛安全帶；八、增加危險之作業應訂保護計畫。	Article 17 hierarchy: (1) design/method to work at ground level; (2) change sequence to build permanent access or fall protection first; (3) guardrails and covers; (4) safety nets; (5) warning lines; (6) restricted zones; (7) harnesses; (8) protection plans for higher-risk work.	draft	2		
Q0274	OSH	OSH-36	營造安全衛生設施標準	第18條	民國115年6月30日	營造-墜落	3	屋頂斜度大於幾度（高底比二比三以上）或為滑溜之屋頂從事作業時，應設置護欄及寬度四十公分以上之工作臺？	三十四度	四十五度	二十度	三十度	On roofs steeper than what angle (rise-to-run 2:3 or more) or slippery roofs must guardrails and 40 cm work platforms be installed?	34°	45°	20°	30°	a	第18條第1項第2款：於斜度大於三十四度，即高底比為二比三以上，或為滑溜之屋頂從事作業者，應設置適當之護欄、寬度四十公分以上之工作臺及安裝牢穩之梯子；設置護欄有困難者應提供背負式安全帶。	Article 18(1)(2): on roofs steeper than 34° (2:3) or slippery roofs, install guardrails, work platforms at least 40 cm wide and secure ladders; where guardrails are impractical, provide full-body harnesses.	draft	2		
Q0275	OSH	OSH-36	營造安全衛生設施標準	第20條	民國115年6月30日	營造-護欄	3	依營造標準設置之護欄，上欄杆高度應在多少公分以上？上下開口距離不得大於多少公分？	七十五公分；四十五公分	一百二十公分；五十公分	九十公分；五十五公分	一百公分；六十公分	Guardrails under the Standards shall have a top rail at least how high, with vertical openings not exceeding:	75 cm; 45 cm	120 cm; 50 cm	90 cm; 55 cm	100 cm; 60 cm	c	第20條第1款：具有高度九十公分以上之上欄杆、中欄杆、腳趾板及杆柱；其上欄杆、中欄杆及地盤面與樓板面間之上下開口距離應不大於五十五公分。	Article 20(1): top rail at least 90 cm, with mid-rail, toe board and posts; vertical openings between top rail, mid-rail and floor not exceeding 55 cm.	draft	2		
Q0276	OSH	OSH-36	營造安全衛生設施標準	第20條	民國115年6月30日	營造-護欄	3	以鋼管構成之護欄，其上欄杆、中欄杆及杆柱之直徑均不得小於多少公分？杆柱相鄰間距不得超過多少公尺？	三點八公分；二點五公尺	三公分；一點五公尺	五公分；三公尺	二點五公分；二公尺	For steel-pipe guardrails, the minimum diameter of rails and posts, and the maximum post spacing are:	3.8 cm; 2.5 m	3 cm; 1.5 m	5 cm; 3 m	2.5 cm; 2 m	a	第20條第3款：以鋼管構成者，其上欄杆、中欄杆及杆柱之直徑均不得小於三點八公分，杆柱相鄰間距不得超過二點五公尺。木材構成者上欄杆斷面三十平方公分以上、杆柱間距不得超過二公尺。護欄應能抵抗七十五公斤荷重。	Article 20(3): steel pipes at least 3.8 cm in diameter with posts no more than 2.5 m apart; wooden top rails at least 30 cm² section with posts not over 2 m apart; guardrails must withstand 75 kg.	draft	2		
Q0277	OSH	OSH-36	營造安全衛生設施標準	第20條	民國115年6月30日	營造-護欄	3	護欄前方多少公尺內之樓板、地板，不得堆放物料、設備，並不得使用梯子、合梯作業？	三公尺	五公尺	一公尺	二公尺	Within how many meters in front of a guardrail may no materials or equipment be stacked and no ladders or stools used?	3 m	5 m	1 m	2 m	d	第20條第7款：護欄前方二公尺內之樓板、地板，不得堆放任何物料、設備，並不得使用梯子、合梯、踏凳作業及停放車輛機械供勞工使用。但護欄高度超過堆放物最高部達九十公分以上或已採適當安全設施者不在此限。	Article 20(7): within 2 m in front of a guardrail, no materials or equipment may be placed and no ladders, stepladders, stools or parked vehicles used, unless the rail is 90 cm above the top of such items or other safeguards exist.	draft	2		
Q0278	OSH	OSH-36	營造安全衛生設施標準	第21條	民國115年6月30日	營造-護蓋	3	供車輛通行之護蓋，得以車輛後軸載重之幾倍設計？柵狀構造者柵條間隔不得大於多少公分？臨時開口護蓋表面應漆何色？	三倍；二公分；黃色	二倍；十公分；綠色	二倍；三公分；黃色	一倍；五公分；紅色	Covers for vehicle passage may be designed for how many times the rear-axle load, grating bars spaced no more than what, and temporary-opening covers painted what color?	3 times; 2 cm; yellow	2 times; 10 cm; green	2 times; 3 cm; yellow	1 time; 5 cm; red	c	第21條：護蓋應具人員及車輛安全通過之強度；供車輛通行者得以車輛後軸載重之二倍設計；柵狀構造者柵條間隔不得大於三公分；臨時性開口處使用之護蓋表面漆以黃色並書以警告訊息。	Article 21: strength for persons and vehicles; vehicle covers designed for twice the rear-axle load; grating gaps not over 3 cm; temporary-opening covers painted yellow with warning text.	draft	2		
Q0279	OSH	OSH-36	營造安全衛生設施標準	第22條	民國115年6月30日	營造-安全網	3	安全網之工作面至安全網架設平面之攔截高度，不得超過多少公尺？安全網及其組件應多久檢查一次？	三公尺；每週	十公尺；每月	七公尺；每週	五公尺；每日	The interception height from the work surface to a safety net shall not exceed how much, and how often are nets inspected?	3 m; weekly	10 m; monthly	7 m; weekly	5 m; daily	c	第22條：攔截高度不得超過七公尺（鋼構組配作業得依第151條辦理）；安全網應符合CNS 14252或CNS 16079-1、16079-2；攔截後應即測試；每週應檢查一次。	Article 22: interception height not over 7 m (steel erection may follow Article 151); nets per CNS 14252 or CNS 16079-1/-2; test after arresting a fall; inspect weekly.	draft	2		
Q0280	OSH	OSH-36	營造安全衛生設施標準	第22條	民國115年6月30日	營造-安全網	3	結構物四周之安全網，攔截高度超過三公尺者，至少應延伸多少公尺？	二點五公尺	五公尺	四公尺	三公尺	Perimeter safety nets with an interception height over 3 m shall extend outward at least:	2.5 m	5 m	4 m	3 m	c	第22條第3款：攔截高度在一點五公尺以下者至少延伸二點五公尺；超過一點五公尺且在三公尺以下者至少延伸三公尺；超過三公尺者至少延伸四公尺。	Article 22(3): interception height ≤1.5 m: extend 2.5 m; >1.5 to 3 m: 3 m; >3 m: 4 m.	draft	2		
Q0281	OSH	OSH-36	營造安全衛生設施標準	第23條	民國115年6月30日	營造-安全帶	3	安全母索之最小斷裂強度應在多少公斤以上？安全帶或母索繫固之錨錠至少應能承受每人多少公斤之拉力？	五百公斤；一千公斤	三千公斤；五千公斤	二千三百公斤；二千三百公斤	一千公斤；一千五百公斤	The minimum breaking strength of a horizontal lifeline, and the anchor strength per person, shall be at least:	500 kg; 1,000 kg	3,000 kg; 5,000 kg	2,300 kg; 2,300 kg	1,000 kg; 1,500 kg	c	第23條：安全母索最小斷裂強度應在二千三百公斤以上；錨錠至少應能承受每人二千三百公斤之拉力；安全帶不得鈎掛於護欄杆件（強度符合者除外）。	Article 23: lifeline breaking strength at least 2,300 kg; anchors at least 2,300 kg per person; harnesses must not be hooked to guardrail members unless of adequate strength.	draft	2		
Q0282	OSH	OSH-36	營造安全衛生設施標準	第23條	民國115年6月30日	營造-安全帶	3	水平安全母索之設置高度應大於多少公尺？相鄰二錨錠點間之最大間距計算值超過多少公尺者以該值計？	三點八公尺；十公尺	三公尺；八公尺	二公尺；五公尺	五公尺；十五公尺	A horizontal lifeline shall be installed higher than what, and the maximum anchor spacing is capped at:	3.8 m; 10 m	3 m; 8 m	2 m; 5 m	5 m; 15 m	a	第23條第8款：水平安全母索之設置高度應大於三點八公尺，相鄰二錨錠點間之最大間距得採 L=4(H-3) 計算，其計算值超過十公尺者以十公尺計；錨錠點間之母索僅能繫掛一條安全帶。	Article 23(8): installed above 3.8 m; anchor spacing L = 4(H − 3), capped at 10 m; only one harness per span between anchors.	draft	2		
Q0283	OSH	OSH-36	營造安全衛生設施標準	第23條	民國115年6月30日	營造-安全帶	3	垂直安全母索，每條原則上應僅提供幾名勞工使用？	二名（作業位置水平間距二公尺以下者得三人共用）	一名（作業位置水平間距一公尺以下者得二人共用）	不限人數（母索下端設有防止鎖扣脫落設施者除外）	三名（作業位置垂直間距一公尺以下者得四人共用）	A vertical lifeline shall in principle serve how many workers?	Two (three may share if their positions are within 2 m horizontally)	One (two may share if their positions are within 1 m horizontally)	Unlimited (unless the lower end lacks a device stopping the arrester)	Three (four may share if their positions are within 1 m vertically)	b	第23條第9款：每條垂直安全母索應僅提供一名勞工使用。但勞工作業或爬昇位置之水平間距在一公尺以下者，得二人共用一條安全母索；母索下端應有防止鎖扣脫落之設施。	Article 23(9): one worker per vertical lifeline, except two workers whose positions are within 1 m horizontally may share; the lower end must stop the fall-arrester from sliding off.	draft	2		
Q0284	OSH	OSH-36	營造安全衛生設施標準	第24條	民國115年6月30日	營造-警示線	3	坡度小於十五度之作業區域，距開口部分超過多少公尺時，得設置警示線代替護欄？警示線應距開口多少公尺以上？	五公尺；三公尺	一公尺；一公尺	三公尺；二公尺	二公尺；二公尺	In work areas with slope under 15°, warning lines may replace guardrails when more than how far from an edge, and lines must be at least how far from the edge?	5 m; 3 m	1 m; 1 m	3 m; 2 m	2 m; 2 m	d	第24條：坡度小於十五度之作業區域，距離開口部分、開放邊線超過二公尺時，得設置警示線、管制通行區代替護欄；警示線應距開口二公尺以上；每隔二點五公尺以下設高九十公分以上杆柱，警示繩帶張力二百二十五公斤以上。	Article 24: more than 2 m from an opening or open edge; warning lines at least 2 m from the edge, posts ≥90 cm every 2.5 m or less, rope/tape tensile strength ≥225 kg.	draft	2		
Q0285	OSH	OSH-36	營造安全衛生設施標準	第26條	民國115年6月30日	營造-飛落	3	置放於高處，位能超過多少公斤‧公尺之物件有飛落之虞者，應予以固定？	十二公斤‧公尺	二十公斤‧公尺	五十公斤‧公尺	五公斤‧公尺	Objects placed at height with potential energy exceeding how much must be secured against falling?	12 kg·m	20 kg·m	50 kg·m	5 kg·m	a	第26條：置放於高處，位能超過十二公斤‧公尺之物件有飛落之虞者，應予以固定之。第27條：覆網攔截位能小於十二公斤‧公尺之物件，網目邊長不得大於二公分，覆網最低點離作業平面三公尺以上。	Article 26: objects with potential energy over 12 kg·m must be secured; Article 27: debris nets for smaller objects have mesh not over 2 cm and hang at least 3 m above the work surface.	draft	2		
Q0286	OSH	OSH-36	營造安全衛生設施標準	第28條	民國115年6月30日	營造-搬運	2	雇主得否使勞工以投擲之方式運送物料？	可以，只要指派專責監視人員全時監視即無須設圍屏	不得，但設置滑槽、圍屏、警示線及專責監視人員者不在此限	不得，但重量在十公斤以下之輕型物料投擲者不在此限	可以，但應設置滑槽、圍屏及警示線，並於白天為之	May workers throw materials to move them?	Yes, if a full-time watcher is posted, so no screens or chutes are needed	No, unless chutes, screens, warning lines and a full-time watcher are provided	No, unless the items thrown weigh 10 kg or less, which is always permitted	Yes, provided chutes, screens and warning lines are used during daylight hours	b	第28條：不得使勞工以投擲方式運送任何物料。但劃定滑槽承受區域、設置阻擋彈跳之圍屏並依第24條設警示線，且設專責監視人員全時監視者，不在此限；遇強風大雨應即停止。	Article 28: throwing materials is prohibited unless a chute landing zone with screens, warning lines under Article 24 and a full-time watcher are in place; stop in strong wind or heavy rain.	draft	2		
Q0287	OSH	OSH-36	營造安全衛生設施標準	第35條	民國115年6月30日	營造-物料儲存	3	磚、瓦、管料、鋼筋等營建材料之堆放高度不得超過多少公尺？鄰近開口時應距離開口多少公尺以上？	一點八公尺；二公尺	二公尺；三公尺	一點五公尺；一公尺	三公尺；二公尺	Stacks of bricks, tiles, pipes or rebar shall not exceed what height, and shall be at least how far from openings?	1.8 m; 2 m	2 m; 3 m	1.5 m; 1 m	3 m; 2 m	a	第35條：磚、瓦、木塊、管料、鋼筋、鋼材等之堆放應置放於穩固平坦處，整齊緊靠堆置，高度不得超過一點八公尺，儲存位置鄰近開口部分時應距離該開口二公尺以上。	Article 35: stacked neatly on firm level ground, not over 1.8 m high, and at least 2 m from any opening.	draft	2		
Q0288	OSH	OSH-36	營造安全衛生設施標準	第36條	民國115年6月30日	營造-物料儲存	3	袋裝材料之儲存，堆放高度不得超過幾層？至少每幾層應交錯一次方向？	十五層；三層	十層；二層	五層；一層	二十層；五層	Bagged materials may be stacked no higher than how many layers, and direction alternated at least every how many layers?	15 layers; every 3 layers	10 layers; every 2 layers	5 layers; every 1 layer	20 layers; every 5 layers	b	第36條：堆放高度不得超過十層；至少每二層交錯一次方向；五層以上部分應向內退縮以維持穩定。	Article 36: not over 10 layers; alternate direction at least every 2 layers; layers above the fifth stepped inward.	draft	2		
Q0289	OSH	OSH-36	營造安全衛生設施標準	第40條	民國115年6月30日	營造-施工架	3	高度七公尺以上且立面面積達多少平方公尺之施工架，其構築及拆除應由專任工程人員或執業技師依結構力學設計並簽章？	二百二十平方公尺	三百三十平方公尺	五百五十平方公尺	一百五十平方公尺	Scaffolds 7 m or higher with a facade area of at least how much require design and signature by a full-time engineer or licensed professional?	220 m²	330 m²	550 m²	150 m²	b	第40條：施工構臺、懸吊式施工架、懸臂式施工架、高度七公尺以上且立面面積達三百三十平方公尺之施工架、高度七公尺以上之吊料平臺等，應由專任工程人員或委由執業技師依結構力學原理設計，置備施工圖說及強度計算書並簽章。	Article 40: work platforms, suspended and cantilever scaffolds, scaffolds ≥7 m high with facade area ≥330 m², and material platforms ≥7 m require structural design, drawings and calculations signed by a full-time engineer or licensed professional.	draft	2		
Q0290	OSH	OSH-36	營造安全衛生設施標準	第41條	民國115年6月30日	營造-施工架	2	高度幾公尺以上施工架之組配及拆除作業，應指派施工架組配作業主管於現場辦理？	十公尺	七公尺	五公尺	三公尺	A scaffold assembly supervisor must be present on site for assembling or dismantling scaffolds of at least what height?	10 m	7 m	5 m	3 m	c	第41條：懸吊式施工架、懸臂式施工架及高度五公尺以上施工架之組配及拆除作業，應指派施工架組配作業主管於作業現場決定作業方法、實施檢點、監督使用防護具、確認設備有效狀況等。	Article 41: suspended, cantilever and scaffolds 5 m or higher require a scaffold assembly supervisor on site to decide methods, inspect, supervise PPE use and confirm safety equipment.	draft	2		
Q0291	OSH	OSH-36	營造安全衛生設施標準	第42條	民國115年6月30日	營造-施工架	2	施工架組配作業於紮緊、拆卸及傳遞構材時，應設寬度多少公分以上之施工架踏板？	二十公分	四十公分	三十公分	五十公分	During scaffold assembly (tying, dismantling, passing members), planks of at least what width are required?	20 cm	40 cm	30 cm	50 cm	a	第42條第4款：於紮緊、拆卸及傳遞施工架構材等之作業時，設寬度在二十公分以上之施工架踏板，並採取使勞工使用安全帶等防止墜落之設備與措施；惡劣天候應即停止作業。	Article 42(4): planks at least 20 cm wide plus fall protection such as harnesses; stop work in severe weather.	draft	2		
Q0292	OSH	OSH-36	營造安全衛生設施標準	第43條	民國115年6月30日	營造-施工架	3	構築施工架使用之竹材，應以竹尾末梢外徑多少公分以上之圓竹為限？	六公分	四公分	二公分	三公分	Bamboo used for scaffolding must have a tip outer diameter of at least:	6 cm	4 cm	2 cm	3 cm	b	第43條：竹材應以竹尾末梢外徑四公分以上之圓竹為限，不得有裂隙或腐蝕；木材不得有顯著損及強度之裂隙等並應剝除樹皮，不得油漆隱蔽缺陷；鋼材應符合CNS 4750同等以上抗拉強度。	Article 43: round bamboo with tip diameter of at least 4 cm, free of cracks or rot; timber must be debarked without strength-reducing defects and not painted to hide flaws; steel per CNS 4750.	draft	2		
Q0293	OSH	OSH-36	營造安全衛生設施標準	第45條	民國115年6月30日	營造-施工架	3	施工架與構造物之連接，其間隔在垂直方向及水平方向分別以不超過多少公尺為限？	垂直二點五公尺、水平三點五公尺	垂直三點五公尺、水平五點五公尺	垂直九點五公尺、水平八點五公尺	垂直五點五公尺、水平七點五公尺	Scaffold ties to the structure shall be spaced no more than how far vertically and horizontally?	2.5 m vertically, 3.5 m horizontally	3.5 m vertically, 5.5 m horizontally	9.5 m vertically, 8.5 m horizontally	5.5 m vertically, 7.5 m horizontally	d	第45條第3款：施工架在適當之垂直、水平距離處與構造物妥實連接，其間隔在垂直方向以不超過五點五公尺，水平方向以不超過七點五公尺為限。施工架不得與模板支撐連接；獨立施工架拆除前至少三分之一踏腳桁不得移動。	Article 45(3): ties at intervals not exceeding 5.5 m vertically and 7.5 m horizontally; scaffolds must not connect to formwork supports; at least one third of ledgers stay until final dismantling.	draft	2		
Q0294	OSH	OSH-36	營造安全衛生設施標準	第47條	民國115年6月30日	營造-施工架	1	雇主得否使勞工在施工架上使用梯子、合梯或踏凳從事作業？	可以	僅限踏凳	僅限合梯	不得	May workers use ladders, stepladders or stools on scaffolds?	Yes	Only stools	Only stepladders	No	d	第47條：雇主不得使勞工在施工架上使用梯子、合梯或踏凳等從事作業。	Article 47: workers must not use ladders, stepladders or stools to work on scaffolds.	draft	2		
Q0295	OSH	OSH-36	營造安全衛生設施標準	第48條	民國115年6月30日	營造-施工架	3	高度二公尺以上施工架之工作臺寬度應在多少公分以上？踏板間縫隙不得大於多少公分？	三十公分；五公分	六十公分；一公分	五十公分；二公分	四十公分；三公分	Work platforms on scaffolds 2 m or higher shall be at least how wide, with plank gaps not exceeding:	30 cm; 5 cm	60 cm; 1 cm	50 cm; 2 cm	40 cm; 3 cm	d	第48條：工作臺寬度應在四十公分以上並舖滿密接之踏板，支撐點二處以上並綁結固定，踏板間縫隙不得大於三公分；工作臺應低於施工架立柱頂點一公尺以上。	Article 48: at least 40 cm wide, fully planked with at least two supports and tied down, gaps not over 3 cm; the platform shall be at least 1 m below the top of the standards.	draft	2		
Q0296	OSH	OSH-36	營造安全衛生設施標準	第48條	民國115年6月30日	營造-施工架	3	活動式踏板使用木板時，寬度應在多少公分以上、厚度多少公分以上、長度多少公尺以上？	寬三十公分、厚二點五公分、長二公尺	寬十五公分、厚五公分、長四點五公尺	寬四十公分、厚六點五公分、長五公尺	寬二十公分、厚三點五公分、長三點六公尺	Loose wooden scaffold planks shall be at least how wide, thick and long?	30 cm wide, 2.5 cm thick, 2 m long	15 cm wide, 5 cm thick, 4.5 m long	40 cm wide, 6.5 cm thick, 5 m long	20 cm wide, 3.5 cm thick, 3.6 m long	d	第48條第3款：活動式踏板使用木板時，寬度二十公分以上、厚度三點五公分以上、長度三點六公尺以上；寬度大於三十公分時厚度六公分以上、長度四公尺以上；板端突出支撐點十公分以上但不大於板長十八分之一；重疊部分不得小於二十公分。	Article 48(3): at least 20 cm × 3.5 cm × 3.6 m (if wider than 30 cm: 6 cm thick and 4 m long); overhang 10 cm or more but not over 1/18 of length; overlaps at least 20 cm.	draft	2		
Q0297	OSH	OSH-36	營造安全衛生設施標準	第51條	民國115年6月30日	營造-施工架	2	施工架任一處步行至最近上下設備之距離，應在多少公尺以下？	五十公尺	二十公尺	三十公尺	十公尺	From any point on a scaffold, the walking distance to the nearest access (ladder/stair) shall not exceed:	50 m	20 m	30 m	10 m	c	第51條：於施工架上設置人員上下設備時，應檢查穩固性並將上下設備架設處之立柱與建築物牢固連接；施工架任一處步行至最近上下設備之距離應在三十公尺以下。	Article 51: the standards at access points shall be tied to the building; walking distance from any point to the nearest access shall be 30 m or less.	draft	2		
Q0298	OSH	OSH-36	營造安全衛生設施標準	第56條	民國115年6月30日	營造-施工架	3	懸吊式施工架之吊纜或懸吊鋼索安全係數應在多少以上？吊鈎安全係數應在多少以上？	十；五	六；四	十五；十	五；三	For suspended scaffolds, the safety factor of suspension ropes and of hooks shall be at least:	10; 5	6; 4	15; 10	5; 3	a	第56條第3款：吊纜或懸吊鋼索之安全係數應在十以上，吊鈎之安全係數應在五以上，施工架下方及上方支座之安全係數，鋼材二點五以上、木材五以上。每一橫梁應有三處以上懸吊點。	Article 56(3): suspension ropes at least 10, hooks at least 5, supports 2.5 for steel and 5 for timber; each beam needs three or more suspension points.	draft	2		
Q0299	OSH	OSH-36	營造安全衛生設施標準	第57條	民國115年6月30日	營造-施工架	2	棧橋式施工架，下列規定何者正確？	得建於輕型懸吊式施工架之上，且構築高度不受限制	構築層數不受限制，構築高度亦不受地面高度之限制	不能構築兩層以上，構築高度不得高出地面四公尺以上	得構築三層以上，構築高度不得高出地面六公尺以上	Which is correct for trestle (bridge-type) scaffolds?	May be built on light suspended scaffolds with no height limit	Any number of tiers, with no limit on height above the floor level	No more than one tier and not higher than 4 m above the floor	Three or more tiers allowed and not higher than 6 m above the floor	c	第57條：棧橋式施工架寬度應使工作臺留有足夠運送物料及人員通行空間；架設牢固；不能構築兩層以上；構築高度不得高出地面或地板四公尺以上；不得建於輕型懸吊式施工架之上。	Article 57: wide enough for materials and passage, firmly erected, not more than one tier, not over 4 m above floor level, and not built on light suspended scaffolds.	draft	2		
Q0300	OSH	OSH-36	營造安全衛生設施標準	第59條	民國115年6月30日	營造-施工架	3	鋼管施工架之壁連座間距，單管施工架垂直方向及水平方向分別為多少公尺以下？	垂直九公尺、水平八公尺	垂直三公尺、水平四點五公尺	垂直五公尺、水平五點五公尺	垂直七公尺、水平六點五公尺	For tube-and-coupler (single-pipe) steel scaffolds, wall ties shall be spaced at most how far vertically and horizontally?	9 m vertically, 8 m horizontally	3 m vertically, 4.5 m horizontally	5 m vertically, 5.5 m horizontally	7 m vertically, 6.5 m horizontally	c	第59條第5款表：單管施工架垂直五公尺、水平五點五公尺；框式施工架（高度未滿五公尺者除外）垂直九公尺、水平八公尺。移動式施工架勞工作業時腳部應固定，不得移動施工架。	Article 59(5) table: single-pipe scaffolds 5 m vertical / 5.5 m horizontal; frame scaffolds (except under 5 m high) 9 m / 8 m. Mobile scaffolds must have wheels locked and not be moved with workers on them.	draft	2		
Q0301	OSH	OSH-36	營造安全衛生設施標準	第60條	民國115年6月30日	營造-施工架	3	單管式鋼管施工架之立柱間距，縱向及梁間方向分別應在多少公尺以下？立柱載重以多少公斤為限？	縱向三公尺、梁間二公尺；六百公斤	縱向一點八五公尺、梁間一點五公尺；四百公斤	縱向二公尺、梁間二公尺；五百公斤	縱向一點五公尺、梁間一公尺；三百公斤	For single-pipe steel scaffolds, standards shall be spaced at most how far longitudinally and transversely, and the load per standard limited to:	3 m and 2 m; 600 kg	1.85 m and 1.5 m; 400 kg	2 m and 2 m; 500 kg	1.5 m and 1 m; 300 kg	b	第60條：立柱之間距縱向為一點八五公尺以下，梁間方向為一點五公尺以下；橫檔垂直間距不得大於二公尺；立柱上端量起三十一公尺以下部分應使用二根鋼管；立柱之載重應以四百公斤為限。	Article 60: standards at most 1.85 m longitudinally and 1.5 m transversely; ledgers not more than 2 m apart vertically; double standards for the top 31 m; load per standard limited to 400 kg.	draft	2		
Q0302	OSH	OSH-36	營造安全衛生設施標準	第61條	民國115年6月30日	營造-施工架	3	框式鋼管式施工架，應於最上層及每隔幾層設置水平梁？高度超過二十公尺者主框架應在多少公尺以下？	每隔二層；二點五公尺以下	每隔五層；二公尺以下	每隔三層；三公尺以下	每隔十層；一點五公尺以下	Frame scaffolds shall have horizontal beams at the top and every how many tiers, and when over 20 m high the main frames shall be no taller than:	Every 2 tiers; 2.5 m	Every 5 tiers; 2 m	Every 3 tiers; 3 m	Every 10 tiers; 1.5 m	b	第61條：最上層及每隔五層應設置水平梁；框架與托架應以水平牽條或鉤件防止水平滑動；高度超過二十公尺及架上載有物料者，主框架應在二公尺以下且其間距應保持在一點八五公尺以下。	Article 61: horizontal beams at the top and every 5 tiers; when over 20 m or loaded with materials, main frames not over 2 m high and spaced 1.85 m or less.	draft	2		
Q0303	OSH	OSH-36	營造安全衛生設施標準	第62-2條	民國115年6月30日	營造-施工構臺	2	施工構臺遭遇強風、大雨或幾級以上地震後，使勞工作業前應確認主要構材狀況？	四級	五級	六級	三級	After strong wind, heavy rain or an earthquake of what intensity or greater must a work platform's main members be checked before work resumes?	Intensity 4	Intensity 5	Intensity 6	Intensity 3	a	第62條之2：施工構臺遭遇強風、大雨等惡劣氣候或四級以上地震後，或局部解體、變更後，作業前應確認支柱滑動下沉、構材損傷、覆工板狀況、連結部分鬆動、護欄等，異常未改善前不得作業。	Article 62-2: after severe weather, an intensity-4 or stronger earthquake, or partial dismantling/modification, check for settlement, damage, deck condition, loose connections and guardrails before work.	draft	2		
Q0304	OSH	OSH-36	營造安全衛生設施標準	第64條	民國115年6月30日	營造-露天開挖	3	以人工開挖露天開挖作業，砂質土壤地層之開挖面傾斜度不得大於水平與垂直多少之比？開挖面高度不超過多少公尺？	一比二；十公尺	一比一（四十五度）；二公尺	一．五比一（三十五度）；五公尺	二比一；三公尺	For manual open excavation in sandy soil, the slope shall not exceed what horizontal-to-vertical ratio, and the face height not exceed:	1:2; 10 m	1:1 (45°); 2 m	1.5:1 (35°); 5 m	2:1; 3 m	c	第64條：砂質土壤開挖面傾斜度不得大於水平一．五與垂直一之比（三十五度），高度不超過五公尺；因爆破易崩壞之地層不得大於一比一（四十五度），高度不超過二公尺；岩磐未滿五公尺九十度以下、五公尺以上七十五度以下。	Article 64: sandy soil 1.5H:1V (35°) up to 5 m; blast-loosened strata 1:1 (45°) up to 2 m; rock under 5 m up to 90°, 5 m or more up to 75°.	draft	2		
Q0305	OSH	OSH-36	營造安全衛生設施標準	第65條	民國115年6月30日	營造-露天開挖	2	露天開挖作業，作業前、大雨或幾級以上地震後，應指定專人確認地面有無龜裂、湧水等情形？	四級	三級	六級	五級	Before open excavation work, and after heavy rain or an earthquake of what intensity, must a designated person check the ground for cracks and seepage?	Intensity 4	Intensity 3	Intensity 6	Intensity 5	a	第65條第1款：作業前、大雨或四級以上地震後，應指定專人確認作業地點及其附近之地面有無龜裂、湧水、土壤含水狀況、地層變化等，並採取必要安全措施；開挖土石不得堆積於開挖面上方或坡肩寬度範圍內。	Article 65(1): before work and after heavy rain or an intensity-4 or stronger earthquake; excavated soil must not be piled above the face or within a shoulder width equal to the face height.	draft	2		
Q0306	OSH	OSH-36	營造安全衛生設施標準	第66條	民國115年6月30日	營造-露天開挖	2	露天開挖作業，開挖垂直深度達多少公尺以上者，應指定露天開挖作業主管？	一點五公尺	三點五公尺	二點五公尺	四點五公尺	An open-excavation work supervisor must be designated when the vertical depth reaches at least:	1.5 m	3.5 m	2.5 m	4.5 m	a	第66條：為防止土石崩塌應指定專人於現場辦理；開挖垂直深度達一點五公尺以上者，應指定露天開挖作業主管，決定作業方法、實施檢點、監督防護具使用、確認設備有效狀況等。	Article 66: a designated person is required; at vertical depth of 1.5 m or more, an open-excavation work supervisor must direct methods, inspect, supervise PPE and confirm safety equipment.	draft	2		
Q0307	OSH	OSH-36	營造安全衛生設施標準	第69條	民國115年6月30日	營造-露天開挖	2	以機械從事露天開挖作業，車輛機械應裝設何種裝置以警示周遭人員？	衛星定位系統及行車紀錄器	駕駛室內之空調及通風設備	車內無線電對講機及收音機	倒車或旋轉之警示燈及蜂鳴器	Machinery used for open excavation shall be fitted with what to warn nearby workers?	Satellite positioning and journey recorders	Air conditioning and ventilation in the cab	Two-way radios and a radio receiver in the cab	Reversing/rotation warning lights and buzzers	d	第69條：應規劃施工方法避免損壞地下埋設物；事前決定運行路線並告知勞工；指派專人指揮防止翻覆；嚴禁操作人員以外之勞工進入操作半徑；車輛機械應裝設倒車或旋轉之警示燈及蜂鳴器。	Article 69: plan methods to avoid damaging utilities, set routes and inform workers, assign a director, bar others from the operating radius, and fit reversing/rotation warning lights and buzzers.	draft	2		
Q0308	OSH	OSH-36	營造安全衛生設施標準	第71條	民國115年6月30日	營造-露天開挖	2	露天開挖深度在多少公尺以上，使勞工進入開挖面作業者，應設擋土支撐？	○點八公尺	三點五公尺	二點五公尺	一點五公尺	Shoring is required when workers enter an open excavation of at least what depth?	0.8 m	3.5 m	2.5 m	1.5 m	d	第71條：開挖深度在一點五公尺以上，使勞工進入開挖面作業者，應設擋土支撐。但地質特殊或採取替代方法，經專任工程人員或執業技師簽認其安全性者，不在此限。	Article 71: at 1.5 m or deeper, shoring is required, unless special geology or an alternative method is certified safe by a full-time engineer or licensed professional.	draft	2		
Q0309	OSH	OSH-36	營造安全衛生設施標準	第73條	民國115年6月30日	營造-擋土支撐	3	擋土支撐之構築，壓力構材之接頭應採何種方式？	搭接，並以鐵線綁紮	重疊搭接，不需護材	對接，並加設護材	斜接，並以夾板固定	In shoring construction, joints of compression members shall be:	Lap-jointed and bound with steel wire ties	Simply overlapped, with no protective members	Butt-jointed with protective members added	Scarf-jointed and fixed with splice plates	c	第73條第5款：壓力構材之接頭應採對接，並應加設護材；支撐接頭應墊承鈑並以螺栓或焊接固定；不得以支撐及橫檔作為施工架或承載重物；擋土支撐應由專任工程人員或執業技師依土壤力學設計簽章。	Article 73(5): butt joints with added protective members; joints seated on bearing plates and bolted or welded; struts and wales must not serve as scaffolds or carry loads; design by a full-time engineer or licensed professional.	draft	2		
Q0310	OSH	OSH-36	營造安全衛生設施標準	第75條	民國115年6月30日	營造-擋土支撐	2	擋土支撐設置後開挖進行中，除指定專人確認地層變化外，應每隔多久或於何種情況後實施檢查？	每週或四級以上地震後	每季或六級以上地震後	每日或三級以上地震後	每月或五級以上地震後	After shoring is installed, inspections are required at what interval or after what event?	Weekly or after an intensity-4 or stronger earthquake	Quarterly or after an intensity-6 or stronger earthquake	Daily or after an intensity-3 or stronger earthquake	Monthly or after an intensity-5 or stronger earthquake	a	第75條：於每週或於四級以上地震後，或因大雨等致地層有急劇變化之虞，或觀測系統顯示土壓變化未按預期時，檢查構材損傷變形、支撐桿鬆緊、連接部分狀況；有異狀應即補強。	Article 75: weekly, after an intensity-4+ earthquake, after heavy rain likely to change strata, or when monitoring shows unexpected earth pressure; check for damage, strut tightness and connections.	draft	2		
Q0311	OSH	OSH-36	營造安全衛生設施標準	第79條	民國115年6月30日	營造-露天開挖	2	傾斜地面上之開挖作業，二人以上同時作業時應如何？	各自獨立作業即可，無須保持連繫或指派領班指揮	由監造單位人員在場指揮，勞工間不必相互保持連繫	應指派其中年資最淺者擔任領班，負責指揮全部作業	切實保持連繫，並指派其中一人擔任領班指揮作業	When two or more workers excavate on sloping ground at the same time, they shall:	Work independently, with no contact and no designated foreman needed	Let the supervising firm direct on site, with no contact among workers	Designate the most junior worker as foreman to direct all the work	Keep in close contact, with one designated as foreman to direct the work	d	第79條：不得使勞工同時在不同高度之地點從事作業（已採保護措施者除外）；隨時清除開挖面土石方；二人以上同時作業應切實保持連繫並指派其中一人擔任領班指揮；有墜落之虞應使用安全帶。	Article 79: no simultaneous work at different heights without protection; clear loose material continuously; two or more workers must maintain contact with one designated foreman; use harnesses where fall risk exists.	draft	2		
Q0312	OSH	OSH-36	營造安全衛生設施標準	第80條	民國115年6月30日	營造-隧道	2	隧道、坑道開挖作業，雇主應於勞工進出隧道、坑道時如何辦理？	不需管制	予以清點或登記	由承攬商自行處理	僅記錄進入時間	For tunnel excavation, what must the employer do when workers enter and exit the tunnel?	No control needed	Count or register them	Leave it to the contractor	Only record entry time	b	第80條：事前實施地質調查並繪出詳圖；依調查結果訂定施工計畫（開挖方法、支撐、換氣、照明、搬運、通訊、防火、湧水處理等）；雇主應於勞工進出隧道、坑道時予以清點或登記。	Article 80: geological survey with detailed drawings; a construction plan covering excavation method, support, ventilation, lighting, transport, communication, fire and water inflow; workers counted or registered on entry and exit.	draft	2		
Q0313	OSH	OSH-36	營造安全衛生設施標準	第87條	民國115年6月30日	營造-隧道	2	隧道、坑道作業之勞工應佩戴安全帽並穿著何種服裝？	白色實驗衣及防塵口罩即可	深色系之棉質長袖工作服裝	反光背心或具反光標示之服裝	個人自備之便服或輕便雨衣	Tunnel workers shall wear helmets and what clothing?	White laboratory coats with dust masks only	Dark-coloured long-sleeved cotton work clothing	Reflective vests or clothing with reflective markings	Personal casual clothes or a light rain cape	c	第87條：應使作業勞工佩戴安全帽、穿著反光背心或具反光標示之服裝及其他必要防護具，並置備緊急搶救器材、吊升搶救設施、安全燈、呼吸防護器材、氣體檢知警報系統、通訊信號及備用電源。	Article 87: helmets, reflective vests or clothing, other PPE; plus emergency rescue equipment, hoisting rescue facilities, safety lamps, respiratory protection, gas detection alarms, communication signals and backup power.	draft	2		
Q0314	OSH	OSH-36	營造安全衛生設施標準	第93條	民國115年6月30日	營造-隧道	3	隧道、坑道之鋼拱支撐，支撐組之間隔應在多少公尺以下？	二點五公尺	一點五公尺	四點五公尺	○點五公尺	Steel arch supports in tunnels shall be spaced no more than:	2.5 m	1.5 m	4.5 m	0.5 m	b	第93條：鋼拱支撐組之間隔應在一．五公尺以下（以噴凝土或岩栓支撐岩體荷重者除外）；使用連接螺栓、連接桿或斜撐將主構材連接；防止縱向傾倒；設襯板防止土石崩塌。	Article 93: steel arch sets spaced 1.5 m or less (except where shotcrete or rock bolts carry the load), connected with bolts, rods or braces, braced against longitudinal tipping, with lagging against collapse.	draft	2		
Q0315	OSH	OSH-36	營造安全衛生設施標準	第98條	民國115年6月30日	營造-隧道	3	隧道、坑道開挖作業，豎坑深度超過多少公尺者，應設專供人員緊急出坑之安全吊升設備？	二十公尺	十公尺	十五公尺	三十公尺	For tunnel work, a dedicated emergency hoist for evacuating personnel is required when a shaft is deeper than:	20 m	10 m	15 m	30 m	a	第98條：豎坑深度超過二十公尺者，應設專供人員緊急出坑之安全吊升設備。第99條：應於每五百公尺設置與外界隨時保持正常通訊之有線通訊設備。	Article 98: shafts deeper than 20 m need a dedicated safe emergency hoist; Article 99 requires wired communication with the outside every 500 m.	draft	2		
Q0316	OSH	OSH-36	營造安全衛生設施標準	第101條	民國115年6月30日	營造-隧道	3	以潛盾工法施工之隧道開挖作業，下列何者正確？	隧道內得自由進行氣體熔接、熔斷及電焊作業	柴油引擎以外之內燃機不得在隧道內使用	汽油及液化石油氣引擎均得在隧道內使用	勞工得未經許可攜帶火柴或打火機進入隧道內	For shield-tunneling work, which is correct?	Gas welding, cutting and arc welding may be done freely in the tunnel	Internal combustion engines other than diesel must not be used in the tunnel	Petrol and liquefied petroleum gas engines may be used in the tunnel	Matches and lighters may be carried into the tunnel without permission	b	第101條：未經許可禁止在隧道內進行氣體熔接、熔斷或電焊；未經許可禁止攜帶火柴、打火機等火源進入；柴油引擎以外之內燃機不得在隧道內使用。	Article 101: no gas welding/cutting or arc welding without permission; no matches, lighters or other ignition sources without permission; no internal combustion engines other than diesel.	draft	2		
Q0317	OSH	OSH-36	營造安全衛生設施標準	第103條	民國115年6月30日	營造-沉箱	3	沉箱、沉筒、井筒內部開挖作業，刃口至頂版或梁底之淨距應在多少公尺以上？刃口下端不得下挖多少公分以上？	二公尺；一公尺	一公尺；二十公分	一點五公尺；三十公分	一點八公尺；五十公分	Inside caissons or open-well shafts, the clear distance from the cutting edge to the roof slab shall be at least, and digging below the cutting edge shall not exceed:	2 m; 1 m	1 m; 20 cm	1.5 m; 30 cm	1.8 m; 50 cm	d	第103條：依下沉關係圖決定開挖方法及載重量；刃口至頂版或梁底之淨距應在一點八公尺以上；刃口下端不得下挖五十公分以上。第104條：開挖深度超過二十公尺應設通信系統及換氣裝置。	Article 103: at least 1.8 m clear from cutting edge to slab or beam soffit; no digging more than 50 cm below the cutting edge; Article 104: over 20 m deep requires communication and ventilation.	draft	2		
Q0318	OSH	OSH-36	營造安全衛生設施標準	第106條	民國115年6月30日	營造-壓氣施工	2	藉壓氣沉箱、壓氣潛盾等施工法作業時，應選任何種主管？	露天開挖作業主管	高壓室內作業主管	屋頂作業主管	模板支撐作業主管	For compressed-air caisson or shield work, which supervisor must be appointed?	An open-excavation supervisor	A hyperbaric chamber work supervisor	A roof work supervisor	A formwork support supervisor	b	第106條：應選任高壓室內作業主管，告知可燃物在高氣壓下之危險性、禁止攜帶火源、禁止氣體熔接電焊、禁止可能產生火花之機械與電源開關、規定穿著不易引起靜電之服裝、離開時依異常氣壓危害預防標準辦理。	Article 106: a hyperbaric (compressed-air) work supervisor who informs workers of fire risk under pressure, bans ignition sources, welding, spark-producing tools and switches, requires anti-static clothing, and applies decompression rules.	draft	2		
Q0319	OSH	OSH-36	營造安全衛生設施標準	第110條	民國115年6月30日	營造-基樁	2	基樁等施工設備之捲揚鋼纜，下列何種情形不得使用？	顏色不同者	新品未使用者	有接頭者	長度超過五十公尺者	Which hoisting wire rope on piling equipment must NOT be used?	One of a different color	A new unused one	One with a splice/joint	One longer than 50 m	c	第110條：有接頭者、鋼纜一撚間有百分之十以上素線截斷者、直徑減少達公稱直徑百分之七以上者、已扭結者、有顯著變形或腐蝕者，不得使用。第111條：捲胴上至少保留二卷以上。	Article 110: ropes with joints, 10% or more broken wires in one lay, diameter reduced 7% or more, kinks, or significant deformation/corrosion are prohibited; Article 111: keep at least two wraps on the drum.	draft	2		
Q0320	OSH	OSH-36	營造安全衛生設施標準	第115條	民國115年6月30日	營造-基樁	3	基樁等施工設備捲揚裝置之捲胴軸與頭一個環槽滑輪軸間之距離，應保持在捲胴寬度多少倍以上？	十五倍	二十倍	五倍	十倍	On piling equipment, the distance between the winch drum axis and the first sheave axis shall be at least how many times the drum width?	15	20	5	10	a	第115條：應將捲揚裝置之捲胴軸與頭一個環槽滑輪軸間之距離，保持在捲揚裝置之捲胴寬度十五倍以上；環槽滑輪應通過捲胴中心且置於軸之垂直面上。	Article 115: at least 15 times the drum width, with the sheave passing through the drum center in the vertical plane of the axis.	draft	2		
Q0321	OSH	OSH-36	營造安全衛生設施標準	第123條	民國115年6月30日	營造-基樁	2	基樁等施工設備之作業，應訂定一定信號並如何辦理？	以行動電話通話替代信號傳達之人員配置	作業前公告信號內容即可，免設傳達人員	指派專人於作業時從事傳達信號工作	由操作人員依現場狀況自行判斷作業時機	For piling equipment operations, fixed signals shall be established and:	Mobile phone calls used instead of a signal relay person	Posting the signal code before work, with no relay person	A designated person assigned to relay signals during work	The operator decides the timing alone from site conditions	c	第123條：應訂定一定信號，並指派專人於作業時從事傳達信號工作；操作者應遵從該信號。第124條：裝配、解體、變更或移動作業應指派專人依安全作業標準指揮。	Article 123: fixed signals with a designated signal person whom the operator must obey; Article 124: assembly, dismantling, modification or moving requires a designated person directing per safe work standards.	draft	2		
Q0322	OSH	OSH-36	營造安全衛生設施標準	第129條	民國115年6月30日	營造-鋼筋混凝土	2	吊運長度超過多少公尺之鋼筋時，應在適當距離之二端以吊鏈鈎住或拉索捆紮拉緊？	三公尺	十公尺	五公尺	八公尺	When hoisting rebar longer than what must both ends be hooked or tied with tag lines to prevent swinging?	3 m	10 m	5 m	8 m	c	第129條第5款：吊運長度超過五公尺之鋼筋時，應在適當距離之二端以吊鏈鈎住或拉索捆紮拉緊，保持平穩以防擺動；搬運鋼筋應戴手套；鋼筋不得散放於施工架上；禁止以鋼筋作為拉索支持物或工作架。	Article 129(5): rebar over 5 m long must be hooked or tied at both ends; wear gloves when handling; do not scatter rebar on scaffolds; do not use rebar as guy supports or work frames.	draft	2		
Q0323	OSH	OSH-36	營造安全衛生設施標準	第131條	民國115年6月30日	營造-模板支撐	3	高度在七公尺以上且面積達多少平方公尺以上之模板支撐，其構築及拆除應由專任工程人員或執業技師依結構力學設計並簽章？	二百四十平方公尺	一百六十平方公尺	三百三十平方公尺	四百五十平方公尺	Formwork supports 7 m or higher with an area of at least how much require structural design signed by a full-time engineer or licensed professional?	240 m²	160 m²	330 m²	450 m²	c	第131條第1款：高度在七公尺以上且面積達三百三十平方公尺以上之模板支撐，應由專任工程人員或委由執業技師依結構力學原理設計，置備施工圖說及強度計算書並簽章；訂定混凝土澆置計畫及查驗機制。	Article 131(1): 7 m or higher and 330 m² or more require design, drawings and calculations signed by a full-time engineer or licensed professional, plus a pouring plan and verification mechanism.	draft	2		
Q0324	OSH	OSH-36	營造安全衛生設施標準	第133條	民國115年6月30日	營造-模板支撐	2	模板支撐組配、拆除作業，應指派何種主管於作業現場辦理？	鋼構組配作業主管	擋土支撐作業主管	施工架組配作業主管	模板支撐作業主管	Assembly and dismantling of formwork supports requires which supervisor on site?	A steel erection supervisor	A shoring supervisor	A scaffold assembly supervisor	A formwork support work supervisor	d	第133條：模板支撐組配、拆除作業應指派模板支撐作業主管於作業現場決定作業方法、實施檢點、監督防護具使用、確認設備有效狀況、管制人員進入。	Article 133: a formwork support work supervisor to decide methods, inspect, supervise PPE, confirm safety equipment and control entry.	draft	2		
Q0325	OSH	OSH-36	營造安全衛生設施標準	第135條	民國115年6月30日	營造-模板支撐	3	以可調鋼管支柱為模板支撐之支柱時，下列何者正確？	可調鋼管支柱得連接使用以增加高度；連接處以鋼筋插銷固定即可	調整高度得以鋼筋替代制式插銷；高度超過五公尺者始需設水平繫條	可調鋼管支柱不得連接使用；高度超過三點五公尺者每隔二公尺內設水平繫條	可調鋼管支柱高度在七公尺以下者；均免設縱向及橫向水平繫條	When adjustable steel pipe props are used as formwork supports, which is correct?	Props may be joined end-to-end to gain height, fixed with rebar pins at the joint	Rebar may replace the standard adjustment pin; bracing only when over 5 m high	Props must not be joined end-to-end; over 3.5 m high, horizontal bracing every 2 m	Props up to 7 m high need no longitudinal or transverse horizontal bracing	c	第135條：可調鋼管支柱不得連接使用；高度超過三點五公尺者，每隔二公尺內設置縱向、橫向水平繫條並與構造物連結；調整高度應以制式金屬附屬配件為之，不得以鋼筋等替代；上端支以貫材時應置鋼製頂板或托架。	Article 135: no end-to-end joining; over 3.5 m, longitudinal and transverse horizontal ties within every 2 m connected to the structure; adjust only with standard metal fittings, never rebar; steel head plates under beams.	draft	2		
Q0326	OSH	OSH-36	營造安全衛生設施標準	第138條	民國115年6月30日	營造-模板支撐	3	以木材為模板支撐之支柱時，每一支柱最多僅能有幾處接頭？每根支柱之淨高不得超過多少公尺？	不限；六公尺	三處；五公尺	一處；四公尺	二處；三公尺	Timber formwork props may have at most how many joints per prop, and a clear height not exceeding:	Unlimited; 6 m	3; 5 m	1 joint; 4 m	2; 3 m	c	第138條：木材以連接方式使用時，每一支柱最多僅能有一處接頭，對接時應以二個以上牽引板固定；每根支柱之淨高不得超過四公尺；木材支柱最小斷面積應大於三十一點五平方公分；每二公尺內設水平繫條。	Article 138: at most one joint per prop (butt joints fixed with two or more cleats); clear height not over 4 m; minimum section over 31.5 cm²; horizontal ties every 2 m.	draft	2		
Q0327	OSH	OSH-36	營造安全衛生設施標準	第142條	民國115年6月30日	營造-鋼筋混凝土	3	混凝土澆置作業使用起重機具吊運混凝土桶時，其擺動夾角不得超過幾度？	二十度	六十度	三十度	四十度	When hoisting concrete buckets with a crane, the swing angle shall not exceed:	20°	60°	30°	40°	d	第142條第5款：混凝土桶之載重量不得超過容許限度，其擺動夾角不得超過四十度；禁止勞工乘坐於混凝土澆置桶上及位於輸送管下方作業；吊運桶下方禁止人員進入。	Article 142(5): swing angle not over 40°; no riding on buckets or working under delivery pipes; no one beneath hoisted buckets.	draft	2		
Q0328	OSH	OSH-36	營造安全衛生設施標準	第148條	民國115年6月30日	營造-鋼構	3	鋼構吊運長度超過多少公尺之構架時，應在二端以拉索捆紮拉緊？使用多少公尺以上長跨度格柵梁時應安裝臨時構件？	八公尺；十五公尺	三公尺；六公尺	六公尺；十二公尺	五公尺；十公尺	Steel members longer than what require tag lines at both ends when hoisted, and long-span joists of what length require temporary members before releasing the hoist?	8 m; 15 m	3 m; 6 m	6 m; 12 m	5 m; 10 m	c	第148條：吊運長度超過六公尺之構架應在適當距離之二端以拉索捆紮拉緊；鋼梁於最後安裝吊索鬆放前，二端腹鈑接頭應有二個以上螺栓裝妥；使用十二公尺以上長跨度格柵梁或桁架時於鬆放吊索前應安裝臨時構件。	Article 148: members over 6 m need tag lines at both ends; beams need at least two bolts at each web connection before releasing; joists or trusses 12 m or longer need temporary bracing before releasing the hoist.	draft	2		
Q0329	OSH	OSH-36	營造安全衛生設施標準	第149條	民國115年6月30日	營造-鋼構	3	營造標準第149條所定應指派鋼構組配作業主管之「鋼構」，其範圍包括高度在多少公尺以上之鋼構建築物？橋梁跨距多少公尺以上之金屬橋梁上部結構？	三公尺；二十公尺	七公尺；二十五公尺	五公尺；三十公尺	十公尺；五十公尺	The 'steel structures' requiring a steel erection supervisor under Article 149 include steel buildings of at least what height, and metal bridge superstructures of at least what span?	3 m; 20 m	7 m; 25 m	5 m; 30 m	10 m; 50 m	c	第149條：鋼構範圍包括高度五公尺以上之鋼構建築物、高度五公尺以上之鐵塔或金屬煙囪、高度五公尺以上或跨距三十公尺以上之金屬橋梁上部結構、塔式起重機、人字臂起重桿、室外升降機升降路塔、金屬施工構臺。	Article 149: steel buildings ≥5 m, towers or chimneys ≥5 m, metal bridge superstructures ≥5 m high or ≥30 m span, tower cranes, derricks, exterior hoist towers and metal work platforms.	draft	2		
Q0330	OSH	OSH-36	營造安全衛生設施標準	第150條	民國115年6月30日	營造-鋼構	3	鋼構組配進行組合時，於最高永久性樓板上組合之骨架，不得超過幾層？	十層	八層	四層	六層	During steel erection, the frame assembled above the highest permanent floor shall not exceed how many stories?	10	8	4	6	b	第150條：應逐次構築永久性之樓板，於最高永久性樓板上組合之骨架不得超過八層（設計已考慮整體安全性者除外）。第152條：地面或最高永久性樓板層上不得有超過四層樓以上之鋼構尚未鉚接、熔接或螺栓緊者。	Article 150: not more than 8 stories above the highest permanent floor (unless overall stability is designed for); Article 152: no more than 4 stories of steel may remain unriveted, unwelded or unbolted.	draft	2		
Q0331	OSH	OSH-36	營造安全衛生設施標準	第151條	民國115年6月30日	營造-鋼構	3	不適於舖設臨時性構臺之鋼構建築，未使用施工架而落距差超過幾層樓或多少公尺以上者，應張設安全網？	一層樓或三公尺	四層樓或十五公尺	二層樓或七點五公尺	三層樓或十公尺	For steel buildings without temporary decks or scaffolds, safety nets are required when the potential fall exceeds:	1 story or 3 m	4 stories or 15 m	2 stories or 7.5 m	3 stories or 10 m	c	第151條第2款：落距差超過二層樓或七點五公尺以上者應張設安全網，其下方應有足夠淨空；安全網使用前須確認已實施耐衝擊試驗。第3款：鋼梁正下方二層樓或七點五公尺高度內應安裝密實舖板。	Article 151(2): nets when the fall distance exceeds 2 stories or 7.5 m, with adequate clearance below and impact testing verified; item 3: solid decking within 2 stories or 7.5 m below beams being worked on.	draft	2		
Q0332	OSH	OSH-36	營造安全衛生設施標準	第155條	民國115年6月30日	營造-拆除	2	拆除構造物前，下列何者為應辦理事項？	拆除區域無須設置圍柵或標示；鄰近通道人員保護設施得於拆除後補設	保持電源供電以便使用電動工具；可燃性氣體管於拆除後再行切斷	構件無須事前檢查即可拆除；不穩定部分於拆除中再視情況予以支撐	切斷電源並拆除配電設備及線路；切斷可燃性氣體管、蒸汽管或水管	Before demolishing a structure, which is required?	No fencing or signs are needed; passage protection may be added after demolition	Keep power on for power tools; cut off gas pipes only after demolition is finished	Members need no prior inspection; unstable parts are propped as the work proceeds	Cut off power and remove electrical equipment and wiring; cut off gas, steam and water pipes	d	第155條：檢查預定拆除之各構件；不穩定部分予以支撐；切斷電源並拆除配電設備及線路；切斷可燃性氣體管、蒸汽管或水管，殘存氣體應安全釋放；設置圍柵或標示禁止非作業人員進入；鄰近通道人員保護設施完成前不得拆除。	Article 155: inspect members; support unstable parts; cut power and remove wiring; cut gas, steam and water lines and safely release residual gas; fence and post signs; protect adjacent passages first.	draft	2		
Q0333	OSH	OSH-36	營造安全衛生設施標準	第157條	民國115年6月30日	營造-拆除	2	拆除構造物時，拆除順序應如何？	按序由下而上逐層拆除	按序由上而下逐步拆除	自中間樓層向上下同時拆除	得不依順序任意選擇拆除	In what order shall a structure be demolished?	Progressively from bottom to top	Progressively from top to bottom	From the middle floor upward and downward at once	In any order chosen by the demolition crew	b	第157條：不得使勞工同時在不同高度拆除（有適當設施者除外）；應按序由上而下逐步拆除；拆除材料不得過度堆積或靠牆堆放；惡劣氣候應停止；有塵土飛揚應灑水；拉倒方式應使勞工退避。	Article 157: no simultaneous work at different heights without protection; demolish top-down in sequence; do not over-stack or lean debris against walls; stop in severe weather; sprinkle water for dust; keep workers clear when pulling down.	draft	2		
Q0334	OSH	OSH-36	營造安全衛生設施標準	第159條	民國115年6月30日	營造-拆除	3	使用重力錘拆除構造物時，應以撞擊點為中心，構造物高度幾倍以上之距離為半徑設置作業區？使用夾斗或曲臂機具時，作業區周圍應大於運行線多少公尺以上？	二倍；十公尺	三倍；十五公尺	一點五倍；八公尺	一倍；五公尺	When demolishing with a wrecking ball, the work zone radius shall be at least how many times the structure height, and for grapples or articulated arms the zone shall extend beyond the travel line by at least:	2 times; 10 m	3 times; 15 m	1.5 times; 8 m	1 time; 5 m	c	第159條：使用重力錘時應以撞擊點為中心、構造物高度一點五倍以上之距離為半徑設置作業區；使用夾斗或曲臂機具時，作業區周圍應大於夾斗或曲臂運行線八公尺以上；作業區內除操作人員外禁止進入。	Article 159: wrecking ball zone radius ≥1.5× the structure height centered on the impact point; grapple/articulated-arm zone ≥8 m beyond the travel line; only operators inside.	draft	2		
Q0335	OSH	OSH-36	營造安全衛生設施標準	第160條	民國115年6月30日	營造-拆除	3	未能設置作業區時，於拆除構造物外牆邊緣設置之承受臺，其寬度應在多少公尺以上？應能承受每平方公尺多少公斤以上之活載重？	一公尺；三百公斤	一點五公尺；六百公斤	○．八公尺；五百公斤	二公尺；一千公斤	Where a demolition work zone cannot be set up, catch platforms at the outer wall shall be at least how wide and support a live load of at least:	1 m; 300 kg/m²	1.5 m; 600 kg/m²	0.8 m; 500 kg/m²	2 m; 1,000 kg/m²	b	第160條：承受臺寬應在一點五公尺以上；臺面應由外向內傾斜且密舖板料；應能承受每平方公尺六百公斤以上之活載重；臺面距拆除層位之高度不超過二層（拆除層位距地面三層以下者除外）。	Article 160: at least 1.5 m wide, sloped inward and fully planked, supporting at least 600 kg/m² live load, and no more than two stories below the demolition level.	draft	2		
Q0336	OSH	OSH-36	營造安全衛生設施標準	第164條	民國115年6月30日	營造-拆除	3	以人工拆除高煙囪時，施工架之工作臺不得高出煙囪頂多少公分及低於多少公尺？	五十公分；一．二公尺	二十五公分；一．五公尺	三十五公分；三．五公尺	十五公分；二．五公尺	When manually demolishing a tall chimney, the scaffold work platform shall not be more than how far above the chimney top, nor more than how far below it?	50 cm above; 1.2 m below	25 cm above; 1.5 m below	35 cm above; 3.5 m below	15 cm above; 2.5 m below	b	第164條：指派專人監督；不得以爆破或整體翻倒方式拆除高煙囪（四週有足夠地面者除外）；人工拆除應設施工架，工作臺不得高出煙囪頂二十五公分及低於一．五公尺；不得使勞工站立於煙囪壁頂；煙囪底部應有開孔防物料積集。	Article 164: a designated supervisor; no blasting or toppling unless there is enough clear ground; platforms not more than 25 cm above nor 1.5 m below the top; no standing on the chimney wall; a bottom opening to prevent debris build-up.	draft	2		
Q0337	OSH	OSH-36	營造安全衛生設施標準	第167條	民國115年6月30日	營造-油漆瀝青	1	噴漆作業場所，下列何者正確？	無須通風換氣，僅需於出入口設置滅火器材即可	得使用電熱器加速乾燥，但應揭示嚴禁煙火之標示	不得有明火、加熱器或其他火源，並揭示嚴禁煙火標示	作業人員於通風處得吸菸，並免設嚴禁煙火標示	In spray-painting areas, which is correct?	No ventilation is required; fire extinguishers at the entrance suffice	Electric heaters may be used to speed drying if 'No fire' signs are posted	No open flames, heaters or other ignition sources, with 'No fire' signs posted	Smoking is allowed in ventilated spots, and no 'No fire' signs are needed	c	第166條：油漆作業場所應有適當通風換氣。第167條：噴漆作業場所不得有明火、加熱器或其他火源發生之虞之裝置或作業，並在該範圍內揭示嚴禁煙火之標示。	Article 166 requires ventilation in painting areas; Article 167 prohibits open flames, heaters or ignition sources in spray-painting areas, with 'no fire' signs posted.	draft	2		
Q0338	OSH	OSH-36	營造安全衛生設施標準	第172條	民國115年6月30日	營造-衛生	2	營造工程之臨時房舍，下列何者正確？	應搭建於工地開挖面上方，寢室、廚房及盥洗設備得共用同一空間	得選擇低窪易積水之地點搭建，用餐地點與寢室得合併於同一空間	應選擇乾燥及排水良好之地點搭建，用餐地點、寢室及盥洗設備應分設	飲用水及洗濯用水無須符合飲用水衛生標準，亦免設食品貯存設備	For temporary site accommodation, which is correct?	Build above the excavation face; bedrooms, kitchen and washrooms may share one space	Build on low-lying flood-prone ground; dining and sleeping areas may be combined	Build on dry, well-drained ground; dining, sleeping and washing areas kept separate	Drinking and washing water need not meet standards, and no food storage is required	c	第172條：選擇乾燥及排水良好之地點搭建；適當通風及照明；使用合於飲用水衛生標準之飲用水及洗濯用水；用餐地點、寢室及盥洗設備應分設並保持清潔；設置冰箱、食品貯存及廢物處理等衛生設備。	Article 172: dry, well-drained sites; ventilation and lighting; water meeting drinking-water standards; separate dining, sleeping and washing areas kept clean; refrigerators, food storage and waste facilities.	draft	2		
Q0339	OSH	OSH-36	營造安全衛生設施標準	第173-1條	民國115年6月30日	營造-附則	2	受工作場所負責人指揮或監督從事勞動之人員，於事業單位工作場所從事勞動時，是否適用營造安全衛生設施標準？	一律不適用本標準之規定	僅適用其中有關防護具之規定	依承攬契約約定之範圍決定	比照該事業單位之勞工適用	Do the Standards apply to persons working under the direction or supervision of a workplace manager at an enterprise's site?	No, the Standards do not apply to such persons at all	Only the provisions on personal protective equipment apply	Only to the extent agreed in the subcontract terms	Yes, they are treated like the enterprise's own laborers	d	第173條之1：自營作業者獨立作業或以其作業交付承攬時，適用本標準有關雇主義務之規定；受工作場所負責人指揮或監督從事勞動之人員，比照該事業單位之勞工，適用本標準之規定。	Article 173-1: self-employed persons are subject to the employer obligations; persons working under a workplace manager's direction are treated like that enterprise's laborers.	draft	2		