Q0724	OSH	OSH-03	勞動檢查法	第3條	民國109年6月10日	勞檢法-定義	2	勞動檢查法所稱「代行檢查機構」係指何者？	領有勞動檢查證之人員	中央主管機關為辦理勞動檢查所設之專責檢查機構	由中央主管機關指定辦理危險性機械或設備檢查之行政機關、學術機構或非營利法人	地方政府勞工局	Under the Labor Inspection Act, a 'delegated inspection agency' is:	A person holding a labor inspector's certificate	A dedicated inspection agency set up by the central authority	An administrative agency, academic institution or non-profit legal person designated by the central authority to inspect dangerous machinery or equipment	A local labor bureau	c	第3條：勞動檢查機構指中央或直轄市主管機關或有關機關為辦理勞動檢查業務所設置之專責檢查機構；代行檢查機構指由中央主管機關指定為辦理危險性機械或設備檢查之行政機關、學術機構或非營利法人；勞動檢查員與代行檢查員分別領有勞動檢查證與代行檢查證。	Article 3: labor inspection agencies are dedicated bodies of the central or municipal authorities; delegated inspection agencies are designated agencies, academic institutions or non-profits for dangerous machinery/equipment inspection.	draft	5		
Q0725	OSH	OSH-03	勞動檢查法	第4條	民國109年6月10日	勞檢法-範圍	1	下列何者屬勞動檢查事項範圍？	勞動基準法令、職業安全衛生法令及其他依勞動法令應辦理之事項	僅職業安全衛生法令	公司稅務	僅勞動基準法令	Which falls within the scope of labor inspection?	Labor Standards laws, OSH laws and other matters required by labor laws	OSH laws only	Corporate taxation	Labor Standards laws only	a	第4條：依本法規定應執行檢查之事項、勞動基準法令規定之事項、職業安全衛生法令規定之事項、其他依勞動法令應辦理之事項。細則第3條：勞動法令指勞工保險、勞工福利、就業服務及其他相關法令。	Article 4: matters under this Act, the Labor Standards Act, OSH laws and other labor laws; Enforcement Rules Article 3 defines other labor laws as labor insurance, welfare, employment services etc.	draft	5		
Q0726	OSH	OSH-03	勞動檢查法	第6條	民國109年6月10日	勞檢法-方針	2	中央主管機關應於年度開始前幾個月公告並宣導勞動檢查方針？勞動檢查機構應於公告後幾個月內擬定監督檢查計畫？	一年；六個月	三個月；一個月	一個月；一個月	六個月；三個月	The central authority must announce the labor inspection policy how many months before the year begins, and inspection agencies must draw up their plans within how long after?	1 year; 6 months	3 months; 1 month	1 month; 1 month	6 months; 3 months	d	第6條：中央主管機關應參酌勞動條件、安全衛生條件、職業災害嚴重率及傷害頻率，於年度開始前六個月公告勞動檢查方針（優先受檢事業單位選擇原則、監督檢查重點、檢查及處理原則等）；勞動檢查機構應於公告後三個月內擬定勞動監督檢查計畫報請核備。	Article 6: policy announced 6 months before the year starts (priority targets, focus, handling principles); agencies draft supervision and inspection plans within 3 months.	draft	5		
Q0727	OSH	OSH-03	勞動檢查法	第7條	民國109年6月10日	勞檢法-年報	2	中央主管機關應多久定期公布勞動檢查年報？依施行細則應於何時公布前一年之年報？	每年；每年第三季	每月；次月	每季；次季	每二年；年底	How often is the labor inspection annual report published, and when per the Enforcement Rules?	Yearly; in the third quarter each year	Monthly; next month	Quarterly; next quarter	Every 2 years; year-end	a	第7條第3項：中央主管機關應每年定期公布勞動檢查年報。細則第7條第2項：應於每年第三季公布前一年之勞動檢查年報。	Article 7(3): published annually; Enforcement Rules Article 7(2): in the third quarter for the previous year.	draft	5		
Q0728	OSH	OSH-03	勞動檢查法	第11條	民國109年6月10日	勞檢法-檢查員	2	下列何者為勞動檢查員不得有之行為？	告知雇主及工會	出示勞動檢查證	作成檢查紀錄	洩漏受檢查事業單位之生產技術、設備及經營財務等秘密（離職後亦同）	Which is prohibited for labor inspectors?	Notifying the employer and union	Showing the inspector's certificate	Making inspection records	Disclosing the inspected enterprise's technical, equipment or financial secrets, even after leaving office	d	第11條：不得為變更隱匿或捏造事實之陳報；不得洩漏受檢事業單位之生產技術設備及經營財務等秘密，離職後亦同；處理秘密申訴案件不得洩漏申訴來源；不得與受檢事業單位發生不當財務關係。任何人得根據事實舉發違法失職。第12條：有利害關係者應自行迴避。	Article 11: no false reports, no disclosure of enterprise secrets (also after leaving), no revealing complaint sources, no improper financial relations; Article 12: recusal for conflicts of interest.	draft	5		
Q0729	OSH	OSH-03	勞動檢查法	第13條	民國109年6月10日	勞檢法-程序	2	勞動檢查員執行職務，原則上不得事先通知事業單位，但下列何者除外？	一般安全衛生檢查	勞工申訴檢查	危險性工作場所審查或檢查、危險性機械或設備檢查、職業災害檢查及其他經核准者	勞動條件檢查	Labor inspectors generally must not give advance notice, except for:	General OSH inspections	Complaint inspections	Dangerous workplace review/inspection, dangerous machinery/equipment inspection, occupational accident inspection and other approved cases	Labor condition inspections	c	第13條：勞動檢查員執行職務除第26條之審查或檢查、危險性機械或設備檢查、職業災害檢查及其他經勞動檢查機構或主管機關核准者外，不得事先通知事業單位。	Article 13: the exceptions are Article 26 reviews/inspections, dangerous machinery or equipment inspections, accident inspections and other approved cases.	draft	5		
Q0730	OSH	OSH-03	勞動檢查法	第14條	民國109年6月10日	勞檢法-程序	2	勞動檢查員為執行檢查職務得隨時進入事業單位，雇主或有關人員無故拒絕、規避或妨礙者，處罰為何？	新臺幣三萬元以上十五萬元以下罰鍰，並得按次處罰	三年以下有期徒刑	新臺幣三萬元以上六萬元以下罰鍰	不罰	If an employer or related persons refuse, evade or obstruct a labor inspector's entry without cause, the penalty is:	A fine of NT$30,000 to NT$150,000, which may be imposed repeatedly	Imprisonment up to 3 years	A fine of NT$30,000 to NT$60,000	No penalty	a	第14條：勞動檢查員得隨時進入事業單位，雇主、代理人、勞工及有關人員不得無故拒絕、規避或妨礙，非警察協助不足以排除時得要求警察協助。第35條：違反第14條第1項或第15條第2項者處三萬元以上十五萬元以下罰鍰，並得按次處罰。	Article 14 grants entry at any time, with police assistance if needed; Article 35: NT$30,000–150,000 per instance for violating Article 14(1) or 15(2).	draft	5		
Q0731	OSH	OSH-03	勞動檢查法	第15條	民國109年6月10日	勞檢法-程序	2	勞動檢查員執行職務時，得對事業單位有關人員為下列何種行為？	沒收財產	詢問並製作談話紀錄或錄音、通知提出報告紀錄工資清冊、檢查文件資料並影印拍照錄影測量、封存或掣給收據後抽取物料樣品	逮捕雇主	關閉工廠	During inspection, labor inspectors may:	Confiscate property	Question personnel (with records or recordings), require reports and wage ledgers, examine and copy/photograph documents, and seal or take samples against receipt	Arrest the employer	Close the factory	b	第15條：詢問有關人員（必要時製作談話紀錄或錄音）、通知提出必要報告紀錄工資清冊文件、檢查應備置之文件資料物品（得影印拍照錄影測量）、封存或掣給收據後抽取物料樣品器材工具以憑檢驗；事業單位不得拒絕；事業單位得申請檢視或複製錄影照片，勞檢機構不得拒絕。	Article 15: questioning, requiring documents, examining and copying/photographing/measuring, sealing or sampling against receipt; the enterprise may request to view or copy recordings and the agency must not refuse.	draft	5		
Q0732	OSH	OSH-03	勞動檢查法	第16條	民國109年6月10日	勞檢法-程序	3	勞動檢查員對違反勞動法律規定之犯罪嫌疑者，必要時得如何？	聲請檢察官簽發搜索票執行搜索、扣押	逮捕移送	要求警察拘提	自行搜索	For suspected crimes under labor laws, labor inspectors may if necessary:	Apply to a prosecutor for a search warrant to search and seize related objects and premises	Arrest and transfer	Have police detain the suspect	Search on their own authority	a	第16條：勞動檢查員對違反勞動法律規定之犯罪嫌疑者，必要時得聲請檢察官簽發搜索票，就其相關物件、處所執行搜索、扣押。細則第16條：應依刑事訴訟法相關規定。	Article 16: apply to a prosecutor for a search warrant; Enforcement Rules Article 16: per the Code of Criminal Procedure.	draft	5		
Q0733	OSH	OSH-03	勞動檢查法	第17條	民國109年6月10日	勞檢法-代行檢查	2	危險性機械或設備之檢查，除由勞動檢查員實施外，必要時得由何者實施？	製造廠商	保險公司	事業單位自行檢查	中央主管機關指定之代行檢查機構派代行檢查員	Besides labor inspectors, inspections of dangerous machinery or equipment may be carried out by:	The manufacturer	An insurance company	The enterprise itself	Delegated inspectors from agencies designated by the central authority	d	第17條：危險性機械或設備之檢查除由勞動檢查機構派勞動檢查員實施外，必要時亦得指定代行檢查機構派代行檢查員實施。第19條：代行檢查業務為非營利性質，收費以收支平衡為原則。細則第17條：代行檢查指定期檢查及其他指定公告之檢查。	Article 17: designated delegated inspection agencies; Article 19: non-profit, fees on a break-even basis; Enforcement Rules Article 17: periodic and other designated inspections.	draft	5		
Q0734	OSH	OSH-03	勞動檢查法	第22條	民國109年6月10日	勞檢法-程序	2	勞動檢查員進入事業單位檢查時應如何？事業單位對未持勞動檢查證者得如何？	不需出示證件；不得拒絕	僅出示身分證；得拒絕	僅告知雇主；不得拒絕	主動出示勞動檢查證並告知雇主及工會；得拒絕檢查	On entering an enterprise, inspectors must do what, and what may the enterprise do if no certificate is shown?	Show no ID; cannot refuse	Show a national ID; may refuse	Only notify the employer; cannot refuse	Present the labor inspector's certificate and notify the employer and union; refuse the inspection	d	第22條：勞動檢查員進入事業單位進行檢查時應主動出示勞動檢查證並告知雇主及工會，事業單位對未持勞動檢查證者得拒絕檢查；檢查後應作成紀錄並告知違反事項及提供遵守法令意見。細則第19條：檢查前應告知檢查目的並請派員陪同。細則第20條：勞動檢查證每二年換發一次。	Article 22: present the certificate and notify employer and union; enterprises may refuse inspectors without a certificate; Enforcement Rules Article 20: certificates reissued every two years.	draft	5		
Q0735	OSH	OSH-03	勞動檢查法	第25條	民國109年6月10日	勞檢法-結果	2	勞動檢查機構對違反勞動法令事項應於幾日內書面通知事業單位改正或限期改善？事業單位應將檢查結果公告幾日以上？	十日內；七日以上	七日內；十四日以上	三日內；三日以上	三十日內；三十日以上	The inspection agency must notify the enterprise in writing of violations within how many days, and the enterprise must post the results for at least how long?	10 days; 7 days	7 days; 14 days	3 days; 3 days	30 days; 30 days	a	第25條：有違反勞動法令規定事項者，勞動檢查機構應於十日內以書面通知事業單位立即改正或限期改善，並副知地方主管機關；公營事業另副知目的事業主管機關；事業單位應於違規場所顯明易見處公告七日以上。第36條：未公告者處三萬元以上六萬元以下罰鍰。	Article 25: written notice within 10 days, copied to the local authority; results posted conspicuously for at least 7 days; Article 36: failure to post → NT$30,000–60,000.	draft	5		
Q0736	OSH	OSH-03	勞動檢查法	第26條	民國109年6月10日	勞檢法-危工	2	下列何種危險性工作場所非經勞動檢查機構審查或檢查合格，事業單位不得使勞工作業？	所有營造工地	辦公大樓	從事石油裂解之石化工業工作場所、農藥製造、爆竹煙火及火藥類製造、達規定壓力容量之鍋爐壓力容器、危險物有害物達規定數量、指定營造工程等	所有製造業工廠	Which dangerous workplaces may not be operated until reviewed or inspected and approved by the labor inspection agency?	All construction sites	Office buildings	Petroleum cracking, pesticide manufacturing, fireworks and explosives, boilers/pressure vessels above thresholds, dangerous/harmful substances above thresholds, designated construction works, etc.	All factories	c	第26條：石油裂解之石化工業、農藥製造、爆竹煙火工廠及火藥類製造、設置達規定壓力或容量之高壓氣體類壓力容器或蒸汽鍋爐、製造處置使用危險物有害物達規定數量、中央主管機關會商指定之營造工程、其他指定之工作場所。第34條：違反者處三年以下有期徒刑、拘役或科或併科十五萬元以下罰金。	Article 26 lists seven categories; Article 34: violation → up to 3 years' imprisonment, detention and/or a fine up to NT$150,000.	draft	5		
Q0737	OSH	OSH-03	勞動檢查法	第27條	民國109年6月10日	勞檢法-停工	2	事業單位發生重大職業災害時，勞動檢查機構應如何？	立即指派勞動檢查員前往檢查，調查原因及責任；非立即停工不足以避免擴大者以書面通知部分或全部停工	不需檢查	三日內派員	等待事業單位報告	When a major occupational accident occurs, the labor inspection agency shall:	Immediately dispatch inspectors to investigate causes and responsibility, and order partial or full stoppage in writing if needed to prevent escalation	Not inspect	Dispatch within 3 days	Await the enterprise's report	a	第27條：勞動檢查機構對事業單位工作場所發生重大職業災害時應立即指派勞動檢查員前往實施檢查，調查職業災害原因及責任；發現非立即停工不足以避免職業災害擴大者，應就發生災害場所以書面通知事業單位部分或全部停工。	Article 27: immediate dispatch and investigation, with written stop-work orders where necessary to prevent the accident from spreading.	draft	5		
Q0738	OSH	OSH-03	勞動檢查法	第28條	民國109年6月10日	勞檢法-停工	2	勞動檢查員實施安全衛生檢查時發現勞工有立即發生危險之虞，勞動檢查機構得如何？	限期三十日改善	以書面通知事業單位逕予先行停工	口頭警告	罰鍰後繼續作業	If an inspection finds workers in imminent danger, the inspection agency may:	Grant 30 days to improve	Order an immediate stoppage of that workplace in writing	Give a verbal warning	Fine and let work continue	b	第28條：發現勞工有立即發生危險之虞，得就該場所以書面通知事業單位逕予先行停工；有立即發生危險之虞之情事由中央主管機關定之（勞動檢查法第二十八條所定勞工有立即發生危險之虞認定標準）。第30條：停工原因消滅後得申請復工。	Article 28: immediate written stop-work order; the criteria for imminent danger are set by the central authority; Article 30: resumption may be applied for once the cause is removed.	draft	5		
Q0739	OSH	OSH-03	勞動檢查法	第29條	民國109年6月10日	勞檢法-停工	3	事業單位未依勞動檢查機構通知限期改善事項辦理而有發生職業災害之虞時，勞動檢查機構得如何？	不得停工	於認有必要時以書面通知部分或全部停工	直接移送法辦	撤銷營業登記	If an enterprise fails to make required improvements by the deadline and an accident is likely, the inspection agency may:	Not order stoppage	Order partial or full stoppage in writing when deemed necessary	Refer directly for prosecution	Revoke business registration	b	第29條：勞動檢查員對事業單位未依通知限期改善事項辦理而有發生職業災害之虞時應陳報所屬勞動檢查機構；勞動檢查機構於認有必要時得以書面通知事業單位部分或全部停工。細則第33條：全部停工日數超過七日者應陳報中央主管機關核定。	Article 29: written stop-work order when necessary; Enforcement Rules Article 33: full stoppages over 7 days require central approval.	draft	5		
Q0740	OSH	OSH-03	勞動檢查法	第32條	民國109年6月10日	勞檢法-申訴	2	事業單位應於顯明易見處公告哪些勞工申訴相關事項？	檢查員姓名	受理申訴之機構或人員、勞工得申訴之範圍、申訴書格式、申訴程序	公司營收	董事名單	Enterprises must conspicuously post which complaint-related items?	Inspector names	The body or person receiving complaints, the scope of complaints, the complaint form and the procedure	Company revenue	Board members	b	第32條：受理勞工申訴之機構或人員、勞工得申訴之範圍、勞工申訴書格式、申訴程序，公告書由中央主管機關定之。第36條：未公告者處三萬元以上六萬元以下罰鍰。	Article 32: the four items, using the format set by the central authority; Article 36: failure → NT$30,000–60,000.	draft	5		
Q0741	OSH	OSH-03	勞動檢查法	第33條	民國109年6月10日	勞檢法-申訴	2	勞動檢查機構受理勞工申訴後，應於幾日內將檢查結果通知申訴人？事業單位得否對申訴人不利處分？	七日內；得	六十日內；不得	十四日內；不得終止契約或為其他不利處分	三十日內；得	After receiving a worker's complaint, the agency must notify the complainant of results within how long, and may the enterprise penalize the complainant?	7 days; yes	60 days; no	14 days; no termination or other adverse treatment allowed	30 days; yes	c	第33條：受理申訴後應儘速派員檢查並於十四日內將檢查結果通知申訴人；勞工向工會申訴者由工會查證後提出書面改善建議；事業單位不得對申訴人終止勞動契約或為其他不利處分；勞動檢查機構應保密不得洩漏申訴人身分。	Article 33: results within 14 days; unions may propose improvements; no adverse treatment of complainants; complainant identity kept confidential.	draft	5		
Q0742	OSH	OSH-03	勞動檢查法	第34條	民國109年6月10日	勞檢法-罰則	2	違反停工通知或使勞工在未經審查檢查合格之危險性工作場所作業者，處罰為何？	三萬元以上六萬元以下罰鍰	僅警告	三萬元以上十五萬元以下罰鍰	三年以下有期徒刑、拘役或科或併科新臺幣十五萬元以下罰金	Violating a stop-work order or operating an unapproved dangerous workplace is punishable by:	A fine of NT$30,000–60,000	A warning only	A fine of NT$30,000–150,000	Up to 3 years' imprisonment, detention and/or a fine up to NT$150,000	d	第34條：違反第26條使勞工在未經審查或檢查合格之工作場所作業者，或違反第27條至第29條停工通知者，處三年以下有期徒刑、拘役或科或併科十五萬元以下罰金；法人代表人代理人受僱人因執行業務犯者，對該法人或自然人亦科以罰金。	Article 34: criminal penalty up to 3 years plus fine up to NT$150,000, also imposed on the legal person or natural person employer.	draft	5		
Q0743	OSH	OSH-04	勞動檢查法施行細則	第6條	民國112年12月7日	勞檢細則-定義	3	勞動檢查法施行細則所稱「職業災害嚴重率」及「傷害頻率」之定義為何？	每百萬工時之失能傷害總損失日數；每百萬工時之失能傷害次數	每萬工時之損失日數；每萬工時之傷害次數	每年災害件數；每月災害件數	每千人之死亡人數；每千人之受傷人數	Under the Enforcement Rules, 'severity rate' and 'frequency rate' mean:	Total lost days from disabling injuries per million work hours; number of disabling injuries per million work hours	Lost days per 10,000 hours; injuries per 10,000 hours	Accidents per year; per month	Deaths per 1,000 workers; injuries per 1,000 workers	a	細則第6條：職業災害嚴重率指每百萬工時之失能傷害總損失日數；傷害頻率指每百萬工時之失能傷害次數。	Enforcement Rules Article 6: severity rate = disabling-injury lost days per million hours; frequency rate = disabling injuries per million hours.	draft	5		
Q0744	OSH	OSH-04	勞動檢查法施行細則	第9條	民國112年12月7日	勞檢細則-檢查員	2	新進勞動檢查員未經職前訓練合格前，勞動檢查機構得否指派其單獨執行檢查職務？	視人力而定	得	得，但限一般檢查	不得，但特殊情況經陳報中央主管機關核准者不在此限	May a new labor inspector be assigned to inspect alone before passing pre-service training?	Depends on staffing	Yes	Yes, for general inspections only	No, except in special cases approved by the central authority	d	細則第8條：專業訓練指新進人員之職前訓練、現職人員之在職訓練及進修。第9條：新進勞動檢查員未經職前訓練合格前不得指派其單獨執行檢查職務，但特殊情況經敘明理由陳報中央主管機關核准者不在此限。	Article 8 defines professional training; Article 9 bars solo assignments before pre-service training passes, except with central approval.	draft	5		
Q0745	OSH	OSH-04	勞動檢查法施行細則	第13條	民國112年12月7日	勞檢細則-封存	3	勞動檢查員實施封存，以下列何種情事為限？	違反職安法令所禁止使用者、違反勞動法令者、職災原因鑑定所必須者、其他經勞檢機構核准者	任何物品	僅危險物	僅機械	Sealing by labor inspectors is limited to:	Items banned under OSH laws, items violating labor laws, items needed for accident cause identification, and other cases approved by the agency	Any items	Dangerous goods only	Machinery only	a	細則第13條：封存以有違反職業安全衛生法令所禁止使用者、有違反勞動法令者、有職業災害原因鑑定所必須者、其他經勞動檢查機構核准者為限；原因消滅或經許可得啟封。第14條：應開列封存物件清單及貼封條，封條加蓋印信並載明機構名稱、物件名稱、封存日期、法令依據。	Article 13: the four situations; unsealing when the cause ends or on approved application; Article 14: inventory list and stamped seal stating agency, item, date and legal basis.	draft	5		
Q0746	OSH	OSH-04	勞動檢查法施行細則	第15條	民國112年12月7日	勞檢細則-程序	3	事業單位向勞動檢查機構申請檢視或複製檢查時之錄影照片，應於受檢之次日起幾日內書面提出？機構應於接獲後幾日內提供？	七日；七日	六十日；三十日	三十日；三十日	十日；十日	An enterprise must request in writing to view or copy inspection recordings within how many days after inspection, and the agency must provide them within:	7 days; 7 days	60 days; 30 days	30 days; 30 days	10 days; 10 days	c	細則第15條：事業單位依本法第15條第3項申請檢視或複製時，應於受檢之次日起三十日內以書面提出；勞動檢查機構應於接獲申請書之次日起三十日內提供。	Article 15: request within 30 days of the day after inspection; provided within 30 days of receipt.	draft	5		
Q0747	OSH	OSH-04	勞動檢查法施行細則	第21條	民國112年12月7日	勞檢細則-異議	2	事業單位對檢查結果通知書有異議時，應於通知書送達之次日起幾日內書面提出？改善期限是否因異議而停止計算？	三十日內；停止	十日內；不停止	七日內；停止	十五日內；不停止	An enterprise objecting to an inspection result notice must file within how many days, and is the improvement deadline suspended?	30 days; suspended	10 days; not suspended	7 days; suspended	15 days; not suspended	b	細則第21條：有異議者應於通知書送達之次日起十日內以書面敘明理由向勞動檢查機構提出；通知書所定改善期限在機構另為適當處分前，不因異議而停止計算。	Article 21: written objection within 10 days; the improvement deadline keeps running unless the agency rules otherwise.	draft	5		
Q0748	OSH	OSH-04	勞動檢查法施行細則	第23條	民國112年12月7日	勞檢細則-公告	2	事業單位以檢查結果通知書全部內容公告者，應公告於何處？	董事會	管制勞工出勤之場所、餐廳宿舍及各作業場所之公告場所、或與工會或勞工代表協商同意之場所之一	公司網站	公司大門外	Where must the full inspection result notice be posted?	The board of directors	At the attendance-control area, the notice boards of canteens/dormitories/work areas, or a place agreed with the union or worker representatives	The company website	Outside the main gate	b	細則第23條：以通知書全部內容公告者，公告於事業單位管制勞工出勤之場所、餐廳宿舍及各作業場所之公告場所、與工會或勞工代表協商同意之場所之一；以違反規定單項內容公告者，公告於違反規定之機具設備或場所。	Article 23: one of the three listed places for full notices; single-item notices go on the offending machine, equipment or place.	draft	5		
Q0749	OSH	OSH-04	勞動檢查法施行細則	第27-1條	民國112年12月7日	勞檢細則-危工	3	勞檢法第26條所稱高壓氣體類壓力容器，不包括下列何者？	氨冷凍設備	移動式製造設備、非有毒性可燃性之單座固定式製造設備、減壓設備、空調設備及氟氯烷冷媒冷凍機器	氧氣儲槽	液化石油氣儲槽	High-pressure gas pressure vessels under Article 26 of the Act do NOT include:	Ammonia refrigeration systems	Mobile production equipment, single fixed units for non-toxic non-flammable gas, pressure-reducing equipment, air conditioners and CFC-refrigerant refrigeration machines	Oxygen storage tanks	LPG storage tanks	b	細則第27條之1：高壓氣體類壓力容器指供處理及儲存高壓氣體之盛裝容器，但不包括移動式製造設備、非屬有毒性或可燃性高壓氣體之單座固定式製造設備、減壓設備、空調設備及以氟氯烷為冷媒之冷凍機器；蒸汽鍋爐指以火焰燃燒氣體或高溫氣體加熱於水或熱媒使發生超過大氣壓之壓力蒸汽供他用之裝置及附屬過熱器節煤器。	Enforcement Rules Article 27-1: the four exclusions; steam boilers are also defined there.	draft	5		
Q0750	OSH	OSH-04	勞動檢查法施行細則	第31條	民國112年12月7日	勞檢細則-重大災害	2	勞動檢查法第27條所稱重大職業災害，係指下列何者？	任何受傷	僅死亡災害	僅火災	發生死亡災害、罹災人數三人以上、氨氯氟化氫光氣硫化氫二氧化硫等洩漏致一人以上需住院、其他指定公告之災害	'Major occupational accidents' under Article 27 of the Act are:	Any injury	Fatal accidents only	Fires only	Fatal accidents, 3+ victims, leaks of ammonia/chlorine/HF/phosgene/H2S/SO2 with 1+ hospitalized, and other designated accidents	d	細則第31條：發生死亡災害者；發生災害之罹災人數在三人以上者；氨、氯、氟化氫、光氣、硫化氫、二氧化硫等化學物質之洩漏發生一人以上罹災勞工需住院治療者；其他經中央主管機關指定公告之災害。	Enforcement Rules Article 31: the four categories.	draft	5		
Q0751	OSH	OSH-04	勞動檢查法施行細則	第33條	民國112年12月7日	勞檢細則-停工	3	勞動檢查機構通知事業單位全部停工之日數超過幾日者，應陳報中央主管機關核定？	三十日	十四日	七日	三日	Full stop-work orders exceeding how many days must be reported to the central authority for approval?	30 days	14 days	7 days	3 days	c	細則第33條：停工日數由勞動檢查機構視情節決定；全部停工日數超過七日者應陳報中央主管機關核定。第34條：停工通知書應記載事業單位名稱地址、法令依據、停工理由、停工日期、停工範圍、申請復工之條件及程序、執行機構。	Article 33: over 7 days; Article 34 lists the required contents of stop-work notices.	draft	5		
Q0752	OSH	OSH-04	勞動檢查法施行細則	第36條	民國112年12月7日	勞檢細則-復工	2	事業單位申請復工，勞動檢查機構應如何處理？	查證停工原因消滅後以書面通知復工，載明事業單位名稱地址、復工日期、復工範圍	須經中央主管機關核定	不需查證	口頭同意即可	When an enterprise applies to resume work, the agency shall:	Verify the cause has been removed and notify resumption in writing with the enterprise name, date and scope	Obtain central approval	Not verify	Approve verbally	a	細則第36條：勞動檢查機構於查證停工原因消滅後，應以書面通知其復工；復工通知書應記載申請復工之事業單位雇主名稱地址、復工日期、復工範圍。	Article 36: written resumption notice after verification, stating enterprise, resumption date and scope.	draft	5		
Q0753	OSH	OSH-25	勞動檢查法第二十八條所定勞工有立即發生危險之虞認定標準	第2條	民國94年6月10日	立即危險-類型	1	勞動檢查法第28條所定勞工有立即發生危險之虞之類型有哪些？	跌倒、割傷、燙傷	噪音、振動、高溫	交通事故、溺水	墜落、感電、倒塌崩塌、火災爆炸、中毒缺氧	The types of imminent danger under Article 28 of the Labor Inspection Act are:	Slips, cuts, burns	Noise, vibration, heat	Traffic accidents, drowning	Falls, electrocution, collapse, fire/explosion, poisoning/oxygen deficiency	d	認定標準第2條：有立即發生危險之虞之類型為墜落、感電、倒塌崩塌、火災爆炸、中毒缺氧五類。第8條：中央主管機關得指定其他情事並公告。	Article 2 of the Standards: five types; Article 8 allows the central authority to designate more.	draft	5		
Q0754	OSH	OSH-25	勞動檢查法第二十八條所定勞工有立即發生危險之虞認定標準	第3條	民國94年6月10日	立即危險-墜落	2	下列何者屬有立即發生墜落危險之虞之情事？	於高差一公尺之平台未設護欄	室內平地作業未戴安全帽	梯子高度一點五公尺	於高差二公尺以上之工作場所邊緣及開口部分，未設置護欄、護蓋、安全網或配掛安全帶之防墜設施	Which is an imminent fall danger?	A 1 m platform without guardrails	Indoor ground work without a helmet	A 1.5 m ladder	Edges or openings at a height difference of 2 m or more without guardrails, covers, safety nets or harness anchorages	d	第3條：高差二公尺以上邊緣開口未設防墜設施；高差二公尺以上作業未用高空工作車或設工作臺且未張掛安全網配掛安全帶；易踏穿屋頂未設三十公分以上踏板安全網或安全帶；高差超過一點五公尺未設安全上下設備；超過二層樓或七點五公尺鋼構未張設安全網；移動式起重機吊掛平台載人未設圍欄安全母索等。	Article 3: unprotected edges/openings at 2 m+, work at 2 m+ without platforms/nets/harness, fragile roofs without 30 cm walkboards, no safe access above 1.5 m, steel structures over 2 floors or 7.5 m without nets, crane-suspended platforms without guards.	draft	5		
Q0755	OSH	OSH-25	勞動檢查法第二十八條所定勞工有立即發生危險之虞認定標準	第3條	民國94年6月10日	立即危險-墜落	3	於石綿板、鐵皮板、瓦、木板等易踏穿材料構築之屋頂作業，未設置寬度幾公分以上之踏板、安全網或安全帶者，屬立即發生危險之虞？	四十公分	二十公分	五十公分	三十公分	Work on fragile roofs (asbestos sheet, metal sheet, tiles, wood) is an imminent danger when walkboards are narrower than, and no nets or harnesses are used:	40 cm	20 cm	50 cm	30 cm	d	第3條第3款：於易踏穿材料構築之屋頂從事作業時，未於屋架上設置防止踏穿及寬度三十公分以上之踏板、裝設安全網或配掛安全帶。	Article 3(3): walkboards at least 30 cm wide, safety nets or harnesses required.	draft	5		
Q0756	OSH	OSH-25	勞動檢查法第二十八條所定勞工有立即發生危險之虞認定標準	第4條	民國94年6月10日	立即危險-感電	3	使用對地電壓在多少伏特以上之移動式或攜帶式電動機具，未設置漏電斷路器者，屬立即發生感電危險之虞？	二百二十伏特	三百八十伏特	一百五十伏特	一百一十伏特	Portable or mobile electric tools with a voltage to ground of at least what, used without a residual-current device, constitute imminent electrocution danger?	220 V	380 V	150 V	110 V	c	第4條第2款：使用對地電壓在一百五十伏特以上移動式或攜帶式電動機具，或於潮濕場所金屬板上鋼架上等導電性良好場所使用移動式或攜帶式電動機具，未設置高敏感度高速型漏電斷路器。第3款：狹小空間或鋼架場所之交流電焊機未裝自動電擊防止裝置。	Article 4(2): 150 V or more, or any portable tool in wet or conductive locations without a high-sensitivity fast RCD; Article 4(3): AC welders in confined conductive spaces without automatic voltage reducers.	draft	5		
Q0757	OSH	OSH-25	勞動檢查法第二十八條所定勞工有立即發生危險之虞認定標準	第5條	民國94年6月10日	立即危險-倒塌	3	施工架於垂直方向幾公尺、水平方向幾公尺內未與穩定構造物妥實連接者，屬立即發生倒塌危險之虞？	三公尺；五公尺	五點五公尺；七點五公尺	九公尺；八公尺	二公尺；四公尺	Scaffolds not tied to a stable structure within what vertical and horizontal spacing constitute imminent collapse danger?	3 m; 5 m	5.5 m vertically; 7.5 m horizontally	9 m; 8 m	2 m; 4 m	b	第5條：施工架垂直方向五點五公尺、水平方向七點五公尺內未與穩定構造物妥實連接；露天開挖一點五公尺以上或有崩塌之虞未設擋土支撐等；隧道坑道有落磐之虞未設支撐岩栓噴凝土；模板支撐支柱基礎易積水地盤軟弱未強化。	Article 5: 5.5 m vertical and 7.5 m horizontal; also unsupported excavations 1.5 m+, tunnels without support, and formwork on soft or waterlogged ground.	draft	5		
Q0758	OSH	OSH-25	勞動檢查法第二十八條所定勞工有立即發生危險之虞認定標準	第6條	民國94年6月10日	立即危險-火災爆炸	3	存有易燃液體蒸氣或可燃性氣體之作業場所，濃度達爆炸下限值之百分之多少以上時，未使勞工退避並停止使用點火源者，屬立即發生火災爆炸危險之虞？	百分之百	百分之十	百分之五十	百分之三十	In workplaces with flammable vapors or gases, failing to evacuate and stop ignition sources when concentration reaches what percentage of the LEL is an imminent fire/explosion danger?	100%	10%	50%	30%	d	第6條第2款：未於作業前測定濃度，或濃度達爆炸下限值之百分之三十以上時未即刻使勞工退避至安全場所並停止使用煙火及其他點火源之機具。第6款：局限空間作業場所使用純氧換氣亦屬之。	Article 6(2): 30% of the lower explosive limit; Article 6(6): using pure oxygen for ventilation in confined spaces also qualifies.	draft	5		
Q0759	OSH	OSH-25	勞動檢查法第二十八條所定勞工有立即發生危險之虞認定標準	第7條	民國94年6月10日	立即危險-缺氧	3	在人孔、下水道、儲槽等自然換氣不充分之場所，空氣中氧氣濃度未滿百分之十八、硫化氫超過多少 ppm 或一氧化碳超過多少 ppm 而未確實配戴呼吸防護具者，屬立即發生危險之虞？	硫化氫十 ppm；一氧化碳三十五 ppm	硫化氫一 ppm；一氧化碳十 ppm	硫化氫二十 ppm；一氧化碳五十 ppm	硫化氫五 ppm；一氧化碳二十五 ppm	In poorly ventilated spaces such as manholes, sewers or tanks, imminent danger exists when oxygen is below 18%, hydrogen sulfide exceeds, or carbon monoxide exceeds:	H2S 10 ppm; CO 35 ppm	H2S 1 ppm; CO 10 ppm	H2S 20 ppm; CO 50 ppm	H2S 5 ppm; CO 25 ppm	a	第7條第5款：氧氣濃度未滿百分之十八、硫化氫濃度超過十 ppm 或一氧化碳濃度超過三十五 ppm 時未確實配戴空氣呼吸器等呼吸防護具、安全帶及安全索；或未置備通風設備換氣、未置備測定儀器隨時測定保持氧氣十八％以上、硫化氫十 ppm 以下、一氧化碳三十五 ppm 以下。	Article 7(5): O2 under 18%, H2S over 10 ppm or CO over 35 ppm without respirators, harness and lifeline, or without ventilation and continuous measurement.	draft	5		
Q0760	OSH	OSH-25	勞動檢查法第二十八條所定勞工有立即發生危險之虞認定標準	第7條	民國94年6月10日	立即危險-中毒	3	製造、處置或使用特定化學物質危害預防標準所稱丙類第一種或丁類物質之特定化學管理設備時，未設置何種裝置屬立即發生中毒危險之虞？	監視攝影機	空調裝置	照明裝置	適當之溫度、壓力及流量計測裝置及發生異常之自動警報裝置	For specified chemical management equipment handling Class C-1 or Class D substances, imminent poisoning danger exists when the equipment lacks:	Surveillance cameras	Air conditioning	Lighting	Temperature, pressure and flow measuring devices and automatic abnormality alarms	d	第7條第2至4款：特定化學管理設備未設溫度壓力流量計測裝置及異常自動警報裝置；未設遮斷原料供輸、卸放製品、冷卻用水或惰性氣體供輸裝置；未設洩漏時能立即警報之器具及除卻危害必要藥劑容器之設施。第1款：有機溶劑儲槽等作業未供給輸氣管面罩。	Article 7(2)–(4): missing measuring devices and alarms, missing shut-off/discharge/cooling/inert-gas devices, or missing leak alarms and neutralizing agents.	draft	5		
Q0761	OSH	OSH-27	違反職業安全衛生法及勞動檢查法案件處理要點	第3點	民國115年7月1日	案件處理-繳納	2	違反職安法或勞檢法之罰鍰處分，其繳納期限為送達處分書之次日起幾日內？逾期經催繳仍未繳納者如何處理？	三十日內；催繳通知送達次日起十五日內仍未繳納得移送行政執行	七日內；加倍罰鍰	十日內；直接強制執行	六十日內；撤銷處分	Fines under the OSH Act or Labor Inspection Act must be paid within how many days of service, and what follows a reminder?	30 days; if unpaid 15 days after the reminder, the case may be referred for administrative enforcement	7 days; the fine doubles	10 days; immediate compulsory enforcement	60 days; the penalty is revoked	a	要點第3點：罰鍰繳納期限為送達處分書之次日起三十日內，屆滿未繳納者原處分機關擬具罰鍰催繳通知書催繳；第4點：催繳通知送達次日起十五日內仍未繳納者，得移送法務部行政執行署所屬分署執行。	Points 3–4: 30 days from the day after service; a reminder notice; referral to the Administrative Enforcement Agency if still unpaid 15 days after the reminder.	draft	5		
Q0762	OSH	OSH-27	違反職業安全衛生法及勞動檢查法案件處理要點	第5點	民國115年7月1日	案件處理-分類	3	依違反案件處理要點，非屬營造業之事業單位勞工總人數在三百人以上者，屬何類事業單位？	丙類	甲類	丁類	乙類	Under the case-handling directive, a non-construction enterprise with 300 or more workers is classified as:	Class C (丙)	Class A (甲)	Class D (丁)	Class B (乙)	b	第5點：甲類為上市上櫃公司、營造業承攬單一工程二億元以上、非營造業勞工三百人以上、依職安法第15條之1或第27條之1交付一定規模工程者；乙類為營造業五千萬元以上未達二億元、非營造業一百人以上未達三百人；丙類為營造業五百萬元以上未達五千萬元、非營造業六人以上未達一百人；丁類為未達前三類者。	Point 5: Class A = listed companies, construction contracts NT$200M+, non-construction 300+ workers; Class B = NT$50M–200M or 100–299 workers; Class C = NT$5M–50M or 6–99 workers; Class D = below.	draft	5		
Q0763	OSH	OSH-27	違反職業安全衛生法及勞動檢查法案件處理要點	第5點	民國115年7月1日	案件處理-分類	3	營造業承攬單一工程之金額在新臺幣五千萬元以上未達二億元者，屬何類事業單位？	丙類	乙類	甲類	丁類	A construction enterprise with a single contract of NT$50 million to under NT$200 million is:	Class C (丙)	Class B (乙)	Class A (甲)	Class D (丁)	b	第5點第2款：乙類指營造業承攬單一工程之金額在五千萬元以上未達二億元者，或非營造業勞工總人數一百人以上未達三百人者。	Point 5(2): Class B for NT$50M–200M contracts or 100–299 workers in non-construction industries.	draft	5		
Q0764	OSH	OSH-27	違反職業安全衛生法及勞動檢查法案件處理要點	第8點	民國115年7月1日	案件處理-公布	2	依職安法第49條，主管機關對違反職安法受罰鍰或刑罰處罰，或致發生第37條第2項職業災害之事業單位，應公布何事項？	事業單位雇主名稱及負責人姓名；處以罰鍰者並公布處分期日、違反條文及罰鍰金額；並公布職災發生日期地點及罹災人數	不公布	僅罰鍰金額	僅事業單位名稱	Under OSH Act Article 49, for enterprises fined or criminally punished, or that caused a reportable accident, the authority must publish:	Enterprise and employer names and the responsible person; for fines, the date, violated provisions and amount; plus accident date, place and number of victims	Nothing	Only the fine amount	Only the enterprise name	a	第8點：應公布其事業單位、雇主之名稱及負責人姓名；處以罰鍰者應公布處分期日、違反條文及罰鍰金額；符合情形者並應公布職業災害之發生日期、發生地及罹災人數。	Point 8: names and responsible person; penalty date, provisions and amount; accident date, location and victim count.	draft	5		
Q0765	OSH	OSH-27	違反職業安全衛生法及勞動檢查法案件處理要點	第9點	民國115年7月1日	案件處理-加重	3	處分機關依職安法第43條第1項或第45條第1項處以罰鍰時，得依事業規模性質或情節加重罰鍰至法定最高額之多少？	三分之一	一倍	二分之一	十分之一	When fining under OSH Act Articles 43(1) or 45(1), the authority may increase the fine by up to what share of the statutory maximum?	One third	100%	One half	One tenth	c	第9點：得依事業規模、性質或違反情節，加重其罰鍰至法定罰鍰最高額二分之一。第6點：同一違法態樣違反多項法條得逐一累加至最高罰鍰；不同態樣分別處罰。第10點：違反次數自違反之日往前回溯三年內累計。	Point 9: up to half of the statutory maximum; Point 6: same-type violations accumulate to the maximum; Point 10: violation counts look back three years.	draft	5		
Q0766	OSH	OSH-28	勞動部重大災害通報及檢查處理要點	第2點	民國110年9月	重大災害-定義	2	依勞動部重大災害通報及檢查處理要點，行政院災害緊急通報作業規定所稱「甲級災害規模」之職業災害為何？	工作場所職災造成三人以上死亡、五人以上罹災（含失蹤）、或經媒體廣為報導之火災爆炸有害氣體外洩等	一人住院	一人死亡	三人受傷	Under the MOL directive, a 'Class A scale' occupational disaster is:	3+ deaths, 5+ victims (including missing), or widely reported fires, explosions or gas leaks involving worker safety	One hospitalization	One death	Three injuries	a	第2點：重大災害包括職安法第37條第2項之死亡、罹災三人以上、罹災一人以上需住院之職災；甲級災害為工作場所職災造成三人以上死亡、五人以上罹災（含失蹤）、經大眾傳播媒體廣為報導之火災爆炸有害氣體外洩等涉及勞工安全之災害；其他經認有必要者。	Point 2: reportable accidents under OSH Act 37(2) plus Class A disasters (3+ deaths, 5+ victims, widely reported fires/explosions/leaks).	draft	5		
Q0767	OSH	OSH-28	勞動部重大災害通報及檢查處理要點	第4點	民國110年9月	重大災害-檢查	3	勞動檢查機構接獲何種職業災害通報應儘速派員檢查？	僅死亡災害	僅營造業職災	死亡災害、肢體器官嚴重受損須住院連續二十四小時以上、氨氯氟化氫光氣硫化氫二氧化硫洩漏致一人以上住院、罹災人數三人以上	所有職災	Which accident reports require the inspection agency to dispatch inspectors promptly?	Deaths only	Construction accidents only	Deaths, severe limb/organ injuries needing 24+ hours of hospitalization, listed chemical leaks with 1+ hospitalized, and 3+ victims	All accidents	c	第4點：發生死亡災害；罹災者肢體或器官嚴重受損危及生命或身體機能嚴重喪失且須住院治療連續達二十四小時以上；氨氯氟化氫光氣硫化氫二氧化硫等洩漏造成一人以上罹災勞工需住院；罹災人數三人以上。礦災空難海難震災輻射事故陸上交通事故及殺人刑事案件等他法已有機制者不在此限。	Point 4: the four categories; excluded where other laws cover mining, aviation, maritime, earthquake, radiation, road traffic or homicide investigations.	draft	5		
Q0768	OSH	OSH-28	勞動部重大災害通報及檢查處理要點	第5點	民國110年9月	重大災害-通報	3	勞動檢查機構對事業單位之職業災害通報案件，應指派專人於幾日內於檢查資訊系統確認處理方式並輸入通報資料？	二日內	七日內	三十日內	當日	Inspection agencies must have a designated person confirm and enter accident reports in the inspection information system within:	2 days	7 days	30 days	The same day	a	第5點：事業單位職災通報案件應指派專人於二日內於「勞動檢查機構檢查資訊管理系統」確認處理方式並輸入資料，屬職安法第37條第2項之職災應產出重大災害通報表傳真職安署及地方主管機關；媒體廣為報導之災害應填具即時處理情形表通報，結報時間災情單純不宜超過二天、複雜不超過三天；假日應再以電話通報。	Point 5: within 2 days, producing the major accident report form for reportable accidents; media-covered disasters get situation reports closed within 2–3 days; holiday accidents also phoned in.	draft	5		
Q0769	OSH	OSH-26	推行職業安全衛生優良單位及人員選拔作業要點	第3點	民國114年1月17日	優良單位-資格	2	參選職業安全衛生優良單位，受選拔當年度及前幾年度工作場所不得發生重大災害？	前十年度	前五年度	前三年度	前一年度	To be eligible as an outstanding OSH unit, no major accident may have occurred in the selection year and the preceding:	10 years	5 years	3 years	1 year	c	第3點：受選拔當年度及前三年度未發生重大災害通報要點第2點所稱之重大災害或失能程度一至九等級之職災；前三年度失能傷害頻率及嚴重率均低於同行業前三年平均值；前三年度未曾獲五星獎或國家職業安全衛生獎；前四年度未連續四年獲優良單位獎；應建置管理系統者已通過 TOSHMS 驗證或績效審查且有效。	Point 3: no major accidents or grade 1–9 disability accidents in the current and previous 3 years; frequency and severity rates below the industry 3-year averages; no Five-Star or National OSH Award in the last 3 years; TOSHMS certification where required.	draft	5		
Q0770	OSH	OSH-26	推行職業安全衛生優良單位及人員選拔作業要點	第8點	民國114年1月17日	優良單位-五星獎	3	連續幾年榮獲優良獎，第幾年經決審為優良獎之事業單位，得參加五星獎評選？	連續一年，第二年	連續五年，第六年	連續二年，第三年	連續三年，第四年	Enterprises that win the Outstanding Award for how many consecutive years and again in which year may compete for the Five-Star Award?	1 year, then the 2nd	5 years, then the 6th	2 consecutive years, then the 3rd year	3 years, then the 4th	c	第8點：連續二年榮獲優良獎，第三年經決審為優良獎之事業單位，得於通知送達翌日起十日內檢具五星獎自評表及佐證資料參加五星獎評選。第10點：五星獎得主之災保行業別費率依規定調整，且得參選國家職業安全衛生獎；勞檢機構自獲獎翌年起二年內得以監督指導代替一般例行檢查。	Point 8: two consecutive years plus a third-year award; Point 10: Five-Star winners get insurance rate adjustments, National OSH Award eligibility, and two years of supervision in lieu of routine inspection.	draft	5		
Q0771	OSH	OSH-26	推行職業安全衛生優良單位及人員選拔作業要點	第11點	民國114年1月17日	優良單位-時程	3	優良單位及人員之選拔，原則上於何時接受推薦或自薦？何時完成決審？	次年二月起；五月	每年十月；十二月	每年六月；九月	每年一月；三月	Nominations for outstanding OSH units and personnel open when, and final review is completed by when?	From February of the following year; May	October; December	June; September	January; March	a	第11點：於次年二月起接受推薦或自薦，四月中旬完成初審，五月完成決審為原則；獲選者經查證與事實不符或填報不實者得撤銷得獎資格並追回獎勵。第7點：初審由當地勞工主管機關、科學園區管理局、產業園區管理局等辦理，決審由職安署組設小組決定。	Point 11: nominations from February, preliminary review by mid-April, final review in May; awards may be revoked for false information.	draft	5		
Q0772	OSH	OSH-35	勞工職業災害保險及保護法	第1條	民國110年4月30日	災保法-目的	1	勞工職業災害保險及保護法之立法目的為何？	規範勞動檢查程序	訂定工資標準	保障遭遇職業災害勞工及其家屬之生活，加強職業災害預防及職業災害勞工重建	管理勞工保險基金投資	The purpose of the Labor Occupational Accident Insurance and Protection Act is to:	Regulate labor inspection procedures	Set wage standards	Protect the livelihood of workers suffering occupational accidents and their families, strengthen accident prevention and worker rehabilitation	Manage insurance fund investments	c	第1條：為保障遭遇職業災害勞工及其家屬之生活，加強職業災害預防及職業災害勞工重建，以促進社會安全，特制定本法。第106條：本法施行後職業災害勞工保護法除另有規定外不再適用。	Article 1; Article 106: the former Act for Protecting Workers of Occupational Accidents no longer applies once this Act took effect.	draft	5		
Q0773	OSH	OSH-35	勞工職業災害保險及保護法	第3條	民國110年4月30日	災保法-保險人	2	勞工職業災害保險之保險人為何？其基金投資運用由何機關辦理？	衛生福利部；中央銀行	勞動部勞工保險局；勞動部勞動基金運用局	勞動部職業安全衛生署；勞工保險局	勞動部；財政部	Who is the insurer of labor occupational accident insurance, and who manages the fund's investments?	The Ministry of Health; the Central Bank	The Bureau of Labor Insurance; the Bureau of Labor Funds	The OSHA; the Bureau of Labor Insurance	The MOL; the Ministry of Finance	b	第3條：本保險以勞動部勞工保險局為保險人辦理保險業務；保險基金之投資運用管理業務由勞動部勞動基金運用局辦理。第4條：由中央主管機關監理。	Article 3: Bureau of Labor Insurance as insurer; Bureau of Labor Funds for investment management; Article 4: supervised by the central authority.	draft	5		
Q0774	OSH	OSH-35	勞工職業災害保險及保護法	第5條	民國110年4月30日	災保法-爭議	3	對保險人核定之案件有爭議時，應自行政處分達到之翌日起幾日內向中央主管機關申請審議？	三十日內	九十日內	六十日內	十五日內	Disputes over the insurer's decisions must be submitted for review to the central authority within how many days after the decision is served?	30 days	90 days	60 days	15 days	c	第5條：投保單位、被保險人、受益人等對保險人核定之案件有爭議時，應自行政處分達到之翌日起六十日內向中央主管機關申請審議，不服審議結果得提起訴願及行政訴訟；審議會委員應有職業醫學科專科醫師及勞工團體代表，比例合計不得低於五分之一。	Article 5: 60 days; further appeal via administrative appeal and litigation; the review committee must include occupational physicians and labor representatives (at least one fifth combined).	draft	5		
Q0775	OSH	OSH-35	勞工職業災害保險及保護法	第6條	民國110年4月30日	災保法-投保	2	年滿十五歲以上受僱於領有執業證照、依法登記、設有稅籍之雇主之勞工，應以何者為投保單位參加職災保險？	縣市政府	其雇主	職業工會	勞工本人	Workers aged 15 or over employed by a licensed, registered or tax-registered employer join occupational accident insurance through which insured unit?	The county government	Their employer	An occupational union	Themselves	b	第6條：年滿十五歲以上受僱於領有執業證照、依法辦理登記、設有稅籍或經核發聘僱許可之雇主之勞工，及不得參加公教保險之政府機關學校受僱員工，應以其雇主為投保單位；未滿十五歲受僱者亦適用；技術生、建教生等準用。第11條：包括外國籍人員。	Article 6: the employer; also applies to workers under 15 and, by analogy, apprentices and cooperative-education students; Article 11: includes foreign nationals.	draft	5		
Q0776	OSH	OSH-35	勞工職業災害保險及保護法	第7條	民國110年4月30日	災保法-投保	2	無一定雇主或自營作業而參加職業工會之會員，應以何者為投保單位？	原雇主	所屬職業工會	勞工保險局	地方政府	Members of occupational unions without a fixed employer or self-employed join through:	A former employer	Their occupational union	The Bureau of Labor Insurance	The local government	b	第7條：無一定雇主或自營作業而參加職業工會之會員，及參加漁會之甲類會員，應以其所屬團體為投保單位。第8條：職業訓練機構受訓者以所屬機構為投保單位。第9條：實際從事勞動之雇主、外僱船員等得準用參加。	Article 7: the union or fishermen's association; Article 8: trainees via training institutions; Article 9: working employers and foreign-hired seafarers may join by analogy.	draft	5		
Q0777	OSH	OSH-35	勞工職業災害保險及保護法	第12條	民國110年4月30日	災保法-手續	2	符合規定之勞工，投保單位應於何時列表通知保險人辦理投保手續？	每月底	到職後一個月內	勞工到職、入會、到訓之當日	到職後三十日內	Insured units must notify the insurer to enroll qualifying workers on:	At month-end	Within a month	The day the worker starts work, joins the union or begins training	Within 30 days of starting	c	第12條：投保單位應於本法施行之當日或勞工到職、入會、到訓之當日列表通知保險人辦理投保手續；離職退會結訓之當日辦理退保。第96條：未依規定辦理投保退保者處二萬元以上十萬元以下罰鍰並限期改善。	Article 12: same-day enrollment and withdrawal; Article 96: failure → NT$20,000–100,000 fine with an order to correct.	draft	5		
Q0778	OSH	OSH-35	勞工職業災害保險及保護法	第13條	民國110年4月30日	災保法-效力	3	受僱勞工之職災保險效力自何時開始、至何時停止？	自繳費日起，至月底止	自到職當日起算，至離職當日停止	自每月一日起	自通知翌日起，至通知當日止	For employed workers, insurance coverage begins and ends:	From the payment date until month-end	From the day they start work until the day they leave	From the first of each month	From the day after notification until the notification date	b	第13條：符合第6條之勞工保險效力自到職當日起算，至離職當日停止（雇主符合資格前到職者自雇主領照登記設籍當日起算）；第7、8條之勞工於當日通知者自通知當日起算，非當日通知者自通知翌日起算。	Article 13: coverage from the start date to the departure date regardless of enrollment timing; union/training enrollees depend on notification timing.	draft	5		
Q0779	OSH	OSH-35	勞工職業災害保險及保護法	第15條	民國110年4月30日	災保法-名冊	2	投保單位應備置所屬勞工名冊、出勤工作紀錄及薪資帳冊，並自勞工離職之日起保存幾年？	一年	五年	三年	十年	Insured units must keep worker rosters, attendance records and payroll ledgers for how many years after a worker leaves?	1 year	5 years	3 years	10 years	b	第15條：投保單位應備置勞工名冊、出勤工作紀錄及薪資帳冊，自被保險人離職退會結訓之日起保存五年；保險人得查對，投保單位不得規避妨礙拒絕。第94條：規避妨礙拒絕查對處五萬元以上三十萬元以下罰鍰；第97條：未備置或保存未達期限處二萬元以上十萬元以下罰鍰。	Article 15: 5 years, open to the insurer's audit; Article 94: obstruction → NT$50,000–300,000; Article 97: missing records → NT$20,000–100,000.	draft	5		
Q0780	OSH	OSH-35	勞工職業災害保險及保護法	第16條	民國110年4月30日	災保法-費率	3	職災保險費率分為哪兩種？行業別災害費率每幾年調整一次？	公司費率及個人費率；每二年	普通費率及特別費率；每年	固定費率及浮動費率；每五年	行業別災害費率及上下班災害單一費率；每三年	The two types of occupational accident insurance premium rates are, and industry rates are adjusted every:	Company and individual rates; every 2 years	Standard and special rates; yearly	Fixed and floating rates; every 5 years	Industry accident rates and a single commuting-accident rate; every 3 years	d	第16條：保險費率分為行業別災害費率及上、下班災害單一費率，自施行之日起每三年調整一次；僱用員工達一定人數以上之投保單位，行業別災害費率採實績費率，按最近三年保險給付總額占應繳保險費總額及職業安全衛生辦理情形每年計算調整。	Article 16: industry rates and a single commuting rate, reviewed every three years; larger employers use experience rating based on the last three years' claims and OSH performance.	draft	5		
Q0781	OSH	OSH-35	勞工職業災害保險及保護法	第17條	民國110年4月30日	災保法-投保薪資	3	被保險人薪資於當年二月至七月調整時，投保單位應於何時前通知保險人調整月投保薪資？八月至次年一月調整者？	次月底前；次月底前	當月底前；當月底前	當年八月底前；次年二月底前	年底前；年中前	When wages change between February and July, the unit must report the new insured salary by when, and for changes between August and January?	By the end of the next month	By month-end; by month-end	By the end of August that year; by the end of February the following year	By year-end; by mid-year	c	第17條：月投保薪資按月薪資總額依投保薪資分級表申報；二月至七月調整者於當年八月底前通知，八月至次年一月調整者於次年二月底前通知，均自通知之次月一日生效；分級表下限與基本工資相同。第98條：以多報少或以少報多或未依限通知處二萬元以上十萬元以下罰鍰。	Article 17: report by end of August or end of February respectively, effective the first of the following month; Article 98: misreporting → NT$20,000–100,000.	draft	5		
Q0782	OSH	OSH-35	勞工職業災害保險及保護法	第19條	民國110年4月30日	災保法-保費負擔	3	受僱勞工之職災保險費由何人負擔？職業工會會員之保險費如何分擔？	全由勞工負擔；政府全額補助	勞雇各半；全由勞工負擔	雇主七成勞工三成；勞工二成政府八成	全部由投保單位（雇主）負擔；被保險人負擔百分之六十，中央政府補助百分之四十	Who pays occupational accident insurance premiums for employed workers, and how are union members' premiums split?	Entirely by the worker; fully subsidized	Split equally; entirely by the worker	70/30; 20/80	Entirely by the insured unit (employer); union members pay 60% with the central government subsidizing 40%	d	第19條：受僱勞工、受訓者等之保險費全部由投保單位負擔（第10條自行加保之實際從事勞動人員自行負擔）；職業工會會員被保險人負擔百分之六十、中央政府補助百分之四十；漁會甲類會員負擔百分之二十、政府補助百分之八十；外僱船員負擔百分之八十、政府補助百分之二十。	Article 19: employers pay all for employees; union members 60/40 with government; fishermen 20/80; foreign-hired seafarers 80/20.	draft	5		
Q0783	OSH	OSH-35	勞工職業災害保險及保護法	第21條	民國110年4月30日	災保法-滯納金	3	投保單位未依限繳納保險費，寬限幾日後每逾一日加徵應納費額百分之多少滯納金？滯納金上限為應納費額百分之多少？	三十日；百分之一；百分之三十	十五日；百分之零點一；百分之十	十五日；百分之零點二；百分之二十	七日；百分之零點五；百分之十	After a grace period of how many days, what daily late-payment surcharge applies to unpaid premiums, capped at what percentage?	30 days; 1%; 30%	15 days; 0.1%; 10%	15 days; 0.2% per day; 20%	7 days; 0.5%; 10%	c	第21條：未依限繳納者得寬限十五日，寬限期滿翌日起每逾一日加徵應納費額百分之零點二滯納金，以百分之二十為限；加徵滯納金十五日後仍未繳納得移送行政執行，投保單位無財產可執行時由代表人或負責人負連帶清償責任。	Article 21: 15-day grace, then 0.2% per day up to 20%; enforcement after 15 more days, with representatives jointly liable if the unit has no assets.	draft	5		
Q0784	OSH	OSH-35	勞工職業災害保險及保護法	第26條	民國110年4月30日	災保法-給付	1	職災保險之給付種類有哪些？	老年、生育、失業給付	醫療、傷病、失能、死亡、失蹤給付	僅傷病給付	僅醫療及死亡給付	The types of occupational accident insurance benefits are:	Old-age, maternity and unemployment	Medical, injury/sickness, disability, death and missing-person benefits	Injury/sickness only	Medical and death only	b	第26條：給付種類為醫療給付、傷病給付、失能給付、死亡給付、失蹤給付。第27條：保險效力停止之翌日起一年內仍得請領同一傷病之給付。	Article 26: five benefit types; Article 27: claims for the same injury allowed within one year after coverage ends.	draft	5		
Q0785	OSH	OSH-35	勞工職業災害保險及保護法	第28條	民國110年4月30日	災保法-平均薪資	3	現金給付之平均月投保薪資，應按保險事故當月起前幾個月之實際月投保薪資平均計算？以日為單位者按平均月投保薪資除以多少計算？	前十二個月；三十一	前六個月；二十二	前六個月；三十	前三個月；三十	Average insured salary for cash benefits is based on the actual insured salaries of how many months before the event, and daily benefits divide by:	The previous 12 months; 31	The previous 6 months; 22	The previous 6 months; 30	The previous 3 months; 30	c	第28條：平均月投保薪資按發生保險事故之當月起前六個月之實際月投保薪資平均計算，未滿六個月按實際投保期間平均；以日為給付單位者按平均月投保薪資除以三十計算；未依規定投保者由保險人按薪資總額認定，但不高於全體被保險人平均月投保薪資等級。	Article 28: six-month average (or actual period if shorter); daily rate = monthly average ÷ 30.	draft	5		
Q0786	OSH	OSH-35	勞工職業災害保險及保護法	第37條	民國110年4月30日	災保法-時效	2	領取職災保險給付之請求權，自得請領之日起因幾年間不行使而消滅？	十年	五年	二年	一年	The right to claim occupational accident insurance benefits expires if not exercised within:	10 years	5 years	2 years	1 year	b	第37條：領取保險給付之請求權自得請領之日起因五年間不行使而消滅。第82條：第78至81條之津貼補助請求權亦為五年。	Article 37: five years from the date the claim could be made; Article 82 applies the same to allowances and subsidies.	draft	5		
Q0787	OSH	OSH-35	勞工職業災害保險及保護法	第42條	民國110年4月30日	災保法-傷病給付	2	被保險人遭遇職業傷病不能工作，自不能工作之日起算第幾日起得請領傷病給付？前二個月按平均月投保薪資多少發給？第三個月起？最長幾年？	第四日起；百分之百；百分之七十；二年	第八日起；百分之百；百分之八十；三年	第四日起；百分之七十；百分之七十；二年	第一日起；百分之七十；百分之五十；一年	Injury/sickness benefits start from which day of inability to work, at what rate for the first two months, then what rate, for at most how long?	The 4th day; 100%; 70%; 2 years	The 8th day; 100%; 80%; 3 years	The 4th day; 70%; 70%; 2 years	The 1st day; 70%; 50%; 1 year	a	第42條：自不能工作之日起算第四日起得請領傷病給付；前二個月按平均月投保薪資發給，第三個月起按平均月投保薪資百分之七十發給，每半個月給付一次，最長以二年為限。	Article 42: from the 4th day; full average insured salary for two months, then 70%, paid semi-monthly, up to two years.	draft	5		
Q0788	OSH	OSH-35	勞工職業災害保險及保護法	第43條	民國110年4月30日	災保法-失能給付	3	失能年金依失能程度發給之比率為何？	完全失能百分之七十、嚴重失能百分之五十、部分失能百分之二十	完全百分之百、嚴重百分之七十、部分百分之五十	完全百分之六十、嚴重百分之四十、部分百分之十	一律百分之七十	Disability pension rates by degree of disability are:	Total 70%, severe 50%, partial 20% of average insured salary	Total 100%, severe 70%, partial 50%	Total 60%, severe 40%, partial 10%	70% for all	a	第43條：經診斷永久失能者得請領失能一次金；失能程度符合者得請領失能年金：完全失能按平均月投保薪資百分之七十、嚴重失能百分之五十、部分失能百分之二十；請領部分失能年金期間不得同時領取同一傷病之傷病給付。第44條：眷屬補助每人加發百分之十最多百分之二十。	Article 43: 70% / 50% / 20%; Article 44: dependent supplements of 10% each, up to 20%.	draft	5		
Q0789	OSH	OSH-35	勞工職業災害保險及保護法	第45條	民國110年4月30日	災保法-失能審核	3	被保險人領取失能年金後，保險人應至少每幾年審核其失能程度？	一年	十年	五年	三年	After granting a disability pension, the insurer must review the degree of disability at least every:	1 year	10 years	5 years	3 years	c	第45條：領取失能年金後保險人應至少每五年審核其失能程度（認無須審核者除外）；失能程度減輕仍符合條件者改按減輕後程度發給，減輕至不符合條件者停止年金另發失能一次金；審核應結合職能復健措施。第48條：終身無工作能力領取失能給付者逕予退保。	Article 45: at least every five years, adjusting or converting to a lump sum as appropriate, combined with vocational rehabilitation; Article 48: permanently unable workers are withdrawn from insurance.	draft	5		
Q0790	OSH	OSH-35	勞工職業災害保險及保護法	第51條	民國110年4月30日	災保法-死亡給付	3	被保險人因職業傷病死亡，喪葬津貼按平均月投保薪資一次發給幾個月？無遺屬者發給幾個月？遺屬年金按平均月投保薪資多少發給？	五個月；十個月；百分之五十	五個月；五個月；百分之四十	三個月；五個月；百分之三十	十個月；十五個月；百分之七十	For death from occupational injury, the funeral allowance equals how many months of average insured salary (and if no survivors), and the survivor pension rate is:	5 months; 10 months; 50%	5 months; 5 months; 40%	3 months; 5 months; 30%	10 months; 15 months; 70%	a	第51條：喪葬津貼按平均月投保薪資一次發給五個月，無遺屬者發給十個月；遺屬年金依第49條請領者按平均月投保薪資百分之五十發給，領失能年金期間死亡者按失能年金半數；遺屬一次金及遺屬津貼發給四十個月；同順序遺屬二人以上每多一人加發百分之十最多百分之二十。	Article 51: funeral allowance 5 months (10 if no survivors); survivor pension 50% (half the disability pension if the deceased was receiving one); lump sum 40 months; +10% per additional survivor up to 20%.	draft	5		
Q0791	OSH	OSH-35	勞工職業災害保險及保護法	第52條	民國110年4月30日	災保法-遺屬順序	2	請領遺屬年金、遺屬一次金及遺屬津貼之順序為何？	父母、配偶、子女、兄弟姊妹	子女、配偶、父母、祖父母	配偶、父母、子女、孫子女	配偶及子女、父母、祖父母、受扶養之孫子女、受扶養之兄弟姊妹	The order of entitlement to survivor benefits is:	Parents; spouse; children; siblings	Children; spouse; parents; grandparents	Spouse; parents; children; grandchildren	Spouse and children; parents; grandparents; dependent grandchildren; dependent siblings	d	第52條：順序為配偶及子女、父母、祖父母、受扶養之孫子女、受扶養之兄弟姊妹；當序遺屬存在時後順序不得請領；第一順序全部不符或死亡放棄或一年內未請領者第二順序得請領。第53條：以一人請領為限，二人以上應共同具領。	Article 52: five ranks; later ranks excluded while an earlier rank exists; Article 53: one claimant, joint claims for multiple eligible survivors.	draft	5		
Q0792	OSH	OSH-35	勞工職業災害保險及保護法	第55條	民國110年4月30日	災保法-失蹤給付	3	被保險人於作業中遭遇意外事故失蹤，失蹤給付按平均月投保薪資百分之多少發給？最長至何時？	百分之七十；失蹤滿三年	百分之百；三個月	百分之五十；六個月	百分之七十；失蹤滿一年之前一日或受死亡宣告確定之前一日	The missing-person benefit is paid at what percentage of average insured salary, and until when at most?	70%; 3 years	100%; 3 months	50%; 6 months	70%; the day before one year of disappearance or a court death declaration	d	第55條：失蹤給付按平均月投保薪資百分之七十，於每滿三個月之期末給付一次，至生還之前一日、失蹤滿一年之前一日或受死亡宣告裁判確定死亡之前一日止；失蹤滿一年或受死亡宣告時遺屬得請領死亡給付。	Article 55: 70%, paid every three months, until return, one year of disappearance or a death declaration, after which death benefits apply.	draft	5		
Q0793	OSH	OSH-35	勞工職業災害保險及保護法	第58條	民國110年4月30日	災保法-減額	3	被保險人同時請領職災保險年金與其他社會保險年金時，職災保險年金減額調整之比率上限為何？	百分之七十	百分之三十	百分之百	百分之五十	When an insured person receives both an occupational accident pension and another social insurance pension, the reduction of the accident pension is capped at:	70%	30%	100%	50%	d	第58條：因不同保險事故同時請領本保險或其他社會保險年金給付時，本保險年金應考量數目金額種類及生活保障因素予以減額調整，減額比率以百分之五十為上限。第29條：同一事故同時符合多種社會保險給付條件時僅得擇一請領。	Article 58: reduction up to 50%; Article 29: for the same event, only one social insurance benefit may be chosen.	draft	5		
Q0794	OSH	OSH-35	勞工職業災害保險及保護法	第62條	民國110年4月30日	災保法-預防重建經費	3	中央主管機關得於職災保險年度應收保險費百分之多少及歷年經費執行賸餘額度範圍內編列經費，辦理職災預防及重建？	百分之二十	百分之五	百分之十	百分之三十	The central authority may budget up to what share of the annual premiums due for accident prevention and rehabilitation?	20%	5%	10%	30%	a	第62條：得於年度應收保險費百分之二十及歷年經費執行賸餘額度範圍內編列經費，辦理職業災害預防、預防職業病健康檢查、職業傷病通報轉介及個案服務、職災勞工重建、捐補助職災預防及重建中心等事項。	Article 62: 20% of annual premiums plus prior surpluses, for prevention, health checks, reporting and case services, rehabilitation, and the Prevention and Rehabilitation Center.	draft	5		
Q0795	OSH	OSH-35	勞工職業災害保險及保護法	第64條	民國110年4月30日	災保法-重建	2	主管機關提供職業災害勞工之重建服務事項包括哪四項？	僅醫療復健	醫療復健、社會復健、職能復健、職業重建	保險理賠、法律訴訟	住宅補助、子女教育	The four rehabilitation services for occupational accident workers are:	Medical only	Medical, social, vocational-capacity (occupational) and vocational (career) rehabilitation	Insurance claims and litigation	Housing and education subsidies	b	第64條：醫療復健（診治療養回復正常生活）、社會復健（心理支持社會適應福利諮詢權益維護）、職能復健（職能評估強化訓練復工協助）、職業重建（職業輔導評量職業訓練就業服務職務再設計創業輔導等）。涉及社福或醫療者應協調衛福主管機關。	Article 64: medical, social, occupational (functional) and vocational rehabilitation, coordinated with health and welfare authorities where needed.	draft	5		
Q0796	OSH	OSH-35	勞工職業災害保險及保護法	第66條	民國110年4月30日	災保法-職能復健	2	雇主或職業災害勞工得向何者申請協助擬訂復工計畫、工作分析、功能性能力評估及強化訓練？	地方社會局	勞動檢查機構	勞工保險局	中央主管機關認可之職能復健專業機構	Employers or injured workers may apply for return-to-work plans, job analysis and functional capacity evaluation from:	The local social affairs bureau	Labor inspection agencies	The Bureau of Labor Insurance	Occupational rehabilitation institutions accredited by the central authority	d	第66條：雇主或職災勞工得向中央主管機關認可之職能復健專業機構申請協助擬訂復工計畫、工作分析、功能性能力評估及強化訓練等職能復健服務；專業機構得申請補助。第67條：醫療終止後雇主應依復工計畫協助恢復原工作，無法者協議安置適當工作並提供輔助設施。	Article 66: accredited occupational rehabilitation institutions, subsidized; Article 67: the employer must then help the worker return to the original or a suitable job with necessary aids.	draft	5		
Q0797	OSH	OSH-35	勞工職業災害保險及保護法	第67條	民國110年4月30日	災保法-復工	2	職業災害勞工經醫療終止後，雇主應如何？	依復工計畫協助恢復原工作；無法者經協議按健康狀況及能力安置適當工作，並提供必要輔助設施	直接資遣	要求辭職	降薪留用	After medical treatment ends, the employer must:	Help the worker return to the original job per the return-to-work plan, or by agreement place them in suitable work, providing necessary aids	Lay them off	Ask them to resign	Retain with a pay cut	a	第67條：應依復工計畫協助恢復原工作，無法恢復者經勞雇協議按健康狀況及能力安置適當工作；應提供必要輔助設施（器具、工作環境設備機具改善），得向地方主管機關申請補助。第95條：未協助恢復原工作或安置者處五萬元以上三十萬元以下罰鍰並限期改善。	Article 67: return-to-work support, suitable placement and assistive facilities (subsidies available); Article 95: violation → NT$50,000–300,000 fine.	draft	5		
Q0798	OSH	OSH-35	勞工職業災害保險及保護法	第68條	民國110年4月30日	災保法-職能復健津貼	3	被保險人因職業傷病於認可機構進行職能復健期間，得請領之職能復健津貼合計最長發給幾日？	九十日	三十日	一百八十日	三百六十五日	The occupational rehabilitation allowance during rehabilitation at an accredited institution is paid for at most:	90 days	30 days	180 days	365 days	c	第68條：於認可開設職業傷病門診之醫療機構或認可之職能復健專業機構進行職能復健期間，得向地方主管機關請領職能復健津貼，合計最長發給一百八十日。第69條：僱用職災勞工協助復工調整職務或僱用其他單位職災勞工之事業單位得申請補助。	Article 68: up to 180 days in total; Article 69: employers assisting return to work or hiring other units' injured workers may apply for subsidies.	draft	5		
Q0799	OSH	OSH-35	勞工職業災害保險及保護法	第70條	民國110年4月30日	災保法-重建中心	2	為統籌辦理職業災害預防及職業災害勞工重建業務，中央主管機關應捐助成立何種機構？	勞工保險局	國家職業訓練中心	職業安全衛生署	財團法人職業災害預防及重建中心	To coordinate accident prevention and worker rehabilitation, the central authority must endow:	The Bureau of Labor Insurance	A national vocational training center	The OSHA	The Occupational Accident Prevention and Rehabilitation Center (a foundation)	d	第70條：中央主管機關應捐助成立財團法人職業災害預防及重建中心，捐助章程由中央主管機關定之。第71條經費來源包括第62條經費捐補助、政府捐補助、受託業務收入、基金孳息、捐贈等；第72條應建立內控稽核制度並定期查核、評鑑結果送立法院備查。	Article 70: a foundation with a charter set by the central authority; Articles 71–72 cover funding, internal controls, audits and evaluation reported to the Legislative Yuan.	draft	5		
Q0800	OSH	OSH-35	勞工職業災害保險及保護法	第73條	民國110年4月30日	災保法-職業傷病通報	2	中央主管機關得補助認可之醫療機構辦理職業傷病門診、通報、個案管理等；下列何人得向主管機關通報勞工遭遇職業傷病？	僅醫師	僅雇主	僅勞動檢查員	雇主、醫療機構、其他知悉人員及遭遇職業傷病之勞工本人	Who may report a worker's occupational injury or disease to the authorities?	Physicians only	Employers only	Labor inspectors only	Employers, medical institutions, other persons who know of it, and the worker themselves	d	第73條：認可醫療機構辦理職業傷病門診、整合服務、區域網絡、個案管理、通報、疑似職業病實地訪視等；醫師對職業病因果關係診斷困難時得轉介認可機構；雇主、醫療機構或其他人員知悉勞工遭遇職業傷病者及勞工本人得向主管機關通報。	Article 73: accredited hospitals run occupational injury clinics and reporting networks; employers, medical institutions, anyone aware, and the worker may report.	draft	5		
Q0801	OSH	OSH-35	勞工職業災害保險及保護法	第75條	民國110年4月30日	災保法-職業病鑑定	3	保險人於審核職業病給付案件認有必要時，得向何者申請職業病鑑定？鑑定會如何組成？	法院；由法官組成	地方政府；由醫院組成	中央主管機關；建置職業病鑑定專家名冊並依疾病類型遴聘委員組成職業病鑑定會	勞動檢查機構；由檢查員組成	When needed, the insurer may apply for occupational disease appraisal to whom, and how is the appraisal panel formed?	The court, from judges	The local government, from hospitals	The central authority, which keeps an expert roster and appoints panel members by disease type	The inspection agency, from inspectors	c	第75條：保險人認有必要得向中央主管機關申請職業病鑑定；被保險人對職業病給付有爭議且經認可醫療機構職醫診斷罹患職業病者，於申請審議時得請保險人逕向中央主管機關申請鑑定；中央主管機關應建置職業病鑑定專家名冊，依疾病類型遴聘委員組成鑑定會。第76條：鑑定會得會同調查，雇主勞工不得規避妨礙拒絕。	Article 75: central authority appraisal with panels drawn from an expert roster; Article 76: investigations that employers and workers must not obstruct.	draft	5		
Q0802	OSH	OSH-35	勞工職業災害保險及保護法	第78條	民國110年4月30日	災保法-退保後職業病	3	被保險人從事指定有害作業，於退保後經認可醫療機構職醫診斷係因保險有效期間執行職務致罹患職業病者，得申請何種補助？	醫療補助、失能或死亡津貼	老年給付	僅醫療給付	失業給付	A former insured worker diagnosed after leaving insurance with an occupational disease caused during coverage may apply for:	Medical subsidies and disability or death allowances	Old-age benefits	Medical benefits only	Unemployment benefits	a	第78條：從事第63條第2項指定有害作業者於退保後經認可醫療機構職業醫學科專科醫師診斷係因保險有效期間執行職務致罹患職業病，得向保險人申請醫療補助、失能或死亡津貼，並得依第79、80條申請器具補助及照護補助。第63條：從事指定有害作業者得申請預防職業病健康檢查及健康追蹤檢查。	Article 78: medical subsidy, disability or death allowance, plus assistive device and care subsidies under Articles 79–80; Article 63 provides preventive and follow-up health checks.	draft	5		
Q0803	OSH	OSH-35	勞工職業災害保險及保護法	第81條	民國110年4月30日	災保法-未加保	2	未加入職災保險之勞工，遭遇職業傷病致失能或死亡，得向保險人申請何種補助？	失蹤給付	照護補助、失能補助或死亡補助	傷病給付	保險給付	Workers not enrolled in the insurance who suffer disability or death from occupational injury may apply for:	Missing-person benefits	Care, disability or death subsidies	Injury/sickness benefits	Insurance benefits	b	第81條：未加入本保險之勞工遭遇職業傷病致失能或死亡，得向保險人申請照護補助、失能補助或死亡補助。第101條：施行前應加保而未加保之雇主，勞工發生死亡或失能經依舊法補助者處補助金額相同額度罰鍰。	Article 81: care, disability or death subsidies; Article 101: employers who failed to insure face a fine equal to the subsidy paid.	draft	5		
Q0804	OSH	OSH-35	勞工職業災害保險及保護法	第84條	民國110年4月30日	災保法-終止契約	2	雇主在何種情形下始得預告終止與職業災害勞工之勞動契約？	勞工請假過多	公司組織調整	勞工年資已滿	歇業或重大虧損報經核定、經評鑑合格醫院認定身心障礙不堪勝任工作、天災事變不可抗力致不能繼續經營報經核定	An employer may give notice to terminate an injured worker's contract only when:	The worker takes too much leave	Corporate restructuring	Seniority is complete	Business closure or major losses approved by the authority; an accredited hospital finds the worker unfit; or force majeure ends the business with approval	d	第84條：非有歇業或重大虧損報經主管機關核定、職災勞工經醫療終止後經評鑑合格醫院認定身心障礙不堪勝任工作、天災事變或不可抗力致事業不能繼續經營報經核定之情形，雇主不得預告終止勞動契約；預告準用勞基法。第85條：職災勞工得終止契約之情形（不堪勝任、事業單位消滅、雇主未協助復工或安置、安置未達協議）。	Article 84: the three situations, with notice per the Labor Standards Act; Article 85 lists when the worker may terminate.	draft	5		
Q0805	OSH	OSH-35	勞工職業災害保險及保護法	第88條	民國110年4月30日	災保法-傷病假	2	職業災害未認定前，勞工得先請何種假？認定為職業災害後如何處理？	特別休假；不變	普通傷病假，期滿申請留職停薪雇主應准；認定後改以公傷病假處理	事假；不變	無薪假；解僱	Before an occupational accident is confirmed, what leave may the worker take, and afterwards?	Annual leave; unchanged	Ordinary sick leave, then unpaid leave on request; converted to occupational injury leave once confirmed	Personal leave; unchanged	Unpaid leave; dismissal	b	第88條：職業災害未認定前勞工得先請普通傷病假，期滿申請留職停薪者雇主應予留職停薪；經認定為職業災害者再以公傷病假處理。第95條：未予普通傷病假、留職停薪或公傷病假者處五萬元以上三十萬元以下罰鍰。	Article 88: ordinary sick leave and unpaid leave pending confirmation, then occupational injury leave; Article 95: violation → NT$50,000–300,000.	draft	5		
Q0806	OSH	OSH-35	勞工職業災害保險及保護法	第89條	民國110年4月30日	災保法-承攬連帶	2	事業單位以其事業招人承攬時，就承攬人所使用之勞工之職業災害補償，責任為何？	應與承攬人連帶負職業災害補償責任，再承攬亦同；補償後對勞工之雇主有求償權	由承攬人單獨負責	由勞保局負責	由勞工自行負責	When an enterprise contracts out its business, liability for occupational accident compensation to the contractor's workers is:	Joint and several with the contractor (and subcontractors), with a right of recourse against the worker's employer	The contractor's alone	The Bureau of Labor Insurance's	The worker's own	a	第89條：事業單位以其事業招人承攬，就承攬人於承攬部分所使用之勞工應與承攬人連帶負職業災害補償責任，再承攬者亦同；就其所補償部分對職災勞工之雇主有求償權；補償標準依勞基法，已由雇主支付之費用得抵充。	Article 89: joint liability with contractors and subcontractors, recourse against the employer, standards per the Labor Standards Act with offsets.	draft	5		
Q0807	OSH	OSH-35	勞工職業災害保險及保護法	第91條	民國110年4月30日	災保法-賠償	2	勞工因職業災害所致之損害，雇主應負賠償責任，但何種情形不在此限？	雇主能證明無過失者	勞工為外籍人士者	事故發生於下班途中者	勞工已領保險給付者	Employers are liable for damages from occupational accidents unless:	The employer proves it was not at fault	The worker is a foreign national	The accident happened while commuting	The worker received insurance benefits	a	第91條：勞工因職業災害所致之損害，雇主應負賠償責任，但雇主能證明無過失者不在此限。第90條：雇主已依勞基法第59條給與補償者得於勞工領保險給付後就抵充金額請求返還；已依本法投保並繳費者，補償以平均工資與平均投保薪資之差額計算。	Article 91: presumed liability rebuttable by proof of no fault; Article 90: offsets against Labor Standards Act compensation.	draft	5		
Q0808	OSH	OSH-35	勞工職業災害保險及保護法	第93條	民國110年4月30日	災保法-罰則	3	雇主未依規定給付職業災害勞工資遣費、退休金或離職金者，處罰為何？	新臺幣三十萬元以上一百五十萬元以下罰鍰，並令限期給付，屆期未給付按次處罰	僅警告	五萬元以上三十萬元以下罰鍰	二萬元以上十萬元以下罰鍰	Employers who fail to pay severance, pension or separation pay to injured workers as required face:	A fine of NT$300,000–1,500,000 with an order to pay, repeated if unpaid	A warning only	NT$50,000–300,000	NT$20,000–100,000	a	第93條：違反第86條未依勞基法或勞退條例標準期限給付退休金資遣費，或離職金低於資遣費標準或未於三十日內給付者，處三十萬元以上一百五十萬元以下罰鍰，令限期給付，屆期未給付按次處罰。第100條：受罰者應公布名稱負責人姓名處分日期字號條文事實及金額。	Article 93: NT$300,000–1.5 million, repeatable; Article 100: penalized units are publicly named.	draft	5		
Q0809	OSH	OSH-35	勞工職業災害保險及保護法	第92條	民國110年4月30日	災保法-詐領	3	以詐欺或其他不正當行為領取保險給付、津貼、補助或申報醫療費用者，處罰為何？	警告	按其領取金額處以二倍罰鍰，並得請求損害賠償，涉刑責移送司法機關	一倍罰鍰	僅追回	Obtaining benefits, allowances, subsidies or medical payments by fraud is punished by:	A warning	A fine of twice the amount obtained, plus civil damages and criminal referral	A fine equal to the amount	Recovery only	b	第92條：以詐欺或不正當行為領取保險給付津貼補助或為虛偽證明報告陳述及申報醫療費用者，按其領取金額處以二倍罰鍰；保險人或職安署得依民法請求損害賠償；涉及刑責移送司法機關；特約醫院診所因此領取之醫療費用由健保保險人在應領費用內扣除。	Article 92: double fine, civil damages, criminal referral, and clawback of hospital payments through the NHI.	draft	5		
Q0810	OSH	OSH-22	女性勞工母性健康保護實施辦法	第2條	民國113年5月31日	母性保護-定義	2	女性勞工母性健康保護實施辦法所稱「母性健康保護期間」為何？	分娩後六個月	妊娠期間	分娩後三年	雇主得知女性勞工妊娠之日起至分娩後一年之期間	The 'maternal health protection period' is:	Six months after childbirth	The pregnancy only	Three years after childbirth	From the day the employer learns of the pregnancy until one year after childbirth	d	第2條：母性健康保護指對從事有母性健康危害之虞之工作所採取之措施，包括危害評估與控制、醫師面談指導、風險分級管理、工作適性安排等；保護期間指雇主於得知女性勞工妊娠之日起至分娩後一年之期間。第15條：分娩滿一年仍哺乳者得請求採取保護。	Article 2: from knowledge of pregnancy to one year postpartum; Article 15: breastfeeding workers may request protection beyond one year.	draft	5		
Q0811	OSH	OSH-22	女性勞工母性健康保護實施辦法	第3條	民國113年5月31日	母性保護-適用	2	應配置醫護人員之事業單位，其保護期間勞工從事下列何種工作應實施母性健康保護？	所有文書工作	僅高溫作業	僅噪音作業	暴露於 CNS 15030 生殖毒性第一級、生殖細胞致突變性第一級或影響哺乳之化學品，及作業姿勢、人力提舉、輪班夜班、單獨工作等易造成健康危害之工作	Enterprises required to have medical staff must implement maternal health protection when protected workers do:	All clerical work	Heat work only	Noise work only	Work exposed to CNS 15030 Category 1 reproductive toxicants or germ-cell mutagens or lactation-harmful chemicals, and work with hazardous postures, manual handling, shift/night work, lone work or heavy workload	d	第3條：依健康保護規則第3或4條應配置醫護人員之事業單位，勞工於保護期間從事暴露於生殖毒性物質第一級、生殖細胞致突變性物質第一級或對哺乳功能有不良影響之化學品，或作業姿勢、人力提舉搬運推拉重物、輪班、夜班、單獨工作及工作負荷等易造成健康危害之工作，應實施母性健康保護。第4條：鉛作業事業使女性從事鉛散布場所工作亦應實施。	Article 3: chemical exposures and ergonomic/organizational hazards; Article 4: lead-exposed workplaces regardless of size.	draft	5		
Q0812	OSH	OSH-22	女性勞工母性健康保護實施辦法	第6條	民國113年5月31日	母性保護-評估	2	雇主辦理母性健康保護，應使何人會同何人辦理危害辨識評估、風險分級及改善？	保全人員會同工會	職業安全衛生人員會同從事勞工健康服務之醫護人員	財務人員會同醫師	人資人員會同主管	Maternal health hazard assessment, risk grading and improvement must be carried out by:	Security with the union	OSH personnel together with labor health service medical and nursing staff	Finance staff with a physician	HR staff with managers	b	第6條：應使職業安全衛生人員會同從事勞工健康服務醫護人員辨識與評估工作場所環境及作業之危害（物理性化學性生物性人因性工作流程及型態）、依評估結果區分風險等級並分級管理、協助改善與預防管理；依附表一填寫作業場所危害評估及採行措施並由醫護人員告知勞工。第7條：應使醫護人員與勞工面談並提供健康指導，異常者轉介專科醫師；勞工依附表二填寫健康情形並提供孕婦健康手冊。	Article 6: OSH personnel jointly with health service staff, using Annex 1; Article 7: physician/nurse interviews with health guidance and specialist referral.	draft	5		
Q0813	OSH	OSH-22	女性勞工母性健康保護實施辦法	第9條	民國113年5月31日	母性保護-分級	3	母性健康保護風險分級中，作業場所空氣中暴露濃度在容許暴露標準十分之一以上未達二分之一者，屬第幾級管理？	第二級管理	第四級管理	第一級管理	第三級管理	Under maternal health risk grading, airborne exposure between one tenth and one half of the permissible exposure limit is:	Level 2	Level 4	Level 1	Level 3	a	第9條：第一級為暴露濃度低於容許暴露標準十分之一或經醫師評估無害；第二級為十分之一以上未達二分之一或經醫師評估可能影響；第三級為二分之一以上或經醫師評估有危害母體胎兒或嬰兒健康；輻射場所依游離輻射防護安全標準。	Article 9: Level 1 below 1/10 PEL or judged harmless; Level 2 from 1/10 to under 1/2 or possibly harmful; Level 3 at 1/2 or above or judged harmful.	draft	5		
Q0814	OSH	OSH-22	女性勞工母性健康保護實施辦法	第10條	民國113年5月31日	母性保護-鉛	3	女性勞工從事鉛及其化合物散布場所之工作，血中鉛濃度在多少以上屬第三級管理？	四十 μg/dl 以上	十 μg/dl 以上	五 μg/dl 以上	二十 μg/dl 以上	For female workers in lead-exposed workplaces, a blood lead level of at least what is Level 3 management?	40 μg/dl	10 μg/dl	5 μg/dl	20 μg/dl	b	第10條：血中鉛濃度低於五 μg/dl 為第一級；五 μg/dl 以上未達十 μg/dl 為第二級；十 μg/dl 以上為第三級；經醫師評估須調整者不在此限。	Article 10: Level 1 below 5 μg/dl; Level 2 from 5 to under 10; Level 3 at 10 or above, subject to physician adjustment.	draft	5		
Q0815	OSH	OSH-22	女性勞工母性健康保護實施辦法	第11條	民國113年5月31日	母性保護-措施	3	母性健康保護風險等級屬第三級管理者，雇主應如何？	不需處理	即採取工作環境改善及有效控制措施，完成後重新評估，並依醫師適性評估建議變更工作條件、調整工時或調換工作	僅口頭告知	經勞工書面同意繼續原工作	For workers at maternal health risk Level 3, the employer shall:	Do nothing	Immediately improve and control the work environment, re-evaluate, and follow the physician's advice to change conditions, hours or job	Only inform verbally	Continue the same work with written consent	b	第11條：第二級管理者應使醫師提供個人面談指導並採取危害預防措施；第三級應即採取工作環境改善及有效控制措施，完成改善後重新評估，並由醫師註明不適宜作業；第一級或第二級經醫師評估可繼續原工作者應說明危害資訊經當事人書面同意後始得為之；第三級應依醫師適性評估建議變更工作條件、調整工時、調換工作。	Article 11: Level 2 gets physician counseling and precautions; Level 3 requires immediate control measures, re-evaluation and job adjustments; Levels 1–2 may continue only with informed written consent.	draft	5		
Q0816	OSH	OSH-22	女性勞工母性健康保護實施辦法	第14條	民國113年5月31日	母性保護-紀錄	2	雇主依母性健康保護辦法採取之危害評估、面談指導、適性評估等紀錄，應至少保存幾年？	三年	七年	一年	五年	Records of maternal health hazard assessments, interviews and fitness evaluations must be kept at least:	3 years	7 years	1 year	5 years	a	第14條：危害評估、控制方法、面談指導、適性評估及相關採行措施之執行情形均應記錄，文件及紀錄至少保存三年；個資之蒐集處理利用應遵守個人資料保護法。第13條：應尊重勞工意願並依勞基法、性別平等工作法及游離輻射防護法辦理，勞工有配合義務。	Article 14: three years with personal data protection; Article 13: respect worker wishes, comply with labor, gender equality and radiation laws.	draft	5		
Q0817	OSH	OSH-20	妊娠與分娩後女性及未滿十八歲勞工禁止從事危險性或有害性工作認定標準	第2條附表一	民國114年11月20日	未成年-禁止	2	雇主不得使未滿十八歲者從事之工作，下列何者屬之？	餐飲服務	坑內工作、處理爆炸性易燃性物質、鉛汞鉻砷等有害物散布場所、有害輻射、有害粉塵、運轉中機器危險部分之掃除上油、超過二百二十伏特電力線銜接、鍋爐燒火操作、起重機運轉等	零售收銀	一般文書作業	Which work is prohibited for persons under 18?	Food service	Underground work, handling explosives/flammables, lead/mercury/chromium/arsenic exposure, radiation, harmful dust, cleaning/oiling running machinery, connecting lines over 220 V, boiler firing, crane operation, etc.	Retail cashiering	General clerical work	b	附表一列十五類：坑內工作；爆炸性易燃性物質；鉛汞鉻砷黃磷氯氣氰化氫苯胺散布場所；有害輻射；有害粉塵；運轉中機器危險部分之掃除上油檢查修理；超過二百二十伏特電力線銜接；已熔礦物礦渣處理；鍋爐燒火操作；鑿岩機等顯著振動；一定重量以上重物處理；起重機人字臂起重桿運轉；動力捲揚機運搬機索道運轉；橡膠合成樹脂滾輾；其他指定（爆竹煙火、大型帶鋸圓盤鋸、動力衝剪鍛造、異常氣壓、高壓氣體製造、致癌物質等）。	Annex 1 lists fifteen categories including mines, explosives, heavy metals, radiation, dust, running machinery, high voltage, molten metal, boilers, vibration tools, heavy loads, cranes, hoists, rubber rolling and designated work such as fireworks, large saws, presses, hyperbaric work and carcinogens.	draft	5		
Q0818	OSH	OSH-20	妊娠與分娩後女性及未滿十八歲勞工禁止從事危險性或有害性工作認定標準	第2條附表一	民國114年11月20日	未成年-重物	3	十六歲以上未滿十八歲之勞工從事重物處理作業，斷續性作業及持續性作業之重量規定值各為多少公斤？	十公斤；六公斤	十二公斤；八公斤	三十公斤；二十公斤	二十五公斤；十五公斤	For workers aged 16 to under 18, the weight limits for intermittent and continuous heavy-load handling are:	10 kg; 6 kg	12 kg; 8 kg	30 kg; 20 kg	25 kg; 15 kg	d	附表一第十一項：十五歲以上未滿十六歲者斷續性作業十二公斤、持續性作業八公斤；十六歲以上未滿十八歲者斷續性二十五公斤、持續性十五公斤以上之重物處理作業，不得使其從事。	Annex 1 item 11: ages 15–15: 12 kg intermittent / 8 kg continuous; ages 16–17: 25 kg / 15 kg.	draft	5		
Q0819	OSH	OSH-20	妊娠與分娩後女性及未滿十八歲勞工禁止從事危險性或有害性工作認定標準	第3條附表二	民國114年11月20日	妊娠-禁止	2	雇主不得使妊娠中之女性勞工從事之工作，下列何者屬之？	辦公室文書	電話客服	礦坑工作、鉛散布場所、異常氣壓、暴露於弓形蟲或德國麻疹、二硫化碳三氯乙烯環氧乙烷等化學品、顯著振動、一定重量以上重物、有害輻射、起重機運轉、B型肝炎水痘肺結核等感染風險、抗細胞分裂劑等	一般零售	Which work is prohibited for pregnant workers?	Office clerical work	Phone customer service	Mines, lead exposure, abnormal pressure, toxoplasma or rubella exposure, chemicals such as CS2/TCE/ethylene oxide, vibration, heavy loads, radiation, crane operation, hepatitis B/varicella/TB infection risk, cytotoxic drugs, etc.	General retail	c	附表二列十四類：礦坑；鉛及其化合物散布場所；異常氣壓；弓形蟲德國麻疹（已具免疫者除外）；二硫化碳三氯乙烯環氧乙烷丙烯醯胺次乙亞胺砷汞等；顯著振動；一定重量以上重物；有害輻射；已熔礦物礦渣；起重機人字臂起重桿運轉；動力捲揚機運搬機索道；橡膠合成樹脂滾輾；B型肝炎水痘C型肝炎HIV肺結核等感染風險；抗細胞分裂劑及細胞毒性藥物。	Annex 2 lists fourteen categories from mining and lead to biological agents and cytotoxic drugs.	draft	5		
Q0820	OSH	OSH-20	妊娠與分娩後女性及未滿十八歲勞工禁止從事危險性或有害性工作認定標準	第3條附表二	民國114年11月20日	妊娠-重物	3	妊娠中之女性勞工從事重物處理作業，斷續性作業及持續性作業之規定值各為多少公斤？	十五公斤；十公斤	三十公斤；二十公斤	十公斤；六公斤	二十五公斤；十五公斤	For pregnant workers, heavy-load handling limits for intermittent and continuous work are:	15 kg; 10 kg	30 kg; 20 kg	10 kg; 6 kg	25 kg; 15 kg	c	附表二第七項：妊娠中女性勞工不得從事重量在斷續性作業十公斤、持續性作業六公斤以上之重物處理作業。附表三：分娩後未滿六個月者斷續性十五公斤持續性十公斤；分娩滿六個月未滿一年者斷續性三十公斤持續性二十公斤，但經醫師評估能負重者不在此限。	Annex 2 item 7: 10 kg / 6 kg; Annex 3: under 6 months postpartum 15/10 kg, 6–12 months 30/20 kg unless a physician approves.	draft	5		
Q0821	OSH	OSH-20	妊娠與分娩後女性及未滿十八歲勞工禁止從事危險性或有害性工作認定標準	第4條附表三	民國114年11月20日	分娩後-禁止	3	雇主不得使分娩後未滿一年之女性勞工從事之工作，下列何者屬之？	有害輻射	礦坑工作、鉛及其化合物散布場所、鑿岩機等顯著振動、一定重量以上重物處理	異常氣壓	起重機運轉	Which work is prohibited for women within one year after childbirth?	Radiation	Mines, lead exposure, vibration tools such as rock drills, and heavy-load handling above limits	Abnormal pressure	Crane operation	b	附表三列五類：礦坑工作；鉛及其化合物散布場所之工作；鑿岩機及其他顯著振動之工作；一定重量以上之重物處理（分娩未滿六個月斷續十五持續十公斤、六個月至一年斷續三十持續二十公斤，經醫師評估能負重者除外）；其他經中央主管機關規定者。	Annex 3: mining, lead, significant vibration, heavy loads (15/10 kg under 6 months; 30/20 kg from 6 to 12 months unless cleared by a physician).	draft	5		
Q0822	OSH	OSH-20	妊娠與分娩後女性及未滿十八歲勞工禁止從事危險性或有害性工作認定標準	第5條	民國114年11月20日	認定標準-施行	3	妊娠與分娩後女性及未滿十八歲勞工禁止工作認定標準 114年11月20日修正之附表一工作別五（有害粉塵），自何時施行？	一百十五年一月一日	一百十五年七月一日	一百十六年一月一日	一百十四年十一月二十日	The 2025 (ROC 114) amendment to Annex 1 item 5 (harmful dust) takes effect on:	1 January 2026	1 July 2026	1 January 2027 (ROC 116)	20 November 2025	c	第5條：本標準自103年7月3日施行；114年11月20日修正發布之第2條附表一工作別五自116年1月1日施行外，自發布日施行。第2條第2項：未滿十五歲者不得從事第29條第1項所定危險性或有害性工作。	Article 5: item 5 of Annex 1 effective 1 January ROC 116; other amendments effective on promulgation.	draft	5		
Q0823	OSH	OSH-21	事業單位僱用女性勞工夜間工作場所必要之安全衛生設施標準	第1條	民國104年3月31日	女性夜間-法源	1	事業單位僱用女性勞工夜間工作場所必要之安全衛生設施標準係依何法訂定？	職業安全衛生法第六條	勞動基準法第四十九條第二項	勞動檢查法	性別平等工作法	The Standards for Safety and Health Facilities for Female Night Workers are enacted under:	OSH Act Article 6	Labor Standards Act Article 49(2)	The Labor Inspection Act	The Gender Equality in Employment Act	b	第1條：本標準依勞動基準法第四十九條第二項規定訂定之。	Article 1: under Article 49(2) of the Labor Standards Act.	draft	5		
Q0824	OSH	OSH-21	事業單位僱用女性勞工夜間工作場所必要之安全衛生設施標準	第3條	民國104年3月31日	女性夜間-設施	2	依女性勞工夜間工作場所設施標準，雇主於夜間工作時間內對安全門及安全梯應如何？	不得上鎖，其通道不得堆置物品	應上鎖以防外人	關閉照明	得堆置物品	During night work, emergency exits and stairs must be:	Kept unlocked with passages free of stored items	Locked against intruders	Unlit	Available for storage	a	第3條：安全門及安全梯夜間工作時間內不得上鎖，通道不得堆置物品。第4條：出入口樓梯通道安全門廁所停車場等應有適當照明；第5條：應設緊急照明系統；第6條：主要人行道及安全門安全梯應有夜間足以辨識之明顯標示；第7條：空氣充分流通；第8條：提供保全、守衛或電子監視裝備。	Article 3: unlocked and unobstructed; Articles 4–8: lighting, emergency lighting, visible signs, ventilation, and security guards or CCTV.	draft	5		
Q0825	OSH	OSH-21	事業單位僱用女性勞工夜間工作場所必要之安全衛生設施標準	第9條	民國104年3月31日	女性夜間-非支配場所	2	勞工非於雇主所能支配管理之工作場所夜間工作者，雇主應如何？	事前執行危害辨識、告知環境危害因素及制定防護措施，施以安全衛生教育訓練，必要時提供個人防護設施	不需處理	僅提供交通	禁止夜間工作	For female night workers working outside premises the employer controls, the employer shall:	Identify hazards in advance, inform workers of environmental hazards, set protective measures, provide training and PPE if necessary	Do nothing	Only provide transport	Ban night work	a	第9條：勞工非於雇主所能支配、管理之工作場所工作者，雇主應事前執行危害辨識、告知勞工工作環境危害因素及制定防護措施，並對勞工施以安全衛生教育及訓練，必要時提供個人防護設施。	Article 9: prior hazard identification, disclosure, protective measures, training and PPE where necessary.	draft	5		
Q0826	OSH	OSH-16	精密作業勞工視機能保護設施標準	第3條	民國103年6月30日	精密作業-定義	2	精密作業勞工視機能保護設施標準所稱精密作業，指從事凝視作業且每日凝視作業時間合計在幾小時以上者？	六小時以上	一小時以上	二小時以上	四小時以上	'Precision work' under the visual protection standards is listed gaze-intensive work totaling at least how many hours per day?	6 hours	1 hour	2 hours	4 hours	c	第3條：精密作業指使勞工從事列舉之凝視作業（線徑0.16毫米以下線圈繞線、精密零件切削量測、鐘錶珠寶鑲製、製圖印刷校對、紡織穿針、織物瑕疵檢驗、瓶裝浮游物檢查、放大鏡顯微鏡檢驗半導體積體電路光纖、顯示器調整檢視、組織培養微生物判片、印刷電路板插件焊接、硬碟拋光檢視、隱形眼鏡檢視、蒸鍍鏡片檢視等）且每日凝視作業時間合計在二小時以上者。	Article 3: fifteen listed types of close visual work (fine winding, precision machining, watches and jewelry, proofreading, threading, fabric inspection, microscopy of semiconductors, display adjustment, PCB assembly, etc.) totaling 2+ hours daily.	draft	5		
Q0827	OSH	OSH-16	精密作業勞工視機能保護設施標準	第4條	民國103年6月30日	精密作業-照明	2	從事精密作業時，作業台面局部照明不得低於多少米燭光？	三百米燭光	一千米燭光	二千米燭光	五百米燭光	For precision work, local illumination on the work surface must be at least:	300 lux	1,000 lux	2,000 lux	500 lux	b	第4條：應依作業需要施予適當照明，除第3條第8款至第11款（放大鏡顯微鏡檢驗、顯示器檢視、組織培養判片、磁蕊穿線）得酌減外，作業台面局部照明不得低於一千米燭光。第5條：作業台面不得產生反射耀眼光線並採對比色；第6條：發光背景光度應均勻。	Article 4: 1,000 lux, with reductions allowed for microscope and display work; Articles 5–6: no glare, contrasting colors, uniform backlighting.	draft	5		
Q0828	OSH	OSH-16	精密作業勞工視機能保護設施標準	第7條	民國103年6月30日	精密作業-照明比	3	精密作業工作台面照明與其半徑一公尺以內接鄰地區照明之比率不得低於多少？與鄰近地區照明之比率不得低於多少？	一比二分之一；一比十分之一	一比五分之一；一比二十分之一	一比一；一比五分之一	一比十分之一；一比五十分之一	The ratio of work-surface illumination to the area within 1 m must not be below, and to the surrounding area not below:	1 : 1/2; 1 : 1/10	1 : 1/5; 1 : 1/20	1 : 1; 1 : 1/5	1 : 1/10; 1 : 1/50	b	第7條：工作台面照明與其半徑一公尺以內接鄰地區照明之比率不得低於一比五分之一，與鄰近地區照明之比率不得低於一比二十分之一。第8條：輔助局部照明時眼睛與光源連線和眼睛與注視點連線之角度應在三十度以上，否則應設遮光裝置。	Article 7: adjacent area at least one fifth, surrounding area at least one twentieth of the work-surface level; Article 8: auxiliary lights at 30° or more from the line of sight or shielded.	draft	5		
Q0829	OSH	OSH-16	精密作業勞工視機能保護設施標準	第9條	民國103年6月30日	精密作業-休息	2	從事精密作業連續作業二小時，應給予勞工至少幾分鐘休息？眼球與工作點之距離應保持約多少公分？	三十分鐘；五十公分	十五分鐘；三十公分	二十分鐘；四十公分	十分鐘；二十公分	Precision workers get at least how many minutes of rest per two hours of continuous work, and the eye-to-work distance should be about:	30 minutes; 50 cm	15 minutes; 30 cm	20 minutes; 40 cm	10 minutes; 20 cm	b	第9條：連續作業二小時給予至少十五分鐘休息。第10條：應注意作業姿態使眼球與工作點之距離保持在明視距離約三十公分，使用放大鏡顯微鏡者除外。第11條：應採取指導勞工保護眼睛之必要措施。	Article 9: 15 minutes per 2 hours; Article 10: about 30 cm viewing distance except with magnifiers or microscopes.	draft	5		
Q0830	OSH	OSH-17	重體力勞動作業勞工保護措施標準	第2條	民國103年6月30日	重體力-定義	2	以人力搬運或揹負重量在多少公斤以上物體之作業，屬重體力勞動作業？	五十公斤以上	三十公斤以上	二十公斤以上	四十公斤以上	Manual carrying or bearing of loads of at least what weight counts as heavy physical labor?	50 kg	30 kg	20 kg	40 kg	d	第2條：重體力勞動作業包括人力搬運或揹負四十公斤以上物體、站立姿勢伐木、手工具或動力手工具鑽岩挖掘、坑內人力搬運、薄板壓延二十公斤以上人力搬運及剝離、四點五公斤以上鎚敲擊、站立以鏟裝盛五公斤以上物體投入出料、金屬棒攪拌熔融金屬、壓床氣鎚十公斤以上鍛造、雙人八十公斤以上或單人搯金屬熔液澆鑄、人力拌合混凝土、人工拉力四十公斤以上纜索拉線等。	Article 2: 40 kg+ manual carrying, standing felling, rock drilling, underground carrying, 20 kg+ sheet rolling, 4.5 kg+ hammers, shoveling 5 kg+, stirring molten metal, forging 10 kg+, pouring 80 kg+ (two persons), hand-mixing concrete, cable pulling 40 kg+.	draft	5		
Q0831	OSH	OSH-17	重體力勞動作業勞工保護措施標準	第3條	民國103年6月30日	重體力-休息	2	雇主使勞工從事重體力勞動作業時，休息時間每小時不得少於幾分鐘？	十五分鐘	二十分鐘	三十分鐘	十分鐘	For heavy physical labor, rest time per hour must be at least:	15 minutes	20 minutes	30 minutes	10 minutes	b	第3條：應考慮勞工體能負荷減少工作時間給予充分休息，休息時間每小時不得少於二十分鐘。第4條：依勞工健康保護規則實施健康檢查及管理；第5條：充分供應飲用水及食鹽；第6條：致力改善作業方法減低頻率縮短距離減輕重量並儘量以機械代替人力。	Article 3: at least 20 minutes per hour; Articles 4–6: health management, water and salt, and mechanization to reduce manual effort.	draft	5		
Q0832	OSH	OSH-23	工業用機器人危害預防標準	第2條	民國107年2月14日	機器人-定義	2	工業用機器人危害預防標準所稱「可動範圍」係指？	依記憶裝置之訊息，操作機及機器人各部（含前端工具）在構造上可動之最大範圍	圍柵內之範圍	操作者站立之範圍	機器人所在之廠房	The 'operating range' of an industrial robot means:	The maximum structural range through which the manipulator and all robot parts, including end tools, can move per the memory device	The fenced area	Where the operator stands	The plant housing the robot	a	第2條：工業用機器人指具操作機及記憶裝置並依訊息自動作伸縮屈伸移動旋轉等動作之機器；可動範圍指依記憶裝置訊息，操作機及機器人各部（含設於操作機前端之工具）在構造上可動之最大範圍；教導相關作業指動作程序位置速度之設定變更確認；檢查相關作業指檢查修理調整清掃上油；協同作業指工作者與機器人共同合作之作業。	Article 2: maximum structural movement range including end-effector tools; also defines teaching work, inspection work and collaborative operation.	draft	5		
Q0833	OSH	OSH-23	工業用機器人危害預防標準	第5條	民國107年2月14日	機器人-機能	3	為防止工作者與機器人接觸引起危害，機器人從運轉狀態變換為教導狀態時應具何種機能？	發出聲響	自動加速	可自動降低操作機之動作速度（固定順序型除外）	自動關機	To prevent contact injuries, when switching from run to teach mode the robot must:	Sound an alarm	Speed up	Automatically reduce the manipulator's speed (except fixed-sequence robots)	Shut down	c	第5條：從運轉變換為教導狀態時可自動降低操作機動作速度（固定順序型除外）及輸出；油壓氣壓電壓變動、停電、關連機器故障、控制裝置異常時可自動停止並設指示燈；停止後非經人為再啟動不能開始動作；因工作者碰觸產生衝擊力時能自動停止。第4條：應具緊急停止裝置。	Article 5: automatic speed and output reduction in teach mode, auto-stop with indicator on power or control faults, no restart without manual reset, auto-stop on impact; Article 4: emergency stop device.	draft	5		
Q0834	OSH	OSH-23	工業用機器人危害預防標準	第7條	民國107年2月14日	機器人-控制面盤	2	機器人控制面盤之緊急停止裝置用開關應如何設置？	設於機器人內部	與其他開關並排	易操作之構造、設在易操作位置、設置紅色標示，四周不得設置可能發生錯誤操作之其他開關	綠色標示	The emergency stop switch on a robot control panel must be:	Inside the robot	Lined up with other switches	Easy to operate, in an accessible position, marked red, with no other switches nearby that could be mis-operated	Marked green	c	第7條：控制面盤具電源油壓氣壓開關、起動停止、動作狀態變換、速度設定、操作機動作、緊急停止等機能者應明確標示；緊急停止裝置用開關應為易操作之構造、設在易操作位置並設置紅色標示；其四周不得設置可能發生錯誤操作之其他開關。第8條：固定式控制面盤緊急停止以外之開關設護圈或為埋頭型。	Article 7: accessible, red-marked emergency stop with no error-prone switches around it; Article 8: other switches on fixed panels guarded or recessed.	draft	5		
Q0835	OSH	OSH-23	工業用機器人危害預防標準	第9條	民國107年2月14日	機器人-移動式面盤	3	機器人之移動式控制面盤（教導盒）在教導狀態下應具何種構造？	持續動作直到再按	僅能加速	無線遙控	動作開關放手時可自動使機器人立即停止之構造（三位置／自動復歸）	In teach mode, the pendant (portable control panel) must be built so that:	Motion continues until pressed again	It can only accelerate	It works wirelessly	Releasing the motion switch immediately stops the robot automatically	d	第9條：使用移動式控制面盤操作時除緊急停止外無法以其他裝置使機器人動作；在教導狀態下動作開關放手時可自動使機器人立即停止；移動電纜線應有必要之強度及耐磨性。	Article 9: hold-to-run motion switches, exclusive control except emergency stop, and durable cables.	draft	5		
Q0836	OSH	OSH-23	工業用機器人危害預防標準	第18條	民國107年2月14日	機器人-配置	2	機器人之固定式控制面盤應設於何處？	可動範圍之外，且使操作者可泛視機器人全部動作之位置	可動範圍內	另一房間	機器人上方	The fixed control panel of a robot must be located:	Outside the operating range, where the operator can see all robot movements	Inside the operating range	In another room	On top of the robot	a	第18條：確保安全作業空間；固定式控制面盤設於可動範圍之外且操作工作者可泛視機器人全部動作之位置；計測儀器設於顯明處並標示安全範圍；配線配管設於不受損傷處；緊急停止裝置用開關設於控制面盤以外之適當處所；顯明位置設緊急停止裝置及指示燈。	Article 18: outside the range with full view; gauges visible with safe ranges marked; protected wiring; additional emergency stops away from the panel.	draft	5		
Q0837	OSH	OSH-23	工業用機器人危害預防標準	第21條	民國107年2月14日	機器人-圍柵	2	雇主於機器人可動範圍外側設置圍柵或護圍，其出入口應採取何種措施？	不需措施	上鎖即可	僅張貼標語	標示並告知運轉中禁止進入，並設光電式安全裝置或安全墊，或設門扉繩索鏈條且開啟脫開時緊急停止裝置立即動作	Entrances to the fence or guard around a robot's operating range must:	Need nothing	Just be locked	Only have a slogan	Be marked with a no-entry-during-operation notice and fitted with light curtains/safety mats, or with doors or ropes that trigger the emergency stop when opened	d	第21條：出入口以外處所應使工作者不易進入；出入口應標示並告知運轉中禁止進入，並設置光電式安全裝置、安全墊或同等功能裝置，或設門扉或繩索鏈條且開啟脫開時緊急停止裝置立即動作。協同作業機器人符合 CNS 14490／ISO 10218 系列並經評估製作安全評估報告者得不受限制，設計變更時及至少每五年重新評估，資料保存五年。第22條：光電式安全裝置應能在檢知接近時立即使緊急停止動作。	Article 21: marked entrances with presence-sensing devices or interlocked gates; collaborative robots meeting CNS 14490 / ISO 10218 with a safety assessment (reviewed at least every 5 years, records kept 5 years) may be exempt.	draft	5		
Q0838	OSH	OSH-23	工業用機器人危害預防標準	第21條	民國107年2月14日	機器人-協同作業	3	使用協同作業之機器人得免設圍柵，其安全評估資料應於設計變更時及至少每幾年重新評估？相關報告保存幾年？	每年；三年	每五年；五年	每十年；五年	每三年；十年	Collaborative robots exempt from fencing must have their safety assessment repeated on design change and at least every how many years, with records kept how long?	Yearly; 3 years	Every 5 years; 5 years	Every 10 years; 5 years	Every 3 years; 10 years	b	第21條第2、3項：協同作業機器人符合 CNS 14490 系列、ISO 10218 系列或同等標準，並就製程簡介、安全管理計畫、安全驗證報告或符合聲明書、試運轉安全程序及報告、啟始起動安全程序、自動檢查計畫紀錄、緊急應變計畫實施評估製作安全評估報告者，得不受圍柵限制；應於設計變更時及至少每五年重新評估，資料保存五年；評估小組由工作場所負責人、機器人設計製造安裝專業人員、職業安全衛生人員、作業主管、熟悉作業之工作者組成。	Article 21(2)–(4): re-assessment at least every 5 years and on design changes, records kept 5 years, by a team including the workplace manager, robot specialists, OSH personnel, supervisors and experienced workers.	draft	5		
Q0839	OSH	OSH-23	工業用機器人危害預防標準	第23條	民國107年2月14日	機器人-監視	2	雇主對運轉中之機器人應如何監視？	不需監視	僅安裝攝影機	於可動範圍外可泛視機器人動作之位置設置監視人員，並禁止工作者任意進入可動範圍；禁止非協同作業者進入協同作業空間	由機器人自我監視	During robot operation, the employer must:	Not monitor	Only install cameras	Station a watcher outside the range with a full view, bar unauthorized entry, and keep non-collaborative workers out of the collaborative space	Rely on the robot's self-monitoring	c	第23條：對運轉中之機器人應於可動範圍外可泛視機器人動作之位置設置監視人員並禁止工作者任意進入可動範圍；應禁止非協同作業之相關工作者進入協同作業空間。第25條：從事操作作業時應在各開關處標示「作業中」或在控制面盤蓋上鎖。	Article 23: watcher with full view and entry ban; Article 25: 'work in progress' tags on switches or locked panel covers during operation work.	draft	5		
Q0840	OSH	OSH-23	工業用機器人危害預防標準	第24條	民國107年2月14日	機器人-作業標準	2	雇主就機器人作業應訂定安全作業標準，其內容包括下列何者？	操作方法及步驟、教導作業中操作機之速度、二人以上共同作業之聯絡信號、異常時之應變措施、緊急停止後再起動前確認安全之方法	僅維修時間表	僅產能目標	僅操作方法	The safety work standards for robots must cover:	Operating methods and steps, manipulator speed during teaching, signals for joint work by two or more people, emergency responses, and safety confirmation before restart after an emergency stop	Maintenance schedule only	Output targets only	Operating methods only	a	第24條：機器人之操作方法及步驟（含起動及開關操作）、教導相關作業時操作機之速度、二人以上共同作業之聯絡信號、發生異常狀況時之應變措施、緊急停止後再起動前確認異常解除及安全之方法。第32條：起動前應確認可動範圍內無人、控制面盤工具置於規定位置、異常指示燈未顯示，並規定聯絡信號。	Article 24: the five items; Article 32: pre-start checks that no one is in range, pendants and tools stowed, no fault indicators, with agreed signals.	draft	5		
Q0841	OSH	OSH-23	工業用機器人危害預防標準	第26條	民國107年2月14日	機器人-可動範圍內作業	3	使工作者於機器人可動範圍內實施作業時，應採取之措施不包括下列何者？	使用具放手即停構造之移動式控制面盤	將緊急停止裝置用開關交付在可動範圍內作業之工作者操作	於可動範圍外設置監視人員以便異常時立即緊急停止並禁止他人進入	關閉圍柵出入口並上鎖將人員留在內部	Which is NOT a required measure when workers operate inside the robot's range?	Using a hold-to-run pendant	Giving the emergency stop switch to the worker inside the range	A watcher outside who can trigger the emergency stop and bar others	Locking the fence gate with the workers inside	d	第26條：應採取設置監視人員（異常時立即使緊急停止動作並嚴禁他人進入）、將緊急停止開關交付範圍內作業者、使用具第9條第1、2款構造之移動式控制面盤三者之一或同等措施；操作者無法掌握機器人全部動作狀態者應採監視人員措施。第27條：教導作業前應確認電纜被覆、操作機動作、控制及緊急停止機能、配管漏洩。	Article 26: one of the three protective measures (watcher, hand-held emergency stop, hold-to-run pendant); Article 27: pre-teaching checks of cables, motion, controls and leaks.	draft	5		
Q0842	OSH	OSH-23	工業用機器人危害預防標準	第33條	民國107年2月14日	機器人-搶修	2	自動運轉之機器人發生異常必須進入可動範圍內搶修時，應如何？	降低速度即可	人員進入前以緊急停止裝置動作等方式停止運轉，使工作者攜帶安全栓，並在啟動開關處作禁止觸動之標示	由監視人員陪同進入	直接進入	Before entering the operating range to fix a fault on an automatically running robot, the employer must:	Only reduce speed	Stop the robot via the emergency stop, have the worker carry the safety plug, and tag the start switch as do-not-touch	Enter accompanied by the watcher	Just enter	b	第33條：自動運轉之機器人起動後應確認指示燈顯示在自動運轉中；因異常必須進入可動範圍搶修時，應於人員進入前以緊急停止裝置動作等方式停止運轉，除使工作者攜帶安全栓外，應在啟動開關處作禁止觸動之標示。第29條：氣壓系統分解前應排放汽缸殘壓。	Article 33: stop via emergency stop, worker carries the safety plug (key), start switch tagged; Article 29: bleed residual pneumatic pressure before disassembly.	draft	5		
Q0843	OSH	OSH-29	職業安全衛生顧問服務機構與其顧問服務人員之認可及管理規則	第3條	民國113年10月31日	顧問機構-類別	2	職業安全衛生顧問服務機構之服務類別有哪些？	僅健康檢查	僅安全衛生管理	工業防火防爆技術、工業通風技術、暴露評估技術、勞工健康顧問、職業安全衛生管理顧問	法律訴訟代理	The service categories of OSH consulting institutions are:	Health examinations only	OSH management only	Industrial fire/explosion protection, industrial ventilation, exposure assessment, labor health consulting, and OSH management consulting	Legal representation	c	第3條：工業防火防爆技術顧問服務（防火防爆系統規劃設計施工管理性能確認）、工業通風技術顧問服務、暴露評估技術顧問服務、勞工健康顧問服務、職業安全衛生管理顧問服務五類。第5條：各申請類別分別置專職顧問人員四人以上，另置專任負責人；勞工健康顧問服務另需特約職醫至少一人。	Article 3: five categories; Article 5: at least four full-time consultants per category plus a full-time responsible person, and a contracted occupational physician for health consulting.	draft	5		
Q0844	OSH	OSH-29	職業安全衛生顧問服務機構與其顧問服務人員之認可及管理規則	第12條	民國113年10月31日	顧問機構-認可	3	顧問機構認可之有效期間最長幾年？期滿繼續辦理者應於屆滿日前多久申請重新認可？	五年；六個月前	三年；六十日至九十日期間內	一年；三十日前	二年；十五日前	OSH consulting institution accreditation is valid for at most how long, and renewal must be applied for within what window before expiry?	5 years; 6 months before	3 years; 60 to 90 days before expiry	1 year; 30 days before	2 years; 15 days before	b	第12條：認可有效期間最長三年，期滿繼續辦理者應於屆滿日前六十日至九十日期間內申請重新認可；核定得審酌服務實績、違規情形、品質查核結果。第12條之1：查核結果連續三次列丙等者不予認可，二年內不得以同名同址或同負責人再申請。	Article 12: up to 3 years, renewal 60–90 days before expiry; Article 12-1: three consecutive grade-C audits bar renewal for two years.	draft	5		
Q0845	OSH	OSH-29	職業安全衛生顧問服務機構與其顧問服務人員之認可及管理規則	第16條	民國113年10月31日	顧問機構-訓練	3	顧問機構應使顧問人員參加與其專業有關之教育訓練，每年不得低於幾小時？	二十四小時	十二小時	六小時	三小時	Consulting institutions must ensure each consultant receives professional training of at least how many hours per year?	24 hours	12 hours	6 hours	3 hours	b	第16條：應定期評估並確保顧問人員技術能力（紀錄保存三年），並使顧問人員參加講習研討會或訓練每年不得低於十二小時並登錄系統。第15條：應訂定顧問服務管理手冊，文件紀錄保存五年；第17條：臨場服務紀錄保存五年並交付事業單位；第18條：年度業務報告書於年度結束後九十日內完成保存十年。	Article 16: 12 hours yearly; Article 15: management manual with 5-year records; Article 17: site service records 5 years; Article 18: annual report within 90 days, kept 10 years.	draft	5		
Q0846	OSH	OSH-29	職業安全衛生顧問服務機構與其顧問服務人員之認可及管理規則	第19條	民國113年10月31日	顧問機構-查核	2	中央主管機關對顧問機構定期查核之結果分為哪幾個等級？	優等、甲等、乙等及丙等	合格、不合格	一至五星	A、B、C	Periodic audit results for consulting institutions are graded as:	Excellent, A, B and C	Pass or fail	One to five stars	A, B, C	a	第19條：中央主管機關得定期查核顧問機構執行實績及品質並公開結果，區分優等、甲等、乙等及丙等；應改善者令限期改善並提書面報告；查核及認可得委託專業團體。第20條：主管機關及勞檢機構得派員查核，不得規避妨礙拒絕。	Article 19: four grades, published, with improvement orders; Article 20: audits by authorities cannot be obstructed.	draft	5		
Q0847	OSH	OSH-29	職業安全衛生顧問服務機構與其顧問服務人員之認可及管理規則	第24條	民國113年10月31日	顧問機構-註銷	3	顧問人員因未善盡保密責任或損及事業單位利益而被註銷登錄者，自註銷之日起幾年內顧問機構不得再為其申請登錄？	三年	十年	五年	一年	Consultants whose registration is cancelled for breaching confidentiality or harming the client cannot be re-registered for:	3 years	10 years	5 years	1 year	c	第24條：顧問人員未依規定受訓、未依規定執行或報告不實、未善盡保密責任、違反事業單位規定損及利益、離職、重複登錄、情節重大者得註銷登錄；因未受訓或執行不實註銷者三年內不得再申請登錄，因保密、損及利益或情節重大註銷者五年內不得再申請。第23條：機構經撤銷廢止認可者三年內不得申請。	Article 24: 5 years for confidentiality/harm/serious cases; 3 years for training or reporting failures; Article 23: institutions whose accreditation is revoked wait 3 years.	draft	5		
Q0848	OSH	OSH-31	促進職業安全衛生文化獎勵及補助辦法	第3條	民國103年11月28日	文化獎勵-補助	2	促進職業安全衛生文化獎勵及補助辦法之補助事項包括下列何者？	管理系統建置、中小型事業單位安全衛生設備改善、調查研究諮詢輔導、工作環境改善、機械本質安全化、教育訓練、環境監測及實驗室認證、危害通識、健康促進、國際會議等	僅罰鍰減免	僅貸款利息補貼	僅稅捐減免	Subsidized items under the OSH culture promotion regulations include:	Management system establishment, SME equipment improvement, research and consulting, workplace improvement, intrinsic machine safety, training, monitoring and lab accreditation, hazard communication, health promotion, international events	Fine reductions only	Loan interest subsidies only	Tax relief only	a	第3條：事業單位管理系統建置、中小型事業單位安全衛生設備改善、調查研究諮詢服務技術輔導、工作環境改善、機械設備器具安全防護及本質安全化制度推動、教育訓練、作業環境監測及實驗室認證、危害性化學品標示及通識服務、推廣或健康促進活動、國際性會議或活動及其他認定事項；第4條：申請程序額度按年度公告。	Article 3: eleven categories; Article 4: procedures and amounts announced annually.	draft	5		
Q0849	OSH	OSH-31	促進職業安全衛生文化獎勵及補助辦法	第2條	民國103年11月28日	文化獎勵-對象	2	促進職業安全衛生文化獎勵及補助辦法之獎勵及補助對象為何？	僅外國企業	事業單位及有關團體（職安衛財社團法人、雇主團體、勞工團體、大專校院及職災研究機構、認可健檢醫療機構等）	僅政府機關	僅個人	Rewards and subsidies under the OSH culture regulations target:	Foreign companies only	Enterprises and related bodies (OSH foundations, employer and labor groups, universities and accident research institutes, accredited health-check hospitals, etc.)	Government agencies only	Individuals only	b	第2條：對象為事業單位及有關團體，包括從事職業疾病防治教育訓練宣導設施改善管理制度建立機械本質安全化之財（社）團法人、雇主團體、勞工團體、大專校院及職災研究機構團體、認可辦理勞工健康檢查之醫療機構、其他推動職業安全衛生之團體。第5條：獎勵範圍為推動成效優良、研究發展技術推廣有具體成效者。	Article 2: enterprises and related organizations; Article 5: rewards for outstanding promotion, research and technical dissemination.	draft	5		
Q0850	OSH	OSH-30	政府機關推動職業安全衛生業務績效評核及獎勵辦法	第5條	民國103年11月27日	績效評核-週期	3	政府機關推動職業安全衛生業務績效評核以每幾年辦理一次為原則？評核結果分為哪幾個等第？	每五年；通過不通過	每三年；優良合格	每二年；特優、優、良及普	每年；甲乙丙	Government OSH promotion performance evaluations are held every how many years in principle, and results are graded as:	Every 5 years; pass or fail	Every 3 years; excellent, good, pass	Every 2 years; outstanding, excellent, good and average	Yearly; A, B, C	c	第5條：以每二年辦理一次評核為原則。第8條：得依規模性質分組，評核結果分特優、優、良及普四個等第。第9條：良等以上頒發團體獎座並獎勵承辦人員，優等以上函報行政院表揚並得給予獎勵金。第2條：對象為經濟交通內政國防農業教育科技環保衛福等中央目的事業主管機關及直轄市縣市政府。	Article 5: every two years; Article 8: four grades; Article 9: awards for good or above, Executive Yuan commendation and bonuses for excellent or above.	draft	5		
Q0851	OSH	OSH-30	政府機關推動職業安全衛生業務績效評核及獎勵辦法	第3條	民國103年11月27日	績效評核-項目	2	政府機關職業安全衛生業務績效評核之項目包括下列何者？	民意調查	安全衛生策略及規劃、納入相關法制情形、執行情形及成效、績效檢討分析、督導及獎懲機制、其他促進活動或創新作為	人事考績	預算執行率	Evaluation items for government OSH promotion include:	Opinion polls	Strategy and planning, integration into legislation, implementation and results, performance review, supervision and reward/penalty mechanisms, and innovative activities	Personnel appraisal	Budget execution rate	b	第3條：職業安全衛生策略及規劃、職業安全衛生納入相關法制之情形、執行情形及成效、績效檢討分析、督導及獎懲機制、其他安全衛生促進活動或特殊創新作為；細項由中央主管機關會商定之。第6、7條：以書面報告審查為原則並得實地查核，召開評核會議確定結果。	Article 3: six items; Articles 6–7: document review with possible site checks and an evaluation meeting.	draft	5		
Q0852	OSH	OSH-19	辦理勞工體格與健康檢查醫療機構認可及管理辦法	第3條	民國111年8月12日	健檢機構-分類	2	辦理勞工體格與健康檢查之認可醫療機構分為哪兩類？	巡迴；固定	勞工一般體格及健康檢查醫療機構；勞工特殊體格及健康檢查醫療機構	醫院；診所	公立；私立	Accredited medical institutions for worker health examinations are classified as:	Mobile and fixed	General examination institutions and special examination institutions	Hospitals and clinics	Public and private	b	第3條：認可醫療機構分為勞工一般體格及健康檢查醫療機構、勞工特殊體格及健康檢查醫療機構。第4條：一般類須為健保特約機構、自備檢驗設備及X光機、聘醫師二名以上及放射師檢驗師護理人員、二年內未被撤銷認可，醫護人員應經指定課程訓練合格。	Article 3: two types; Article 4: general-type requirements include NHI contract, equipment, two physicians plus radiographers/technologists/nurses, and trained staff.	draft	5		
Q0853	OSH	OSH-19	辦理勞工體格與健康檢查醫療機構認可及管理辦法	第5條	民國111年8月12日	健檢機構-特殊	3	申請為勞工特殊體格及健康檢查認可醫療機構，須具備幾種以上診療科別並經醫院評鑑合格？辦理特別危害健康作業檢查項目應取得何種認證？	不限；不需認證	四種以上；第三者認證機構（TAF、CAP 等）之有效認證	六種以上；健保認證	二種以上；ISO 9001	Applicants for special examination accreditation need how many clinical departments with hospital accreditation, and what certification for specially hazardous work items?	Any; none	4 or more; valid third-party accreditation such as TAF or CAP	6 or more; NHI certification	2 or more; ISO 9001	b	第5條：須為一般類認可機構、具家醫內外婦產耳鼻喉骨神經泌尿眼皮膚精神職醫放射病理等四種以上診療科別並經醫院評鑑合格、自備特殊檢查設備、二年內未被撤銷；辦理指定公告特別危害健康作業檢查項目應就品質及能力取得第三者認證機構（財團法人全國認證基金會 TAF、美國病理學會 CAP、其他公告機構）之有效認證。	Article 5: at least four listed departments with hospital accreditation, own equipment, and third-party laboratory accreditation (TAF, CAP or announced bodies) for designated items.	draft	5		
Q0854	OSH	OSH-19	辦理勞工體格與健康檢查醫療機構認可及管理辦法	第7條	民國111年8月12日	健檢機構-人力	3	認可醫療機構辦理噪音作業勞工特殊健康檢查，應聘有何種專科醫師？異常氣壓作業應具備何設備？	皮膚科醫師；減壓艙	眼科醫師；聽力檢查室	胸腔科醫師；X光機	耳鼻喉科或職業醫學科專科醫師；經核准登記之高壓氧設備	For noise-work special exams, the institution must employ which specialist, and for abnormal-pressure work it needs:	A dermatologist; a decompression chamber	An ophthalmologist; an audiometric booth	A chest physician; an X-ray machine	An ENT or occupational medicine specialist; registered hyperbaric oxygen equipment	d	第7條：粉塵作業聘胸腔科或職業醫學科專科醫師；噪音作業聘耳鼻喉科或職業醫學科專科醫師且聽力檢查室背景噪音符合附表三（巡迴者需移動式聽力檢查室）；異常氣壓作業自備或租用經衛生主管機關核准登記之高壓氧設備。	Article 7: dust → chest or occupational physician; noise → ENT or occupational physician plus compliant audiometric booth; abnormal pressure → hyperbaric oxygen equipment.	draft	5		
Q0855	OSH	OSH-19	辦理勞工體格與健康檢查醫療機構認可及管理辦法	第8條	民國111年8月12日	健檢機構-申請	3	醫療機構申請認可，應於每年哪幾個月向當地勞工主管機關提出？認可有效期間最長幾年？	一月或七月；二年	任何時間；五年	一月、四月、七月或十月；三年	三月、六月、九月、十二月；一年	Medical institutions apply for accreditation in which months, and accreditation lasts at most:	January or July; 2 years	Any time; 5 years	January, April, July or October; 3 years	March, June, September, December; 1 year	c	第8條、第9條：應於每年一月、四月、七月或十月檢附申請書及證明文件向當地勞工主管機關提出；第10條：地方審查後報中央核定公告並登錄系統，醫事人員或設備異動應於十五日內登錄。第11條：認可有效期間最長三年，期滿前三個月重新申請並附醫護人員在職訓練證明。	Articles 8–9: quarterly application windows via the local labor authority; Article 10: central approval and registration; Article 11: up to 3 years, renewal 3 months before expiry.	draft	5		
Q0856	OSH	OSH-19	辦理勞工體格與健康檢查醫療機構認可及管理辦法	第14條	民國111年8月12日	健檢機構-在職訓練	3	認可醫療機構之健檢醫師及護理人員在職教育訓練時間每三年合計至少幾小時？職業醫學科專科醫師至少幾小時？網路學習採計不超過幾小時？	十小時；二小時；五小時	六小時；三小時；三小時	二十小時；十小時；十小時	十二小時；二小時；六小時	In-service training for examining physicians and nurses totals at least how many hours per 3 years, occupational medicine specialists how many, and online learning counts up to:	10 hours; 2 hours; 5 hours	6 hours; 3 hours; 3 hours	20 hours; 10 hours; 10 hours	12 hours; 2 hours; 6 hours	a	第14條：辦理健檢之醫師及護理人員應接受職業衛生及健檢法規、健康檢查品質、健康管理及健康促進課程之在職教育訓練，每三年合計至少十小時；職業醫學科專科醫師僅需法規課程每三年至少二小時；網路學習採計不超過五小時。	Article 14: 10 hours per 3 years on regulations, quality and health management; occupational physicians 2 hours of regulations; online up to 5 hours.	draft	5		
Q0857	OSH	OSH-19	辦理勞工體格與健康檢查醫療機構認可及管理辦法	第16條	民國111年8月12日	健檢機構-分級判讀	3	特別危害健康作業定期健康檢查管理分級之判讀，應由何人為之？	醫事檢驗師	職業醫學科專科醫師	護理人員	任何執業醫師	Management-level grading of periodic special health examinations must be judged by:	A medical technologist	An occupational medicine specialist	A nurse	Any licensed physician	b	第16條：特殊體格及健康檢查認可醫療機構辦理特別危害健康作業定期健康檢查管理分級之判讀應由職業醫學科專科醫師為之。第17條：檢查應由所聘僱且執業登記於該機構之醫事人員為之，聽力師及分級判讀醫師得事先報准至該機構辦理；血中鉛尿中鉛尿中鎳砷鎘汞鉻銦等項目得委託指定機構檢驗，其他不得委託；不得無正當理由拒絕勞工。	Article 16: occupational medicine specialists only; Article 17: exams by the institution's own registered staff, with specific biomarker items outsourceable to designated labs.	draft	5		
Q0858	OSH	OSH-19	辦理勞工體格與健康檢查醫療機構認可及管理辦法	第18條	民國111年8月12日	健檢機構-品質計畫	2	認可醫療機構應訂定辦理勞工體格與健康檢查之品質及管理計畫，其執行文件及紀錄應至少保存幾年？	十年	一年	五年	三年	Records under an accredited institution's examination quality and management plan must be kept at least:	10 years	1 year	5 years	3 years	d	第18條：品質及管理計畫內容包括組織權責、檢查場所標示安全及隱私保護、醫事人員教育訓練、儀器設備及實驗室管理、執行程序、結果處理程序、報告及紀錄管理等，文件紀錄至少保存三年。第19條：檢查結果應依公告內容方式期限通報。第21條：中央得會同衛福部訪查並公開結果。	Article 18: plan covering organization, privacy, staff training, equipment, procedures and records, kept 3 years; Article 19: results reported per announced format and deadline.	draft	5		
Q0859	OSH	OSH-19	辦理勞工體格與健康檢查醫療機構認可及管理辦法	第24條	民國111年8月12日	健檢機構-撤銷	3	認可醫療機構經撤銷或廢止認可後，幾年內以同一名稱或同一地點申請認可者，中央主管機關應不予認可？	三年	一年	五年	二年	After accreditation is revoked, applications under the same name or at the same address are refused for:	3 years	1 year	5 years	2 years	d	第24條：情節重大者（一年內二次限期改正未改、一年內受罰鍰二次以上、通報不實、詐欺侵占背信經起訴判決、停止業務仍繼續辦理等）得撤銷廢止認可或定期停止業務；經撤銷廢止後二年內以同一名稱或同一地點申請，或負責人以不同機構負責人申請者不予認可。	Article 24: revocation for serious cases (repeated non-correction, two fines in a year, false reports, fraud, continuing while suspended); two-year bar on re-application by the same name, address or responsible person.	draft	5		
Q0860	OSH	OSH-33	勞工體格與健康檢查特定檢查項目檢驗機構指定及管理作業要點	第3點	民國112年5月22日	檢驗機構-特定項目	2	勞工體格與健康檢查之「特定檢查項目」包括下列何者？	血糖、血脂	聽力檢查	胸部X光	血中鉛、尿中鉛、尿中鎳、尿中無機砷、尿中鎘、血中汞、尿中汞、尿中鉻、血清銦等	'Specific examination items' for worker health checks include:	Blood sugar and lipids	Audiometry	Chest X-ray	Blood lead, urine lead, urine nickel, urine inorganic arsenic, urine cadmium, blood mercury, urine mercury, urine chromium, serum indium, etc.	d	要點第3點：特定檢查項目指血中鉛、尿中鉛、尿中鎳、尿中無機砷、尿中鎘、血中汞、尿中汞、尿中鉻、血清銦及其他經勞動部指定公告之項目；第三者認證機構指認可辦法第5條第3項所定機構。	Point 3: the listed biomarkers plus other items designated by the MOL.	draft	5		
Q0861	OSH	OSH-33	勞工體格與健康檢查特定檢查項目檢驗機構指定及管理作業要點	第4點	民國112年5月22日	檢驗機構-資格	3	申請指定為辦理特定檢查項目檢驗之機構，應具備哪些資格？	僅需營業登記	有固定地址之醫療機構或醫事檢驗所並具檢驗設備、具醫事檢驗師（生）證照人員、取得第三者認證機構之有效認證	僅需醫師一名	任何公司	To be designated for specific-item testing, a laboratory must have:	Only a business license	A fixed address as a medical institution or medical laboratory with equipment, licensed medical technologists, and valid third-party accreditation	Only one physician	Any company registration	b	第4點：有固定地址之醫療機構或醫事檢驗所並具必要檢驗儀器設備、具醫事檢驗師（生）證照之人員、取得第三者認證機構之有效認證。第6點：指定有效期間與認證有效期間相同，屆滿前九十日重新申請。第7點：應自行辦理不得委託，紀錄保存三年。	Point 4: the three requirements; Point 6: designation runs with the accreditation, renewal 90 days before expiry; Point 7: no subcontracting, records 3 years.	draft	5		
Q0862	OSH	OSH-33	勞工體格與健康檢查特定檢查項目檢驗機構指定及管理作業要點	第10點	民國112年5月22日	檢驗機構-停止	3	指定檢驗機構因人員異動致不符資格等情形時，應於事實發生後幾日內申請停止或廢止指定？停止期間最長多久？	七日內；六個月	十五日內；二年	三十日內；一年	六十日內；三年	A designated laboratory that no longer meets requirements must apply to suspend or cancel designation within how many days, and suspension may last at most:	7 days; 6 months	15 days; 2 years	30 days; 1 year	60 days; 3 years	c	第10點：停業歇業、遷移或儀器問題無法運作、人員異動不符資格、認證被暫時終止減列終止撤銷等情形，應於事實發生後三十日內申請停止全部或一部業務或廢止指定；停止期間最長一年，期間不得辦理；屆滿前三十日申請繼續辦理。第11點：屆期未改善、文件不實、不符資格等得撤銷廢止指定或定期停止業務。	Point 10: apply within 30 days; suspension up to one year, with an application to resume 30 days before it ends; Point 11: revocation for uncorrected or false cases.	draft	5		
Q0863	OSH	OSH-37	性別平等工作法	第1條	民國112年8月16日	性平法-目的	1	性別平等工作法之立法目的為何？工作場所性騷擾事件除校園事件外依何法處理？	保障退休；依民法	保障工作權之性別平等，消除性別歧視、促進性別地位實質平等；依性別平等工作法處理	規範工資；依勞基法	規範工時；依性騷擾防治法	The purpose of the Act of Gender Equality in Employment is, and workplace sexual harassment (except on campus) is handled under:	To guarantee pensions; the Civil Code	To guarantee gender equality in employment and eliminate discrimination; this Act	To regulate wages; the Labor Standards Act	To regulate hours; the Sexual Harassment Prevention Act	b	第1條：為保障工作權之性別平等，貫徹憲法消除性別歧視、促進性別地位實質平等之精神制定本法；工作場所性騷擾事件除校園性騷擾依性別平等教育法外，依本法處理。第2條：雇主與受僱者之約定優於本法者從其約定；公務人員教育人員軍職人員亦適用（部分條文除外）；技術生及實習生亦適用。	Article 1; Article 2: better agreements prevail, and the Act also covers civil servants, teachers, military personnel, apprentices and interns.	draft	5		
Q0864	OSH	OSH-37	性別平等工作法	第3條	民國112年8月16日	性平法-定義	2	性別平等工作法所稱「薪資」包括下列何者？	僅現金給付	僅底薪	不含獎金	因工作獲得之報酬，包括薪資、薪金及計時計日計月計件以現金或實物給付之獎金、津貼及其他經常性給與	'Wages' under the Act include:	Cash only	Base pay only	Excluding bonuses	All remuneration for work, including salary and regular bonuses, allowances and other regular payments in cash or kind	d	第3條：薪資指受僱者因工作而獲得之報酬，包括薪資、薪金及按計時計日計月計件以現金或實物等方式給付之獎金、津貼及其他任何名義之經常性給與；復職指回復受僱者申請育嬰留職停薪時之原有工作；要派單位使用派遣勞工時視為第8、9、12、13、18、19、36條之雇主。	Article 3: all regular remuneration; 'reinstatement' means returning to the original job; user enterprises count as employers for dispatched workers under specified articles.	draft	5		
Q0865	OSH	OSH-37	性別平等工作法	第5條	民國112年8月16日	性平法-工作會	3	各級主管機關設之性別平等工作會，其女性委員人數應占全體委員多少以上？政府機關代表不得逾多少？	二分之一以上；三分之一	三分之一以上；二分之一	四分之一以上；三分之二	全部；不限	On gender equality in employment committees, women must make up at least what share, and government representatives at most:	One half; one third	One third; one half	One quarter; two thirds	All; unlimited	a	第5條：性別平等工作會置委員五人至十一人，任期二年，由勞工事務性別問題或法律專業人士擔任；勞工團體、性別團體推薦之委員各二人；女性委員應占全體二分之一以上；政府機關代表不得逾三分之一。	Article 5: 5–11 members with 2-year terms; two each nominated by labor and gender groups; women at least half; government representatives at most one third.	draft	5		
Q0866	OSH	OSH-37	性別平等工作法	第7條	民國112年8月16日	性平法-歧視	2	雇主對求職者或受僱者之招募、甄試、進用、分發、配置、考績或陞遷，不得因何種因素而有差別待遇？例外為何？	籍貫；無例外	學歷；主管同意	性別或性傾向；工作性質僅適合特定性別者不在此限	年齡；無例外	Employers may not discriminate in recruitment, hiring, assignment, appraisal or promotion on what grounds, with what exception?	Place of origin; no exception	Education; with manager approval	Sex or sexual orientation; unless the nature of the work suits only a specific sex	Age; no exception	c	第7條：招募甄試進用分發配置考績陞遷不得因性別或性傾向有差別待遇，但工作性質僅適合特定性別者不在此限。細則第3條：僅適合特定性別指非由特定性別從事不能完成或難以完成之工作。第8、9條：教育訓練及福利措施亦同。	Article 7; Enforcement Rules Article 3: 'suits only a specific sex' means work that cannot be done or is hard to do by others; Articles 8–9 extend this to training and welfare.	draft	5		
Q0867	OSH	OSH-37	性別平等工作法	第10條	民國112年8月16日	性平法-同工同酬	2	雇主對受僱者薪資之給付不得因性別或性傾向有差別待遇；工作或價值相同者應如何？	可自行決定	給付同等薪資，但基於年資、獎懲、績效等非性別因素之正當理由者不在此限；不得以降低其他受僱者薪資規避	依性別調整	依婚姻狀況調整	For work of equal value, employers must:	Decide freely	Pay equal wages, except for legitimate non-gender reasons such as seniority, rewards/penalties or performance; and may not evade this by cutting others' pay	Adjust by sex	Adjust by marital status	b	第10條：薪資給付不得因性別或性傾向有差別待遇，工作或價值相同者應給付同等薪資，但基於年資、獎懲、績效或其他非因性別性傾向因素之正當理由者不在此限；雇主不得以降低其他受僱者薪資之方式規避。第38條之1：違反處三十萬元以上一百五十萬元以下罰鍰。	Article 10; Article 38-1: violation → NT$300,000–1,500,000 fine.	draft	5		
Q0868	OSH	OSH-37	性別平等工作法	第11條	民國112年8月16日	性平法-單身條款	2	工作規則、勞動契約或團體協約規定受僱者有結婚、懷孕、分娩或育兒情事時應離職或留職停薪，其效力為何？	有效	經勞工同意即有效	規定或約定無效，勞動契約之終止不生效力	經主管機關核備即有效	Work rules or contracts requiring resignation or unpaid leave upon marriage, pregnancy, childbirth or child-rearing are:	Valid	Valid with the worker's consent	Void, and any termination based on them is ineffective	Valid if filed with the authority	c	第11條：退休資遣離職解僱不得因性別或性傾向有差別待遇；工作規則勞動契約或團體協約不得規定或事先約定受僱者有結婚懷孕分娩或育兒情事時應行離職或留職停薪，亦不得以其為解僱理由；違反者規定或約定無效，勞動契約之終止不生效力。	Article 11: such clauses are void and terminations are ineffective; no discrimination in retirement, severance, resignation or dismissal.	draft	5		
Q0869	OSH	OSH-37	性別平等工作法	第12條	民國112年8月16日	性平法-性騷擾定義	2	性別平等工作法所稱「權勢性騷擾」係指？	對於因僱用、求職或執行職務關係受自己指揮監督之人，利用權勢或機會為性騷擾	顧客對員工之性騷擾	同事間之性騷擾	公共場所不特定人之性騷擾	'Sexual harassment by abuse of power' under the Act means:	Harassment by someone exploiting their position or opportunity over a person under their direction or supervision through employment, job-seeking or work	Harassment of staff by customers	Harassment between coworkers	Harassment by strangers in public places	a	第12條：性騷擾指執行職務時任何人以性要求或性意味性別歧視言行造成敵意性脅迫性冒犯性工作環境，或雇主以之作為勞務契約成立存續分發報酬考績陞遷等之交換條件；權勢性騷擾指對因僱用求職或執行職務關係受自己指揮監督之人利用權勢或機會為性騷擾；非工作時間遭同一人持續性性騷擾、遭最高負責人或僱用人性騷擾者亦適用本法。	Article 12: defines hostile-environment and quid-pro-quo harassment, power-based harassment, and extends coverage to continuous off-duty harassment and harassment by the top responsible person.	draft	5		
Q0870	OSH	OSH-37	性別平等工作法	第13條	民國112年8月16日	性平法-防治措施	2	僱用受僱者幾人以上未達三十人者應訂定申訴管道並公開揭示？幾人以上者應訂定性騷擾防治措施、申訴及懲戒規範？	一人以上；五人以上	五人以上；十人以上	三十人以上；一百人以上	十人以上；三十人以上	Employers with how many employees must set up and post a complaint channel, and with how many must adopt harassment prevention, complaint and disciplinary rules?	1 or more; 5 or more	5 or more; 10 or more	30 or more; 100 or more	10 to under 30; 30 or more	d	第13條第1項：僱用十人以上未達三十人者應訂定申訴管道並在工作場所公開揭示；三十人以上者應訂定性騷擾防治措施、申訴及懲戒規範並公開揭示。細則第5條：僱用人數包括分支機構及附屬單位。第38條之1：未訂防治措施處二萬元以上三十萬元以下罰鍰；未訂申訴管道經限期未改善處一萬元以上十萬元以下。	Article 13(1); Enforcement Rules Article 5 counts branches and affiliated units; Article 38-1 sets fines of NT$20,000–300,000 (no rules) and NT$10,000–100,000 (no channel after correction order).	draft	5		
Q0871	OSH	OSH-37	性別平等工作法	第13條	民國112年8月16日	性平法-糾正補救	2	雇主因接獲被害人申訴而知悉性騷擾情形時，應採取哪些立即有效之糾正及補救措施？	要求被害人自行處理	解僱被害人	僅口頭安撫	避免再度發生之措施、提供或轉介諮詢醫療心理諮商社福資源、進行調查、對行為人適當懲戒或處理	When an employer learns of harassment through a victim's complaint, the required immediate corrective measures are:	Tell the victim to handle it	Dismiss the victim	Verbal reassurance only	Prevent recurrence, provide or refer counseling/medical/psychological/social services, investigate, and appropriately discipline the offender	d	第13條第2項：因申訴知悉者應採行避免再度發生之措施、提供或轉介諮詢醫療心理諮商社會福利資源及其他必要服務、對事件進行調查、對行為人為適當懲戒或處理；非因申訴知悉者應釐清事實、依被害人意願協助申訴、適度調整工作內容或場所、依意願提供或轉介服務。查證應客觀公正專業並避免重複詢問；接獲申訴應通知地方主管機關，認定屬性騷擾者並應通知處理結果。	Article 13(2): the four measures (or fact-finding, assisted complaint, work adjustment and services when learned otherwise); investigations must be objective and reported to the local authority.	draft	5		
Q0872	OSH	OSH-37	性別平等工作法	第13-1條	民國112年8月16日	性平法-調職解僱	3	性騷擾被申訴人具權勢地位且情節重大，調查期間雇主得如何？經調查認定為性騷擾且情節重大者，雇主得於知悉調查結果之日起幾日內不經預告終止勞動契約？	不得處理；不得解僱	立即解僱；不限	降薪；六十日內	暫時停止或調整其職務（未認定者補發薪資）；三十日內	During investigation of a serious power-based harassment complaint the employer may do what, and after confirmation may terminate without notice within:	Do nothing; cannot dismiss	Dismiss immediately; no limit	Cut pay; 60 days	Temporarily suspend or reassign the accused (with back pay if not confirmed); 30 days of learning the result	d	第13條之1：被申訴人具權勢地位且情節重大，調查期間有先行停止或調整職務必要時雇主得暫時停止或調整其職務，未認定為性騷擾者停職期間薪資應補發；經雇主或地方主管機關調查認定為性騷擾且情節重大者，雇主得於知悉調查結果之日起三十日內不經預告終止勞動契約。	Article 13-1: provisional suspension or reassignment, back pay if unconfirmed, and termination without notice within 30 days for confirmed serious cases.	draft	5		
Q0873	OSH	OSH-37	性別平等工作法	第14條	民國112年8月16日	性平法-生理假	2	女性受僱者每月得請生理假幾日？全年幾日內不併入病假？薪資如何發給？	三日；三日；全薪	一日；三日；減半發給	一日；十二日；不給薪	二日；六日；全薪	Female employees may take how many days of menstrual leave per month, how many days per year are not counted as sick leave, and pay is:	3 days; 3 days; full pay	1 day; 3 days; half pay	1 day; 12 days; unpaid	2 days; 6 days; full pay	b	第14條：女性受僱者因生理日致工作有困難者每月得請生理假一日，全年請假日數未逾三日不併入病假計算，其餘日數併入病假計算；併入及不併入病假之生理假薪資均減半發給。	Article 14: one day per month; up to three days a year outside sick leave, the rest counted as sick leave; all at half pay.	draft	5		
Q0874	OSH	OSH-37	性別平等工作法	第15條	民國112年8月16日	性平法-產假	2	女性受僱者分娩前後應給予產假幾星期？妊娠三個月以上流產者幾星期？	六星期；二星期	八星期；四星期	十二星期；六星期	四星期；一星期	Maternity leave before and after childbirth is how many weeks, and for miscarriage after three months of pregnancy:	6 weeks; 2 weeks	8 weeks; 4 weeks	12 weeks; 6 weeks	4 weeks; 1 week	b	第15條：分娩前後產假八星期；妊娠三個月以上流產者四星期；二個月以上未滿三個月流產者一星期；未滿二個月流產者五日；產假薪資依相關法令。細則第6條：產假期間依曆連續計算。	Article 15: 8 weeks; 4 weeks after 3+ months; 1 week for 2–3 months; 5 days under 2 months; Enforcement Rules Article 6: counted by calendar days continuously.	draft	5		
Q0875	OSH	OSH-37	性別平等工作法	第15條	民國112年8月16日	性平法-產檢假	2	受僱者妊娠期間雇主應給予產檢假幾日？陪伴配偶產檢或分娩之陪產檢及陪產假幾日？薪資如何？	七日；三日；不給薪	七日；七日；薪資照給，各逾五日部分雇主得申請補助	十日；十日；照給	五日；五日；減半	Prenatal check-up leave is how many days, paternity/accompanying leave how many days, and pay is:	7 days; 3 days; unpaid	7 days; 7 days; full pay, with employer subsidies for the portion beyond 5 days	10 days; 10 days; full pay	5 days; 5 days; half pay	b	第15條：妊娠期間產檢假七日；陪產檢及陪產假七日；期間薪資照給；雇主給付後就各逾五日之部分得向中央主管機關申請補助（委任勞保局辦理）。細則第7條：陪產之請假應於配偶分娩當日及其前後合計十五日期間內為之。	Article 15: 7 + 7 days at full pay, subsidy for days beyond five; Enforcement Rules Article 7: paternity leave within 15 days around the birth.	draft	5		
Q0876	OSH	OSH-37	性別平等工作法	第16條	民國112年8月16日	性平法-育嬰留停	2	受僱者任職滿幾個月後，於每一子女滿幾歲前得申請育嬰留職停薪？期間最長不得逾幾年？	六個月；二歲；一年	六個月；三歲；二年	一年；六歲；三年	三個月；一歲；一年	After how many months of service may an employee apply for parental leave, until the child reaches what age, for at most how long?	6 months; age 2; 1 year	6 months; age 3; 2 years	1 year; age 6; 3 years	3 months; age 1; 1 year	b	第16條：任職滿六個月後於每一子女滿三歲前得申請育嬰留職停薪，期間至子女滿三歲止但不得逾二年；同時撫育二人以上者合併計算最長以最幼子女受撫育二年為限；期間得繼續參加原有社會保險，雇主負擔之保費免繳、受僱者負擔部分得遞延三年繳納；收養先行共同生活者亦得申請。細則第9條：繼續投保不包括勞工職業災害保險。	Article 16: after 6 months, until age 3, up to 2 years (combined for multiple children); social insurance continues with employer premiums waived; Enforcement Rules Article 9 excludes occupational accident insurance.	draft	5		
Q0877	OSH	OSH-37	性別平等工作法	第17條	民國112年8月16日	性平法-復職	3	育嬰留職停薪期滿申請復職時，雇主僅於何種情形並經主管機關同意者得拒絕？	營收下降	歇業虧損或業務緊縮、依法變更組織解散或轉讓、不可抗力暫停工作一個月以上、業務性質變更無適當工作可安置	主管不喜歡	任何情形	An employer may refuse reinstatement after parental leave only, with the authority's consent, in cases of:	Falling revenue	Closure, losses or business contraction; legal reorganization, dissolution or transfer; force majeure stoppage over one month; or change of business nature with no suitable position	Manager's dislike	Any situation	b	第17條：除歇業虧損或業務緊縮、依法變更組織解散或轉讓、不可抗力暫停工作一個月以上、業務性質變更有減少受僱者必要又無適當工作可安置，並經主管機關同意者外，雇主不得拒絕復職；未能復職者應於三十日前通知並依法定標準發給資遣費或退休金。	Article 17: the four grounds plus authority consent; 30 days' notice and statutory severance or pension otherwise.	draft	5		
Q0878	OSH	OSH-37	性別平等工作法	第18條	民國112年8月16日	性平法-哺乳	2	子女未滿二歲須受僱者親自哺（集）乳者，雇主每日應另給哺（集）乳時間幾分鐘？延長工時達一小時以上者另給幾分鐘？	三十分鐘；十五分鐘；不計工時	六十分鐘；三十分鐘；視為工作時間	六十分鐘；六十分鐘；視為休息	九十分鐘；三十分鐘；不計工時	For children under two, employers must give how much daily breastfeeding/pumping time, plus how much when overtime reaches an hour, counted as:	30 minutes; 15 minutes; not working time	60 minutes; 30 minutes; working time	60 minutes; 60 minutes; rest	90 minutes; 30 minutes; not working time	b	第18條：子女未滿二歲須親自哺（集）乳者除規定休息時間外每日另給哺（集）乳時間六十分鐘；延長工作時間達一小時以上者給予三十分鐘；均視為工作時間。細則第11條：親自哺乳包括以容器貯存母乳備供育兒。	Article 18: 60 + 30 minutes counted as working time; Enforcement Rules Article 11 includes expressing milk.	draft	5		
Q0879	OSH	OSH-37	性別平等工作法	第19條	民國112年8月16日	性平法-減少工時	2	受僱於僱用幾人以上雇主之受僱者，為撫育未滿三歲子女得請求每天減少工作時間一小時或調整工作時間？減少之工時得否請求報酬？	五人以上；不得	一百人以上；得	三十人以上；不得請求報酬	十人以上；得	Employees of employers with at least how many staff may request a one-hour daily reduction or adjustment of hours to care for a child under three, and is the reduced hour paid?	5 or more; not paid	100 or more; paid	30 or more; not paid	10 or more; paid	c	第19條：受僱於僱用三十人以上雇主者為撫育未滿三歲子女得請求每天減少工作時間一小時（不得請求報酬）或調整工作時間；未滿三十人者經協商合意得辦理。細則第5條：依請求當月第一個工作日僱用總人數計算。	Article 19: 30+ employees (smaller employers by agreement); the reduced hour is unpaid; headcount per the first working day of the month.	draft	5		
Q0880	OSH	OSH-37	性別平等工作法	第20條	民國112年8月16日	性平法-家庭照顧假	2	受僱者於家庭成員預防接種、發生嚴重疾病或重大事故須親自照顧時得請家庭照顧假，全年以幾日為限？其日數併入何種假計算？	七日；事假	三日；特別休假	三十日；公假	十四日；病假	Family care leave is limited to how many days a year and counted as which type of leave?	7 days; personal leave	3 days; annual leave	30 days; official leave	14 days; sick leave	a	第20條：家庭照顧假日數併入事假計算，全年以七日為限，薪資依事假規定。第21條：受僱者依第14至20條請求時雇主不得拒絕，亦不得視為缺勤影響全勤獎金考績或為其他不利處分；違反者依第38條處二萬元以上三十萬元以下罰鍰。	Article 20: up to 7 days counted as personal leave; Article 21: requests cannot be refused or treated as absence; Article 38: NT$20,000–300,000 fine.	draft	5		
Q0881	OSH	OSH-37	性別平等工作法	第23條	民國112年8月16日	性平法-托兒	2	僱用受僱者幾人以上之雇主，應提供哺（集）乳室及托兒設施或適當之托兒措施？	二百人以上	一百人以上	五十人以上	三十人以上	Employers with at least how many employees must provide a lactation room and childcare facilities or measures?	200	100	50	30	b	第23條：僱用一百人以上之雇主應提供哺（集）乳室、托兒設施或適當之托兒措施；主管機關應給予經費補助。細則第14條：托兒措施包括與其他雇主聯合辦理或委託托兒服務機構辦理。	Article 23: 100 or more, with government subsidies; Enforcement Rules Article 14 allows joint or outsourced childcare.	draft	5		
Q0882	OSH	OSH-37	性別平等工作法	第27條	民國112年8月16日	性平法-賠償	3	受僱者遭受性騷擾受有損害時，由何人負損害賠償責任？權勢性騷擾之懲罰性賠償金為損害額幾倍？最高負責人為行為人者幾倍？	僅雇主；二倍；三倍	雇主及行為人連帶負責（雇主證明已盡防治義務者免責）；一倍至三倍；三倍至五倍	僅行為人；一倍；二倍	國家；不適用；不適用	Who is liable for damages from workplace sexual harassment, and punitive damages for power-based harassment are how many times the loss, or if the offender is the top responsible person?	Employer only; 2×; 3×	Employer and offender jointly (employer exempt if it proves full compliance); 1–3 times; 3–5 times	Offender only; 1×; 2×	The state; N/A; N/A	b	第27條：因性騷擾受損害者由雇主及行為人連帶負損害賠償責任，但雇主證明已遵行防治規定且已盡力防止者不負責任（法院仍得斟酌經濟狀況令雇主賠償）；雇主賠償後對行為人有求償權；被害人到庭期間雇主應給公假；權勢性騷擾法院得酌定損害額一倍至三倍懲罰性賠償金，行為人為最高負責人或僱用人者三倍至五倍。第30條：賠償請求權知悉起二年、行為起十年消滅。	Article 27: joint liability with an employer defense, recourse against the offender, official leave for court, punitive damages 1–3× or 3–5×; Article 30: 2-year/10-year limitation.	draft	5		
Q0883	OSH	OSH-37	性別平等工作法	第31條	民國112年8月16日	性平法-舉證	2	受僱者或求職者釋明差別待遇之事實後，舉證責任如何分配？	受僱者應證明雇主有歧視故意	雇主應就差別待遇之非性別性傾向因素或工作之特定性別因素負舉證責任	由法院調查	由主管機關舉證	Once an employee or applicant shows prima facie evidence of differential treatment, the burden of proof:	Stays with the employee to prove intent	Shifts to the employer to prove non-gender reasons or a genuine sex-specific job requirement	Falls on the court	Falls on the authority	b	第31條：受僱者或求職者於釋明差別待遇之事實後，雇主應就差別待遇之非性別、性傾向因素，或該受僱者或求職者所從事工作之特定性別因素負舉證責任。第35條：法院及主管機關認定差別待遇應審酌性別平等工作會之調查報告評議或處分。細則第2條：差別待遇指因性別或性傾向因素為直接或間接不利之對待。	Article 31: burden shifts to the employer; Article 35: courts consider committee findings; Enforcement Rules Article 2 defines direct and indirect adverse treatment.	draft	5		
Q0884	OSH	OSH-37	性別平等工作法	第32-1條	民國112年8月16日	性平法-申訴	3	遭受性騷擾原則上應向雇主申訴，但何種情形得逕向地方主管機關申訴？被申訴人非具權勢地位者之申訴期限為何？	任何情形；一年	不得向地方申訴；無期限	被申訴人屬最高負責人或僱用人，或雇主未處理或不服其調查懲戒結果；自知悉起逾二年、行為終了起逾五年不予受理	僅媒體報導者；三年	Harassment complaints go to the employer, but may go directly to the local authority when, and for non-power-based cases the deadline is:	Any case; 1 year	Never; no deadline	The accused is the top responsible person or the employer, or the employer failed to act or the complainant disputes the result; 2 years from knowledge / 5 years from the act	Only media-reported cases; 3 years	c	第32條之1：應向雇主申訴，但被申訴人屬最高負責人或僱用人，或雇主未處理或不服被申訴人之雇主所為調查懲戒結果者得逕向地方主管機關申訴；非具權勢地位者自知悉逾二年、行為終了逾五年不受理；具權勢地位者三年、七年；未成年者得於成年起三年內；被申訴人為最高負責人者得於離職起一年內（行為終了逾十年不受理）；處分前得撤回，撤回後不得再提。	Article 32-1: direct complaints in those situations; 2/5-year limits (3/7 for power-based), special rules for minors and top-responsible-person cases; withdrawal bars refiling.	draft	5		
Q0885	OSH	OSH-37	性別平等工作法	第32-2條	民國112年8月16日	性平法-調查	3	性騷擾被申訴人為最高負責人或僱用人時，於地方主管機關調查期間，申訴人得向雇主申請何事？	調整職務或工作型態至調查結果送達雇主之日起三十日內，雇主不得拒絕	解僱最高負責人	帶薪休假一年	終止契約並領資遣費	When the accused is the top responsible person or the employer, during the local authority's investigation the complainant may request:	A change of duties or work arrangement until 30 days after the investigation result reaches the employer, which cannot be refused	Dismissal of the top person	One year of paid leave	Termination with severance	a	第32條之2：地方主管機關調查得請專業人士團體或警察協助，相關人員應配合不得規避妨礙拒絕（違者一萬元以上五萬元以下罰鍰得按次處罰）；認定成立或原懲戒不當者得令雇主限期採取必要處置；被申訴人為最高負責人或僱用人時申訴人得申請調整職務或工作型態至調查結果送達雇主之日起三十日內，雇主不得拒絕（違者一萬元以上五萬元以下罰鍰）。第38條之2：最高負責人或僱用人經認定性騷擾處一萬元以上一百萬元以下罰鍰。	Article 32-2: cooperation duties, orders for necessary measures, and the right to job adjustment; Article 38-2: top responsible persons found to harass face NT$10,000–1,000,000 fines.	draft	5		
Q0886	OSH	OSH-37	性別平等工作法	第34條	民國112年8月16日	性平法-救濟	3	對地方主管機關經性別平等工作會審議後所為之處分有異議時，得於幾日內向中央主管機關性別平等工作會申請審議或逕行提起訴願？	六十日內	七日內	三十日內	十日內	Objections to a local authority decision made after committee review must be filed with the central committee or as an administrative appeal within:	60 days	7 days	30 days	10 days	d	第34條：受僱者或求職者發現雇主違反第7至11條、第13條第2項、第21條或第36條得向地方主管機關申訴，經性別平等工作會審議；對處分有異議得於十日內向中央主管機關性別平等工作會申請審議或逕行提起訴願，不服中央審定得逕行提起行政訴訟；最高負責人性騷擾案件除情節重大或媒體揭露外得不經審議逕為處分。第33條：違反第14至20條之申訴，地方主管機關應於七日內展開調查。	Article 34: 10 days, then administrative litigation; Article 33: complaints about leave rights trigger investigation within 7 days.	draft	5		
Q0887	OSH	OSH-37	性別平等工作法	第36條	民國112年8月16日	性平法-不利處分	2	雇主不得因受僱者提出本法之申訴或協助他人申訴而為何種處分？違反者處罰為何？	解僱、調職或其他不利處分；處二萬元以上三十萬元以下罰鍰並公布名稱、限期改善	得減薪；一萬元罰鍰	得調職；不罰	僅不得解僱；警告	Employers may not retaliate against complainants or helpers by what, and the penalty is:	Dismissal, transfer or other adverse treatment; NT$20,000–300,000 fine, public naming and an order to correct	Pay cuts are allowed; NT$10,000 fine	Transfer is allowed; no penalty	Only dismissal is banned; a warning	a	第36條：雇主不得因受僱者提出本法之申訴或協助他人申訴而予以解僱、調職或其他不利之處分。第38條：違反第21條、第27條第4項或第36條者處二萬元以上三十萬元以下罰鍰，公布姓名或名稱及負責人姓名並限期改善，屆期未改善按次處罰。第37條：主管機關應提供法律諮詢或扶助。	Article 36; Article 38: NT$20,000–300,000, publication and correction order; Article 37: legal aid for complainants.	draft	5		
Q0888	OSH	OSH-37	性別平等工作法	第38-1條	民國112年8月16日	性平法-罰則	3	雇主違反性別歧視禁止規定（第7至10條、第11條第1、2項）者，處罰為何？違反第13條第2項糾正補救義務者？	三十萬元以上一百五十萬元以下罰鍰；二萬元以上一百萬元以下罰鍰	一萬元以上五萬元以下；不罰	僅警告；僅警告	二萬元以上三十萬元以下；一萬元以上十萬元以下	Fines for violating the anti-discrimination provisions (Articles 7–10, 11(1)(2)) and for failing the corrective duties of Article 13(2) are:	NT$300,000–1,500,000; NT$20,000–1,000,000	NT$10,000–50,000; none	Warning; warning	NT$20,000–300,000; NT$10,000–100,000	a	第38條之1：違反第7至10條、第11條第1、2項處三十萬元以上一百五十萬元以下罰鍰；違反第13條第2項或地方主管機關限期必要處置之命令處二萬元以上一百萬元以下；違反第13條第1項第2款處二萬元以上三十萬元以下；第1款經限期未改善處一萬元以上十萬元以下；違反第32條之2第5項處一萬元以上五萬元以下；均應公布名稱負責人姓名處分期日違反條文及罰鍰金額並限期改善，屆期未改善按次處罰。	Article 38-1: the graded fines, with public disclosure and correction orders.	draft	5		
Q0889	OSH	OSH-38	性別平等工作法施行細則	第4-2條	民國115年4月8日	性平細則-最高負責人	3	依性別平等工作法施行細則，與法人對外代表人「職務相當之人」之審認，包括持有百分之多少以上股份者？	百分之五十以上	百分之五以上	百分之十以上	百分之二十以上	Per the Enforcement Rules, persons 'equivalent to the representative' of a legal person include shareholders holding at least:	50%	5%	10%	20%	d	細則第4條之2：職務相當之人為實質執行代表人業務或實質控制人事財務業務經營，且現任或曾任董事監察人、持有百分之二十以上股份、經工會股東協力廠商或申訴人指認並有具體事證、代表人之配偶前配偶四親等內血親等、代表人經改選尚未登記、位居特殊重要職位者。共同作業指基於共同目的於同一期間從事工作者；持續性性騷擾指於工作時間及非工作時間均發生且時間具密接性者。	Enforcement Rules Article 4-2: substantive control plus directorship, 20%+ shareholding, identification with evidence, close relatives, unregistered re-elected representatives, or key positions; also defines joint work and continuous harassment.	draft	5		
Q0890	OSH	OSH-38	性別平等工作法施行細則	第4-3條	民國115年4月8日	性平細則-知悉	2	性別平等工作法第13條第2項所定雇主「知悉」性騷擾情形，是否以被害人提出申訴為限？	以主管機關通知為限	以正式書面申訴為限	以法院判決為限	不以被害人向雇主提出申訴為限	Does the employer's 'knowledge' of harassment under Article 13(2) require a formal complaint by the victim?	Only via authority notification	Yes, a written complaint is required	Only via court judgment	No, knowledge is not limited to cases where the victim files a complaint	d	細則第4條之3：本法第13條第2項所定知悉，不以被害人須向雇主提出性騷擾申訴為限；第13條第4項所稱地方主管機關指被害人勞務提供地之直轄市或縣（市）主管機關。細則第4條之1：實習生遭性騷擾時所屬學校應督促實習單位採取糾正補救措施並提供協助。	Enforcement Rules Article 4-3; the competent local authority is that of the place where the victim provides labor; Article 4-1 covers interns.	draft	5		
Q0891	OSH	OSH-38	性別平等工作法施行細則	第5條	民國115年4月8日	性平細則-人數計算	2	性別平等工作法第13條、第19條及第23條所定僱用人數之計算，是否包括分支機構及附屬單位？	由雇主決定	僅包括分支機構	不包括	包括	Does the headcount for Articles 13, 19 and 23 include branches and affiliated units?	Employer's choice	Branches only	No	Yes	d	細則第5條：第13條第1項、第19條及第23條第1項所定僱用人數之計算包括分支機構及附屬單位之僱用人數；第19條之僱用人數依受僱者申請或請求當月第一個工作日雇主僱用之總人數計算。	Enforcement Rules Article 5: includes branches and affiliates; for Article 19, counted on the first working day of the month of the request.	draft	5		
Q0892	OSH	OSH-38	性別平等工作法施行細則	第8條	民國115年4月8日	性平細則-產假	3	受僱者於育嬰留職停薪期間屆滿前分娩，復職後仍在產假期間時，雇主應如何？	僅給一星期	仍應依規定給予產假，但得扣除自分娩之日起至復職前之日數	不需給產假	給予全部八星期	If an employee gives birth before parental leave ends and returns while still within the maternity leave period, the employer must:	Grant only one week	Still grant maternity leave, minus the days from delivery until reinstatement	Grant no maternity leave	Grant the full eight weeks	b	細則第8條：於育嬰留職停薪期間屆滿前分娩或流產，復職後仍在產假期間者雇主仍應給予產假，但得扣除自分娩或流產之日起至復職前之日數。細則第12條：子女指婚生子女、非婚生子女及養子女；第13條：雇主必要時得要求提出證明文件。	Enforcement Rules Article 8; Article 12 defines children (including adopted); Article 13 allows requesting supporting documents.	draft	5		