ENV-1537	ENV	ENV-208	既存固定污染源污染物排放量認可準則	第1條	民國100年6月24日	既存排放量認可-法源	1	既存固定污染源污染物排放量認可準則係依據哪一條文授權訂定？	依空氣污染防制法第八條第五項規定訂定之	依空氣污染防制法第六條第四項規定訂定之	依空氣污染防制法第十二條第三項規定訂定之	依空氣污染防制法第二十一條第二項規定訂定之	Under which provision are the Regulations for Recognition of Pollutant Emissions from Existing Stationary Sources adopted?	Adopted under Article 8, Paragraph 5 of the Air Pollution Control Act	Adopted under Article 6, Paragraph 4 of the Air Pollution Control Act	Adopted under Article 12, Paragraph 3 of the Air Pollution Control Act	Adopted under Article 21, Paragraph 2 of the Air Pollution Control Act	a	第1條：本準則依空氣污染防制法第八條第五項規定訂定。空污法第八條規範總量管制區內固定污染源排放量之認可與交易，第十二條則為分期分區公告實施總量管制之依據，兩者搭配適用。	Article 1: adopted under Article 8(5) of the Air Pollution Control Act.	draft	14		
ENV-1538	ENV	ENV-208	既存固定污染源污染物排放量認可準則	第2條	民國100年6月24日	既存排放量認可-申請期限	2	未符合空氣品質標準之總量管制區內，公私場所具有中央主管機關指定公告之既存固定污染源者，應於何時向何機關申請排放量認可？	自地方主管機關公告空氣品質標準之日起一年內，向中央主管機關申請認可全廠（場）及個別污染源之污染物季排放量	自地方主管機關核發操作許可證之日起六個月內，向目的事業主管機關申請認可個別固定污染源之污染物月排放量	自中央主管機關公告實施總量管制之日起一年內，向地方主管機關申請認可全廠（場）及個別污染源之污染物年排放量	自中央主管機關公告實施總量管制之日起三年內，向中央主管機關申請認可全廠（場）及個別污染源之污染物年排放量	When and to whom must a premises with designated existing stationary sources apply for emission recognition?	Within one year of the local authority announcing air quality standards, apply to the central authority to recognize plant-wide and individual quarterly emissions	Within six months of the local authority issuing the operating permit, apply to the industry competent authority to recognize monthly emissions of each source	Within one year of the central authority announcing total quantity control, apply to the local authority to recognize plant-wide and individual annual emissions	Within three years of the central authority announcing total quantity control, apply to the central authority to recognize plant-wide and individual annual emissions	c	第2條第1項：應自中央主管機關依本法第十二條公告實施總量管制之日起一年內，向地方主管機關申請認可全廠（場）及個別污染源之污染物年排放量。逾期未申請者，依第5條第2項地方主管機關得逕行認可。	Article 2(1): one year from the total quantity control announcement, to the local competent authority.	draft	14		
ENV-1539	ENV	ENV-208	既存固定污染源污染物排放量認可準則	第2條	民國100年6月24日	既存排放量認可-定義	2	本準則所稱既存固定污染源之認定基準，以及本準則適用之污染物類別為何？	指公告實施總量管制之日前已完成環境影響評估審查並於一年內開發者；適用硫氧化物、氮氧化物、揮發性有機物及臭氧等四類	指公告實施總量管制之日前已設立、已申請設置許可證或已通過環評並於三年內開發者；適用粒狀污染物、硫氧化物、氮氧化物及揮發性有機物	指公告實施總量管制之日後已設立、已申請設置許可證或已通過環評並於五年內開發者；適用粒狀污染物、硫氧化物、氮氧化物及一氧化碳	指公告實施總量管制之日前已取得操作許可證並連續運轉十年以上者；適用粒狀污染物、硫氧化物、氮氧化物、鉛及戴奧辛等五類	How are existing stationary sources defined, and which pollutants do these Regulations cover?	Sources that completed EIA review and were developed within one year before the announcement; covers SOx, NOx, VOCs and ozone as the four pollutants	Sources established, having applied for an installation permit, or EIA-approved and developed within three years, before the control announcement; covers particulates, SOx, NOx and VOCs	Sources established, having applied for an installation permit, or EIA-approved and developed within five years, after the control announcement; covers particulates, SOx, NOx and CO	Sources holding an operating permit and running continuously for over ten years before the announcement; covers particulates, SOx, NOx, lead and dioxins	b	第2條第2項：既存固定污染源指公告實施總量管制之日前已設立、已申請設置許可證或已通過環評審查且於通過三年內實施開發行為者。第3項：適用粒狀污染物、硫氧化物、氮氧化物及揮發性有機物四類。	Article 2(2)-(3): pre-announcement sources; four pollutants including particulates, SOx, NOx and VOCs.	draft	14		
ENV-1540	ENV	ENV-208	既存固定污染源污染物排放量認可準則	第3條	民國100年6月24日	既存排放量認可-計算依據	3	地方主管機關認可各類污染物排放量之計算依據及取用年度為何？	四類污染物均依申報辦法之排放量計算方式，取申請日前十年內任一操作年度之排放量，並由中央主管機關逕行核定其年排放量	硫氧化物、氮氧化物及揮發性有機物依申報辦法計算方式，粒狀污染物依收費辦法計算方式，均取申請日前三年內完整操作年度之平均年排放量	硫氧化物、氮氧化物及揮發性有機物依收費辦法計算方式，粒狀污染物依申報辦法計算方式，均取申請日前七年內完整操作年度之最大年排放量	硫氧化物、氮氧化物及粒狀污染物均依收費辦法計算方式，揮發性有機物依環評書件內容，取申請日前五年內完整操作年度之最小年排放量	What calculation basis and reference year does the local authority use to recognize each pollutant?	All four pollutants follow the reporting regulations, taking any operating year within ten years before application, with the central authority determining the annual emissions directly	SOx, NOx and VOCs follow the reporting regulations, particulates follow the emission fee regulations; all take the average annual emission of a complete operating year within three years before application	SOx, NOx and VOCs follow the emission fee regulations, particulates follow the reporting regulations; all take the maximum annual emission of a complete operating year within seven years before application	SOx, NOx and particulates all follow the emission fee regulations and VOCs follow the EIA documents; all take the minimum annual emission of a complete operating year within five years	c	第3條第1項第1、2款：硫氧化物、氮氧化物及揮發性有機物依空氣污染防制費收費辦法計算，粒狀污染物依排放量申報管理辦法計算，均取申請日前七年內完整操作年度之最大年排放量。第3款：使用天然氣等低污染性氣體燃料而無須依收費辦法申報者，得依申報辦法申報之排放量認定。	Article 3(1): fee regulations for SOx/NOx/VOCs, reporting regulations for particulates; maximum annual emission within seven years.	draft	14		
ENV-1541	ENV	ENV-208	既存固定污染源污染物排放量認可準則	第3條	民國100年6月24日	既存排放量認可-例外認定	3	排放量資料有疑義、操作年度不足或產能偏低時，得由地方主管機關審查認定之要件為何？	排放量資料有疑義、操作時間未達七個完整操作年度，或申請日前七年內實際最大產能未達操作許可證核定百分之八十者，得申請審查認定	排放量資料有疑義、操作時間未達三個完整操作年度，或申請日前三年內實際最大產能未達操作許可證核定百分之七十者，得申請審查認定	排放量資料有疑義、操作時間未達十個完整操作年度，或申請日前十年內實際最大產能未達操作許可證核定百分之九十者，得申請審查認定	排放量資料有疑義、操作時間未達五個完整操作年度，或申請日前五年內實際最大產能未達操作許可證核定百分之六十者，得申請審查認定	On what conditions may the local authority determine emissions case-by-case?	Data in doubt, fewer than seven complete operating years, or actual maximum capacity below 80 percent of the permitted level within the seven years before application	Data in doubt, fewer than three complete operating years, or actual maximum capacity below 70 percent of the permitted level within the three years before application	Data in doubt, fewer than ten complete operating years, or actual maximum capacity below 90 percent of the permitted level within the ten years before application	Data in doubt, fewer than five complete operating years, or actual maximum capacity below 60 percent of the permitted level within the five years before application	a	第3條第2項：資料有疑義、操作時間未達七個完整操作年度，或申請日前七年內實際最大產能未達操作許可證核定百分之八十者，得申請由地方主管機關審查認定。第3項另定已通過環評且於通過三年內開發者，得依環境影響說明書、評估書所載內容及審查結論之排放量認可。	Article 3(2): seven complete operating years, or capacity below 80 percent of the permit.	draft	14		
ENV-1542	ENV	ENV-208	既存固定污染源污染物排放量認可準則	第4條	民國100年6月24日	既存排放量認可-申請文件	2	公私場所申請污染物排放量認可應檢具何種文件？何種情形得免附佐證資料？	應檢具申請表及最近三年檢測報告；依第三條第二項規定申請者得免附申請表，地方主管機關一律不得進行現場勘查	應檢具操作許可證影本及環評書件；經中央主管機關核准者得免附申請表，並由中央主管機關辦理必要之現場勘查	應檢具申請表及排放量相關佐證資料；依第三條第一項規定申請者得免附佐證資料，主管機關必要時得進行現場勘查	應檢具申請表及公會出具之證明文件；使用低污染性燃料者得免附全部文件，地方主管機關並應一律進行現場勘查	What documents are required, and when may supporting emission data be omitted?	An application form plus three years of test reports; those applying under Article 3(2) may omit the form, and site inspection is never permitted	A copy of the operating permit and EIA documents; those approved by the central authority may omit the form, with inspection done by the central authority	An application form and supporting emission data; Article 3(1) applicants may omit the supporting data, and site inspection may be conducted when necessary	An application form plus a certificate from the trade association; users of low-pollution fuel may omit everything, and inspection is always mandatory	c	第4條：申請應檢具申請表及排放量相關佐證資料，但依第3條第1項規定申請者得免附佐證資料；地方主管機關審查時必要得進行現場勘查。	Article 4: application form and supporting data; Article 3(1) applicants are exempt from supporting data.	draft	14		
ENV-1543	ENV	ENV-208	既存固定污染源污染物排放量認可準則	第5條	民國100年6月24日	既存排放量認可-審查期限	2	地方主管機關審查污染物排放量認可申請之期限，以及補正日數之計算規定為何？	應於六十日內完成審查並核發認可文件；補正日數應計入審查期間，且補正總日數不得超過四十五日	應於三十日內完成審查並核發認可文件；補正日數不計入審查期間，且補正總日數不得超過一百八十日	應於九十工作日內完成審查並核發文件；補正日數不計入審查期間，且補正總日數不得超過三十日	應於四十五日內完成審查並核發認可文件；補正日數不計入審查期間，且補正總日數不得超過九十日	What is the review period and how are supplementation days counted?	Review completed within 60 days and the recognition document issued; supplementation days are included and may not exceed 45 days in total	Review completed within 30 days and the recognition document issued; supplementation days are excluded and may not exceed 180 days in total	Review completed within 90 working days and the document issued; supplementation days are excluded and may not exceed 30 days in total	Review completed within 45 days and the recognition document issued; supplementation days are excluded and may not exceed 90 days in total	d	第5條第1項：地方主管機關應於四十五日內完成審查、核發污染物排放量認可文件並通知領取；不符規定者通知限期補正，補正日數不計入審查期間，補正總日數不得超過九十日。	Article 5(1): 45 days for review; supplementation capped at 90 days and excluded from the period.	draft	14		
ENV-1544	ENV	ENV-208	既存固定污染源污染物排放量認可準則	第5條	民國100年6月24日	既存排放量認可-逕行認可	1	公私場所未依規定申請污染物排放量認可，或未於期限內完成補正者，主管機關得如何處理？	地方主管機關應命其停工並限期重新提出申請	地方主管機關得逕行認可其污染物排放量	地方主管機關應撤銷其固定污染源操作許可證	中央主管機關得逕行認可其污染物排放量	What happens if a premises fails to apply or to supplement documents in time?	The local competent authority shall order shutdown and a fresh application	The local competent authority may directly determine its pollutant emissions	The local competent authority shall revoke its stationary source operating permit	The central competent authority may directly determine its pollutant emissions	b	第5條第2項：未依規定申請認可或未於期限內補正者，地方主管機關得逕行認可其污染物排放量。第7條就虛偽記載亦有相同之逕行認可效果。	Article 5(2): the local authority may recognize the emissions on its own initiative.	draft	14		
ENV-1545	ENV	ENV-208	既存固定污染源污染物排放量認可準則	第6條	民國100年6月24日	既存排放量認可-文件記載	2	污染物排放量認可文件應記載之事項為何？	全廠（場）之空氣污染防制費繳納紀錄與金額；個別固定污染源之檢測報告編號及檢測日期；其他經審核機關認定應行記載之事項	全廠（場）之污染物種類、據以認可年度及排放量；個別固定污染源之污染物種類、據以認可年度及排放量；其他經地方主管機關記載事項	全廠（場）之原料使用量、產品產量及用電量；個別固定污染源之操作時數與防制設備處理效率；其他經中央主管機關指定記載之事項	公私場所負責人姓名、工廠登記證號及資本額；個別固定污染源之設置日期與設計產能規格；其他經目的事業主管機關記載之事項	What must the emission recognition document state?	Plant-wide air pollution fee payment records and amounts; each source's test report number and testing date; other items the reviewing agency deems necessary	Plant-wide pollutant types, the reference year and emissions; each source's pollutant types, reference year and emissions; other items recorded by the local authority	Plant-wide raw material use, product output and electricity use; each source's operating hours and control equipment efficiency; other items designated by the central authority	The responsible person's name, factory registration number and capital; each source's installation date and design capacity; other items recorded by the industry authority	b	第6條：認可文件應記載全廠（場）及個別固定污染源之污染物種類、據以認可之年度及其污染物排放量，並得記載其他經地方主管機關記載之事項。	Article 6: pollutant types, reference year and emissions, plant-wide and per source.	draft	14		
ENV-1546	ENV	ENV-208	既存固定污染源污染物排放量認可準則	第7條	民國100年6月24日	既存排放量認可-虛偽記載	2	公私場所申請污染物排放量認可之文件或資料有虛偽記載者，地方主管機關應如何處理？	應撤銷原認可文件，並得逕行認可其污染物排放量	應通知限期補正，屆期未補正始得撤銷其認可文件	應廢止其操作許可證，並命於六個月內重新提出申請	應報請中央主管機關審議後，始得撤銷原認可文件	How is false information in the recognition application handled?	The original recognition document shall be revoked and emissions may be determined directly	A deadline for correction shall be given, with revocation only after failure to correct	The operating permit shall be annulled and a new application required within six months	The case must be submitted to the central authority for review before any revocation	a	第7條：申請文件或資料有虛偽記載者，地方主管機關應撤銷原認可文件，並得逕行認可污染物排放量，與第5條第2項之逕行認可規定相呼應。	Article 7: revocation of the recognition document plus direct determination of emissions.	draft	14		
ENV-1547	ENV	ENV-208	既存固定污染源污染物排放量認可準則	第8條	民國100年6月24日	既存排放量認可-準用	1	非屬第二條第一項所定之既存固定污染源，得如何申請污染物排放量認可？	應另依收費辦法規定，向地方主管機關申報其污染物排放量	得準用本準則規定，向地方主管機關申請認可其污染物排放量	應由目的事業主管機關造冊，逕行核定其污染物年排放量	得準用本準則規定，向中央主管機關申請認可其污染物排放量	How may a source not covered by Article 2(1) obtain emission recognition?	It must instead report its emissions to the local authority under the emission fee regulations	It may apply mutatis mutandis to the local competent authority for recognition of its emissions	The industry competent authority must compile a roster and determine its annual emissions	It may apply mutatis mutandis to the central competent authority for recognition of its emissions	b	第8條：非屬第2條第1項之既存固定污染源，得準用本準則規定向地方主管機關申請認可其污染物排放量，使未強制適用者亦有取得認可之途徑。	Article 8: such sources may apply to the local authority by analogy.	draft	14		
ENV-1548	ENV	ENV-208	既存固定污染源污染物排放量認可準則	第9條	民國100年6月24日	既存排放量認可-施行	1	既存固定污染源污染物排放量認可準則之施行日期規定為何？	本準則自發布後三個月施行	本準則自發布日施行	本準則自一百年七月一日施行	本準則自發布後一年施行	When do these Regulations take effect?	They take effect three months after promulgation	They take effect on the date of promulgation	They take effect on July 1 of Year 100 (2011)	They take effect one year after promulgation	b	第9條：本準則自發布日施行，無另定緩衝期間；申請期限則另依第2條自公告實施總量管制之日起一年內計算。	Article 9: effective upon promulgation.	draft	14		
ENV-1549	ENV	ENV-209	三級防制區既存固定污染源應削減污染物排放量準則	第1條	民國109年7月10日	三級防制區削減-法源	1	三級防制區既存固定污染源應削減污染物排放量準則之法源依據為何？	依空氣污染防制法第六條第四項規定訂定之	依空氣污染防制法第八條第五項規定訂定之	依空氣污染防制法第十二條第二項規定訂定之	依空氣污染防制法第二十四條第三項規定訂定之	What is the statutory basis of these Regulations on emission reduction by existing sources in Class 3 areas?	Adopted under Article 6, Paragraph 4 of the Air Pollution Control Act	Adopted under Article 8, Paragraph 5 of the Air Pollution Control Act	Adopted under Article 12, Paragraph 2 of the Air Pollution Control Act	Adopted under Article 24, Paragraph 3 of the Air Pollution Control Act	a	第1條：本準則依空氣污染防制法第六條第四項規定訂定。空污法第六條規範三級防制區內既存固定污染源應削減污染物排放量之義務，本準則則具體訂定其適用門檻與改善期限。	Article 1: adopted under Article 6(4) of the Air Pollution Control Act.	draft	14		
ENV-1550	ENV	ENV-209	三級防制區既存固定污染源應削減污染物排放量準則	第2條	民國109年7月10日	三級防制區削減-適用門檻	2	位於三級防制區內之公私場所，於何種條件下應依本準則削減氮氧化物排放量？	具備附表所列條件說明之製程，且操作許可證記載任一既存固定污染源之氮氧化物年許可排放量達四十公噸以上者	具備附表所列條件說明之製程，且設置許可證記載任一新設固定污染源之氮氧化物年許可排放量達二十公噸以上者	具備附表所列條件說明之製程，且操作許可證記載全廠合計之氮氧化物年許可排放量達一百公噸以上者	具備附表所列條件說明之製程，且操作許可證記載任一既存固定污染源之硫氧化物年許可排放量達四公噸以上者	When must a premises in a Class 3 control area reduce NOx emissions under these Regulations?	It has a process listed in the appended table and its operating permit records any existing source with permitted annual NOx of 40 tonnes or more	It has a process listed in the appended table and its installation permit records any new source with permitted annual NOx of 20 tonnes or more	It has a process listed in the appended table and its operating permit records plant-wide permitted annual NOx of 100 tonnes or more	It has a process listed in the appended table and its operating permit records any existing source with permitted annual SOx of 4 tonnes or more	a	第2條第1項：位於三級防制區內、具備附表所列條件說明之製程，且操作許可證記載任一既存固定污染源氮氧化物年許可排放量達四十公噸以上者，應依本準則削減氮氧化物排放量。	Article 2(1): listed process plus permitted annual NOx of 40 tonnes or more for any single existing source.	draft	14		
ENV-1551	ENV	ENV-209	三級防制區既存固定污染源應削減污染物排放量準則	第2條	民國109年7月10日	三級防制區削減-既存定義	2	本準則所稱既存固定污染源，指自本準則發布日前具備何種情形之固定污染源？	已通過環境影響評估審查、已完成開發用地取得或已提出開發計畫申請者	已取得設置許可證、已完成試車程序或已申請操作許可證但尚未取得核准者	已建造完成並連續運轉三年以上，且已完成空氣污染防制設施改善工程者	已建造完成、建造中、已完成工程招標程序或未經招標程序已訂立工程施作契約者	What counts as an existing stationary source under these Regulations?	One that has passed EIA review, completed acquisition of the development site, or filed a development plan application	One already holding an installation permit, having completed trial runs, or having applied for but not yet obtained an operating permit	One already built and operating continuously for over three years with air pollution control equipment improvements completed	One already built, under construction, with tendering completed, or with a construction contract signed without tendering, before promulgation	d	第2條第2項：既存固定污染源係指自本準則發布日前，固定污染源已建造完成、建造中、已完成工程招標程序，或未經招標程序而已訂立工程施作契約者。	Article 2(2): built, under construction, tendered, or under a signed construction contract before promulgation.	draft	14		
ENV-1552	ENV	ENV-209	三級防制區既存固定污染源應削減污染物排放量準則	第3條	民國109年7月10日	三級防制區削減-展延檢附	3	既存固定污染源之製程符合附表所列應符合條件者，於申請操作許可證展延時應如何辦理？	應檢具最近三年連續自動監測紀錄或其他足以證明符合附表所列年排放總量之證明文件，併同展延申請所需資料一併辦理	應檢具最近一年檢測報告或其他足以證明符合附表所列排放管道濃度或削減率之證明文件，併同展延申請所需資料一併辦理	應檢具最近一年空氣污染防制費繳納證明或其他足以證明已完成設備汰換之文件，併同展延申請所需資料一併辦理	應檢具最近五年檢測報告及環境影響評估審查結論，證明符合附表所列之削減率後，另案報請中央主管機關核定	What must a compliant process submit when applying to renew its operating permit?	Three years of continuous monitoring records or other proof of meeting the annual emission total in the appended table, filed together with the renewal application	A test report from the past year or other proof of meeting the stack concentration or reduction rate in the appended table, filed together with the renewal application	An air pollution fee payment certificate for the past year or other proof that equipment replacement is complete, filed together with the renewal application	Five years of test reports plus the EIA review conclusion proving the reduction rate, submitted separately to the central authority for approval	b	第3條第1項第1款：製程符合附表所列應符合條件者，應檢具最近一年檢測報告或其他足以證明符合附表所列排放管道濃度或削減率之證明文件，併同固定污染源操作許可證展延申請所需檢附資料一併辦理。	Article 3(1)(1): a test report from the past year proving the stack concentration or reduction rate.	draft	14		
ENV-1553	ENV	ENV-209	三級防制區既存固定污染源應削減污染物排放量準則	第3條	民國109年7月10日	三級防制區削減-改善期限	3	既存固定污染源之製程未能符合附表所列條件而需增設防制設施者，應如何辦理？其改善期限最遲為何時？	應檢具空氣污染防制計畫向目的事業主管機關申請核定改善期限，改善期限不得逾一百十二年七月三十一日	應檢具空氣污染防制計畫向中央主管機關申請核定工程改善所需期限，改善期限不得逾一百十年十二月三十一日	應檢具空氣污染防制計畫向審核機關申請核定工程改善所需期限，改善期限不得逾一百十四年六月三十日	應檢具固定污染源設置許可申請書向審核機關報備工程改善進度，改善期限不得逾一百十六年六月三十日	How does a non-compliant process proceed, and what is the latest improvement deadline?	Submit an air pollution control plan to the industry competent authority for approval, with the deadline not beyond 31 July of Year 112	Submit an air pollution control plan to the central competent authority for approval of the improvement period, which may not extend beyond 31 December of Year 110	Submit an air pollution control plan to the reviewing agency for approval of the improvement period, which may not extend beyond 30 June of Year 114	Submit a stationary source installation permit application to the reviewing agency reporting progress, with the deadline not beyond 30 June of Year 116	c	第3條第1項第2款：需增加空氣污染防制設施者，應檢具設施種類、構造、效能、流程、設計圖說、設置經費及進度之空氣污染防制計畫，向審核機關申請核定工程改善所需期限，改善期限不得逾一百十四年六月三十日。第2項：專責處理一般廢棄物之廢棄物焚化處理程序，經報請審核機關核准者不受此限制。	Article 3(1)(2): control plan to the reviewing agency; deadline no later than 30 June of Year 114.	draft	14		
ENV-1554	ENV	ENV-209	三級防制區既存固定污染源應削減污染物排放量準則	第4條	民國109年7月10日	三級防制區削減-施行	1	三級防制區既存固定污染源應削減污染物排放量準則之施行日期為何？	本準則自發布後六個月施行	本準則自發布日施行	本準則自發布後一年施行	本準則自一百十四年七月一日施行	When do these Regulations take effect?	They take effect six months after promulgation	They take effect on the date of promulgation	They take effect one year after promulgation	They take effect on July 1 of Year 114 (2025)	b	第4條：本準則自發布日施行。發布日並同時作為第2條第2項既存固定污染源之認定時點。	Article 4: effective upon promulgation.	draft	14		
ENV-1754	ENV	ENV-210	機動車輛噪音驗證核可準則	第1條	民國100年12月1日	車輛噪音驗證-法源	1	機動車輛噪音驗證核可準則係依據哪一條文授權訂定？	依噪音管制法第十二條第四項規定訂定之	依噪音管制法第十四條第三項規定訂定之	依噪音管制法第九條第二項規定訂定之	依噪音管制法第二十四條第一項規定訂定之	Under which provision are the Motor Vehicle Noise Verification Approval Regulations adopted?	Adopted under Article 12, Paragraph 4 of the Noise Control Act	Adopted under Article 14, Paragraph 3 of the Noise Control Act	Adopted under Article 9, Paragraph 2 of the Noise Control Act	Adopted under Article 24, Paragraph 1 of the Noise Control Act	a	第1條：本準則依噪音管制法第十二條第四項規定訂定，就進口及大型客車之噪音驗證核可程序為具體規範。	Article 1: adopted under Article 12(4) of the Noise Control Act.	draft	14		
ENV-1755	ENV	ENV-210	機動車輛噪音驗證核可準則	第2條	民國100年12月1日	車輛噪音驗證-定義	2	本準則所稱加速噪音與原地噪音之定義分別為何？	加速噪音指機動車輛於一定路程、一定檔位行駛狀態下測出之平均音量；原地噪音指車輛於原地在最高引擎轉速下測出之平均音量	加速噪音指機動車輛行駛於高速公路連續十分鐘之等效音量；原地噪音指車輛停於原地在怠速狀態下所測出之最小音量	加速噪音指機動車輛於原地由怠速加速至最高轉速時測出之最大音量；原地噪音指車輛於一定路程等速行駛時測出之背景音量	加速噪音指機動車輛於一定路程、一定檔位行駛狀態下測出之最大音量；原地噪音指車輛於原地在一定引擎轉速下測出之最大音量	How are acceleration noise and stationary noise defined?	Acceleration noise is the average level measured over a set distance in a set gear; stationary noise is the average level measured at rest at maximum engine speed	Acceleration noise is the equivalent level over ten minutes of highway driving; stationary noise is the minimum level measured while the vehicle idles in place	Acceleration noise is the maximum level while accelerating in place from idle to top speed; stationary noise is the background level while cruising a set distance	Acceleration noise is the maximum level measured over a set distance in a set gear; stationary noise is the maximum level measured at rest at a set engine speed	d	第2條第1、2款：加速噪音指機動車輛於一定路程、一定檔位行駛狀態下測出之最大音量；原地噪音指機動車輛於原地在一定引擎轉速下測出之最大音量。第4條並要求測定報告應包括兩者之測定結果。	Article 2(1)-(2): both are maximum measured levels, one while driving, one at rest.	draft	14		
ENV-1756	ENV	ENV-210	機動車輛噪音驗證核可準則	第2條	民國100年12月1日	車輛噪音驗證-定義	2	本準則所稱測定報告及合格證明，分別由何者作成或核發？	測定報告指車輛製造廠自行檢測符合機動車輛噪音管制標準之報告；合格證明指經公路監理機關核發之機動車輛車型噪音審驗合格證明文件	測定報告指海關委託之檢驗機構檢測符合噪音管制標準之報告；合格證明指經直轄市、縣（市）主管機關核發之車型噪音審驗合格證明	測定報告指中央主管機關指定之檢驗測定機構檢測符合機動車輛噪音管制標準之報告；合格證明指經中央主管機關核發之車型噪音審驗合格證明	測定報告指進口商所屬公會出具之噪音檢測結果報告書；合格證明指經目的事業主管機關核發之機動車輛噪音管制標準符合證明	Who produces the test report and who issues the certificate of conformity?	The test report is self-tested by the vehicle manufacturer showing compliance with the noise standard; the certificate is issued by the highway supervision authority	The test report comes from a laboratory commissioned by customs showing compliance with the noise standard; the certificate is issued by the municipal or county authority	The report comes from a testing organization designated by the central authority meeting the vehicle noise standard; the certificate is issued by the central authority	The test report is issued by the importer's trade association; the certificate is issued by the industry competent authority as a noise standard compliance certificate	c	第2條第3、4款：測定報告指中央主管機關指定之檢驗測定機構檢測符合機動車輛噪音管制標準之測定報告；合格證明指依審驗辦法檢具車型審驗測定車噪音測定報告等文件，送經中央主管機關核發之車型噪音審驗合格證明。	Article 2(3)-(4): designated testing organization; certificate issued by the central competent authority.	draft	14		
ENV-1757	ENV	ENV-210	機動車輛噪音驗證核可準則	第3條	民國100年12月1日	車輛噪音驗證-適用範圍	2	機動車輛噪音驗證核可準則適用於取得何種車輛之合格證明或測定報告者？	適用於取得總重量逾三千五百公斤貨車及國產機器腳踏車之合格證明或測定報告者	適用於取得總重量逾二千五百公斤貨車及國產機動車輛之合格證明或測定報告者	適用於取得總重量未逾三千五百公斤客車及進口機器腳踏車之測定報告或合格證明者	適用於取得總重量逾三千五百公斤客車及進口機動車輛之合格證明或測定報告者	Which vehicles fall within the scope of these Regulations?	Those holding a certificate or test report for cargo vehicles over 3,500 kg gross weight and for domestically made motorcycles	Those holding a certificate or test report for cargo vehicles over 2,500 kg gross weight and for domestically made motor vehicles	Those holding a test report or certificate for passenger vehicles not over 3,500 kg gross weight and for imported motorcycles	Those holding a certificate or test report for passenger vehicles over 3,500 kg gross weight and for imported motor vehicles	d	第3條：本準則適用於取得總重量逾三千五百公斤客車及進口機動車輛之合格證明或測定報告者，即以大型客車與進口車輛為規範對象。	Article 3: passenger vehicles over 3,500 kg and imported motor vehicles.	draft	14		
ENV-1758	ENV	ENV-210	機動車輛噪音驗證核可準則	第4條	民國100年12月1日	車輛噪音驗證-測定報告	1	依本準則提出之測定報告，應包括哪些項目之測定結果？	應包括加速噪音及原地噪音之測定結果	應包括加速噪音及夜間等效音量之測定結果	應包括原地噪音及車內音量之測定結果	應包括加速噪音及排氣管噪音之測定結果	What results must the test report contain?	It must contain the results for acceleration noise and stationary noise	It must contain the results for acceleration noise and night equivalent level	It must contain the results for stationary noise and in-cabin sound level	It must contain the results for acceleration noise and exhaust pipe noise	a	第4條：測定報告應包括加速噪音及原地噪音之測定結果，兩者定義見第2條第1、2款。	Article 4: acceleration noise and stationary noise.	draft	14		
ENV-1759	ENV	ENV-210	機動車輛噪音驗證核可準則	第5條	民國100年12月1日	車輛噪音驗證-申請文件	3	申請機動車輛噪音驗證核可，應向何機關檢具哪些文件？進口商使用公會之合格證明時由何者申請？	向直轄市、縣（市）主管機關檢具申請表、測定報告及環境保護專責單位設置證明等；使用公會合格證明者應由車輛製造廠代為提出申請	向海關檢具申請表、合格證明或測定報告、目的事業主管機關核發之車輛安全審驗合格證等；使用公會合格證明者應由公路監理機關轉送	向公路監理機關檢具申請表、合格證明或測定報告、車輛製造廠出具之品質管制紀錄等；使用公會合格證明者仍應由進口商本人提出申請	向中央主管機關檢具申請表、合格證明或測定報告、海關核發之進口與貨物稅完（免）稅證明書等；使用公會合格證明者應由該公會提出申請	To whom is the application filed, what documents are required, and who applies when using an association certificate?	To the municipal or county authority, with the form, test report and proof of an environmental protection unit; the vehicle manufacturer applies on behalf when the association certificate is used	To customs, with the form, certificate or test report, and the vehicle safety approval certificate; the highway supervision authority forwards it when the association certificate is used	To the highway supervision authority, with the form, certificate or test report, and the manufacturer's quality control records; the importer still applies when the association certificate is used	To the central authority, with the form, certificate or test report, and the customs import and commodity tax (exemption) certificate; the association itself applies when its certificate is used	d	第5條第1項：應向中央主管機關檢具申請表、合格證明或測定報告、海關核發之完（免）稅證明書、在國內完成車身打造之柴油客車另附車身打造完稅證明、底盤出廠完稅證明及車身打造廠名冊等文件。第2項：已依電子檔案資料申報傳輸者得免附。第3項：進口商使用所屬公會之合格證明申請時，應由該公會提出申請。	Article 5: filed with the central authority; the association applies when its own certificate is used.	draft	14		
ENV-1760	ENV	ENV-210	機動車輛噪音驗證核可準則	第6條	民國100年12月1日	車輛噪音驗證-文件不符	3	合格證明登載之製造或出口地區、國家與完（免）稅證明書不符時，以及檢具英文以外之外文文件時，應如何處理？	應檢具海關出具之貨物查驗紀錄影本以資佐證；外文文件應檢具由進口商自行翻譯並蓋章切結之中文譯本即可	應檢具原機動車輛製造廠出具之相關轉運證明文件；外文文件應檢具經駐外館處驗證或國內公證人認證之中文譯本	應檢具原車輛出口國政府核發之產地證明文件；外文文件應檢具經中央主管機關指定機構翻譯之英文譯本備查	應檢具進口商所屬公會出具之車輛來源說明書；外文文件應檢具經公路監理機關審核通過之中文摘要譯本	What is required when the certificate's origin does not match the tax certificate, or when non-English foreign documents are filed?	A copy of the customs cargo inspection record as proof; non-English documents only need a Chinese translation made and stamped by the importer itself	A transshipment certificate issued by the original vehicle manufacturer; non-English documents need a Chinese translation authenticated by an overseas mission or a domestic notary	A certificate of origin issued by the exporting country's government; non-English documents need an English translation by an agency designated by the central authority	A statement of vehicle origin from the importer's trade association; non-English documents need a Chinese summary translation approved by the highway supervision authority	b	第6條第1、2項：合格證明所載製造或出口地區、國家與完（免）稅證明書不符者，應檢具原製造廠出具之轉運證明文件；檢具英文以外之外文文件者，應檢具經駐外館處驗證或國內公證人認證之中文譯本。	Article 6(1)-(2): manufacturer's transshipment certificate; authenticated Chinese translation.	draft	14		
ENV-1761	ENV	ENV-210	機動車輛噪音驗證核可準則	第6條	民國100年12月1日	車輛噪音驗證-審查核可	2	中央主管機關審查合格證明或測定報告與完（免）稅證明書所載資料不符或符合規定時，應如何處理？	資料不符者通知限期補正；審查符合規定者應於十五日內核可，必要時並得進行實車查核	資料不符者駁回其申請；審查符合規定者應於五日內核可，必要時並得進行實車查核	資料不符者移送海關依法處理；審查符合規定者應於三十日內核可，並應一律進行實車查核	資料不符者暫停受理其申請；審查符合規定者應於七個工作日內核可，且不得進行實車查核	How does the central authority handle mismatched or compliant documents?	Mismatched cases get a correction deadline; compliant cases are approved within fifteen days, with on-vehicle inspection possible when necessary	Mismatched cases are rejected; compliant cases are approved within five days, with on-vehicle inspection possible when necessary	Mismatched cases are referred to customs; compliant cases are approved within thirty days, and on-vehicle inspection is always required	Mismatched cases have applications suspended; compliant cases are approved within seven working days, and inspection is not allowed	b	第6條第3、4項：審查資料不符者駁回其申請，符合規定者應於五日內核可；審查時中央主管機關於必要時得進行實車查核。	Article 6(3)-(4): rejection for mismatch; approval within five days; inspection when necessary.	draft	14		
ENV-1762	ENV	ENV-210	機動車輛噪音驗證核可準則	第7條	民國100年12月1日	車輛噪音驗證-公務車輛	2	公務特殊用途車輛申請驗證核可時，應如何辦理？	應檢具中央主管機關出具之噪音測定報告，報經目的事業主管機關核准後辦理驗證核可	應檢具公路監理機關出具之車籍資料，報請中央主管機關備查後即免辦理驗證核可程序	應檢具海關核發之完（免）稅證明書影本，報請直轄市主管機關核准後辦理驗證核可	應檢具目的事業主管機關出具之證明文件，報請中央主管機關核准後逕行辦理驗證核可	How are special-purpose official vehicles handled?	Submit a noise test report from the central authority and, after industry authority approval, proceed with verification approval	Submit vehicle registration data from the highway supervision authority and, after recordation, skip the verification approval process	Submit a copy of the customs tax (exemption) certificate and, after municipal authority approval, proceed with verification approval	Submit a certificate from the industry competent authority and, after central authority approval, proceed directly with verification approval	d	第7條：公務特殊用途車輛，申請人應檢具目的事業主管機關出具之證明文件，報請中央主管機關核准後，逕行辦理驗證核可。	Article 7: industry authority certificate plus central authority approval.	draft	14		
ENV-1763	ENV	ENV-210	機動車輛噪音驗證核可準則	第8條	民國100年12月1日	車輛噪音驗證-暫停受理	2	申請人未依審驗辦法規定辦理品質管制測定與申報或完成新車抽驗者，將有何法律效果？	中央主管機關得暫停受理其驗證核可之申請	目的事業主管機關得撤銷其進口商登記資格	中央主管機關應廢止其已核發之合格證明文件	公路監理機關應停止發給其車輛之新領牌照	What follows if the applicant fails to perform quality control testing, reporting, or new-vehicle sampling?	The central competent authority may suspend acceptance of its verification approval applications	The industry competent authority may revoke its registration as an importer	The central competent authority shall annul the certificate of conformity already issued	The highway supervision authority shall stop issuing new licence plates for its vehicles	a	第8條：申請人未依審驗辦法規定辦理品質管制測定與申報或完成新車抽驗者，中央主管機關得暫停受理其驗證核可之申請；第9條則另定合格證明遭廢止時之停止發照措施。	Article 8: the central authority may suspend acceptance of applications.	draft	14		
ENV-1764	ENV	ENV-210	機動車輛噪音驗證核可準則	第9條	民國100年12月1日	車輛噪音驗證-廢止合格證明	2	依審驗辦法規定廢止合格證明者，中央主管機關應如何處理？	應通知進口商所屬公會，對已驗證核可車輛限期重新檢測	應通知海關，對已完稅尚未提領之機動車輛逕予退運出口	應通知公路監理機關，對已驗證核可尚未發給牌照者停止發照	應通知直轄市主管機關，對已領牌之車輛逕行註銷行車執照	What must the central authority do when a certificate of conformity is annulled?	Notify the importer's trade association to retest all verified vehicles within a set deadline	Notify customs to return and export duty-paid vehicles that have not yet been collected by importers	Notify the highway supervision authority to stop plate issuance for vehicles verified but not yet plated	Notify the municipal competent authority to cancel the licences of vehicles that are already plated	c	第9條：依審驗辦法規定廢止合格證明者，中央主管機關應通知公路監理機關，對已驗證核可尚未發給牌照者停止發照。	Article 9: notify the highway supervision authority to halt plate issuance.	draft	14		
ENV-1765	ENV	ENV-210	機動車輛噪音驗證核可準則	第10條	民國100年12月1日	車輛噪音驗證-委託辦理	1	關於驗證核可及代收驗證核可費用之相關事項，中央主管機關得如何辦理？	得授權進口商所屬公會辦理驗證核可及代收驗證核可費用之事項	得委託其他機關（構）辦理驗證核可及代收驗證核可費用之相關事項	應由中央主管機關自行辦理，不得委託其他機關（構）代為辦理	得委任公路監理機關辦理驗證核可，但代收費用事項不得委託辦理	How may the central authority arrange verification approval and fee collection?	It may authorize the importer's trade association to handle approval and collect the fees	It may commission other agencies or institutions to handle verification approval and collect the fees	It must handle these itself and may not commission any other agency or institution	It may delegate verification approval to the highway supervision authority but not fee collection	b	第10條：中央主管機關得委託其他機關（構）辦理驗證核可及代收驗證核可費用之相關事項。	Article 10: the central authority may commission other agencies.	draft	14		
ENV-1766	ENV	ENV-210	機動車輛噪音驗證核可準則	第11條	民國100年12月1日	車輛噪音驗證-施行	1	機動車輛噪音驗證核可準則之施行日期為何？	本準則自發布後三個月施行	本準則自發布後一年施行	本準則自一百零一年一月一日施行	本準則自發布日施行	When do these Regulations take effect?	They take effect three months after promulgation	They take effect one year after promulgation	They take effect on January 1 of Year 101 (2012)	They take effect on the date of promulgation	d	第11條：本準則自發布日施行，無另定緩衝期間。	Article 11: effective upon promulgation.	draft	14		
ENV-2453	ENV	ENV-211	飲用水水質處理藥劑申請公告作業準則	第1條	民國103年8月15日	水質處理藥劑-法源	1	飲用水水質處理藥劑申請公告作業準則係依據哪一條文授權訂定？	依飲用水管理條例第六條第一項規定訂定之	依飲用水管理條例第十一條第三項規定訂定之	依飲用水管理條例第二十四條第二項規定訂定之	依飲用水管理條例第十三條第二項規定訂定之	Under which provision are these Regulations on applying to announce drinking water treatment chemicals adopted?	Adopted under Article 6, Paragraph 1 of the Drinking Water Management Act	Adopted under Article 11, Paragraph 3 of the Drinking Water Management Act	Adopted under Article 24, Paragraph 2 of the Drinking Water Management Act	Adopted under Article 13, Paragraph 2 of the Drinking Water Management Act	d	第1條：本準則依飲用水管理條例第十三條第二項規定訂定，規範供水單位申請公告飲用水水質處理藥劑之程序與審查。	Article 1: adopted under Article 13(2) of the Drinking Water Management Act.	draft	14		
ENV-2454	ENV	ENV-211	飲用水水質處理藥劑申請公告作業準則	第2條	民國103年8月15日	水質處理藥劑-申請資格	1	申請公告飲用水水質處理藥劑之供水單位，應具備何種資格？	應為藥劑製造廠商、藥劑進口貿易商或取得許可證之環境檢驗測定機構其中之一	應為自來水事業、社區自設公共給水設備之管理單位或簡易自來水之管理單位其中之一	應為直轄市、縣（市）主管機關、鄉鎮公所或自來水用戶協會其中之一	應為自來水事業、環境檢驗測定機構或經濟部標準檢驗局所屬單位其中之一	Who is qualified to apply for announcement of a drinking water treatment chemical?	A chemical manufacturer, a chemical import trading company, or a licensed environmental testing organization	A water supply enterprise, the manager of a community self-built public water supply facility, or the manager of a simplified tap water system	A municipal or county competent authority, a township office, or a tap water consumers association	A water supply enterprise, an environmental testing organization, or a unit under the Bureau of Standards, Metrology and Inspection	b	第2條：申請公告飲用水水質處理藥劑之供水單位，應具備自來水事業、社區自設公共給水設備之管理單位或簡易自來水之管理單位資格之一。	Article 2: water supply enterprise, community facility manager, or simplified tap water manager.	draft	14		
ENV-2455	ENV	ENV-211	飲用水水質處理藥劑申請公告作業準則	第3條	民國103年8月15日	水質處理藥劑-申請文件	2	申請公告飲用水水質處理藥劑，應檢具文件及資料各幾份？其中國外准用證明應為哪些國家或地區所核發？	應檢具申請審核表及各項文件資料各一式二十份；並須為經濟部標準檢驗局或中央主管機關委託機構所核發之准用證明文件	應檢具申請審核表及各項文件資料各一式十份；並須為美國、加拿大、韓國、新加坡、中國大陸或歐盟等任一國家准許使用之證明	應檢具申請審核表及各項文件資料各一式五份；並須為世界衛生組織或國際標準組織所出具之飲用水處理藥劑使用許可證明	應檢具申請審核表及各項文件資料各一式十五份；並須為美國、加拿大、日本、紐西蘭、澳洲或歐盟等任一國家准許使用之證明	How many copies are required, and which countries' approval documents are accepted?	The review form and all documents in twenty copies each; approval issued by the Bureau of Standards or an agency commissioned by the central authority is required	The review form and all documents in ten copies each; approval from the United States, Canada, Korea, Singapore, mainland China or the EU is accepted	The review form and all documents in five copies each; a use permit issued by the World Health Organization or the International Organization for Standardization is required	The review form and all documents in fifteen copies each; approval from the United States, Canada, Japan, New Zealand, Australia or the EU is accepted	d	第3條：申請者應填具申請審核表，並檢具申請單位及負責人身分證明、美國、加拿大、日本、紐西蘭、澳洲或歐盟等任一國家准許使用之證明文件、中文物質安全資料表（MSDS）等，各一式十五份。	Article 3: fifteen copies; approval from the US, Canada, Japan, New Zealand, Australia or the EU.	draft	14		
ENV-2456	ENV	ENV-211	飲用水水質處理藥劑申請公告作業準則	第3條	民國103年8月15日	水質處理藥劑-藥劑資料	2	依本準則申請時，所檢附之申請藥劑基本資料及使用說明，應包含哪些內容？	基本資料含中英文名稱、化學名稱及化學式、藥劑成分含量、檢驗分析方法；使用說明含使用目的方法時機、建議最高使用劑量、保存期限及方式	基本資料含中英文名稱、化學名稱及化學式、專利證號及商標；使用說明含每日投藥次數、廢棄物處理方式、保存期限及緊急應變措施	基本資料含中英文名稱、進口報單號碼、售價及供應商名冊；使用說明含使用目的方法時機、最低使用劑量、運送方式及包裝材質規格	基本資料含中英文名稱、製造廠地址及產能、市場占有率統計；使用說明含使用目的方法時機、建議最低使用劑量及水質檢驗頻率規定	What must the chemical's basic data and use instructions cover?	Basic data: Chinese and English names, chemical name and formula, ingredient contents, analytical methods; instructions: purpose, method and timing, maximum recommended dose, shelf life and storage	Basic data: Chinese and English names, chemical name and formula, patent and trademark numbers; instructions: daily dosing frequency, waste disposal, shelf life and emergency response	Basic data: Chinese and English names, import declaration number, price and supplier list; instructions: purpose, method and timing, minimum dose, transport method and packaging specifications	Basic data: Chinese and English names, plant address and capacity, market share statistics; instructions: purpose, method and timing, minimum recommended dose and testing frequency	a	第3條第4、5款：申請藥劑之基本資料應含中文及英文名稱、化學名稱及化學式、藥劑成分含量、檢驗分析方法；使用說明應含使用目的、方法與時機、建議最高使用劑量、保存期限及保存方式。第7款另要求檢具製造說明。	Article 3(4)-(5): names, chemical formula, contents, analytical methods; purpose, maximum dose, shelf life and storage.	draft	14		
ENV-2457	ENV	ENV-211	飲用水水質處理藥劑申請公告作業準則	第4條	民國103年8月15日	水質處理藥劑-檢驗機構	3	申請藥劑之主成分及不純物含量檢驗測定，應由何者依何種方法辦理並出具報告？	應由申請單位自設之品管實驗室或委託之學術機構，依中央主管機關公告之檢驗方法或中華民國國家標準辦理檢驗測定並出具報告	應由藥劑製造廠商所屬研發部門或其委託之國外顧問公司，依該藥劑原產國之內部品管規範辦理檢驗測定並出具報告	應由直轄市、縣（市）主管機關所屬檢驗單位或自來水事業實驗室，依國際標準組織公告之檢驗方法辦理檢驗測定並出具報告	應由取得中央主管機關許可證具飲用水檢測類之環境檢驗測定機構或經濟部標準檢驗局，依中央主管機關公告之檢驗方法或國家標準辦理	Who must perform the testing of main ingredients and impurities, and under what methods?	The applicant's own quality control laboratory or a commissioned academic institution, using methods announced by the central authority or national standards	The chemical manufacturer's own R&D department or its overseas consultant, using the internal quality control rules of the country of origin	A testing unit under the municipal or county authority, or a water supply enterprise laboratory, using methods announced by the International Organization for Standardization	A testing organization licensed by the central authority for drinking water testing, or the Bureau of Standards, using methods announced by the central authority or national standards	d	第4條第1項：應由取得中央主管機關核發許可證具有飲用水檢測類之環境檢驗測定機構或經濟部標準檢驗局，依中央主管機關公告之檢驗方法（NIEA）或中華民國國家標準（CNS）辦理；無相關方法者得引用美國、加拿大、日本、紐西蘭、澳洲或歐盟公告之方法。第2項：國內機構未能出具報告時，得以上開國家已認可之檢驗測定機構報告代之。	Article 4: a licensed drinking-water testing organization or the Bureau of Standards, using NIEA or CNS methods.	draft	14		
ENV-2458	ENV	ENV-211	飲用水水質處理藥劑申請公告作業準則	第5條	民國103年8月15日	水質處理藥劑-不純物項目	2	申請藥劑之不純物檢測項目應包括哪些？	應包括砷、鎘、鉛、汞、鉻、氯仿，及使用作為飲用水水質處理藥劑之國家所規範之品質管制項目	應包括砷、鉛、大腸桿菌群、總菌落數、濁度，及世界衛生組織飲用水水質指引所列之管制項目	應包括砷、鎘、鉛、汞、鎳、甲醛，及該藥劑製造廠商內部品質管制規範所自行訂定之管制項目	應包括銅、鋅、鐵、錳、硒、氨氮，及使用作為飲用水水質處理藥劑之國家所規範之品質管制項目	Which impurities must be tested?	Arsenic, cadmium, lead, mercury, chromium and chloroform, plus quality control items regulated by the country where the chemical is used for drinking water	Arsenic, lead, coliform group, total plate count and turbidity, plus the items listed in the WHO drinking water quality guidelines	Arsenic, cadmium, lead, mercury, nickel and formaldehyde, plus control items set by the manufacturer's own internal quality control rules	Copper, zinc, iron, manganese, selenium and ammonia nitrogen, plus control items regulated by the country where the chemical is used for drinking water	a	第5條：不純物檢測項目應包括砷、鎘、鉛、汞、鉻、氯仿，及使用作為飲用水水質處理藥劑之國家所規範之品質管制項目；其檢驗依第4條所定機構與方法辦理。	Article 5: arsenic, cadmium, lead, mercury, chromium, chloroform and the using country's control items.	draft	14		
ENV-2459	ENV	ENV-211	飲用水水質處理藥劑申請公告作業準則	第6條	民國103年8月15日	水質處理藥劑-審核組成	1	中央主管機關審核飲用水水質處理藥劑之申請事宜時，得如何進行？	應交由經濟部標準檢驗局邀集學者專家，代為審核藥劑之申請事宜	得邀集相關機關、學者及專家等，審核飲用水水質處理藥劑之申請事宜	應由直轄市、縣（市）主管機關邀集地方民意代表，共同審核申請案	得委由申請單位所屬公會邀集業者代表，自行審核藥劑之申請事宜	How may the central authority conduct its review?	It must have the Bureau of Standards convene scholars and experts to review the applications on its behalf	It may convene relevant agencies, scholars and experts to review applications for drinking water treatment chemicals	It must have the municipal or county authority convene local elected representatives to review the applications	It may let the applicant's trade association convene industry representatives to review the applications itself	b	第6條：中央主管機關得邀集相關機關、學者及專家等，審核飲用水水質處理藥劑之申請事宜；審查期間及結果則分別依第7條、第8條辦理。	Article 6: the central authority may convene agencies, scholars and experts.	draft	14		
ENV-2460	ENV	ENV-211	飲用水水質處理藥劑申請公告作業準則	第7條	民國103年8月15日	水質處理藥劑-審查期間	3	中央主管機關受理申請之審查期間及延長規定為何？	文件齊備者應於六十日內完成審查，補正日數不算入；內容複雜特殊者報經行政院核准後得延長一次，以九十日為限	文件齊備者應於九十工作日內完成審查，補正日數不算入；內容複雜特殊者得無限次延長，每次以十五工作日為限	文件齊備者應於五十工作日內完成審查，補正日數不算入；內容複雜特殊者通知後得延長一次，延長以五十工作日為限	文件齊備者應於三十工作日內完成審查，補正日數應算入；內容複雜特殊者通知後得延長二次，每次以三十工作日為限	What is the review period and how may it be extended?	Sixty days once documents are complete, excluding supplementation days; one extension of up to ninety days for complex cases with Executive Yuan approval	Ninety working days once documents are complete, excluding supplementation days; unlimited extensions of fifteen working days each for complex cases	Fifty working days once documents are complete, excluding supplementation days; one extension of up to fifty working days for complex cases after notice	Thirty working days once documents are complete, including supplementation days; two extensions of up to thirty working days each for complex cases	c	第7條第1項：文件或資料欠缺者通知限期補正，屆期未補正或補正後仍不合規定者予以退件；文件齊備者應於五十工作日內完成審查，補正日數不算入審查期間。第2項：內容複雜特殊者，通知申請單位後得延長審查期間一次，延長期間以五十工作日為限。	Article 7: fifty working days, extendable once by fifty working days.	draft	14		
ENV-2461	ENV	ENV-211	飲用水水質處理藥劑申請公告作業準則	第8條	民國103年8月15日	水質處理藥劑-審查結果	2	中央主管機關審查申請藥劑之成分、不純物、原料及製造資料後，其處理方式為何？	認其可作為飲用水水質處理藥劑使用者核發許可證五年；審查不宜使用者，得予附條件核准	認其可作為飲用水水質處理藥劑使用者由申請單位自行公告；審查不宜使用者，通知限期補正	認其可作為飲用水水質處理藥劑使用者報請行政院公告；審查不宜使用者，移送司法機關偵辦	認其可作為飲用水水質處理藥劑使用者由中央主管機關公告之；審查不宜使用者，駁回其申請	What are the outcomes of the central authority's substantive review?	If suitable, a five-year licence is issued; if unsuitable, conditional approval may still be granted	If suitable, the applicant announces the chemical itself; if unsuitable, a correction deadline is given	If suitable, the Executive Yuan announces the chemical; if unsuitable, the case goes to prosecutors	If suitable, the central authority announces the chemical; if unsuitable, the application is rejected	d	第8條：經審查藥劑之成分、不純物、原料及相關製造資料後，認其可作為飲用水水質處理藥劑使用者，由中央主管機關公告之；審查認不宜作為飲用水水質處理藥劑使用者，駁回其申請。	Article 8: announcement by the central authority if suitable, otherwise rejection.	draft	14		
ENV-2462	ENV	ENV-211	飲用水水質處理藥劑申請公告作業準則	第9條	民國103年8月15日	水質處理藥劑-施行	1	飲用水水質處理藥劑申請公告作業準則之施行日期為何？	本準則自發布後三個月施行	本準則自發布日施行	本準則自一百零三年九月一日施行	本準則自發布後一年施行	When do these Regulations take effect?	They take effect three months after promulgation	They take effect on the date of promulgation	They take effect on September 1 of Year 103 (2014)	They take effect one year after promulgation	b	第9條：本準則自發布日施行，無另定緩衝期間。	Article 9: effective upon promulgation.	draft	14		
ENV-2463	ENV	ENV-212	飲用水水源水質或淨水處理改善計畫審核準則	第1條	民國95年7月4日	改善計畫審核-法源	1	飲用水水源水質或淨水處理改善計畫審核準則係依據哪一條文授權訂定？	依飲用水管理條例第二十二條第一項規定訂定之	依飲用水管理條例第十三條第二項規定訂定之	依飲用水管理條例第六條第一項規定訂定之	依飲用水管理條例第十一條第三項規定訂定之	Under which provision are these Regulations for reviewing drinking water source or treatment improvement plans adopted?	Adopted under Article 22, Paragraph 1 of the Drinking Water Management Act	Adopted under Article 13, Paragraph 2 of the Drinking Water Management Act	Adopted under Article 6, Paragraph 1 of the Drinking Water Management Act	Adopted under Article 11, Paragraph 3 of the Drinking Water Management Act	c	第1條：本準則依飲用水管理條例第六條第一項規定訂定，規範水源水質不合格時提出改善計畫並經審核後始得繼續作為飲用水水源之程序。	Article 1: adopted under Article 6(1) of the Drinking Water Management Act.	draft	14		
ENV-2464	ENV	ENV-212	飲用水水源水質或淨水處理改善計畫審核準則	第2條	民國95年7月4日	改善計畫審核-申請資格	1	申請提出飲用水水源水質或淨水處理改善計畫者，應具備何種資格？	應為環境檢驗測定機構、水利技師事務所或工程顧問公司等專業機構其中之一	應為直轄市、縣（市）主管機關、鄉鎮市公所或流域管理委員會其中之一	應為自來水事業、飲用水設備販賣業者或包裝水製造業者其中之一	應為自來水事業、社區自設公共給水設備之管理單位或簡易自來水之管理單位其中之一	Who may submit a drinking water source or treatment improvement plan?	An environmental testing organization, a hydraulic engineering consultancy, or an engineering consulting company as a professional body	A municipal or county competent authority, a township or city office, or a river basin management committee	A water supply enterprise, a drinking water equipment vendor, or a packaged water manufacturing business	A water supply enterprise, the manager of a community self-built public water supply facility, or the manager of a simplified tap water system	d	第2條：提出改善計畫者應具備自來水事業、社區自設公共給水設備之管理單位或簡易自來水之管理單位資格之一，與飲用水水質處理藥劑申請公告作業準則第2條之資格規定相同。	Article 2: water supply enterprise, community facility manager, or simplified tap water manager.	draft	14		
ENV-2465	ENV	ENV-212	飲用水水源水質或淨水處理改善計畫審核準則	第3條	民國95年7月4日	改善計畫審核-送件程序	2	提出改善計畫者，應檢具資料幾份、循何種程序報送？	應檢具資料一式五份，報轄區直轄市、縣（市）主管機關審核，並副知該目的事業主管機關備查	應檢具資料一式十五份，逕送中央主管機關審核，並副知該目的事業主管機關及轄區鄉鎮市公所	應檢具資料一式二十份，報該目的事業主管機關逕行核定，並副知中央主管機關及水利主管機關	應檢具資料一式十份，報該目的事業主管機關轉中央主管機關審核，並副知轄區直轄市、縣（市）主管機關	How many copies are required and through what channel is the plan filed?	Five copies, filed with the municipal or county competent authority for review, copying the industry competent authority for record	Fifteen copies, filed directly with the central competent authority, copying the industry competent authority and the township office	Twenty copies, filed with the industry competent authority for direct approval, copying the central authority and the water resources authority	Ten copies, filed with the industry competent authority for transfer to the central authority, copying the municipal or county authority	d	第3條第1項：提出改善計畫者應檢具基本資料表、水源水質現況及檢驗報告等資料一式十份，報該目的事業主管機關轉中央主管機關審核，並副知轄區直轄市、縣（市）主管機關。	Article 3(1): ten copies via the industry competent authority to the central authority.	draft	14		
ENV-2466	ENV	ENV-212	飲用水水源水質或淨水處理改善計畫審核準則	第3條	民國95年7月4日	改善計畫審核-應附資料	3	改善計畫應檢具之資料內容，以及本準則所稱目的事業主管機關為何？	內容含水源水質現況及檢驗報告、改善工作內容、計畫期程經費、改善後水質預測、水質監測計畫及應變措施；自來水為中央主管機關，簡易自來水及社區自設公共給水為鄉鎮市公所	內容含水源水質現況及檢驗報告、改善工作內容、計畫經費、環境影響評估書件及土地取得證明；自來水為直轄市、縣（市）政府，簡易自來水及社區自設公共給水為中央水利主管機關	內容含用水人口統計、售水費率結構、財務計畫、管線汰換進度、用戶抱怨處理紀錄及設備採購清冊；自來水為中央水利主管機關，簡易自來水及社區自設公共給水為經濟部	內容含水源水質現況及檢驗報告、改善工作內容、計畫期程經費、改善後水質預測、水質監測計畫及應變措施；自來水為中央水利主管機關，簡易自來水及社區自設公共給水為直轄市、縣（市）政府	What must the plan contain, and who is the industry competent authority?	Source water quality status and test reports, improvement work, schedule and budget, predicted water quality, monitoring plan and contingency measures; the central competent authority for tap water, the township office for the others	Source water quality status and test reports, improvement work, budget, environmental impact assessment documents and land acquisition proof; the municipal or county government for tap water, the central water authority for the others	Water use population statistics, tariff structure, financial plan, pipeline replacement progress, customer complaint records and equipment purchase lists; the central water authority for tap water, the Ministry of Economic Affairs for the others	Source water quality status and test reports, improvement work, schedule and budget, predicted water quality, monitoring plan and contingency measures; the central water authority for tap water, the municipal or county government for the others	d	第3條第1項各款：應檢具基本資料表、水源水質現況及檢驗報告、改善工作內容、計畫期程、計畫經費、改善後水質預測、水質監測計畫、改善期間應變措施、預定進度表及需其他機關配合事項。第2項：目的事業主管機關在自來水為中央水利主管機關，在簡易自來水及社區自設公共給水為直轄市、縣（市）政府。	Article 3: ten listed items; central water authority for tap water, local government for the rest.	draft	14		
ENV-2467	ENV	ENV-212	飲用水水源水質或淨水處理改善計畫審核準則	第4條	民國95年7月4日	改善計畫審核-審核組成	1	中央主管機關審核飲用水水源水質或淨水處理改善計畫時，得如何進行？	應交由轄區直轄市、縣（市）主管機關代為審核計畫	得邀集專家、學者、相關機關（構）等審核改善計畫	應由行政院成立跨部會審查小組專責審核改善計畫	應委由該目的事業主管機關邀集業者代表審核計畫	How may the central authority conduct the review of an improvement plan?	It must have the municipal or county competent authority review the plan on its behalf	It may convene experts, scholars and relevant agencies or institutions to review the plan	It must have the Executive Yuan form an interministerial task force to review plans	It must let the industry competent authority convene industry representatives to review	b	第4條：中央主管機關得邀集專家、學者、相關機關（構）等審核改善計畫；審核期限依第5條、審核結果依第6條辦理。	Article 4: experts, scholars and relevant agencies may be convened.	draft	14		
ENV-2468	ENV	ENV-212	飲用水水源水質或淨水處理改善計畫審核準則	第5條	民國95年7月4日	改善計畫審核-審核期限	2	中央主管機關審核改善計畫申請時，其補正與審核期限規定為何？	文件欠缺者應逕予退件不另通知補正，申請人得重新提出申請；文件齊備者應於九十日內完成審核，補正日數不計入審核期間內	文件欠缺者通知限期補正，屆期未補正予以退件，但期限屆至前有正當理由報經核准得展延；文件齊備者應於六十日內完成審核，補正日數不計入	文件欠缺者通知限期補正，屆期未補正予以退件，且不得申請展延補正期限；文件齊備者應於三十日內完成審核，補正日數應計入審核期間	文件欠缺者通知限期補正，屆期未補正視為撤回申請案；文件齊備者應於五十工作日內完成審核，並得延長一次五十工作日	What are the supplementation and review time limits?	Incomplete filings are returned directly without a correction notice and may be refiled; complete filings are reviewed within 90 days, excluding supplementation days	Incomplete filings get a correction deadline and are returned if missed, though an extension may be approved for good cause; complete filings are reviewed within 60 days, excluding supplementation days	Incomplete filings get a correction deadline and are returned if missed, with no extension allowed; complete filings are reviewed within 30 days, and supplementation days are counted in full	Incomplete filings get a correction deadline and are deemed withdrawn if missed; complete filings are reviewed within 50 working days, extendable once by 50 working days	b	第5條：文件或資料有欠缺或不合規定者通知限期補正，屆期未補正者予以退件，但期限屆至前有正當理由報經中央主管機關核准展延者不在此限；文件齊備者應於六十日內完成審核，各項補正日數不計入審核期間內。	Article 5: 60 days for review; correction deadline with possible extension for good cause.	draft	14		
ENV-2469	ENV	ENV-212	飲用水水源水質或淨水處理改善計畫審核準則	第6條	民國95年7月4日	改善計畫審核-審核結果	2	中央主管機關審查改善計畫相關資料後，其准駁效果為何？	認其水質可改善者，始得繼續作為飲用水之水源；經審查未能改善者，駁回其申請	認其水質可改善者，得免依飲用水水質標準辦理檢驗；未能改善者，通知補正	認其水質可改善者，核發水源使用許可證三年；未能改善者，得附條件核准	認其水質可改善者，由中央主管機關公告該水源名稱；未能改善者，移送裁罰	What follows from the central authority's substantive review of the plan?	If the water quality can be improved, the source may continue to be used for drinking water; if not, the application is rejected	If the water quality can be improved, testing under the water quality standards may be waived; if not, correction is required	If the water quality can be improved, a three-year source use licence is issued; if not, conditional approval may be given	If the water quality can be improved, the central authority announces the name of the source; if not, the case goes to penalty	a	第6條第1項：經審查改善工作內容、期程、水質監測計畫、改善後水質預測、應變措施、預定進度及其他資料後，認其水質可改善者始得繼續作為飲用水之水源；審查未能改善者駁回其申請。	Article 6(1): continued use as a drinking water source if improvable, otherwise rejection.	draft	14		
ENV-2470	ENV	ENV-212	飲用水水源水質或淨水處理改善計畫審核準則	第6條	民國95年7月4日	改善計畫審核-執行進度	2	改善計畫經審查核可者，於執行期間應如何辦理進度回報？	應依改善計畫執行，並每一個月填報計畫執行進度表送轄區直轄市、縣（市）主管機關核定後公告	應依改善計畫執行，並於計畫完成後一次填報執行成果報告送中央主管機關核備，無須期中回報	應依改善計畫執行，並每六個月填報計畫執行進度表送目的事業主管機關備查，並副知中央主管機關查核	應依改善計畫執行，並每三個月填報計畫執行進度表送中央主管機關備查，並副知轄區直轄市、縣（市）主管機關	How must progress be reported once the plan is approved?	Implement the plan and file a progress report every month with the municipal or county authority for approval and public announcement	Implement the plan and file a single completion report with the central authority afterwards, with no interim progress reporting required	Implement the plan and file a progress report every six months with the industry competent authority for record, copying the central authority	Implement the plan and file a progress report every three months with the central authority for record, copying the municipal or county authority	d	第6條第2項：經審查核可者應依改善計畫執行，並每三個月填報計畫執行進度表，送中央主管機關備查，並副知轄區直轄市、縣（市）主管機關。	Article 6(2): quarterly progress reports to the central authority, copying the local authority.	draft	14		
ENV-2471	ENV	ENV-212	飲用水水源水質或淨水處理改善計畫審核準則	第7條	民國95年7月4日	改善計畫審核-施行	1	飲用水水源水質或淨水處理改善計畫審核準則之施行日期為何？	本準則自發布後三個月施行	本準則自發布後一年施行	本準則自九十六年一月一日施行	本準則自發布日施行	When do these Regulations take effect?	They take effect three months after promulgation	They take effect one year after promulgation	They take effect on January 1 of Year 96 (2007)	They take effect on the date of promulgation	d	第7條：本準則自發布日施行，無另定緩衝期間。	Article 7: effective upon promulgation.	draft	14		
ENV-4613	ENV	ENV-213	氣候變遷風險評估作業準則	第1條	民國114年7月16日	氣候風險評估-法源	1	氣候變遷風險評估作業準則係依據哪一條文授權訂定？	依氣候變遷因應法第十八條第三項規定訂定之	依氣候變遷因應法第二十二條第一項規定訂定之	依氣候變遷因應法第十二條第四項規定訂定之	依氣候變遷因應法第二十八條第二項規定訂定之	Under which provision are the Climate Change Risk Assessment Regulations adopted?	Adopted under Article 18, Paragraph 3 of the Climate Change Response Act	Adopted under Article 22, Paragraph 1 of the Climate Change Response Act	Adopted under Article 12, Paragraph 4 of the Climate Change Response Act	Adopted under Article 28, Paragraph 2 of the Climate Change Response Act	a	第1條：本準則依氣候變遷因應法第十八條第三項規定訂定。氣候法第十八條課予各級政府進行氣候變遷風險評估並據以研擬調適方案之義務，本準則規範其作業程序。	Article 1: adopted under Article 18(3) of the Climate Change Response Act.	draft	14		
ENV-4614	ENV	ENV-213	氣候變遷風險評估作業準則	第2條	民國114年7月16日	氣候風險評估-定義	2	本準則所稱氣候變遷風險評估及衝擊，定義分別為何？	氣候變遷風險評估指以溫室氣體排放清冊推估未來排放趨勢，並考量減量成本、技術可行性及產業競爭力等要素；衝擊指極端天氣、氣候事件對於溫室氣體排放總量所產生之變化	氣候變遷風險評估指對氣候變遷風險進行量化或質化之科學評估，並考量危害度、暴露度及脆弱度等風險要素之關聯影響；衝擊指極端天氣、氣候事件及氣候變遷趨勢對自然、人類系統之影響	氣候變遷風險評估指對氣候變遷風險進行量化之財務評估，並考量保險費率、資產價值及市場波動等要素之關聯；衝擊指自然人為氣候危害事件之嚴重度或其長期之變化趨勢	氣候變遷風險評估指針對高風險地區進行地質與水文之工程調查，並考量降雨強度、地層下陷及土地利用等因素；衝擊指暴露對象於現況與未來風險評估結果間之落差	How are climate change risk assessment and impact defined?	Risk assessment projects future emission trends from the greenhouse gas inventory considering abatement cost, technical feasibility and industrial competitiveness; impact is the change in total greenhouse gas emissions caused by extreme weather	Risk assessment is a quantitative or qualitative scientific assessment of climate risk considering the linked effects of hazard, exposure and vulnerability; impact is the effect of extreme weather, climate events and trends on natural and human systems	Risk assessment is a quantitative financial assessment of climate risk considering insurance rates, asset values and market volatility; impact is the severity or long-term trend of natural or human-induced climate hazard events	Risk assessment is a geological and hydrological engineering survey of high risk areas considering rainfall intensity, land subsidence and land use; impact is the gap between current and future risk assessment results for exposed objects	b	第2條第1、2款：氣候變遷風險評估指對氣候變遷風險進行量化或質化之科學評估，並考量危害度、暴露度及脆弱度等風險要素之關聯影響；衝擊指極端天氣、氣候事件及氣候變遷趨勢對於自然、人類系統之影響，即氣候危害及暴露對象交互作用後所衍生之後果。	Article 2(1)-(2): scientific assessment of hazard, exposure and vulnerability; impact on natural and human systems.	draft	14		
ENV-4615	ENV	ENV-213	氣候變遷風險評估作業準則	第2條	民國114年7月16日	氣候風險評估-定義	2	本準則所稱危害度、暴露度及脆弱度之定義分別為何？	危害度指自然或人為導致之氣候危害事件嚴重度或變化趨勢；暴露度指實際或可能受衝擊之暴露對象存在之規模或程度；脆弱度指暴露對象易受負面影響之程度，含敏感、易致受損及缺乏調適能力	危害度指自然或人為導致之氣候危害事件嚴重度或變化趨勢；暴露度指暴露對象缺乏應對與調適之能力程度；脆弱度指設定一致氣候情境後所進行之衝擊模擬與風險評估結果之落差	危害度指極端天氣對於自然及人類系統所衍生之後果；暴露度指高暴露度、高脆弱度且易受氣候危害影響之地理空間範圍；脆弱度指阻礙調適行動規劃或實施成效之各項因素	危害度指暴露對象易受負面影響之敏感程度與易致受損程度；暴露度指氣候危害事件發生之頻率與強度變化趨勢；脆弱度指實際或可能受到氣候衝擊之暴露對象存在之規模或其程度	How are hazard, exposure and vulnerability defined?	Hazard is the severity or trend of natural or human-induced climate hazard events; exposure is the scale or extent of objects actually or potentially affected; vulnerability is the degree of susceptibility, including sensitivity, damage propensity and lack of adaptive capacity	Hazard is the severity or trend of natural or human-induced climate hazard events; exposure is the degree to which objects lack response and adaptive capacity; vulnerability is the gap between impact simulation and risk assessment results under a set scenario	Hazard is the consequence of extreme weather for natural and human systems; exposure is the geographic area with high exposure, high vulnerability and susceptibility to hazards; vulnerability is the set of factors obstructing adaptation planning or its effectiveness	Hazard is the sensitivity and damage propensity of exposed objects to negative effects; exposure is the frequency and intensity trend of climate hazard events; vulnerability is the scale or extent of objects actually or potentially affected by climate impacts	a	第2條第3至5款：危害度指自然或人為導致之氣候危害事件嚴重度或變化趨勢，可能加劇暴露對象之不利影響；暴露度指實際或可能受衝擊之暴露對象存在之規模或程度；脆弱度指暴露對象易受負面影響之程度，包括敏感程度、易致受損程度及缺乏應對、調適之能力。	Article 2(3)-(5): hazard severity, scale of exposed objects, and degree of susceptibility.	draft	14		
ENV-4616	ENV	ENV-213	氣候變遷風險評估作業準則	第2條	民國114年7月16日	氣候風險評估-定義	3	本準則所稱調適應用情境、調適差距及高風險地區之定義分別為何？	調適應用情境指為助各級政府執行風險評估而設定一致之氣候情境；調適差距指評估暴露對象於現況與未來風險評估結果之落差；高風險地區指高暴露度、高脆弱度及易受氣候危害影響之地理空間範圍	調適應用情境指依當期氣候變遷科學報告所推估之溫升幅度區間；調適差距指各級政府調適預算編列與實際支出之差額；高風險地區指經中央主管機關公告應優先辦理環境影響評估之地區	調適應用情境指極端天氣及氣候事件對自然與人類系統之後果；調適差距指暴露對象敏感程度與易致受損程度之差異；高風險地區指氣候危害事件嚴重度或變化趨勢達一定門檻之行政區域	調適應用情境指可應用於降低調適差距且具氣候調適之策略措施及行動；調適差距指阻礙調適行動規劃或實施之因素；高風險地區指實際或可能受衝擊之暴露對象存在之規模或程度所及範圍	How are adaptation application scenario, adaptation gap and high risk area defined?	The scenario is a consistent climate scenario set to help governments assess risk; the gap is the difference between current and future risk assessment results for exposed objects; a high risk area is an area of high exposure, high vulnerability and hazard susceptibility	The scenario is the warming range projected in the current climate change science report; the gap is the difference between budgeted and actual adaptation spending by governments; a high risk area is an area announced by the central authority as requiring priority EIA	The scenario is the consequence of extreme weather and climate events for natural and human systems; the gap is the difference between sensitivity and damage propensity of exposed objects; a high risk area is a district whose hazard severity exceeds a set threshold	The scenario is the set of strategies, measures and actions usable to reduce the adaptation gap; the gap is the set of factors obstructing adaptation planning or implementation; a high risk area is the scale or extent of objects actually or potentially affected	a	第2條第6至8款：調適應用情境指為有助各級政府執行氣候變遷風險評估，設定一致之氣候情境，就各易受氣候變遷衝擊領域進行衝擊模擬、風險評估及調適規劃；調適差距指評估暴露對象於現況與未來氣候變遷風險評估結果之落差；高風險地區指高暴露度、高脆弱度及易受氣候危害影響之地理空間範圍。	Article 2(6)-(8): consistent climate scenario, gap between current and future results, and high exposure and vulnerability areas.	draft	14		
ENV-4617	ENV	ENV-213	氣候變遷風險評估作業準則	第2條	民國114年7月16日	氣候風險評估-定義	2	本準則所稱調適選項與調適障礙之定義分別為何？	調適選項指可應用於降低調適差距且具氣候調適之策略、措施及行動；調適障礙指阻礙調適行動規劃、實施或降低其成效之因素，可能涉及物理、生態、技術、經濟、社會、文化、制度、治理或資訊等面向	調適選項指為助各級政府執行風險評估而設定之一致氣候情境；調適障礙指評估暴露對象於現況與未來氣候變遷風險評估結果之落差，並涉及物理、生態、技術、經濟或治理等各項面向	調適選項指政府依當期氣候變遷科學報告所編列之調適預算項目；調適障礙指暴露對象易受負面影響之程度，包括敏感程度、易致受損程度及缺乏應對與調適能力等各面向之情形	調適選項指高暴露度、高脆弱度且易受氣候危害影響之地理空間範圍；調適障礙指自然或人為導致之氣候危害事件嚴重度或其變化趨勢，可能加劇暴露對象所承受之各種不利影響	How are adaptation option and adaptation barrier defined?	An adaptation option is a strategy, measure or action usable to reduce the adaptation gap; a barrier is a factor obstructing adaptation planning or implementation or reducing its effectiveness, spanning physical, ecological, technical, economic, social, cultural, institutional, governance or information aspects	An adaptation option is the consistent climate scenario set to help governments perform risk assessment; a barrier is the difference between current and future climate risk assessment results for exposed objects, spanning physical, ecological, technical, economic, social, cultural and governance aspects	An adaptation option is a budget item compiled by government under the current climate change science report; a barrier is the degree of susceptibility of exposed objects, including sensitivity, damage propensity and lack of response and adaptive capacity	An adaptation option is the geographic area with high exposure, high vulnerability and susceptibility to climate hazards; a barrier is the severity or trend of natural or human-induced climate hazard events that may aggravate the adverse effects on exposed objects	a	第2條第9、10款：調適選項指可應用於降低調適差距且具氣候調適之策略、措施及行動；調適障礙指阻礙調適行動規劃、實施或降低其成效之因素，可能涉及物理、生態、技術、經濟、社會、文化、制度、治理或資訊等面向。第11條第3款要求彙整執行過程之調適障礙並提出解決方案。	Article 2(9)-(10): options reduce the adaptation gap; barriers obstruct planning, implementation or effectiveness.	draft	14		
ENV-4618	ENV	ENV-213	氣候變遷風險評估作業準則	第3條	民國114年7月16日	氣候風險評估-科學報告	1	各級政府規劃、執行調適方案時，應依本準則使用何種資料進行氣候變遷風險評估？	應使用環境影響評估審查結論進行風險評估作業	應使用氣候變遷科學報告進行氣候變遷風險評估	應使用國家溫室氣體排放清冊進行風險評估作業	應使用災害潛勢地圖及保險理賠統計進行評估	What material must governments use when performing climate change risk assessment?	They must use environmental impact assessment review conclusions for the assessment	They must use the climate change science report for the risk assessment	They must use the national greenhouse gas emission inventory for the assessment	They must use disaster potential maps and insurance claim statistics for the assessment	b	第3條：各級政府規劃、執行調適方案時，應依本準則規定使用氣候變遷科學報告進行氣候變遷風險評估；第7條第1款及第11條第4款並要求使用當期科學報告並參採最新國內外研究。	Article 3: the climate change science report must be used.	draft	14		
ENV-4619	ENV	ENV-213	氣候變遷風險評估作業準則	第4條	民國114年7月16日	氣候風險評估-辦理事項	1	各級政府辦理氣候變遷風險評估，應包括哪些事項？	應包括盤點溫室氣體排放源、訂定減量目標、查核減量執行成效三項	應包括界定範疇、辦理環境影響評估、公告高風險地區禁建範圍三項	應包括界定範疇、檢視資源及氣候衝擊現況、評估未來氣候變遷風險三項	應包括編列調適預算、辦理民眾意見調查、公布年度調適白皮書三項	What must a government's climate change risk assessment cover?	Inventorying greenhouse gas sources, setting reduction targets, and auditing reduction performance	Defining the scope, conducting environmental impact assessment, and announcing building bans in high risk areas	Defining the scope, reviewing resources and current climate impacts, and assessing future climate risk	Budgeting for adaptation, surveying public opinion, and publishing an annual adaptation white paper	c	第4條：各級政府辦理氣候變遷風險評估，應包括界定範疇、檢視資源及氣候衝擊現況、評估未來氣候變遷風險三事項，其具體作法分別規定於第5條至第7條。	Article 4: scope definition, review of resources and current impacts, and future risk assessment.	draft	14		
ENV-4620	ENV	ENV-213	氣候變遷風險評估作業準則	第5條	民國114年7月16日	氣候風險評估-界定範疇	2	各級政府執行界定範疇時，應辦理哪些事項？	確認轄區內溫室氣體排放大戶名單及其排放量；評估各該事業之減量潛力與成本；邀集有關機關、學者、專家、民間團體共同核定各事業之排放額度上限	確認易受氣候變遷影響對象、對應業務範疇及權責機關；評估其氣候危害類型與可能受影響之時間、空間尺度及範圍；邀集有關機關、學者、專家、民間團體共同界定評估範疇	確認易受氣候變遷影響對象、對應業務範疇及權責機關；評估其保險投保比率與資產價值；由權責機關首長逕行核定評估範疇並函報中央主管機關備查後公告	確認高風險地區之地理界線及土地使用現況；評估其開發強度與人口密度變化；邀集有關機關、學者、專家、民間團體共同檢討土地使用分區管制計畫	What must be done when defining the assessment scope?	Identify major greenhouse gas emitters and their emissions; assess their reduction potential and cost; convene agencies, scholars, experts and civil groups to set emission caps for each	Identify climate-sensitive objects, their business scope and responsible agencies; assess hazard types and the time and spatial scale affected; convene agencies, scholars, experts and civil groups to define the scope	Identify climate-sensitive objects, their business scope and responsible agencies; assess their insurance coverage and asset values; have the agency head approve the scope and file it with the central authority for record	Identify the boundaries and land use of high risk areas; assess development intensity and population density change; convene agencies, scholars, experts and civil groups to review zoning controls	b	第5條：界定範疇應辦理確認易受氣候變遷影響對象、對應之業務範疇及權責機關；評估該對象之氣候危害類型、可能受影響之時間、空間尺度及範圍；並邀集有關機關、學者、專家、民間團體共同界定評估範疇。	Article 5: identify objects and agencies, assess hazard types and scales, and convene stakeholders.	draft	14		
ENV-4621	ENV	ENV-213	氣候變遷風險評估作業準則	第6條	民國114年7月16日	氣候風險評估-資源盤點	2	各級政府執行檢視資源及氣候衝擊現況時，就資源盤點應辦理何事項？	盤點權責機關已完成之溫室氣體減量措施及其減量績效，並與國際同級城市進行標竿比較，作為調適選項優先順序與經費核撥之依據	盤點權責機關轄下所有公有建築物及公共設施之耐震能力、使用年限與維護費用，並據以編列未來十年之公共工程改建與補強預算及施工期程	盤點權責機關及易受氣候變遷影響對象之可掌握資源，包括知識、技術、人力、財務等能力建構情形，及可投入風險評估及調適計畫等調適管理機制之資源	盤點易受氣候變遷影響對象之營業額、就業人數及產值占比，並依產業別排序，作為調適資源分配與租稅減免優惠核給之唯一衡量依據	What does the resource inventory step require?	Inventory the greenhouse gas reduction measures already completed and benchmark them against peer cities as the basis for prioritizing adaptation options and funding	Inventory the seismic capacity, service life and maintenance cost of all public buildings and facilities, and budget public works reconstruction and reinforcement for the coming decade	Inventory the resources of responsible agencies and climate-sensitive objects, including knowledge, technology, manpower and financial capacity building, and resources for adaptation management	Inventory the turnover, employment and output share of climate-sensitive objects and rank them by industry as the sole basis for allocating adaptation resources and tax relief	c	第6條第1款：應盤點權責機關及易受氣候變遷影響對象之可掌握資源，包括權責機關之知識、技術、人力、財務等能力建構情形，及可投入有關氣候變遷風險評估及調適計畫等調適管理機制之資源。	Article 6(1): inventory capacity building and resources for adaptation management.	draft	14		
ENV-4622	ENV	ENV-213	氣候變遷風險評估作業準則	第6條	民國114年7月16日	氣候風險評估-衝擊現況	2	檢視氣候衝擊現況之評估項目與方法規劃，依本準則應如何辦理？	評估項目包括降雨量、氣溫及海平面高度，評估結果應含未來百年之推估數值區間；並規劃以問卷調查方式取代質化與量化之衝擊評估方法並公開結果	評估項目包括排放量、減量率及碳費負擔，評估結果應含各排放源之減量潛力排序；並規劃由中央主管機關統一指定之量化衝擊評估方法供各級政府適用	評估項目包括危害度、暴露度及調適差距，評估結果應含高風險地區之禁限建範圍；並規劃委由民間顧問公司採用國際通用模式辦理質化衝擊評估作業	評估項目包括危害度、暴露度及脆弱度，評估結果應含易受影響對象之影響程度或空間分布；並規劃權責機關及影響對象屬性之質化、量化或綜合之衝擊評估方法	What items and methods apply when reviewing current climate impacts?	Assessment items are rainfall, temperature and sea level, with results giving projected ranges for the coming century; questionnaires replace qualitative and quantitative impact methods	Assessment items are emissions, reduction rates and carbon fee burden, with results ranking reduction potential; a uniform quantitative method designated by the central authority applies	Assessment items are hazard, exposure and the adaptation gap, with results showing building bans in high risk areas; qualitative assessment is outsourced to consultants using international models	Assessment items are hazard, exposure and vulnerability, with results showing the degree of effect or spatial distribution; qualitative, quantitative or combined impact methods are planned by attribute	d	第6條第2、3款：評估氣候衝擊現況之評估項目包括危害度、暴露度及脆弱度，評估結果應含易受氣候變遷影響對象之影響程度或其空間分布情形；並應規劃權責機關及易受影響對象屬性之質化、量化或綜合之衝擊評估方法。	Article 6(2)-(3): hazard, exposure and vulnerability, plus qualitative or quantitative methods.	draft	14		
ENV-4623	ENV	ENV-213	氣候變遷風險評估作業準則	第7條	民國114年7月16日	氣候風險評估-未來風險	3	各級政府執行評估未來氣候變遷風險時，應如何使用科學資訊並進行評估？	應使用當期氣候變遷科學報告並參採最新國內外科學研究機構及政府報告，以歷史平均氣候值評估過去衝擊；並依中央主管機關公告之名單指認高風險地區範圍	應使用發布逾五年之氣候變遷科學報告並參採產業公會意見，以歷史災害紀錄評估未來衝擊或風險；並依環境影響評估審查結論辨識調適差距或指認高風險地區	應使用中央主管機關指定之單一氣候模式並排除國外研究成果，以調適應用情境評估未來衝擊；並由權責機關逕行公告調適差距與高風險地區之範圍	應使用當期氣候變遷科學報告並參採最新國內外科學研究機構及政府報告，以調適應用情境評估未來衝擊或風險；並依前條評估結果及方法辨識調適差距或指認高風險地區	How must future climate risk be assessed?	Use the current climate science report and the latest domestic and foreign research and government reports, assess past impacts using historical climate averages, then designate high risk areas from a list announced by the central authority	Use a climate science report over five years old and industry association views, assess future impacts from historical disaster records, then identify the gap or high risk areas from EIA review conclusions	Use a single climate model designated by the central authority and exclude foreign research, assess future impacts under adaptation scenarios, then have the responsible agency announce the gap and high risk areas	Use the current climate science report and the latest domestic and foreign research and government reports, assess future impacts under adaptation scenarios, then identify the adaptation gap or high risk areas from the prior results and methods	d	第7條第1、2款：應使用當期氣候變遷科學報告，並參採最新國內外科學研究機構及政府單位之氣候變遷科學資訊與知識相關報告及建議，以調適應用情境評估未來衝擊或風險；並依第6條第2款評估結果及第3款評估方法進行未來風險評估，辨識調適差距或指認高風險地區。	Article 7(1)-(2): current science report, adaptation scenarios, identification of gaps and high risk areas.	draft	14		
ENV-4624	ENV	ENV-213	氣候變遷風險評估作業準則	第7條	民國114年7月16日	氣候風險評估-合理性檢視	2	調適差距之辨識或高風險地區之指認，其合理性應如何檢視？	應委由地方民意機關審議通過後公告，並得排除有關機關與民間團體之意見參與	應邀集有關機關、學者、專家、民間團體，共同檢視調適差距或指認高風險地區之合理性	應報請中央主管機關委託之學術機構，逐案覆核調適差距及高風險地區指認之合理性	應由權責機關首長召開內部會議自行核定，並於核定後函送中央主管機關備查即可	How is the reasonableness of the identified gap or high risk areas reviewed?	The local council must approve and announce it, excluding input from agencies and civil groups	Relevant agencies, scholars, experts and civil groups are convened to jointly review the reasonableness	An academic institution commissioned by the central authority reviews each identification case by case	The agency head approves it at an internal meeting and merely files it with the central authority	b	第7條第3款：應邀集有關機關、學者、專家、民間團體，共同檢視調適差距或指認高風險地區之合理性；此與第5條第3款共同界定評估範疇之外部參與要求相呼應。	Article 7(3): joint review by agencies, scholars, experts and civil groups.	draft	14		
ENV-4625	ENV	ENV-213	氣候變遷風險評估作業準則	第8條	民國114年7月16日	氣候風險評估-調適推動	1	各級政府進行氣候變遷風險評估後，研擬、推動調適方案及策略時應辦理哪些事項？	應辦理氣候變遷科學報告編撰、氣象觀測站設置及災害預警系統維運等三項工作	應辦理高風險地區土地徵收、建築物拆除補償、居民安置與遷村作業等三項工作	應辦理溫室氣體盤查登錄、排放額度核配、碳費徵收與稽核等三項配套管制作業	應辦理調適選項規劃及綜整決策、推動或執行調適選項、檢討或修正調適選項三項	What must governments do when formulating and promoting adaptation programs after the assessment?	Compile the climate change science report, install weather stations, and operate disaster warning systems	Expropriate land in high risk areas, compensate for building demolition, and resettle or relocate residents	Conduct greenhouse gas inventory registration, allocate emission allowances, and levy and audit carbon fees	Plan and integrate decisions on adaptation options, promote or implement the options, and review or revise the options	d	第8條：各級政府進行風險評估後，於研擬、推動調適方案及策略時，應辦理調適選項規劃及綜整決策、推動或執行調適選項、檢討或修正調適選項；其原則分別規定於第9條至第11條。	Article 8: planning and integration, implementation, and review or revision of adaptation options.	draft	14		
ENV-4626	ENV	ENV-213	氣候變遷風險評估作業準則	第9條	民國114年7月16日	氣候風險評估-調適選項規劃	2	各級政府執行調適選項規劃及綜整決策之原則為何？	以降低調適差距為目標擬訂調適選項及推動期程；評估選項之有效性、可行性及可能負面影響；評估優先執行之調適選項；並得評估附加效益及參考各界意見	以達成國際承諾指標為目標擬訂調適選項及期程；評估選項之國際評比效果與宣傳價值；評估優先執行之選項；並應由行政院統一核定推動順序	以降低溫室氣體排放量為目標擬訂減量選項及期程；評估選項之減量成本效益與技術成熟度；評估優先執行之減量選項；並應報請中央主管機關逐案核定	以維持地方財政平衡為目標擬訂調適選項及期程；評估選項之預算需求與人力配置；評估優先執行之調適選項；並得排除民間團體與專家學者之參與	What principles govern the planning and integrated decision-making on adaptation options?	Set options and schedules aimed at reducing the adaptation gap; assess effectiveness, feasibility and possible adverse effects; assess priority options; co-benefits and stakeholder views may also be considered	Set options and schedules aimed at meeting international pledges; assess international ranking effects and publicity value; assess priority options; the Executive Yuan sets the order	Set reduction options and schedules aimed at cutting greenhouse gases; assess abatement cost-effectiveness and technical maturity; assess priority options; each must be approved by the central authority	Set options and schedules aimed at keeping local finances balanced; assess budget needs and staffing; assess priority options; participation by civil groups and experts may be excluded	a	第9條第1項：調適選項規劃及綜整決策之原則為以降低調適差距為目標擬訂調適選項及推動期程、評估調適選項之有效性、可行性及可能之負面影響、評估優先執行之調適選項。第2、3項另定得評估附加效益及參考有關機關、學者、專家及民間團體意見。	Article 9: reduce the adaptation gap, assess effectiveness and feasibility, and prioritize options.	draft	14		
ENV-4627	ENV	ENV-213	氣候變遷風險評估作業準則	第10條	民國114年7月16日	氣候風險評估-推動執行	2	各級政府推動或執行調適選項之原則為何？	調適選項與國際標準之接軌程度；建立碳排放減量指標作為執行成效依據；無法建立指標者應停止執行該調適選項並重新辦理風險評估	調適選項推動期程之符合程度；建立量化評估指標作為執行成效依據；無法建立指標者得透過訪談相關團體、諮詢專家等方式協助檢視執行成效	調適選項所涉土地取得之完成比率；建立民意支持度調查作為執行成效依據；無法建立指標者應由中央主管機關逕行代為執行該調適選項	調適選項推動經費之執行率高低；建立質化描述作為執行成效之唯一依據；無法完成者得逕行展延期程並免報請權責機關核定或對外說明	What principles govern promoting or implementing adaptation options?	Alignment of the option with international standards; carbon reduction indicators as the basis for performance; where indicators cannot be set, the option stops and reassessment is required	Conformity with the option's schedule; quantitative indicators as the basis for evaluating results; where indicators cannot be set, interviews with groups and expert consultation help review performance	The completion rate of land acquisition for the option; public support surveys as the basis for performance; where indicators cannot be set, the central authority implements the option instead	The budget execution rate of the option; qualitative description as the sole basis for performance; where it cannot be completed, the schedule may be extended without approval or explanation	b	第10條：推動或執行調適選項之原則包括調適選項推動期程之符合程度、建立量化評估指標作為評估調適選項或計畫執行成效之依據；無法建立指標者，得透過訪談相關團體、諮詢專家等方式協助檢視調適執行成效。	Article 10: schedule conformity, quantitative indicators, and interviews or expert consultation as a fallback.	draft	14		
ENV-4628	ENV	ENV-213	氣候變遷風險評估作業準則	第11條	民國114年7月16日	氣候風險評估-檢討修正	3	各級政府檢討或修正調適選項之原則包括哪些？	降低調適差距之執行情形；評估跨領域調適策略、政策或計畫之潛在正負面影響；彙整調適障礙並提出未來解決方案；使用當期科學報告滾動進行風險評估作為修正依據	降低災害發生頻率之執行情形；評估工程設施耐災標準之提升幅度；彙整施工障礙並提出加速方案；使用工程驗收報告滾動檢討設計標準作為修正之依據	降低調適經費支出之執行情形；評估跨部門預算排擠之潛在影響；彙整財務缺口並提出增稅方案；使用前期決算數據滾動編列預算作為調適選項修正之依據	降低溫室氣體排放量之執行情形；評估各排放源減量措施之成本效益；彙整減量障礙並提出補助方案；使用歷史排放清冊滾動檢討排放額度作為修正之依據	What principles govern reviewing or revising adaptation options?	Progress in closing the adaptation gap; potential positive and negative effects of cross-sector strategies, policies or plans; compiled barriers with future solutions; rolling reassessment using the current science report	Progress in cutting disaster frequency; the extent to which structural resilience standards rise; compiled construction barriers with acceleration plans; rolling review of design standards using acceptance reports	Progress in cutting adaptation spending; potential crowding-out effects across departments; compiled funding gaps with tax increase proposals; rolling budgeting using previous final accounts data	Progress in cutting greenhouse gases; cost-effectiveness of reduction measures at each source; compiled reduction barriers with subsidy schemes; rolling review of allowances using historical inventories	a	第11條：檢討或修正調適選項之原則包括降低調適差距之執行情形、評估跨領域調適策略政策或計畫之潛在正負面影響、彙整執行過程之調適障礙並提出未來解決方案，以及使用當期氣候變遷科學報告並參採最新國內外研究，滾動進行氣候變遷風險評估作為修正依據。	Article 11: gap-closing progress, cross-sector effects, barriers and solutions, and rolling reassessment.	draft	14		
ENV-4629	ENV	ENV-213	氣候變遷風險評估作業準則	第12條	民國114年7月16日	氣候風險評估-施行	1	氣候變遷風險評估作業準則之施行日期為何？	本準則自發布日施行	本準則自一百十五年一月一日施行	本準則自發布後三個月施行	本準則自發布後一年施行	When do these Regulations take effect?	They take effect on the date of promulgation	They take effect on January 1 of Year 115 (2026)	They take effect three months after promulgation	They take effect one year after promulgation	a	第12條：本準則自發布日施行，無另定緩衝期間。	Article 12: effective upon promulgation.	draft	14		
ENV-4076	ENV	ENV-214	環境用藥原體轉讓申請作業準則	第1條	民國95年7月4日	原體轉讓-法源	1	環境用藥原體轉讓申請作業準則係依據哪一條文授權訂定？	依環境用藥管理法第十一條第二項規定訂定之	依環境用藥管理法第十五條第二項規定訂定之	依環境用藥管理法第二十四條第三項規定訂定之	依環境用藥管理法第十六條第一項規定訂定之	Under which provision are the Regulations on applications for transferring environmental agent active ingredients adopted?	Adopted under Article 11, Paragraph 2 of the Environmental Agents Control Act	Adopted under Article 15, Paragraph 2 of the Environmental Agents Control Act	Adopted under Article 24, Paragraph 3 of the Environmental Agents Control Act	Adopted under Article 16, Paragraph 1 of the Environmental Agents Control Act	b	第1條：本準則依環境用藥管理法第十五條第二項規定訂定，規範環境用藥原體轉讓之受讓人資格、申請方式與期限。	Article 1: adopted under Article 15(2) of the Environmental Agents Control Act.	draft	14		
ENV-4077	ENV	ENV-214	環境用藥原體轉讓申請作業準則	第2條	民國95年7月4日	原體轉讓-受讓人資格	2	環境用藥原體轉讓之受讓人，以何者為限？	以環境用藥病媒防治業或領有任一環境用藥販賣許可執照之環境用藥販賣業者為限	以領有工廠登記證之化學品製造業或經公會推薦之環境用藥輸入業者為限	以環境用藥製造業或領有與該原體相同劑型之環境用藥輸入許可證之輸入業者為限	以環境用藥販賣業或領有與該原體相同有效成分之環境用藥製造許可證之環境用藥製造業者為限	Who may receive a transferred environmental agent active ingredient?	Only a vector control business, or a vendor holding any environmental agent sales licence	Only a chemical manufacturer with a factory registration, or an importer recommended by the trade association	Only a manufacturer, or an importer holding an import licence for an agent of the same dosage form	Only an environmental agent vendor, or a manufacturer holding a manufacturing licence for the same active ingredient	d	第2條：原體轉讓之受讓人以環境用藥販賣業，或領有與該原體相同有效成分之環境用藥製造許可證之環境用藥製造業者為限，以確保受讓人具備合法使用該原體之資格。	Article 2: an environmental agent vendor or a manufacturer licensed for the same active ingredient.	draft	14		
ENV-4078	ENV	ENV-214	環境用藥原體轉讓申請作業準則	第3條	民國95年7月4日	原體轉讓-申請方式	2	環境用藥原體之轉讓，得以哪兩種方式向中央主管機關申請？	登記申請與報備申請兩種方式，向中央或地方主管機關提出	備查申請與核備申請兩種方式，均向地方主管機關提出	許可申請與個案申請兩種方式，均向中央主管機關提出	許可申請與展延申請兩種方式，均向目的事業主管機關提出	By which two routes may a transfer be applied for to the central competent authority?	A registration application and a notification application, filed with the central or local authority	A recordation application and an approval-for-record application, both filed with the local authority	A licence-based application and a case-by-case application, both filed with the central authority	A licence-based application and a renewal application, both filed with the industry authority	c	第3條：原體之轉讓以許可申請及個案申請兩種方式向中央主管機關申請；許可申請係併同環境用藥許可證申請或展延辦理，個案申請則於每次轉讓或受讓原體前申請核准。	Article 3: licence-based application and case-by-case application, both to the central authority.	draft	14		
ENV-4079	ENV	ENV-214	環境用藥原體轉讓申請作業準則	第3條	民國95年7月4日	原體轉讓-許可申請	3	未領有原體製造或輸入許可證之環境用藥製造業者，應如何辦理原體轉讓之許可申請？個案申請之時點為何？	於每年度開始前，檢具經地方主管機關核章之原體許可證影本併同年度製造計畫辦理；個案申請則由原體持有者於每季結束後彙總申報轉讓數量即可	於取得環境用藥許可證後三個月內，檢具經原體許可證持有者加蓋公司印章之該許可證正本併案報備；個案申請則於每次轉讓或受讓原體後三個月內補行申請	於申請工廠登記或變更登記時，檢具經目的事業主管機關驗證之許可證影本併同辦理；個案申請則於原體實際交付並完成入庫後始得補申請核准	於申請環境用藥許可證或展延時，檢具經原體許可證持有者加蓋公司及負責人印章之該許可證影本併同辦理；個案申請則於每次轉讓或受讓原體前申請核准	How does a manufacturer without its own active ingredient licence apply, and when is a case-by-case application made?	Before each year begins, submit a copy of the licence certified by the local authority with the annual production plan; the holder reports transfer volumes quarterly in aggregate instead	Within three months of obtaining the licence, submit the original holder's licence stamped with the company seal for record; case-by-case applications are filed within three months after each transfer	When applying for or changing factory registration, submit a copy verified by the industry authority; case-by-case applications may only follow actual delivery and warehousing of the ingredient	When applying for or renewing an environmental agent licence, submit a copy of the holder's licence stamped with company and responsible person seals; case-by-case applications are made before each transfer	d	第3條第1款：未領有原體製造或輸入許可證之環境用藥製造業者，於申請環境用藥許可證或展延時，檢具經原體製造或輸入許可證持有者加蓋公司及負責人印章之該許可證影本，併同辦理。第2款：個案申請係製造業或販賣業者於每次轉讓或受讓原體前申請核准。	Article 3(1)-(2): licence copy with seals filed with the agent licence application; case applications precede each transfer.	draft	14		
ENV-4080	ENV	ENV-214	環境用藥原體轉讓申請作業準則	第4條	民國95年7月4日	原體轉讓-應檢資料	2	個案申請原體轉讓者，應檢具哪些資料？	受讓人之病媒防治業許可執照字號、專業技術人員名冊；原體持有者之許可證字號、品名、有效成分及含量、原體轉讓數量及使用地點	受讓人之環境用藥製造許可證字號、品名、原體需求量、預定售價；原體持有者之進口報單號碼、關稅完稅證明、運送車輛車號及交付地點與時間	受讓人之工廠登記證號、資本額、員工人數、年產能；原體持有者之營利事業登記證號、負責人姓名、聯絡地址、倉儲位置及原體採購單價	受讓人之環境用藥製造許可證字號、品名、有效成分及含量、原體需求量；原體持有者之許可證字號、品名、有效成分及含量、原體轉讓數量及原體製造日期	What data must a case-by-case transfer application contain?	The transferee's vector control licence number and roster of technicians; the holder's licence number, product name, active ingredient and content, transfer quantity and place of use	The transferee's manufacturing licence number, product name, required quantity and planned price; the holder's import declaration number, duty certificate, delivery vehicle plate, place and time	The transferee's factory registration number, capital, headcount and annual capacity; the holder's business registration number, responsible person, address, warehouse location and the unit purchase price of the ingredient	The transferee's manufacturing licence number, product name, active ingredient and content, and required quantity; the holder's licence number, product name, active ingredient and content, transfer quantity and manufacturing date	d	第4條：個案申請應檢具環境用藥製造業受讓人之環境用藥製造許可證字號、品名、有效成分及含量、原體需求量，以及原體持有者所持有原體之許可證字號、品名、有效成分及含量、原體轉讓數量及原體製造日期。	Article 4: licence numbers, product names, active ingredients, quantities and manufacturing date.	draft	14		
ENV-4081	ENV	ENV-214	環境用藥原體轉讓申請作業準則	第5條	民國95年7月4日	原體轉讓-完成期限	2	依第四條規定申請核准轉讓之原體，應於何時完成轉讓？	應於申請日起三十日內完成該轉讓	應於核准日起六個月內完成轉讓	應於核准日起三個月內完成轉讓	應於核准日起一年內完成該項轉讓	By when must an approved transfer be completed?	Within thirty days from the date of application	Within six months from the date of approval	Within three months from the date of approval	Within one year from the date of the approval	c	第5條：依第4條規定申請核准轉讓之原體，應於核准日起三個月內完成轉讓，逾期即不得再依該次核准辦理轉讓。	Article 5: within three months of approval.	draft	14		
ENV-4082	ENV	ENV-214	環境用藥原體轉讓申請作業準則	第6條	民國95年7月4日	原體轉讓-補正	2	未依第四條規定檢具申請資料者，應如何處理？補正期限為何？	應通知限期補正，補正期限以一個月為限，屆期未補正者逕予退件	應通知限期補正，補正期限以三個月為限，屆期未補正者逕予退件	應逕予退件不另通知補正，申請人得於一個月內重新提出申請	應通知限期補正，補正期限以六個月為限，屆期未補正者處以罰鍰	How are incomplete case-by-case applications handled, and what is the correction period?	A correction deadline is given, capped at one month, and the case is returned if missed	A correction deadline is given, capped at three months, and the case is returned if missed	The case is returned directly without notice, and may be refiled within one month	A correction deadline is given, capped at six months, and a fine follows if missed	a	第6條：未依第4條規定檢具申請資料者，應通知限期補正；補正期限以一個月為限，屆期未補正者逕予退件。此與環境用藥專供輸出申請作業準則第4條第2項之補正規定相同。	Article 6: one-month correction period, otherwise return of the application.	draft	14		
ENV-4083	ENV	ENV-214	環境用藥原體轉讓申請作業準則	第7條	民國95年7月4日	原體轉讓-施行	1	環境用藥原體轉讓申請作業準則之施行日期為何？	本準則自發布後一年施行	本準則自發布日施行	本準則自發布後三個月施行	本準則自九十六年一月一日施行	When do these Regulations take effect?	They take effect one year after promulgation	They take effect on the date of promulgation	They take effect three months after promulgation	They take effect on January 1 of Year 96 (2007)	b	第7條：本準則自發布日施行，無另定緩衝期間。	Article 7: effective upon promulgation.	draft	14		
ENV-4084	ENV	ENV-215	環境用藥專供輸出申請作業準則	第1條	民國95年7月6日	專供輸出-法源	1	環境用藥專供輸出申請作業準則係依據哪一條文授權訂定？	依環境用藥管理法第十三條第三項規定訂定之	依環境用藥管理法第十五條第二項規定訂定之	依環境用藥管理法第二十四條第一項規定訂定之	依環境用藥管理法第十六條第一項規定訂定之	Under which provision are the Regulations on applications for environmental agents made solely for export adopted?	Adopted under Article 13, Paragraph 3 of the Environmental Agents Control Act	Adopted under Article 15, Paragraph 2 of the Environmental Agents Control Act	Adopted under Article 24, Paragraph 1 of the Environmental Agents Control Act	Adopted under Article 16, Paragraph 1 of the Environmental Agents Control Act	d	第1條：本準則依環境用藥管理法第十六條第一項規定訂定，規範製造、加工專供輸出環境用藥之申請資格與應檢文件。	Article 1: adopted under Article 16(1) of the Environmental Agents Control Act.	draft	14		
ENV-4085	ENV	ENV-215	環境用藥專供輸出申請作業準則	第2條	民國95年7月6日	專供輸出-申請資格	2	申請製造、加工專供輸出環境用藥者，以何者為限？	以持有與該專供輸出藥劑相同有效成分之環境用藥輸入許可證之輸入業者為限	以領有環境用藥販賣業許可執照且登記營業項目含輸出業務之販賣業者為限	以持有任一環境用藥製造許可證且工廠登記證未逾三年之環境用藥製造業者為限	以持有與該專供輸出藥劑相同劑型之環境用藥製造許可證之環境用藥製造業者為限	Who may apply to manufacture or process environmental agents solely for export?	Only an importer holding an environmental agent import licence for the same active ingredient as the exported agent	Only a vendor holding an environmental agent sales licence whose registered scope includes export business	Only a manufacturer holding any environmental agent manufacturing licence with a factory registration under three years old	Only a manufacturer holding an environmental agent manufacturing licence for the same dosage form as the exported agent	d	第2條：申請製造、加工專供輸出環境用藥，以持有與該專供輸出藥劑相同劑型之環境用藥製造許可證之環境用藥製造業者為限。第4條並要求檢具製造許可證影本。	Article 2: a manufacturer licensed for the same dosage form.	draft	14		
ENV-4086	ENV	ENV-215	環境用藥專供輸出申請作業準則	第3條	民國95年7月6日	專供輸出-成分限制	1	申請製造、加工專供輸出之環境用藥，於成分上有何限制？	不得含有環境用藥管理法公告禁用之成分	不得含有輸入國政府尚未核准登記之成分	不得含有國內未取得許可證登記之任何成分	不得含有環境用藥管理法公告列管之成分	What ingredient restriction applies to agents made solely for export?	They may not contain ingredients banned by announcement under the Environmental Agents Control Act	They may not contain ingredients not yet approved and registered by the importing country's government	They may not contain any ingredient without a domestically registered licence in this country	They may not contain ingredients listed for control by announcement under the Environmental Agents Control Act	a	第3條：申請製造、加工專供輸出之環境用藥，不得含有本法公告禁用之成分；即使產品專供輸出而不於國內販售，仍受禁用成分之限制。	Article 3: no ingredients banned under the Act.	draft	14		
ENV-4087	ENV	ENV-215	環境用藥專供輸出申請作業準則	第4條	民國95年7月6日	專供輸出-應檢文件	3	環境用藥製造業申請製造、加工專供輸出之環境用藥，應檢具哪些文件或資料？	環境用藥製造許可證正本、環保專責人員設置證明文件、國內經銷商合約書、專供輸出藥劑之外文品名各成分及含量與國內市場售價一覽表	環境用藥販賣業許可執照影本、營利事業登記證影本、國外買方訂購文件影本、專供輸出藥劑之中文品名各成分及含量劑型內容量及售價	環境用藥製造許可證影本、工廠登記文件影本、輸入國政府核發之准許輸入證明正本、專供輸出藥劑之運輸方式包裝材質及倉儲地點說明	環境用藥製造許可證影本、登載主要產品之工廠登記文件影本、國外買方訂購文件正本、專供輸出藥劑之外文品名各成分及含量劑型內容量及數量	What documents must accompany an application to make agents solely for export?	The original manufacturing licence, proof of appointing environmental staff, the domestic distributor contract, and the agent's foreign name, ingredients, contents and domestic price list	A copy of the sales licence, a copy of the business registration, a copy of the foreign buyer order, and the agent's Chinese name, ingredients, contents, dosage form, volume and price	A copy of the manufacturing licence, a copy of the factory registration, the original import permit from the importing government, and a description of the transport method, packaging material and storage location	A copy of the manufacturing licence, a copy of the factory registration listing the main products, the original foreign buyer order, and the agent's foreign name, ingredients, contents, dosage form, volume and quantity	d	第4條第1項：應檢具環境用藥製造許可證影本、登載主要產品之工廠登記文件影本、國外買方訂購文件正本（含外國廠商名稱及地址、藥劑外文品名、有效成分、數量、劑型、內容量），以及專供輸出環境用藥之外文品名、各成分及含量、劑型、內容量、數量。	Article 4(1): manufacturing licence copy, factory registration copy, original buyer order, and product particulars.	draft	14		
ENV-4088	ENV	ENV-215	環境用藥專供輸出申請作業準則	第4條	民國95年7月6日	專供輸出-補正	2	未依規定檢具專供輸出申請之文件或資料者，應如何處理？補正期限為何？	應通知限期補正，補正期限以三個月為限，屆期未補正者逕予退件	應逕予退件不另通知補正，申請人得於三十日內重新提出申請	應通知限期補正，補正期限以一個月為限，屆期未補正者逕予退件	應通知限期補正，補正期限以六個月為限，屆期未補正者廢止許可	How are incomplete export applications handled, and what is the correction period?	A correction deadline is given, capped at three months, and the case is returned if missed	The case is returned directly without notice, and may be refiled within thirty days	A correction deadline is given, capped at one month, and the case is returned if missed	A correction deadline is given, capped at six months, and the licence is annulled if missed	c	第4條第2項：未依前項規定檢具申請文件或資料者，應通知限期補正；補正期限以一個月為限，屆期未補正者逕予退件，與環境用藥原體轉讓申請作業準則第6條之規定一致。	Article 4(2): one-month correction period, otherwise return of the application.	draft	14		
ENV-4089	ENV	ENV-215	環境用藥專供輸出申請作業準則	第5條	民國95年7月6日	專供輸出-紀錄保存	2	經核准製造、加工專供輸出環境用藥者，其紀錄義務為何？	應按批記錄製造、加工、輸出量，其記錄及紀錄保存由中央主管機關逐案指定其年限	應按年記錄製造、加工、輸出量，其記錄及紀錄保存依國外買方訂購文件所載期限辦理	應按季記錄製造、加工、輸出量，其記錄及紀錄保存準用環境用藥管理法第十五條之規定	應按月記錄製造、加工、輸出量，其記錄及紀錄保存準用環境用藥管理法第二十四條之規定	What record-keeping duty applies to approved export-only production?	Batch-by-batch records of manufacture, processing and export volumes, with retention set case by case by the authority	Annual records of manufacture, processing and export volumes, kept for the period stated in the foreign buyer's order	Quarterly records of manufacture, processing and export volumes, kept in accordance with Article 15 of the Act by analogy	Monthly records of manufacture, processing and export volumes, kept in accordance with Article 24 of the Act by analogy	d	第5條：經核准製造、加工專供輸出環境用藥者，應按月記錄製造、加工、輸出量；其記錄及紀錄保存準用本法第二十四條之規定。	Article 5: monthly records, retained under Article 24 of the Act by analogy.	draft	14		
ENV-4090	ENV	ENV-215	環境用藥專供輸出申請作業準則	第6條	民國95年7月6日	專供輸出-施行	1	環境用藥專供輸出申請作業準則之施行日期為何？	本準則自發布後一年施行	本準則自發布日施行	本準則自九十六年七月一日施行	本準則自發布後三個月施行	When do these Regulations take effect?	They take effect one year after promulgation	They take effect on the date of promulgation	They take effect on July 1 of Year 96 (2007)	They take effect three months after promulgation	b	第6條：本準則自發布日施行，無另定緩衝期間。	Article 6: effective upon promulgation.	draft	14		
ENV-4091	ENV	ENV-216	環境用藥專供試驗研究教育示範專案防治或登記用申請作業準則	第1條	民國107年10月16日	環境用藥-授權依據	1	環境用藥專供試驗研究、教育示範、專案防治或登記用申請作業準則，係依何項法源訂定？	依環境用藥管理法第二十七條第二項規定訂定	依環境用藥管理法第十七條第二項規定訂定	依環境用藥管理法第二十三條第一項規定訂定	依毒性及關注化學物質管理法第四十一條規定訂定	Under which provision is this set of regulations enacted?	Under Article 27, paragraph 2 of the Environmental Agents Control Act	Under Article 17, paragraph 2 of the Environmental Agents Control Act	Under Article 23, paragraph 1 of the Environmental Agents Control Act	Under Article 41 of the Toxic and Concerned Chemical Substances Act	c	第1條：本準則依環境用藥管理法第二十三條第一項規定訂定。母法第二十三條規範專供試驗研究、教育示範、專案防治或登記用環境用藥之申請核准；本準則第6條並定自發布日施行。	Article 1: enacted under Article 23, paragraph 1 of the parent Act.	draft	14		
ENV-4092	ENV	ENV-216	環境用藥專供試驗研究教育示範專案防治或登記用申請作業準則	第2條	民國107年10月16日	環境用藥-禁用成分	2	申請專供試驗研究、教育示範、專案防治或登記用之環境用藥，關於禁用成分之限制及例外為何？	不得含有依本法第十條公告禁用之成分；但專供專案防治使用者不在此限	得含有公告禁用之成分；但應先報請中央主管機關核准並列冊管理	不得含有依本法第七條公告禁用之成分；但專供教育示範使用者不在此限	不得含有依本法第七條公告禁用之成分；但專供實驗室內試驗研究者不在此限	What is the rule on banned ingredients, and what is the exception?	It may not contain ingredients banned under Article 10; only project control use is exempt	It may contain banned ingredients if the central authority approves and registers them	It may not contain ingredients banned under Article 7; only educational demonstration is exempt	It may not contain ingredients banned under Article 7; only laboratory research is exempt	d	第2條：申請專供試驗研究、教育示範、專案防治或登記用之環境用藥，不得含有依本法第七條公告禁用之成分；僅專供實驗室內試驗研究者例外不受限制。第3條並限定得申請之資格條件。	Article 2: banned ingredients are prohibited except for use solely inside a laboratory.	draft	14		
ENV-4093	ENV	ENV-216	環境用藥專供試驗研究教育示範專案防治或登記用申請作業準則	第2條	民國107年10月16日	環境用藥-禁用成分	1	禁用成分之限制，於下列何種用途不適用？	專供申請登記用之環境用藥原體	專供行政機關專案防治之環境用藥	專供實驗室內試驗研究之環境用藥	專供室外教育示範之環境用藥	For which purpose does the ban on prohibited ingredients not apply?	Agent raw materials used solely for registration filing	Agents used solely for agency special project control	Agents used solely for research inside a laboratory	Agents used solely for outdoor educational demonstration	c	第2條但書：僅專供實驗室內試驗研究者，不受禁用成分限制；教育示範、專案防治及登記用均無此例外。	Article 2 proviso: only laboratory research is exempt.	draft	14		
ENV-4094	ENV	ENV-216	環境用藥專供試驗研究教育示範專案防治或登記用申請作業準則	第3條	民國107年10月16日	環境用藥-申請資格	2	申請專供試驗研究或教育示範用環境用藥者，其資格條件為何？	公、私立學術或研究機構或行政機關	公立醫療機構或經核准之財團法人	環境用藥製造業或環境用藥販賣業者	領有病媒防治業許可執照之營利業者	Who may apply for agents used for research or educational demonstration?	Public or private academic or research institutions, or agencies	Public medical institutions or approved incorporated foundations	Environmental agent manufacturers or agent vending businesses	Profit-making operators holding a vector control business licence	a	第3條第1款：試驗研究或教育示範之申請者，限公、私立學術或研究機構或行政機關；第2款專案防治限行政機關；第3款登記用限製造業或從事輸入之販賣業。	Article 3, subparagraph 1.	draft	14		
ENV-4095	ENV	ENV-216	環境用藥專供試驗研究教育示範專案防治或登記用申請作業準則	第3條	民國107年10月16日	環境用藥-申請資格	2	申請專案防治用及申請登記用之環境用藥，申請人資格分別為何？	專案防治限公私立研究機構；登記用限公、私立學術或研究機構	專案防治限學術研究機構；登記用限環境用藥製造業或病媒防治業	專案防治限行政機關；登記用限領有販賣業執照之任何營利事業	專案防治限行政機關；登記用限環境用藥製造業或從事輸入之販賣業	Who may apply for project control use and for registration use?	Project control: public or private institutes; registration: academic institutes	Project control: research institutions; registration: manufacturers or vector firms	Project control: agencies only; registration: any licensed profit-making vendor	Project control: agencies only; registration: manufacturers or importing vendors	d	第3條：專案防治之申請者限行政機關（第2款）；申請登記用者限環境用藥製造業或從事輸入行為之環境用藥販賣業（第3款）。第4條另規定製造時之委託對象。	Article 3, subparagraphs 2 and 3.	draft	14		
ENV-4096	ENV	ENV-216	環境用藥專供試驗研究教育示範專案防治或登記用申請作業準則	第4條	民國107年10月16日	環境用藥-委託製造	2	製造專供試驗研究、教育示範、專案防治所使用之環境用藥，應如何為之？	得由申請之學術研究機構於自有實驗室內自行製造	應委託持有任一劑型環境用藥販賣業許可執照者為之	應委託持有相同劑型環境用藥製造許可證之製造業者為之	應委託領有病媒防治業許可執照之業者代為製造	How must agents for research, demonstration or project control be produced?	The applying research institution may produce them in its own laboratory	By entrusting a vendor holding a vending licence for any dosage form	By entrusting a manufacturer holding a permit for the same dosage form	By entrusting an operator holding a vector control business licence	c	第4條：製造專供試驗研究、教育示範、專案防治所使用之環境用藥，應委託持有相同劑型環境用藥製造許可證之環境用藥製造業者為之，不得自行製造或委託無同劑型許可證者。	Article 4: entrustment to a same-dosage-form permit holder is required.	draft	14		
ENV-4097	ENV	ENV-216	環境用藥專供試驗研究教育示範專案防治或登記用申請作業準則	第5條	民國107年10月16日	環境用藥-申請方式	2	本準則案件之申請書表及應檢具資料內容，原則上應以何種方式提出？	應依中央主管機關所定網路傳輸方式為之；經同意者得書面申請	得由申請人自行選擇網路傳輸或書面方式，無須經任何同意	應一律以書面正本送交中央主管機關，不得以網路傳輸為之	應向營業場所所在地之地方主管機關以書面提出並臨櫃遞件	How must application forms and documents normally be filed?	By the online transmission method set by the central authority; paper needs consent	The applicant may freely pick online or paper filing without any consent	Always in original paper form to the central authority; no online filing allowed	In paper form over the counter at the local authority where the premises are	a	第5條第1項：申請書表及應檢具資料內容應依中央主管機關所定網路傳輸方式為之；但經中央主管機關同意以書面申請者，不在此限。	Article 5, paragraph 1.	draft	14		
ENV-4098	ENV	ENV-216	環境用藥專供試驗研究教育示範專案防治或登記用申請作業準則	第5條	民國107年10月16日	環境用藥-補正期限	2	申請書表及資料內容有欠缺或不符規定者，其補正期限及逾期效果為何？	經通知限期補正，補正期限以九十日為限，屆期未補正者駁回申請	經通知限期補正，補正期限以一個月為限，屆期未補正者逕予退件	無須通知補正，資料欠缺者由中央主管機關逕予退件並註銷案號	經通知限期補正，補正期限以三個月為限，屆期未補正者逕予退件	What is the correction period and the effect of missing it?	Correction is ordered, capped at ninety days; overdue filings are rejected	Correction is ordered, capped at one month; overdue filings are returned	No correction notice is given; deficient filings are returned immediately	Correction is ordered, capped at three months; overdue filings are returned	b	第5條第2項：申請書表及資料內容有欠缺或不符規定者，經通知限期補正，屆期未補正者逕予退件；其補正期限以一個月為限。與環境用藥許可證準則之九十日補正期限不同。	Article 5, paragraph 2: one month, then return of the case.	draft	14		
ENV-4099	ENV	ENV-216	環境用藥專供試驗研究教育示範專案防治或登記用申請作業準則	第6條	民國107年10月16日	環境用藥-施行日期	1	本準則之施行日期規定為何？	自中華民國一百零九年一月十六日施行	自發布日施行，未另訂特定施行日期	自發布後三個月施行並溯及既往適用	自中華民國一百十年七月一日施行	When does this set of regulations take effect?	On January 16 of the Republic of China year 109 (2020)	On the date of promulgation, with no separate effective date	Three months after promulgation, applying retroactively	On July 1 of the Republic of China year 110 (2021)	b	第6條：本準則自發布日施行。與毒性及關注化學物質事故調查處理報告作業準則定有特定施行日期者不同。	Article 6: effective upon promulgation.	draft	14		
ENV-4100	ENV	ENV-217	環境用藥許可證申請核發作業準則	第1條	民國113年3月8日	環境用藥-授權依據	1	環境用藥許可證申請核發作業準則之訂定授權依據為何？	依環境用藥管理法第十一條第一項規定訂定	依環境用藥管理法第十七條第二項規定訂定	依環境用藥管理法第二十七條第二項規定訂定	依環境用藥管理法第十條第一項規定訂定	Under which provision are these permit application regulations enacted?	Under Article 11, paragraph 1 of the Environmental Agents Control Act	Under Article 17, paragraph 2 of the Environmental Agents Control Act	Under Article 27, paragraph 2 of the Environmental Agents Control Act	Under Article 10, paragraph 1 of the Environmental Agents Control Act	d	第1條：本準則依環境用藥管理法第十條第一項規定訂定。母法第十條規範環境用藥許可證之申請；同法第十一條第一項則為販賣業及病媒防治業許可執照準則之依據。	Article 1: enacted under Article 10, paragraph 1 of the Act.	draft	14		
ENV-4101	ENV	ENV-217	環境用藥許可證申請核發作業準則	第2條	民國113年3月8日	環境用藥-許可證申請	1	製造、加工或輸入環境用藥者，應檢具何種文件、向何機關申請許可證？	應檢具申請書及附件一之證明文件、資料，向地方主管機關申請	應檢具申請書及公司登記證明文件，向經濟部工業主管機關申請	應檢具申請書及附件一之證明文件、資料，向中央主管機關申請	應檢具申請書及工廠登記證影本，向營業場所所在地主管機關申請	What must be filed, and with which authority, to obtain a permit?	An application plus the Appendix 1 documents, filed with the local authority	An application plus company registration papers, filed with the industry ministry	An application plus the Appendix 1 documents, filed with the central authority	An application plus a factory registration copy, filed with the local authority	c	第2條：製造、加工或輸入環境用藥者，應檢具申請書及附件一之證明文件、資料，向中央主管機關申請環境用藥許可證。第3條另定應以網路申辦為原則。	Article 2: central competent authority, with Appendix 1 documents.	draft	14		
ENV-4102	ENV	ENV-217	環境用藥許可證申請核發作業準則	第3條	民國113年3月8日	環境用藥-申請方式	1	申請環境用藥許可證之申辦方式原則為何？	應以網路申辦方式為之；經中央主管機關同意者得以書面申請	應以書面掛號郵寄為之；經同意者始得改以網路申辦替代	得自由選擇網路或書面申辦，並由地方主管機關受理審查	應由申請人親自至中央主管機關臨櫃遞件，不得網路申辦	What is the required filing channel for a permit application?	Online filing as a rule; paper filing only with the central authority consent	Registered mail as a rule; online filing only allowed after consent is given	Either channel may be chosen freely, and the local authority reviews it	The applicant must file over the counter; online filing is never permitted	a	第3條：申請許可證應以網路申辦方式為之；但經中央主管機關同意以書面申請者，不在此限。第18條規定展延或變更許可證之申請方式亦依第3條辦理。	Article 3: online filing is the rule.	draft	14		
ENV-4103	ENV	ENV-217	環境用藥許可證申請核發作業準則	第4條	民國113年3月8日	環境用藥-外文文件	2	申請許可證應檢具之證明文件如以外文作成，關於中文譯本之規定為何？	證明文件須附中文譯本；但證明文件為英文者，免附中文譯本	證明文件須附中文譯本；但證明文件為日文者，免附中文譯本	所有外文證明文件一律須附經公證之中文譯本，並無任何例外	外文證明文件均免附中文譯本，僅須另附原廠之相關佐證資料	If supporting documents are in a foreign language, what applies?	A Chinese translation is required, except where the document is in English	A Chinese translation is required, except where the document is in Japanese	A notarised Chinese translation is always required, with no exception at all	No Chinese translation is needed; only maker reference material is attached	a	第4條第1款：第二條、第十六條及第十七條應檢具之證明文件以外文作成者須附中文譯本，但證明文件為英文者免附。第2款另規定資料應依申請書格式以中文填寫。	Article 4, subparagraph 1: English documents need no translation.	draft	14		
ENV-4104	ENV	ENV-217	環境用藥許可證申請核發作業準則	第4條	民國113年3月8日	環境用藥-外文文件	2	以外文作成之申請資料部分，依本準則應如何處理？	免予填寫，僅檢附原廠資料及駐外單位之驗證文件	依申請書之格式及內容以中文填寫，並附原廠相關資料	由中央主管機關指定之翻譯機構翻譯後逕行送件審查	依申請書之格式以外文填寫，並附中文摘要及公證書	How must foreign-language application data be handled?	Not filled out at all; only maker data and consular authentication are attached	Filled out in Chinese per the application format, with maker material attached	Translated by a translation body designated by the central authority, then filed	Filled out in the foreign language, with a Chinese abstract and notarisation	b	第4條第2款：資料應依申請書之格式及內容以中文填寫，並附原廠相關資料；此與第1款證明文件須附中文譯本之規定並列適用。	Article 4, subparagraph 2.	draft	14		
ENV-4105	ENV	ENV-217	環境用藥許可證申請核發作業準則	第5條	民國113年3月8日	環境用藥-審查補正	3	中央主管機關受理許可證申請，文件有欠缺時之補正次數及每次補正期間為何？	補正次數逾五次者駁回申請並退件；每次補正期間以三十日為限	補正次數逾二次者駁回申請並退件；每次補正期間以六十日為限	補正次數逾三次者駁回申請並退件；每次補正期間以九十日為限	補正次數並無上限之規定；每次補正期間以一百二十日為限	How many corrections are allowed and how long is each period?	Rejected after more than five corrections; each period is capped at 30 days	Rejected after more than two corrections; each period is capped at 60 days	Rejected after more than three corrections; each period is capped at 90 days	No cap on the number of corrections; each period is capped at 120 days	c	第5條第1項第1款：檢具之證明文件、資料有欠缺或不合規定者，經通知補正，屆期未補正或補正次數逾三次者，駁回其申請並退件；每次補正期間以九十日為限。	Article 5, paragraph 1, subparagraph 1.	draft	14		
ENV-4106	ENV	ENV-217	環境用藥許可證申請核發作業準則	第5條	民國113年3月8日	環境用藥-審查程序	2	申請許可證未繳納審查費，以及審查符合規定時，中央主管機關應如何處理？	未繳審查費者逕予駁回並退件；審查符合者於完成審查後四十五日內通知	未繳審查費者逕予駁回並退件；審查符合者於完成審查後十四日內通知	未繳審查費者仍先行實質審查；審查符合者於核發許可證後七日內通知	未繳審查費者通知限期補繳；審查符合者於完成審查後三十日內通知	What happens if the review fee is unpaid, and when is the applicant notified?	Unpaid fee means outright rejection; notice within 45 days after review ends	Unpaid fee means outright rejection; notice within 14 days after review ends	Review proceeds anyway; notice within 7 days after the permit is issued	Unpaid fee triggers a payment deadline; notice within 30 days after review	b	第5條第1項第2款及第2項：未繳納審查費者逕予駁回其申請並退件；審查符合規定者，應於完成審查後十四日內通知申請者。第18條規定展延、變更之審查程序亦依第5條辦理。	Article 5, paragraph 1, subparagraph 2, and paragraph 2.	draft	14		
ENV-4107	ENV	ENV-217	環境用藥許可證申請核發作業準則	第5條	民國113年3月8日	環境用藥-審查範圍	2	關於許可證申請之審查範圍，本準則設有何種限制？	審查範圍得及於申請人之其他既有產品，並得課予附款形式之義務	審查範圍由中央主管機關視個案需要認定，不受申請內容範圍拘束	審查範圍以申請內容為主，必要時得以處分增加額外之管理義務	審查範圍不得及於申請內容以外之事項，且不得增加法規未明定之義務	What limits apply to the scope of the permit review?	It may extend to the applicant other products and impose ancillary duties	The central authority defines the scope case by case without limits	The application guides it, but extra duties may be imposed if needed	It may not go beyond the application, nor add duties not stated in law	d	第5條第1項前段：中央主管機關受理許可證申請之審查，其審查範圍不得及於申請內容以外之事項，並不得以任何形式之處分增加法規未明定之義務。第11條授權更正顯然錯誤。	Article 5, paragraph 1, opening text.	draft	14		
ENV-4108	ENV	ENV-217	環境用藥許可證申請核發作業準則	第6條	民國113年3月8日	環境用藥-特殊用藥	2	下列何者屬本準則所定之特殊環境衛生用藥？	須經稀釋一百倍以上始得使用之環境用藥	含二種以上不同效能有效成分之環境用藥	須在專業安全防護措施下使用之環境用藥	有效期限超過二年之環境衛生用藥原體	Which of the following is a special environmental sanitation agent?	An agent that must be diluted at least one hundred times before any use	An agent containing two or more active ingredients of different efficacy	An agent that must be used under professional safety protection measures	An environmental sanitation agent raw material with over two years shelf life	c	第6條第1款：須在專業安全防護措施下使用者，為特殊環境衛生用藥；其餘尚有須以噴藥機械施用、殺菌劑有效成分濃度大於附件二等情形。	Article 6, subparagraph 1.	draft	14		
ENV-4109	ENV	ENV-217	環境用藥許可證申請核發作業準則	第6條	民國113年3月8日	環境用藥-特殊用藥	3	環境衛生用殺菌劑之劑型種類未列於附件二者，濃度達多少以上屬特殊環境衛生用藥？	劑型未列於附件二而其濃度在百分之十以上者	劑型未列於附件二而其濃度在百分之一以上者	劑型已列於附件二而其濃度在百分之五以下者	劑型未列於附件二而其濃度在百分之五以上者	For a disinfectant whose dosage form is not listed in Appendix 2, what concentration makes it special?	Dosage form not listed in Appendix 2 and concentration of 10 percent or more	Dosage form not listed in Appendix 2 and concentration of 1 percent or more	Dosage form already listed in Appendix 2 and concentration of 5 percent or less	Dosage form not listed in Appendix 2 and concentration of 5 percent or more	d	第6條第3款、第4款：環境衛生用殺菌劑有效成分濃度大於附件二者屬特殊環境衛生用藥；其劑型種類未列於附件二而濃度在百分之五以上者亦同。	Article 6, subparagraph 4: 5 percent or more.	draft	14		
ENV-4110	ENV	ENV-217	環境用藥許可證申請核發作業準則	第6條	民國113年3月8日	環境用藥-特殊用藥	2	依本準則，須以何類機具施用之環境用藥，屬於特殊環境衛生用藥？	噴霧機、煙霧機、冷霧機、消毒機、超低容量機等噴藥機械	自動感應噴霧器或插電式蚊香加熱器等居家電器設備	手壓式噴瓶、滴管或棉球等家庭常用之簡易施藥器具	農用曳引機、播種機或收穫機等經核准之農業機械	Use of which equipment makes an agent a special environmental sanitation agent?	Sprayers, foggers, cold foggers, disinfection machines, ULV and similar rigs	Automatic sensor sprayers or plug-in mosquito coil heaters used at home	Hand pump bottles, droppers, cotton swabs and other simple household tools	Approved farm machinery such as tractors, seeders and harvesting machines	a	第6條第2款：須以噴霧機、煙霧機、冷霧機、消毒機、超低容量機（ULV）或其他噴藥機械等機具施用者，為特殊環境衛生用藥；第7條並得對特殊性質藥劑加以限制。	Article 6, subparagraph 2.	draft	14		
ENV-4111	ENV	ENV-217	環境用藥許可證申請核發作業準則	第7條	民國113年3月8日	環境用藥-特殊性質	2	具有特殊性質之環境用藥，中央主管機關得對其為何種限制？	得限制其製造廠址、營業場所面積、貯存數量、運送方式及販賣對象之資格	得限制其種類、品類、品名、內容量、劑型、成分及含量、性能、適用範圍或使用方法	得限制其許可證有效期間為三年、展延次數一次及每年最高製造數量上限	得限制其僅由行政機關或學術研究機構購買使用，並禁止於市面零售販賣	What may be restricted for an agent with special properties?	Its plant site, premises area, storage volume, transport mode and buyer eligibility	Its category, class, name, content, dosage form, ingredients, efficacy, use and scope	Its permit term of three years, one renewal only and an annual production ceiling	Its sale to agencies or academic institutions only, barring all retail sale	b	第7條第1項：具有特殊性質之環境用藥，得限制其環境用藥種類、品類、品名、內容量、劑型、成分及含量、性能、適用範圍或使用方法。第2項另定殺鼠劑應添加苦味劑。	Article 7, paragraph 1.	draft	14		
ENV-4112	ENV	ENV-217	環境用藥許可證申請核發作業準則	第7條	民國113年3月8日	環境用藥-殺鼠劑	2	一般環境用藥殺鼠劑之添加物規定為何？有無例外？	應添加苦味劑；但有特殊性質者，不在此限	應添加警戒色素；但有特殊性質者，不在此限	應添加解毒劑，且法無例外規定得予免除	應同時添加誘引劑及苦味劑，並無例外規定	What additive is required for general rodenticide environmental agents?	A bittering agent must be added, unless the product has special properties	A warning dye must be added, unless the product has special properties	An antidote must be added, and the law allows no exemption at all	Both an attractant and a bittering agent must be added, with no exception	a	第7條第2項：一般環境用藥殺鼠劑應添加苦味劑，但有特殊性質者不在此限。此規定旨在避免誤食中毒，與第14條毒性分類不予核發之例外規定相呼應。	Article 7, paragraph 2: bittering agent, with a special-properties proviso.	draft	14		
ENV-4113	ENV	ENV-217	環境用藥許可證申請核發作業準則	第8條	民國113年3月8日	環境用藥-首次登記	2	環境衛生用藥或用微生物製劑之有效成分於國內首次申請登記者，應提供何種文件？	世界衛生組織出具之殺蟲劑毒性分類證明文件；國內自行開發者亦不免除	出產國主管機關出具之產品不列管證明文件；由學術機構開發者亦須提供	任一鄰近國家主管機關出具之許可或登記證明文件；國內自行開發者除外	任一已開發國家主管機關出具之許可或登記證明文件；國內自行開發者除外	What must be supplied when an active ingredient is first registered domestically?	A WHO insecticide toxicity classification certificate, with no exemption	A non-listed-substance certificate from the country of origin authority	A permit or registration certificate from any neighbouring country authority	A permit or registration certificate from any developed country authority	d	第8條：有效成分於國內首次申請登記為環境用藥者，應提供任一已開發國家主管機關出具之許可或登記證明文件；但國內自行開發之藥劑不在此限。	Article 8, with an exemption for domestically developed agents.	draft	14		
ENV-4114	ENV	ENV-217	環境用藥許可證申請核發作業準則	第9條	民國113年3月8日	環境用藥-輸入許可	2	申請環境用藥輸入許可證，應檢具經我國駐外單位驗證之證明文件為何？	出產國主管機關許可製造及上市販賣證明文件，以及經銷授權書	出產國主管機關核發之工廠登記證明文件，以及產品檢驗報告	出產國環保團體出具之產品安全證明，以及原廠品質保證書	我國駐外單位出具之市場調查報告，以及輸入數量申報文件	Which consular-authenticated documents are needed for an import permit?	Origin country approval of manufacture and marketing, plus a distribution authorisation	Origin country factory registration certificate, plus a product testing report	A safety certificate from an origin country NGO, plus a maker quality warranty	A market survey report from our mission abroad, plus an import volume filing	a	第9條第1項：申請輸入許可證應檢具經我國駐外單位驗證之出產國主管機關許可製造及上市販賣證明文件，以及經銷授權書。第10條另定大陸地區文書之公證驗證程序。	Article 9, paragraph 1, subparagraphs 1 and 2.	draft	14		
ENV-4115	ENV	ENV-217	環境用藥許可證申請核發作業準則	第9條	民國113年3月8日	環境用藥-輸入許可	3	出產國主管機關僅出具供輸出之製造證明文件時，申請人應如何補強？	應另提供出產國商會出具之產品品質保證書及銷售實績證明文件	應另提供原製造廠工廠登記證明文件及有效成分分析檢測報告	應另提供中央主管機關指定檢測機構出具之藥效（效力）檢測報告	應另提供任一已開發國家主管機關出具之該產品登記或許可證明文件	If the origin country certifies manufacture for export only, what else is required?	A quality warranty and sales record certificate from the origin country chamber	The maker factory registration certificate and an active ingredient assay report	An efficacy test report from a testing body designated by the central authority	A registration or approval certificate for the product from any developed country	d	第9條第2項：出產國主管機關如出具僅供輸出之製造證明文件者，應另提供任一已開發國家主管機關出具之該產品登記或許可證明文件；出產國無登記許可制度者，得以不列管證明代之。	Article 9, paragraph 2.	draft	14		
ENV-4116	ENV	ENV-217	環境用藥許可證申請核發作業準則	第9條	民國113年3月8日	環境用藥-輸入許可	3	出產國無登記許可制度且其主管機關不出具證明文件者，應提具何文件？驗證要求為何？	出產國主管機關出具之產品不列管證明文件，並須經大陸委員會委託之團體驗證	產品管理相關機關（構）之製造、販賣證明或商品化證明文件，仍須經駐外單位驗證	產品管理相關機關（構）之製造、販賣證明或商品化證明文件，毋須經駐外單位驗證	任一已開發國家出具之產品登記證明文件，並須經駐外單位及公證人雙重驗證	If the origin country has no registration system and issues no certificate, what applies?	A non-listed-substance certificate from the origin authority, authenticated by a mainland body	Manufacture, sale or commercialisation papers from product management bodies, still authenticated	Manufacture, sale or commercialisation papers from product management bodies, no authentication	A registration certificate from any developed country, doubly authenticated by a notary	c	第9條第3項：出產國無登記許可制度且主管機關不出具證明文件者，應提具產品管理相關機關（構）之製造、販賣證明文件，或已於出產國及他國銷售使用之商品化證明文件；該文件毋須經我國駐外單位驗證。	Article 9, paragraph 3: consular authentication is not required.	draft	14		
ENV-4117	ENV	ENV-217	環境用藥許可證申請核發作業準則	第10條	民國113年3月8日	環境用藥-大陸文書	2	大陸地區製作之相關文書，依本準則應如何辦理公證及驗證？	由申請人自行翻譯後送中央主管機關備查，無須辦理公證或其他驗證之程序	先經我國海峽交流基金會公證，再由大陸地區主管機關出具正式登記證影本	先於大陸地區公證處公證，並經行政院大陸委員會設立、指定或委託之機構團體驗證	先於大陸地區公證處公證，並經我國駐外單位及外交部領事事務局完成雙重驗證	How must documents made in mainland China be notarised and authenticated?	Self-translated and filed for record; no notarisation or authentication is needed	Notarised by the SEF first, then a mainland authority issues the registration copy	Notarised at a mainland notary office, then authenticated by a MAC-designated body	Notarised at a mainland notary office, then doubly authenticated by our missions	c	第10條：大陸地區製作之許可製造及上市販賣證明、經銷授權書、正式登記證影本、毒理測試報告、藥效檢測報告等文書，應先於大陸地區公證處辦理公證，並經行政院大陸委員會設立或指定之機構或委託之民間團體驗證。	Article 10.	draft	14		
ENV-4118	ENV	ENV-217	環境用藥許可證申請核發作業準則	第10條	民國113年3月8日	環境用藥-大陸文書	2	下列何組大陸地區製作之文書，須依規定辦理公證及驗證？	申請書表、審查費繳費收據及內部品質管理作業程序書	毒理測試報告、藥效（效力）檢測報告及正式登記證影本	產品外包裝標示樣張、廣告文宣及國內經銷商名冊資料	工廠平面配置圖、生產設備清單及從業人員在職證明書	Which mainland-made documents must be notarised and authenticated?	Application forms, review fee receipts and internal quality management procedures	Toxicology test reports, efficacy test reports and copies of the registration certificate	Package labelling samples, advertising materials and domestic distributor lists	Plant layout drawings, production equipment lists and staff employment certificates	b	第10條第3款至第5款：大陸地區主管機關核發之正式登記證影本、毒理測試報告、藥效（效力）檢測報告，均須先公證再經驗證；另包括許可製造販賣證明、經銷授權書及不列管證明。	Article 10, subparagraphs 3 to 5.	draft	14		
ENV-4119	ENV	ENV-217	環境用藥許可證申請核發作業準則	第11條	民國113年3月8日	環境用藥-許可證登記	2	環境用藥許可證應登記之事項，不包括下列何者？	營業場所面積及貯存場所之土地分區使用情形	性能、劑型及內容量、成分及含量等產品事項	環境用藥種類及品類、品名及產品有效期限	廠商名稱、地址、負責人及製造廠名稱、地址	Which item is NOT registered on an environmental agent permit?	The premises floor area and the land use zoning of the storage site	Efficacy, dosage form and content, ingredients and their content levels	The agent category and class, the product name and the product shelf life	The firm name, address, responsible person and the plant name and address	a	第11條第1項：許可證應登記許可證字號、廠商名稱地址負責人、製造廠名稱地址、種類及品類、品名、產品有效期限、性能、劑型及內容量、成分及含量、發證日期及有效期間等；營業場所面積及土地分區非登記事項。	Article 11, paragraph 1 lists the registered items.	draft	14		
ENV-4120	ENV	ENV-217	環境用藥許可證申請核發作業準則	第11條	民國113年3月8日	環境用藥-許可證登記	2	依本準則，許可證登記事項中與效期有關者為何？	產品製造日期及批號，以及展延申請之受理日期	產品有效期限，以及許可證發證日期及有效期間	產品保固期間，以及製造廠品質系統證書有效期	產品上市日期，以及主管機關現場查核之有效期	Which validity-related items appear on the permit?	The manufacture date and batch number, and the renewal filing date	The product shelf life, and the permit issue date and period of validity	The product warranty period, and the plant quality certificate validity	The product launch date, and the validity of on-site inspection results	b	第11條第1項第6款及第10款：許可證應登記產品有效期限，以及許可證發證日期及有效期間。第15條並定許可證有效期間為五年。	Article 11, paragraph 1, subparagraphs 6 and 10.	draft	14		
ENV-4121	ENV	ENV-217	環境用藥許可證申請核發作業準則	第11條	民國113年3月8日	環境用藥-顯然錯誤	2	中央主管機關發現核發之許可證有誤寫等顯然錯誤時，應如何處理？	應俟展延時一併更正，效期內不得逕行更正	得隨時更正之，並通知申請人限期換領許可證	得逕予註銷該許可證，並退還已繳之審查費	應廢止原許可證，並命申請人重新提出申請	What may the authority do about an obvious clerical error on a permit?	Wait until renewal to correct it; no correction during the validity period	Correct it at any time and order the holder to exchange the permit in time	Cancel the permit outright and refund the review fee already collected	Revoke the permit and require the applicant to file a fresh application	b	第11條第2項：中央主管機關發現核發之許可證有誤寫或其他類此顯然錯誤者，得隨時更正之，並通知限期換領許可證。販賣業準則第4條第3項對許可執照亦有相同機制。	Article 11, paragraph 2.	draft	14		
ENV-4122	ENV	ENV-217	環境用藥許可證申請核發作業準則	第12條	民國113年3月8日	環境用藥-免申請	2	下列物質作為環境用藥，何者免申請環境用藥許可證？	以合成除蟲菊精類為單一有效成分且濃度在百分之六以下之殺蟲產品	以次氯酸及其鹽類、亞氯酸鈉為單一有效成分且濃度在百分之十以下者	以次氯酸及其鹽類、亞氯酸鈉為單一有效成分且濃度在百分之六以下者	以硼砂（酸）為單一有效成分且濃度在百分之二十以下之防蟲產品	Which substance used as an environmental agent needs no permit?	Synthetic pyrethroids as sole active ingredient at 6 percent or below as pesticide	Hypochlorite or sodium chlorite as sole active ingredient at 10 percent or below	Hypochlorite or sodium chlorite as sole active ingredient at 6 percent or below	Borax or boric acid as sole active ingredient at 20 percent or below for pests	c	第12條第1款：以次氯酸及其鹽類、亞氯酸鈉為單一有效成分，其濃度在百分之六以下者，免申請許可證；另有漂白粉及特定原體之免申請規定。	Article 12, subparagraph 1.	draft	14		
ENV-4123	ENV	ENV-217	環境用藥許可證申請核發作業準則	第12條	民國113年3月8日	環境用藥-免申請	2	漂白粉免申請許可證之條件為何？另有哪些原體免申請許可證？	漂白粉有效氯濃度在百分之六十以下；次氯酸及其鹽類、亞氯酸鈉、二氧化氯、硼砂（酸）原體	漂白粉有效氯濃度在百分之四十以下；次氯酸及其鹽類、亞氯酸鈉、二氧化氯、硼砂（酸）原體	漂白粉有效氯濃度在百分之二十以下；次氯酸及其鹽類、二氧化氯及所有殺菌劑原體	漂白粉有效氯濃度在百分之四十以下；天然除蟲菊精、合成樟腦、對二氯苯及萘之原體	What bleaching powder qualifies for exemption, and which raw materials are exempt?	Bleaching powder at 60 percent available chlorine or below; hypochlorite, chlorite, chlorine dioxide and borate raw materials	Bleaching powder at 40 percent available chlorine or below; hypochlorite, chlorite, chlorine dioxide and borate raw materials	Bleaching powder at 20 percent available chlorine or below; hypochlorite, chlorine dioxide and all disinfectant raw materials	Bleaching powder at 40 percent available chlorine or below; pyrethrum, camphor, dichlorobenzene and naphthalene raw materials	b	第12條第2款、第3款：漂白粉有效氯濃度在百分之四十以下者免申請許可證；次氯酸及其鹽類、亞氯酸鈉、二氧化氯、硼砂（酸）原體亦免申請。	Article 12, subparagraphs 2 and 3.	draft	14		
ENV-4124	ENV	ENV-217	環境用藥許可證申請核發作業準則	第13條	民國113年3月8日	環境用藥-天然物質	2	作為環境防蟲、防鼠或誘引用途而不具殺蟲作用之天然物質產品，其管理方式為何？	應依第二條規定申請許可證；僅專供試驗研究者得經審核通過後免申請環境用藥許可證	檢具附件三文件、資料經地方主管機關審核通過後免申請許可證；天然除蟲菊精類亦免申請	檢具附件三文件、資料經中央主管機關審核通過後免申請許可證；天然除蟲菊精類仍應申請	一律免申請許可證且免送審核，僅須於上市前將產品標示報中央主管機關備查即可	How are non-insecticidal natural substances for pest repelling or luring handled?	A permit under Article 2 is required; only research-use products may be exempted after review	Exempt from permit after the local authority approves the Appendix 3 documents; pyrethrum is also exempt	Exempt from permit after the central authority approves the Appendix 3 documents; pyrethrum still needs one	Always exempt without any review; only the label need be filed for record before launch	c	第13條：作為環境防蟲、防鼠或誘引用途而不具殺蟲作用之天然物質產品，申請人檢具附件三之文件、資料供中央主管機關審核通過後，免申請許可證；但天然除蟲菊精類仍應依第2條申請。	Article 13, with a proviso for natural pyrethrins.	draft	14		
ENV-4125	ENV	ENV-217	環境用藥許可證申請核發作業準則	第14條	民國113年3月8日	環境用藥-不予核發	3	依世界衛生組織殺蟲劑口服或皮膚毒性分類，何種情形不予核發許可證？例外為何？	毒性屬高毒、極毒者不予核發；但一般環境衛生用藥不在此限	毒性屬中等毒以上者不予核發；但殺鼠劑及環境用藥原體不在此限	毒性屬輕毒以上者不予核發；但污染防治用藥及殺菌劑不在此限	毒性屬高毒、極毒者不予核發；但殺鼠劑及污染防治用藥不在此限	Which WHO toxicity classes bar issuance of a permit, and what is exempt?	Highly and extremely toxic are barred; general sanitation agents are exempt	Moderately toxic and above are barred; rodenticides and raw materials are exempt	Slightly toxic and above are barred; pollution control agents and disinfectants are exempt	Highly and extremely toxic are barred; rodenticides and pollution control agents are exempt	d	第14條第1款：環境用藥之毒性屬世界衛生組織殺蟲劑口服或皮膚毒性分類（附件四）為高毒、極毒者不予核發許可證，但殺鼠劑及污染防治用藥不在此限。	Article 14, subparagraph 1.	draft	14		
ENV-4126	ENV	ENV-217	環境用藥許可證申請核發作業準則	第14條	民國113年3月8日	環境用藥-不予核發	2	下列何種情形，中央主管機關對許可證申請應不予核發？	申請者持有之製造許可證有效期間不足一年仍申請新產品	申請者已持有相同劑型之許可證，但其來源為不同之製造廠	申請者曾遭撤銷許可證，且該處分作成未滿一年即再行申請	申請者已持有相同成分種類之許可證，且其來源為同一製造廠	Which situation bars the issuance of a permit?	The applicant manufacturing permit has less than one year of validity left	The applicant already holds a permit for the same dosage form from another plant	The applicant had a permit revoked less than one year before reapplying	The applicant already holds a permit for the same ingredient from the same plant	d	第14條第2款：申請者已持有相同成分種類之許可證，且其來源為同一製造廠者，不予核發；此外尚有毒性過高、成分效能重複、品名重複及有危害健康之虞等不予核發事由。	Article 14, subparagraph 2.	draft	14		
ENV-4127	ENV	ENV-217	環境用藥許可證申請核發作業準則	第14條	民國113年3月8日	環境用藥-不予核發	3	關於有效成分之重複，何種情形不予核發許可證？其例外為何？	含二種以上效能不同之有效成分者不予核發；但殺鼠劑或已添加苦味劑者不在此限	含二種以上有效成分且濃度逾百分之五者不予核發；但污染防治用藥不在此限	含二種以上效能相同之有效成分者不予核發；但殺菌劑或證明有增加不同效能者不在此限	含任何協力劑之產品一律不予核發；但協力劑含量總和未達百分之一者不在此限	When do duplicate active ingredients bar a permit, and what is the exception?	Two or more ingredients of different efficacy are barred, except rodenticides or bittered products	Two or more ingredients above five percent are barred, except pollution control agents	Two or more ingredients of the same efficacy are barred, except disinfectants or proven added efficacy	Any product containing a synergist is barred, except where synergists total under one percent	c	第14條第3款：環境用藥含二種以上效能相同之有效成分者不予核發；但殺菌劑，或經證明有增加不同效能者，不在此限。第4款另定品名重複或以有效成分中文名稱為品名者不予核發。	Article 14, subparagraph 3.	draft	14		
ENV-4157	ENV	ENV-219	環境用藥標示準則	第1條	民國95年7月24日	環境用藥-標示依據	1	環境用藥標示準則之訂定授權依據為何？	依環境用藥管理法第二十三條第一項規定訂定	依環境用藥管理法第十七條第二項規定訂定	依環境用藥管理法第二十七條第二項規定訂定	依環境用藥管理法第十一條第一項規定訂定	Under which provision are the labelling regulations enacted?	Under Article 23, paragraph 1 of the Environmental Agents Control Act	Under Article 17, paragraph 2 of the Environmental Agents Control Act	Under Article 27, paragraph 2 of the Environmental Agents Control Act	Under Article 11, paragraph 1 of the Environmental Agents Control Act	c	第1條：本準則依環境用藥管理法第二十七條第二項規定訂定，據以規範環境用藥標示之項目與變更程序；第8條並定自發布日施行。	Article 1.	draft	14		
ENV-4158	ENV	ENV-219	環境用藥標示準則	第2條	民國95年7月24日	環境用藥-標示文字	2	環境用藥之標示文字，依本準則應以何種文字為之？	應以中文及英文並列為之，不得僅以單一文字標示	得以中文或外文擇一為之，由廠商視銷售市場決定	應以出產國原文為之，並附加中文譯本標籤於外包裝	應以中文為之，必要時得輔以外文標示相關項目	In what language must an environmental agent be labelled?	In both Chinese and English, never in one language alone	Either Chinese or a foreign language, as the firm prefers	In the language of the country of origin, plus a Chinese sticker	In Chinese, with a foreign language added where necessary	d	第2條第1項前段：環境用藥之標示文字應以中文為之，必要時得輔以外文；其標示項目共十四款，自環境用藥字樣至產品有效期限。	Article 2, paragraph 1.	draft	14		
ENV-4159	ENV	ENV-219	環境用藥標示準則	第2條	民國95年7月24日	環境用藥-標示項目	2	下列何者屬環境用藥標示準則所定之應標示項目？	產品之建議售價、經銷通路名冊及消費者退換貨之規定	製造廠之工廠登記證字號、資本額及品質管理系統證書	主管機關現場查核日期、抽驗結果及最近一次裁處紀錄	中毒症狀、急救及解毒方法，以及廢容器回收清理方式	Which of these is a mandatory label item under the regulations?	Suggested retail price, distributor list and the consumer return policy	Plant registration number, paid-in capital and quality system certificate	Inspection dates, sampling results and the latest penalty record on file	Poisoning symptoms, first aid and antidote methods, plus container disposal	d	第2條第1項：應標示項目包括環境用藥字樣、警示圖案或警語、許可證字號、品名、有效成分及含量、性能、劑型及內容量、適用範圍及使用方法、使用及儲藏注意事項、中毒症狀急救及解毒方法、廢容器回收清理方式、廠商名稱地址電話、製造日期及批號、產品有效期限。	Article 2, paragraph 1, subparagraphs 10 and 11.	draft	14		
ENV-4160	ENV	ENV-219	環境用藥標示準則	第2條	民國95年7月24日	環境用藥-廠商標示	3	標示項目所稱廠商係指何者？輸入之環境用藥應如何加註？	指輸入廠商及國內經銷商；輸入者應加註出產國之許可證字號	指販賣業者及分裝工廠；輸入者應加註輸入報單號碼及進口日期	指製造廠商或輸入廠商；輸入者應加註原製造廠國別、名稱及地址	指製造廠商；輸入者應加註我國駐外單位驗證文件之核發字號	Who counts as the firm on the label, and what must imports add?	The importer and domestic distributor; imports must add the origin permit number	The vendor and repackaging plant; imports must add the entry declaration number	The maker or the importer; imports must add the original plant country, name and address	The maker only; imports must add the number of the consular authentication paper	c	第2條第2項：所稱廠商指製造廠商或輸入廠商；輸入之環境用藥應加註原製造廠國別、名稱及地址。第2條第1項第12款並要求標示廠商名稱、地址及電話號碼。	Article 2, paragraph 2.	draft	14		
ENV-4161	ENV	ENV-219	環境用藥標示準則	第3條	民國95年7月24日	環境用藥-字樣	2	下列何者為本準則所定應標示之環境用藥字樣？	一般毒性化學物質、特殊毒性化學物質或關注化學物質原體	一般農業用藥、特殊農業用藥或農業用藥原體等三類字樣	一般環境衛生用藥、特殊環境衛生用藥或環境衛生用藥原體	一般消毒用品、特殊消毒用品或家用清潔劑原體等三類字樣	Which wording must appear as the environmental agent designation?	General or special toxic chemical substance, or concerned substance raw material	General or special agricultural pesticide, or agricultural pesticide raw material	General or special environmental sanitation agent, or sanitation agent raw material	General or special disinfectant product, or household cleaner raw material	c	第3條：環境用藥字樣包括一般環境衛生用藥、特殊環境衛生用藥或環境衛生用藥原體；污染防治用藥；一般環境用藥微生物製劑、特殊環境用藥微生物製劑或環境用藥微生物製劑原體。	Article 3, subparagraph 1.	draft	14		
ENV-4162	ENV	ENV-219	環境用藥標示準則	第4條	民國95年7月24日	環境用藥-警示圖案	2	環境用藥標示之警示圖案或警語，其分類依據及污染防治用藥之標示參照為何？	依劑型及內容量分類標示圖案或顏色；污染防治用藥參照國家標準之危險品標示	依產品有效期限分類標示圖案或顏色；污染防治用藥參照經合組織之標示規範	依有效成分含量分類標示圖案或顏色；污染防治用藥參照世界衛生組織之分類	依毒性及產品特性分類標示圖案或顏色；污染防治用藥參照聯合國化學品標示規定	How are warning symbols classified, and what do pollution control agents follow?	Classified by dosage form and content; pollution control agents follow national danger labels	Classified by product shelf life; pollution control agents follow OECD labelling standards	Classified by active ingredient content; pollution control agents follow WHO classification	Classified by toxicity and product properties; pollution control agents follow UN labelling	d	第4條：第2條第1項第2款所稱警示圖案或警語，依環境衛生用藥、環境用藥微生物製劑原體之毒性及產品特性分類，標示警示圖案或顏色（如附件）；污染防治用藥標示警示圖案或警語，參照聯合國化學品標示規定。	Article 4.	draft	14		
ENV-4163	ENV	ENV-219	環境用藥標示準則	第5條	民國95年7月24日	環境用藥-標示變更	3	何種標示事項變更後，製造或輸入應即使用新標示而不得使用庫存原標示？	許可證字號、劑型及內容量之變更，應即使用變更後之標示內容	適用範圍及使用方法之變更，應即使用變更後之標示內容並回收	品名、性能、廠商名稱及地址之變更，應即使用變更後之標示內容	中毒症狀及急救方法之變更，應即使用變更後之標示內容並公告	Which label changes bar any further use of old stock labels?	Changes to permit number, dosage form and content take effect at once	Changes to the scope of use and method of use take effect at once with recall	Changes to product name, efficacy, and firm name and address take effect at once	Changes to poisoning symptoms and first aid take effect at once with notice	c	第5條第1項：品名、性能、廠商名稱及地址三項標示變更，自核准變更後其製造或輸入應即使用變更後之標示內容，不得使用庫存之原標示。	Article 5, paragraph 1.	draft	14		
ENV-4164	ENV	ENV-219	環境用藥標示準則	第5條	民國95年7月24日	環境用藥-庫存標示	2	品名、性能、廠商名稱地址以外之標示變更，庫存原標示得於多久內繼續使用？	有庫存原標示者，於核准變更後三個月內仍得使用	有庫存原標示者，於核准變更後六個月內仍得使用	有庫存原標示者，於核准變更後一年內仍得使用	有庫存原標示者，一律不得再使用而應全數銷毀	How long may old stock labels be used for other label changes?	Existing stock labels may be used for three months after the change is approved	Existing stock labels may be used for six months after the change is approved	Existing stock labels may be used for one year after the change is approved	Existing stock labels may never be used and must all be destroyed at once	b	第5條第2項：第1項規定以外之變更標示，有庫存原標示者，於核准變更後六個月內仍得使用；品名、性能、廠商名稱地址之變更則無此緩衝期。	Article 5, paragraph 2: six months.	draft	14		
ENV-4165	ENV	ENV-219	環境用藥標示準則	第6條	民國95年7月24日	環境用藥-標示限制	2	第二條規定項目以外之文字或圖案，不得有下列何種情形？	未取得原製造廠授權、未附加防偽標籤或未標示條碼資訊	未經地方主管機關核備、未載明經銷商名稱或未標示售價	以中文以外之外文書寫、字體小於核准標示或使用彩色印刷	與核准標示內容不符、誇大虛偽不實或有致消費者誤信之虞	What must additional wording or graphics on the label avoid?	Lacking maker authorisation, an anti-counterfeit sticker, or a barcode	Lacking local authority approval, a distributor name, or a stated retail price	Being written in a foreign language, smaller type, or printed in full colour	Conflicting with the approved label, exaggeration or falsity, or misleading consumers	d	第6條：第2條規定項目以外之文字或圖案，不得有與核准標示內容不符、誇大虛偽不實、有致消費者誤信之虞、違背公共秩序或善良風俗等情形。	Article 6, subparagraphs 1 to 3.	draft	14		
ENV-4166	ENV	ENV-219	環境用藥標示準則	第7條	民國95年7月24日	環境用藥-變更檢具	3	申請變更警示圖案、適用範圍及使用方法等標示內容，應檢具何種資料？	應檢具標示及原許可證正本；輸入之環境用藥並應另檢具經銷授權書	應檢具標示及佐證資料；輸入之環境用藥並應另檢具出產國商品化之標示	應檢具標示及佐證資料；輸入之環境用藥並應另檢具駐外單位驗證文件	應檢具標示及藥效檢測報告；輸入之環境用藥並應另檢具毒理測試報告	What must accompany an application to change these label contents?	The label plus the original permit; imports must also file a distribution authorisation	The label plus supporting data; imports must also file the origin country market label	The label plus supporting data; imports must also file consular authentication papers	The label plus an efficacy report; imports must also file a toxicology test report	b	第7條第1項：申請變更警示圖案或警語、適用範圍及使用方法、使用及儲藏注意事項、中毒症狀急救及解毒方法者，應檢具標示及佐證資料；輸入之環境用藥應另檢具出產國商品化之標示。	Article 7, paragraph 1.	draft	14		
ENV-4167	ENV	ENV-219	環境用藥標示準則	第7條	民國95年7月24日	環境用藥-其他變更	2	廢容器回收清理方式之標示變更，以及其他未列舉之標示變更，應如何辦理？	前者依環境用藥貯存置放使用管理辦法辦理；後者應逕報中央機關備查	前者依廢棄物清理法之公告事項辦理；後者應由地方主管機關核准為之	前者依廢容器回收清除處理規定辦理；後者應於變更許可證時併同為之	前者依產品責任保險契約約定辦理；後者應於下次展延許可證時辦理	How are container disposal label changes and other changes handled?	The former follows the storage and use regulations; the latter is filed for record	The former follows Waste Disposal Act notices; the latter needs local approval	The former follows container recycling rules; the latter goes with a permit amendment	The former follows the product liability policy; the latter waits until renewal	c	第7條第2項、第3項：廢容器回收清理方式之標示變更，依廢容器回收清除處理規定辦理；前二項以外之其他標示變更，應於變更環境用藥許可證時併同為之。	Article 7, paragraphs 2 and 3.	draft	14		
ENV-4168	ENV	ENV-219	環境用藥標示準則	第8條	民國95年7月24日	環境用藥-施行日期	1	環境用藥標示準則之施行日期規定為何？	自發布日施行，未另訂特定之施行日期	自中華民國九十五年七月二十四日施行	自中華民國一百年十一月十五日起施行	自發布後六個月施行，並溯及既往適用	When do the labelling regulations take effect?	On the date of promulgation, with no separate effective date set	On July 24 of the Republic of China year 95 (2006) specifically	On November 15 of the Republic of China year 100 (2011)	Six months after promulgation, applying retroactively	a	第8條：本準則自發布日施行；本準則修正日期為民國95年7月24日，惟施行日仍以發布日認定。	Article 8.	draft	14		
ENV-4128	ENV	ENV-217	環境用藥許可證申請核發作業準則	第15條	民國113年3月8日	環境用藥-許可證效期	2	環境用藥許可證之有效期間，以及每次展延之期間上限各為何？	有效期間為五年，每次展延不得超過五年	有效期間為五年，每次展延不得超過二年	有效期間為十年，每次展延不得超過五年	有效期間為三年，每次展延不得超過三年	How long is a permit valid, and how long may each renewal run?	Valid for five years, and each renewal may not exceed five years	Valid for five years, and each renewal may not exceed two years	Valid for ten years, and each renewal may not exceed five years	Valid for three years, and each renewal may not exceed three years	a	第15條第1項：許可證之有效期間為五年，每次展延不得超過五年。期滿仍須繼續製造、加工或輸入者，應於期滿前三個月至六個月之期間內申請展延。	Article 15, paragraph 1: five years, renewals capped at five years.	draft	14		
ENV-4129	ENV	ENV-217	環境用藥許可證申請核發作業準則	第15條	民國113年3月8日	環境用藥-展延申請	3	期滿仍須繼續製造、加工或輸入者，應於何期間內申請展延許可證？	應於期滿前三個月至六個月之期間內向中央主管機關申請	應於期滿後三個月內向中央主管機關補行申請展延許可證	應於期滿前六個月至十二個月之期間內向地方主管機關申請	應於期滿前一個月至三個月之期間內向中央主管機關申請	Within what window must a renewal application be filed?	Between six months and three months before expiry, with the central authority	Within three months after expiry, filed late with the central authority	Between twelve and six months before expiry, with the local authority	Between three months and one month before expiry, with the central authority	a	第15條第1項後段：期滿仍須繼續製造、加工或輸入者，應於期滿前三個月至六個月之期間內，向中央主管機關申請展延；第16條並定應檢具申請書及附件五之文件、資料。	Article 15, paragraph 1: three to six months before expiry.	draft	14		
ENV-4130	ENV	ENV-217	環境用藥許可證申請核發作業準則	第15條	民國113年3月8日	環境用藥-展延效力	3	依規定期間申請展延但審查未完成，以及未依期間申請展延者，其許可證效力各如何？	前者應停止製造輸入；後者於補正完成前仍得依原許可內容使用	前者許可證自期滿日起失效；後者得申請延長六個月之過渡期間	前者得依原許可內容使用；後者原許可證自期限屆滿日起失其效力	前者得依原許可內容使用；後者於主管機關作成駁回處分時始失效	What happens if review is pending, versus a late renewal filing?	Timely filers must stop; late filers may keep using the original terms meanwhile	Timely filers lose effect at expiry; late filers get a six-month transition period	Timely filers may keep using the original terms; late filers lose effect at expiry	Timely filers may keep the original terms; late filers lose effect only on refusal	c	第15條第2項、第3項：依規定期間申請展延，因中央主管機關審查致無法於期滿前完成准駁者，得依原許可內容使用；未依第1項期間申請展延而尚未作成准駁決定者，原許可證自期限屆滿日起失其效力。	Article 15, paragraphs 2 and 3.	draft	14		
ENV-4131	ENV	ENV-217	環境用藥許可證申請核發作業準則	第16條	民國113年3月8日	環境用藥-展延文件	1	展延環境用藥許可證者，應檢具何種文件、向何機關申請？	應檢具申請書及原許可證正本，向營業場所所在地主管機關申請	應檢具申請書及附件一之證明文件、資料，向中央主管機關申請	應檢具申請書及附件五之證明文件、資料，向中央主管機關申請	應檢具申請書及附件六之證明文件、資料，向地方主管機關申請	What must be filed to renew a permit, and with whom?	An application plus the original permit, with the local premises authority	An application plus the Appendix 1 documents, with the central authority	An application plus the Appendix 5 documents, with the central authority	An application plus the Appendix 6 documents, with the local authority	c	第16條：展延許可證者，應檢具申請書及附件五之證明文件、資料，向中央主管機關申請。新申請案依第2條檢具附件一；變更、補發、換發依第17條檢具附件六。	Article 16: Appendix 5 documents to the central authority.	draft	14		
ENV-4132	ENV	ENV-217	環境用藥許可證申請核發作業準則	第17條	民國113年3月8日	環境用藥-變更補換發	2	變更、補發、換發環境用藥許可證者，應檢具何種文件申請？	應檢具申請書及附件三之證明文件、資料，向地方主管機關申請	應檢具申請書及附件五之證明文件、資料，向中央主管機關申請	應檢具申請書及附件六之證明文件、資料，向中央主管機關申請	應檢具申請書及公司變更登記表，向經濟部商業主管機關申請	What must be filed to amend, replace or reissue a permit?	An application plus the Appendix 3 documents, with the local authority	An application plus the Appendix 5 documents, with the central authority	An application plus the Appendix 6 documents, with the central authority	An application plus company change filings, with the commerce ministry	c	第17條第1項：變更、補發、換發許可證者，應檢具申請書及附件六之證明文件、資料，向中央主管機關申請；第18條並定其申請方式及審查程序準用第3條、第5條。	Article 17, paragraph 1: Appendix 6 documents.	draft	14		
ENV-4133	ENV	ENV-217	環境用藥許可證申請核發作業準則	第17條	民國113年3月8日	環境用藥-變更期限	3	許可證變更廠商名稱、地址或國內製造廠名稱、地址者，應於何期限內辦理？	自中央主管機關通知限期換領許可證之日起十五日內辦理變更	自最後取得目的事業主管機關核發相關證明文件之日起九十日內為之	自最後取得目的事業主管機關核發相關證明文件之日起三十日內為之	自實際變更廠商名稱或地址之事實發生之日起一百八十日內為之	By when must changes of firm or domestic plant name and address be filed?	Within 15 days of the central authority notice ordering exchange of the permit	Within 90 days of last obtaining the relevant certificate from the sector authority	Within 30 days of last obtaining the relevant certificate from the sector authority	Within 180 days of the day the name or address actually changed in fact	b	第17條第2項：許可證變更廠商名稱、地址、國內製造廠名稱、地址者，應自最後取得目的事業主管機關核發相關證明文件之日起九十日內為之。	Article 17, paragraph 2: 90 days.	draft	14		
ENV-4134	ENV	ENV-217	環境用藥許可證申請核發作業準則	第18條	民國113年3月8日	環境用藥-展延程序	1	展延或變更許可證之申請方式及審查程序，分別依何條規定辦理？	申請方式及審查程序均另由中央主管機關公告定之	申請方式依第二條規定，審查程序依第十四條規定辦理	申請方式依第三條規定，審查程序依第五條規定辦理	申請方式依第五條規定，審查程序依第三條規定辦理	Which articles govern the filing and review of renewals and amendments?	Both filing and review are set separately by central authority notice	Filing follows Article 2, and the review procedure follows Article 14	Filing follows Article 3, and the review procedure follows Article 5	Filing follows Article 5, and the review procedure follows Article 3	c	第18條：展延或變更許可證之申請方式依第3條（網路申辦為原則）辦理；其審查程序依第5條（補正次數、九十日補正期間、十四日通知）辦理。	Article 18.	draft	14		
ENV-4135	ENV	ENV-217	環境用藥許可證申請核發作業準則	第19條	民國113年3月8日	環境用藥-檢測機構	2	環境用藥物理化學性質檢測，應由下列何種機關（構）為之？	僅限經中央主管機關指定之公立學術機構，不含私立研究機構	經中央主管機關核給許可證之環境檢驗測定機構等三類指定機關（構）	由申請者自行選任任一具備儀器設備之實驗室辦理即為已足	僅限符合經濟合作與發展組織優良實驗室操作規範之國外機構	Which bodies may perform physicochemical property testing?	Only public academic institutions designated by the central authority	Three designated categories, starting with permitted environmental testing organisations	Any laboratory with suitable instruments chosen freely by the applicant	Only foreign laboratories complying with the OECD good laboratory practice code	b	第19條第1項：物理化學性質檢測應由經中央主管機關依本法第三十六條核給許可證之環境檢驗測定機構、經指定之檢驗測定機關或公私立學術研究機構、符合OECD優良實驗室操作規範並提具證明之機構為之。	Article 19, paragraph 1, three categories.	draft	14		
ENV-4136	ENV	ENV-217	環境用藥許可證申請核發作業準則	第19條	民國113年3月8日	環境用藥-藥效檢測	3	環境用藥有效成分含量分析檢測及藥效（效力）檢測，分別應由何者辦理？	含量分析依第一項第一款、第二款；藥效檢測依第一項第二款，國外檢測者除外	含量分析依第一項第二款；藥效檢測得由申請者自行檢測後具結報告	含量分析依第一項第三款；藥效檢測依第一項第一款，國外檢測者亦不例外	含量分析及藥效檢測均依第一項第一款；國外進行之檢測一律不予採認	Who performs active ingredient assays and efficacy testing?	Assays under items 1 and 2; efficacy under item 2, unless tested abroad	Assays under item 2; efficacy may be self-tested by the applicant with a warranty	Assays under item 3; efficacy under item 1, with no exception for foreign tests	Both assays and efficacy tests under item 1; foreign testing is never accepted	a	第19條第2項、第3項：有效成分含量分析檢測依第1項第1款、第2款規定辦理；藥效（效力）檢測依第1項第2款規定辦理，但於國外進行檢測者不在此限。	Article 19, paragraphs 2 and 3.	draft	14		
ENV-4137	ENV	ENV-217	環境用藥許可證申請核發作業準則	第20條	民國113年3月8日	環境用藥-毒性檢測	2	環境用藥之毒性檢測機構，應符合何種資格規範？	須為經中央主管機關核給許可證之環境檢驗測定機構，不得為國外機構	須為符合世界衛生組織認證之毒理實驗室，且每三年應重新接受評鑑一次	須為專業毒理檢測機構，並符合我國、美國、歐盟、日本或經合組織之實驗室規範	須為國內公立醫學院附設之毒物科，並取得中央主管機關個案指定之許可	What qualifications must a toxicity testing body meet?	A permitted domestic environmental testing organisation; foreign bodies are barred	A WHO-accredited toxicology laboratory reassessed once every three years	A professional toxicology body meeting Taiwan, US, EU, Japan or OECD lab standards	A toxicology unit of a domestic public medical school, designated case by case	c	第20條：環境用藥之毒性檢測機構必須為專業毒理檢測機構，其規範應符合我國、美國、歐盟、日本或經濟合作與發展組織（OECD）之實驗室優良操作規範或檢測規範。	Article 20.	draft	14		
ENV-4138	ENV	ENV-217	環境用藥許可證申請核發作業準則	第21條	民國113年3月8日	環境用藥-毒性項目	2	一般及特殊環境衛生用藥所添加之協力劑，於毒性檢測上如何認定？	添加協力劑不論含量多寡，一律視為有效成分予以檢測	添加協力劑含量總和未達百分之一者，不視為有效成分	添加協力劑含量總和未達百分之五者，不視為有效成分	添加協力劑含量總和逾百分之一者，始得免除毒性檢測	How are synergists treated for toxicity testing purposes?	Synergists count as active ingredients regardless of how much is added	Synergists totalling under one percent are not treated as active ingredients	Synergists totalling under five percent are not treated as active ingredients	Synergists above one percent in total are exempt from toxicity testing	b	第21條第2項：第1項第2款一般及特殊環境衛生用藥，添加協力劑含量總和未達百分之一者，不視為有效成分。第1項並依產品類別分別適用附件七至附件十一之毒性檢測項目。	Article 21, paragraph 2: under one percent.	draft	14		
ENV-4139	ENV	ENV-217	環境用藥許可證申請核發作業準則	第22條	民國113年3月8日	環境用藥-檢測方法	2	環境用藥藥效、含量分析或物理化學性質檢測報告，其檢測方法之適用順序為何？	依序為中華民國國家標準檢驗方法、中央主管機關公告之標準檢測方法	依序為美國或日本主管機關認可之檢測規範、國家標準檢驗方法	依序為原製造廠自訂方法、中華民國國家標準檢驗方法之規定	依序為中央主管機關公告方法、經合組織認可組織所定之檢測規範	What is the order of precedence for testing methods?	First the national CNS testing methods, then methods announced by the central authority	First US or Japanese recognised testing standards, then the national CNS methods	First the original maker in-house methods, then the national CNS testing methods	First methods announced by the central authority, then OECD-recognised body standards	a	第22條第1項：檢測方法依序為中華民國國家標準檢驗方法、中央主管機關公告之標準檢測方法。第2項：國內尚未公告者，得引用OECD及其認可組織或美、日等國家認可之檢測規範，或由申請者提供檢測方法。	Article 22, paragraph 1.	draft	14		
ENV-4140	ENV	ENV-217	環境用藥許可證申請核發作業準則	第23條	民國113年3月8日	環境用藥-藥效報告	3	申請登記之防治性能原則上須檢具藥效檢測報告，何種防治對象得以文獻資料替代？	防治蚊、蠅、蟑螂、跳蚤者，得由試驗者依文獻資料推薦使用方式	防治蜈蚣、馬陸、蜘蛛、恙蟲者，得由試驗者依文獻資料推薦使用方式	防治白蟻、書蝨、塵蟎者，得由申請者自行提供藥效試驗簡要報告	防治鼠類及爬蟲類者，得由申請者檢具國外同型產品之標示替代	For which target pests may literature replace an efficacy test report?	Mosquitoes, flies, cockroaches and fleas may rely on literature recommendations	Centipedes, millipedes, spiders and chiggers may rely on literature recommendations	Termites, booklice and dust mites may rely on a brief self-conducted trial report	Rodents and reptiles may rely on foreign labels of comparable products instead	b	第23條第2款：申請登記之防治性能須檢具藥效（效力）檢測報告；但防治蜈蚣、馬陸、蜘蛛、恙蟲者，可由試驗者依文獻資料推薦藥劑之使用方式及使用量，並由申請者檢具該文獻資料。	Article 23, subparagraph 2.	draft	14		
ENV-4141	ENV	ENV-217	環境用藥許可證申請核發作業準則	第23條	民國113年3月8日	環境用藥-藥效報告	3	蚊香劑、電蚊香劑、液體電蚊香劑標示使用時間逾八小時者，應檢附何種報告？	須檢附藥效之時效試驗證明報告，以佐證標示之使用時間	須檢附有效成分含量分析報告，以佐證標示之使用時間	須檢附出產國主管機關出具之上市販賣證明文件影本	須檢附毒理測試報告及物理化學性質檢測報告各一份	What must be attached for coils or liquid vaporisers labelled over eight hours?	An efficacy duration test report supporting the labelled period of use	An active ingredient assay report supporting the labelled period of use	A copy of the marketing approval issued by the country of origin authority	One toxicology test report and one physicochemical property test report	a	第23條第4款：蚊香劑、電蚊香劑、液體電蚊香劑標示使用時間逾八小時者，須檢附藥效之時效試驗證明報告。第3款另定特殊環境衛生用藥須檢具所有防治性能稀釋倍數之藥效報告。	Article 23, subparagraph 4: over eight hours needs a duration test report.	draft	14		
ENV-4142	ENV	ENV-217	環境用藥許可證申請核發作業準則	第24條	民國113年3月8日	環境用藥-性能核定	1	本法第九條第一項所稱環境用藥之性能，依何項基準核定？	依中央主管機關個案審查會議之決議核定其性能	依物理化學性質檢測基準（附件二）核定其性能	依藥效檢測結果審查基準（附件十三）核定其性能	依毒性分類審查基準（附件四）核定其產品性能	Under which criteria is an agent efficacy classification determined?	Under a resolution of a case-by-case review meeting of the central authority	Under the physicochemical property testing criteria set out in Appendix 2	Under the efficacy test result review criteria set out in Appendix 13	Under the toxicity classification review criteria set out in Appendix 4	c	第24條：本法第九條第一項環境用藥之性能，依藥效檢測結果審查基準（附件十三）核定。第23條第1款並定藥效檢測所用測試生物種類及條件如附件十二。	Article 24: Appendix 13.	draft	14		
ENV-4143	ENV	ENV-217	環境用藥許可證申請核發作業準則	第25條	民國113年3月8日	環境用藥-有效期限	3	申請或變更環境用藥原體，產品有效期限超過二年者應檢具何種報告？其期限上限為何？	應檢具生產時及生產後二年以上之藥效及成分分析報告；有效期限最長五年	應檢具生產時及生產後一年以上之藥效及成分分析報告；有效期限最長三年	應檢具生產時之藥效檢測報告即可；有效期限由申請者自行訂定無上限	應檢具生產後三年以上之毒理測試及物理化學性質報告；有效期限最長十年	What reports are needed when shelf life exceeds two years, and what is the cap?	Efficacy and assay reports at production and after two-plus years; cap of five years	Efficacy and assay reports at production and after one-plus year; cap of three years	Only an efficacy report at production; the applicant sets the shelf life with no cap	Toxicology and physicochemical reports after three-plus years; cap of ten years	a	第25條第1項：申請或變更一般、特殊環境用藥或環境用藥微生物製劑原體，產品有效期限超過二年者，應檢具相同製造日期及批號產品，生產時及生產後二年以上之藥效（效力）檢測報告及有效成分分析檢測報告；有效期限最長為五年。第2項：環境衛生用藥原體之產品有效期限為五年。	Article 25, paragraph 1.	draft	14		
ENV-4144	ENV	ENV-217	環境用藥許可證申請核發作業準則	第26條	民國113年3月8日	環境用藥-撤銷廢止	2	有下列何種情形，中央主管機關得撤銷或廢止環境用藥許可證？	許可證持有人變更負責人未於三十日內辦理變更登記並換發許可證	許可證持有人年度製造數量低於申請時所載預估產量之百分之五十	申請文件或資料之內容不實，或明知不實事項而登載於環境用藥紀錄表	申請文件之中文譯本有翻譯瑕疵，或紀錄表格式與公告範例不一致	Which situation lets the authority revoke or annul a permit?	Failure to file a change of responsible person within thirty days of the change	Annual output falling below half of the estimated volume stated at application	Untrue application documents, or knowingly false entries in the agent record form	A flawed Chinese translation, or a record form differing from the sample format	c	第26條第1項：申請文件或資料內容不實，或依本法第二十四條第一項有記錄義務而明知為不實事項登載於環境用藥紀錄表者，中央主管機關得撤銷、廢止許可證。第2項另定專供輸出之原體輸入許可證挪作他用者得廢止。	Article 26, paragraph 1.	draft	14		
ENV-4145	ENV	ENV-217	環境用藥許可證申請核發作業準則	第27條	民國113年3月8日	環境用藥-施行日期	1	環境用藥許可證申請核發作業準則之施行日期規定為何？	自發布後六個月施行，並溯及既往適用	自發布日施行，未另訂特定之施行日期	自中華民國一百零九年一月十六日施行	自中華民國一百年十一月十五日施行	When do these permit application regulations take effect?	Six months after promulgation, applying retroactively	On the date of promulgation, with no separate effective date set	On January 16 of the Republic of China year 109 (2020)	On November 15 of the Republic of China year 100 (2011)	b	第27條：本準則自發布日施行。與土壤底泥及地下水污染物檢驗測定品質管制準則定有特定施行日期者不同。	Article 27: effective upon promulgation.	draft	14		
ENV-4146	ENV	ENV-218	環境用藥分裝調配及委託製造作業準則	第1條	民國95年7月21日	環境用藥-授權依據	1	環境用藥分裝調配及委託製造作業準則之訂定依據為何？	依環境用藥管理法第十七條第二項、第十八條第二項規定訂定	依環境用藥管理法施行細則第十七條、第十八條規定訂定	依環境用藥管理法第二十三條第一項、第二十七條規定訂定	依環境用藥管理法第十條第一項、第十一條第一項規定訂定	Under which provisions are these repackaging and contract manufacture rules made?	Article 17, paragraph 2 and Article 18, paragraph 2 of the Act	Articles 17 and 18 of the Enforcement Rules of the Act	Article 23, paragraph 1 and Article 27 of the Act	Article 10, paragraph 1 and Article 11, paragraph 1 of the Act	a	第1條：本準則依環境用藥管理法第十七條第二項、第十八條第二項規定訂定，分別為委託製造與分裝、調配之授權基礎；第9條並定自發布日施行。	Article 1.	draft	14		
ENV-4147	ENV	ENV-218	環境用藥分裝調配及委託製造作業準則	第2條	民國95年7月21日	環境用藥-委託製造	2	環境用藥委託或接受委託製造之基本限制為何？	以持有相同劑型製造許可證者為限，且不得逾越雙方許可證之有效期間	以持有任一劑型製造許可證者為限，且不得逾越委託者許可證有效期間	以持有相同劑型販賣業執照者為限，且應由地方主管機關核准後為之	以持有相同成分製造許可證者為限，且委託期間不得超過連續三年期	What are the basic limits on contract manufacture of environmental agents?	Both sides must hold a same-dosage-form permit, and neither permit term may be exceeded	Either side must hold any dosage form permit, and the client permit term may not be exceeded	Both sides must hold a same-dosage-form vending licence, approved by the local authority	Both sides must hold a same-ingredient permit, and the term may not exceed three years	a	第2條：環境用藥委託或接受委託製造，以持有相同劑型製造許可證者為限，且不得逾越委託者及接受委託者其環境用藥製造許可證之有效期間。第3條並定應檢具之申請文件。	Article 2.	draft	14		
ENV-4148	ENV	ENV-218	環境用藥分裝調配及委託製造作業準則	第3條	民國95年7月21日	環境用藥-委託製造	2	委託製造環境用藥，應由何人檢具文件向何機關申請？其合約書有何要求？	由委託者向營業場所所在地主管機關申請，並檢具載明數量之合約書	由雙方共同向地方主管機關申請，並檢具經律師見證之委託合約書	由接受委託者向中央主管機關申請，並檢具雙方簽章但免公證之合約書	由委託者向中央主管機關申請，並檢具經公證且載明委託製造期間之合約書	Who files a contract manufacture application, with whom, and what contract is needed?	The client files with the local premises authority, attaching a contract stating quantities	Both parties jointly file with the local authority, attaching a lawyer-witnessed contract	The contractor files with the central authority, attaching a signed but unnotarised contract	The client files with the central authority, attaching a notarised contract stating the term	d	第3條：委託製造環境用藥，應由委託者檢具申請表、經公證之委託合約書（應載明委託製造之期間）、委託者製造許可證正本及接受委託者製造許可證影本、加註接受委託製造工廠名稱地址之標示，向中央主管機關申請。	Article 3.	draft	14		
ENV-4149	ENV	ENV-218	環境用藥分裝調配及委託製造作業準則	第4條	民國95年7月21日	環境用藥-分裝	2	申請分裝環境用藥，對分裝工廠及內容量有何要求？	分裝工廠須具有任一劑型設備；內容量得由分裝廠依市場需求自行調整	分裝工廠僅須領有工廠登記證；內容量應報請地方主管機關核備後為之	分裝工廠須具有同一劑型設備；內容量應符合該許可證已登記之內容量	分裝工廠須為原製造廠之關係企業；內容量不得超過原登記量之二分之一	What is required of the repackaging plant and of the fill volume?	The plant may have any dosage form equipment; the filler may set volumes as the market needs	The plant only needs a factory registration; the fill volume is filed with the local authority	The plant must have same-dosage-form equipment; the fill must match the registered content	The plant must be an affiliate of the maker; the fill may not exceed half the registered volume	c	第4條：申請分裝環境用藥，其分裝工廠以具有同一劑型設備之環境用藥工廠始得為之；其分裝內容量應符合該環境用藥許可證已登記之內容量。	Article 4.	draft	14		
ENV-4150	ENV	ENV-218	環境用藥分裝調配及委託製造作業準則	第5條	民國95年7月21日	環境用藥-分裝文件	2	申請分裝環境用藥，應向中央主管機關檢具之文件為何？	申請表、原製造廠之品質保證書、分裝工廠營利事業登記證及分裝人員名冊資料	申請表、所申請分裝之環境用藥許可證影本、分裝工廠工廠登記證正本及委託合約書	申請表、所申請分裝之環境用藥許可證正本、分裝工廠同劑型製造許可證影本及產品標示	申請表、藥效檢測報告、毒理測試報告及分裝工廠之環境檢驗測定機構許可證	What documents must accompany a repackaging application?	Application form, the maker quality warranty, a business registration, and a staff roster	Application form, a permit copy, the plant original factory registration, and the contract	Application form, the original agent permit, a same-form manufacturing permit copy, and the label	Application form, efficacy and toxicology reports, and the plant testing organisation permit	c	第5條第1項：申請分裝應檢具申請表、所申請分裝之環境用藥許可證正本、分裝工廠所持有與該許可證相同劑型之製造許可證影本，以及加註分裝工廠名稱、地址及分裝日期之產品標示。	Article 5, paragraph 1.	draft	14		
ENV-4151	ENV	ENV-218	環境用藥分裝調配及委託製造作業準則	第5條	民國95年7月21日	環境用藥-委託分裝	2	委託他人分裝環境用藥者，除一般文件外並應另檢具何種文件？	應另檢具經公證之委託合約書，並載明委託分裝之期間	應另檢具分裝工廠負責人身分證明文件及切結書	應另檢具雙方簽章之意向書，並載明分裝之數量上限	應另檢具地方主管機關核發之分裝場所現勘紀錄表	What extra document is required when repackaging is entrusted to another?	A notarised entrustment contract stating the period of entrusted repackaging	Identity papers of the plant responsible person plus a written undertaking	A signed letter of intent stating the maximum repackaging quantity allowed	An on-site inspection record of the repackaging site from the local authority	a	第5條第2項：委託他人分裝者，除依第1項規定檢具文件外，並應檢具經公證之委託合約書，合約書應載明委託分裝之期間；與第3條委託製造之合約要求一致。	Article 5, paragraph 2.	draft	14		
ENV-4152	ENV	ENV-218	環境用藥分裝調配及委託製造作業準則	第6條	民國95年7月21日	環境用藥-調配	2	環境用藥之調配，有何劑型及資格上之限制？	調配以同一劑型為限，且以持有相同劑型製造許可證者始得為之	調配不受劑型限制，但應由中央主管機關指定之工廠代為辦理	調配得跨不同劑型為之，但須持有其中任一劑型之製造許可證	調配以同一成分為限，且以持有販賣業許可執照者始得為之	What dosage form and eligibility limits apply to formulating agents?	Formulating is limited to one dosage form, by a holder of a permit for that same form	Formulating faces no dosage form limit but must be done by a designated plant	Formulating may cross dosage forms if a permit for any one of the forms is held	Formulating is limited to one ingredient, and only vending licence holders may do it	a	第6條：環境用藥之調配以同一劑型為限，且以持有相同劑型之環境用藥製造許可證者始得為之。第7條並定應逐批向中央主管機關提出申請。	Article 6.	draft	14		
ENV-4153	ENV	ENV-218	環境用藥分裝調配及委託製造作業準則	第7條	民國95年7月21日	環境用藥-調配申請	3	環境用藥之調配應由何人、以何種頻率向中央主管機關提出申請？	應由環境用藥製造業檢具文件，逐批向中央主管機關提出申請	應由委託調配之申請人檢具文件，於調配完成後報請中央機關備查	應由環境用藥販賣業檢具文件，逐年向中央主管機關提出申請	應由環境用藥製造業檢具文件，每半年向地方主管機關申請一次	Who applies for formulating, and how often?	The agent manufacturer files with the central authority for each individual batch	The client files with the central authority for record after formulating is done	The agent vendor files with the central authority once for each calendar year	The agent manufacturer files with the local authority once every six months	a	第7條第1項：環境用藥之調配，應由環境用藥製造業檢具申請表、相同劑型之製造許可證影本，以及調配數量與調配後之化學性及物理性資料、有效成分分析、毒性、藥效檢測報告及產品標示，逐批向中央主管機關提出申請。	Article 7, paragraph 1: batch by batch.	draft	14		
ENV-4154	ENV	ENV-218	環境用藥分裝調配及委託製造作業準則	第7條	民國95年7月21日	環境用藥-調配準用	3	調配申請所附之有效成分分析、毒性、藥效檢測及產品標示，準用何規定？	準用環境用藥許可證申請核發作業準則第十九條至第二十四條規定	準用環境用藥標示準則第二條至第七條有關標示項目之規定	準用環境用藥許可證申請核發作業準則第十條至第十五條之規定	準用環境用藥工廠設廠標準中有關檢驗設備配置之相關規定	Which rules apply by analogy to the tests and label filed for formulating?	Articles 19 to 24 of the environmental agent permit application regulations	Articles 2 to 7 of the environmental agent labelling regulations on label items	Articles 10 to 15 of the environmental agent permit application regulations	The environmental agent plant standards on the layout of testing equipment	c	第7條第2項：第1項第3款有效成分分析檢測、毒性檢測、藥效（效力）檢測、產品標示，準用環境用藥許可證申請核發作業準則第十條至第十五條之規定。	Article 7, paragraph 2.	draft	14		
ENV-4155	ENV	ENV-218	環境用藥分裝調配及委託製造作業準則	第8條	民國95年7月21日	環境用藥-審查補正	2	中央主管機關受理分裝、調配或委託製造申請，其補正期間及未繳費之處理為何？	補正期間以九十日為限，屆期未補正者退件；未繳納審查費者逕予退件	補正期間以三十日為限，屆期未補正者退件；未繳納審查費者逕予退件	補正期間以六十日為限，屆期未補正者駁回；未繳納審查費者通知補繳	補正期間以一個月為限，屆期未補正者退件；未繳費者仍先行實質審查	What correction period applies here, and what if the review fee is unpaid?	Corrections are capped at ninety days, then return; unpaid fees mean outright return	Corrections are capped at thirty days, then return; unpaid fees mean outright return	Corrections are capped at sixty days, then rejection; unpaid fees trigger a payment notice	Corrections are capped at one month, then return; review proceeds despite unpaid fees	b	第8條：檢具之證明文件、資料有欠缺或不合規定者，經通知補正，屆期未補正者予以退件，補正期間以三十日為限；未繳納審查費者，逕予退件。與許可證準則第5條之九十日補正期間不同。	Article 8: thirty days.	draft	14		
ENV-4156	ENV	ENV-218	環境用藥分裝調配及委託製造作業準則	第9條	民國95年7月21日	環境用藥-施行日期	1	環境用藥分裝調配及委託製造作業準則之施行日期為何？	自中華民國一百年十一月十五日起施行	自中華民國九十五年七月二十一日起施行	自發布日施行，未另訂特定之施行日期	自發布後六個月施行，並得溯及既往適用	When do the repackaging and contract manufacture regulations take effect?	On November 15 of the Republic of China year 100 (2011)	On July 21 of the Republic of China year 95 (2006) specifically	On the date of promulgation, with no separate effective date set	Six months after promulgation, with retroactive application	c	第9條：本準則自發布日施行；本準則修正日期為民國95年7月21日，但施行日仍以發布日為準。	Article 9.	draft	14		
ENV-4169	ENV	ENV-220	環境用藥販賣業及病媒防治業許可執照申請核發作業準則	第1條	民國113年3月11日	環境用藥-授權依據	1	環境用藥販賣業及病媒防治業許可執照申請核發作業準則之訂定依據為何？	依環境用藥管理法施行細則第十一條規定訂定	依環境用藥管理法第十條第一項規定訂定	依環境用藥管理法第二十二條第二項規定訂定	依環境用藥管理法第十一條第一項規定訂定	Under which provision are these licence regulations enacted?	Under Article 11 of the Enforcement Rules of that same Act	Under Article 10, paragraph 1 of the Environmental Agents Control Act	Under Article 22, paragraph 2 of the Environmental Agents Control Act	Under Article 11, paragraph 1 of the Environmental Agents Control Act	d	第1條：本準則依環境用藥管理法第十一條第一項規定訂定；同法第十條第一項則為環境用藥許可證申請核發作業準則之授權依據。	Article 1.	draft	14		
ENV-4170	ENV	ENV-220	環境用藥販賣業及病媒防治業許可執照申請核發作業準則	第2條	民國113年3月11日	環境用藥-執照申請	2	申請環境用藥販賣業、病媒防治業許可執照，應向何機關提出？並與何事項併同申請？	向中央主管機關提出，並併同環境用藥許可證之核發一併申請	向貯存場所所在地主管機關提出，並併同工廠登記證申請核發	向營業場所所在地主管機關提出，並併同環境用藥廣告核准申請	向營業場所所在地主管機關提出，並併同專業技術人員設置申請	With which authority is a licence application filed, and with what other filing?	With the central authority, jointly with the application for an agent permit	With the authority where the storage site is, jointly with factory registration	With the authority where the premises are, jointly with an advertising approval	With the authority where the premises are, jointly with the technical staff filing	d	第2條：申請許可執照應檢附申請表及所定文件影本、資料，併同專業技術人員設置申請，向營業場所所在地主管機關提出申請；第3條並定應進行現勘。	Article 2.	draft	14		
ENV-4171	ENV	ENV-220	環境用藥販賣業及病媒防治業許可執照申請核發作業準則	第2條	民國113年3月11日	環境用藥-執照文件	2	申請許可執照應檢附之文件，包括下列何者？	貯存場所之保險單、消防安全設備檢修申報表及鄰地所有權人同意書	營業場所之租賃契約公證書、水電費繳納證明及員工勞保投保清冊	貯存場所位置圖、土地分區使用證明書或土地登記簿謄本及建物使用執照	營業場所之營業額財務報表、稅籍登記證明及三年內無違規之切結書	Which documents must accompany a licence application?	Storage site insurance policy, fire equipment inspection filing, and neighbour consent	Notarised premises lease, utility payment records, and a labour insurance roster	Storage site location map, zoning or land registry papers, and the building use permit	Premises financial statements, tax registration, and a three-year no-violation warranty	c	第2條第3款：應檢附貯存場所位置圖、土地分區使用證明書或土地登記簿謄本及貯存場所建物使用執照（無貯存場所免附）；另包括公司或營利事業登記證、負責人身分證明、營業場所位置圖及安全防護設施或施藥器材說明書。	Article 2, subparagraph 3.	draft	14		
ENV-4172	ENV	ENV-220	環境用藥販賣業及病媒防治業許可執照申請核發作業準則	第3條	民國113年3月11日	環境用藥-現場勘查	2	地方主管機關審查許可執照申請時，關於現場勘查有何規定？	應現勘營業場所；貯存場所在不同轄區者免予勘查，改由申請人具結負責	僅須現勘貯存場所；營業場所改以書面審查申請人所送之位置圖即為已足	得視需要抽查營業場所；貯存場所在不同轄區者由中央主管機關逕行勘查	應現勘營業場所及貯存場所；貯存場所在不同轄區者應通知該地主管機關會勘	What on-site inspection is required when reviewing a licence application?	Only the premises are inspected; a cross-jurisdiction storage site needs no inspection	Only the storage site is inspected; the premises are reviewed from the submitted map	Premises may be spot-checked; a cross-jurisdiction storage site is inspected centrally	Both premises and storage site are inspected; a cross-jurisdiction site triggers joint inspection	d	第3條：地方主管機關審查第2條申請時，應進行現勘環境用藥營業場所及貯存場所；貯存場所於不同轄區者，應通知環境用藥貯存場所所在地主管機關會勘。	Article 3.	draft	14		
ENV-4173	ENV	ENV-220	環境用藥販賣業及病媒防治業許可執照申請核發作業準則	第4條	民國113年3月11日	環境用藥-執照登記	2	環境用藥販賣業、病媒防治業許可執照應登記之事項為何？	許可執照字號、公司資本額、投保責任保險金額及最近一次現勘之日期	許可執照字號、公司行號名稱地址負責人、營業場所地址、貯存場所地址及發證日期	許可執照字號、專業技術人員姓名及證書字號、營業額級距及員工人數統計	許可執照字號、營業場所建物面積、貯存藥劑品項清單及每月最高貯存量	Which items are registered on a vendor or vector control licence?	Licence number, paid-in capital, liability insurance sum, and last inspection date	Licence number, firm name address and head, premises address, storage address, issue date	Licence number, technical staff names and certificate numbers, revenue band, headcount	Licence number, premises floor area, list of stored agents, monthly storage ceiling	b	第4條第1項：許可執照應登記許可執照字號、公司行號名稱地址負責人、營業場所地址、貯存場所地址（無貯存場所免登記）、許可執照發證日期及其他經主管機關指定事項；字號規定如附表。	Article 4, paragraph 1.	draft	14		
ENV-4174	ENV	ENV-220	環境用藥販賣業及病媒防治業許可執照申請核發作業準則	第5條	民國113年3月11日	環境用藥-變更登記	2	許可執照登記事項中之公司行號名稱、營業場所地址或貯存場所地址有變更者，應如何辦理？	應檢附申請表及原許可執照正本，逕向中央主管機關辦理變更登記並換發執照	應於變更後三十日內報請中央主管機關備查，免檢附任何證明文件或資料	應重新申請許可執照，原執照於新執照核發之日起自動失其效力並繳回	應檢附申請表及第二條第一款至第四款之證明文件或資料，向主管機關辦理變更登記	How is a change of firm name, premises address or storage address handled?	File an application plus the original licence directly with the central authority for reissue	Report for record within thirty days of the change, with no supporting documents needed	Apply for a brand new licence; the old one lapses when the new licence is issued	File an application plus the Article 2, items 1 to 4 papers with the authority for amendment	d	第5條：第4條第1項第2款至第4款登記事項有變更者，應檢附申請表及第2條第1款至第4款規定之相關證明文件或資料，向主管機關辦理變更登記。	Article 5.	draft	14		
ENV-4175	ENV	ENV-220	環境用藥販賣業及病媒防治業許可執照申請核發作業準則	第6條	民國113年3月11日	環境用藥-補換發	2	許可執照遺失或毀損者，應檢具何種文件申請補（換）發？主管機關應如何處理？	檢具申請表及原許可執照殘件與報案證明；主管機關應辦理現場勘查後核發	檢具申請表及貯存場所位置圖與建物使用執照；主管機關應重新核定執照字號	檢具申請表及專業技術人員設置證明文件；主管機關應公告作廢原許可執照	檢具申請表及公司登記與負責人身分證明文件；主管機關應註明補（換）發日期	What is filed to replace a lost or damaged licence, and what must the authority do?	An application plus licence remnants and a police report; an on-site inspection follows	An application plus storage site map and building permit; a new licence number is set	An application plus technical staff appointment papers; the old licence is voided publicly	An application plus company registration and identity papers; the reissue date is noted	d	第6條：許可執照遺失或毀損者，應檢具申請表及第2條第1款、第2款規定之證照文件（公司或營利事業登記證、負責人身分證明），向主管機關申請補（換）發；補（換）發之許可執照應註明補（換）發日期。	Article 6.	draft	14		
ENV-4176	ENV	ENV-220	環境用藥販賣業及病媒防治業許可執照申請核發作業準則	第7條	民國113年3月11日	環境用藥-廢止執照	3	環境用藥販賣業或病媒防治業有何情形，主管機關得廢止其許可執照？	領得許可執照逾一年仍未營業，或停業一年以上者，得廢止其許可執照	領得許可執照逾三年仍未營業，或停業六個月以上者，得廢止許可執照	領得許可執照逾二年仍未營業，或停業二年以上者，得廢止其許可執照	領得許可執照逾二年仍未營業，或未按期申報運作紀錄者，得廢止執照	Which situations allow revocation of a vendor or vector control licence?	No business for over one year after issue, or suspension of business for over one year	No business for over three years after issue, or suspension for more than six months	No business for over two years after issue, or suspension of business for over two years	No business for over two years after issue, or failure to file operating records on time	c	第7條第4款、第5款：領得許可執照逾二年仍未營業，或停業二年以上者，主管機關得廢止其許可執照；另有歇業、實際營業場所與登記不符經限期未改善、遷離未辦變更且營業狀況不明達半年以上等事由。	Article 7, subparagraphs 4 and 5.	draft	14		
ENV-4177	ENV	ENV-220	環境用藥販賣業及病媒防治業許可執照申請核發作業準則	第7條	民國113年3月11日	環境用藥-廢止執照	2	營業場所遷離而未辦理變更登記者，須達何種狀態始得廢止其許可執照？	營業狀況不明達三個月以上者，主管機關得廢止其許可執照	經地方主管機關現勘二次未遇者，主管機關得廢止許可執照	營業狀況不明達半年以上者，主管機關得廢止其許可執照	經通知限期改善屆期未改善者，主管機關即得廢止許可執照	When does relocation without an amendment filing justify revocation?	When the business status has been unclear for three months or more	After the local authority fails to find anyone on two site inspections	When the business status has been unclear for six months or more	As soon as a correction deadline set by notice passes without action	c	第7條第3款：營業場所遷離未辦理變更登記，且營業狀況不明達半年以上者，得廢止許可執照；第2款則為實際營業場所與登記內容不符，經通知限期改善屆期未改善者。	Article 7, subparagraph 3: six months or more.	draft	14		
ENV-4178	ENV	ENV-220	環境用藥販賣業及病媒防治業許可執照申請核發作業準則	第8條	民國113年3月11日	環境用藥-停業備查	2	環境用藥販賣業或病媒防治業停業時，應於何期限內如何辦理？	應自停業日起十五日內以書面報請主管機關廢止其許可執照存查	應自停業日起十五日內檢附原許可執照向主管機關辦理備查後發還	應自停業日起七日內檢附原許可執照及專業人員名冊申請註銷	應自停業日起三十日內檢附原許可執照向中央主管機關申請核准	By when and how must a suspension of business be filed?	Within 15 days of suspension, request in writing that the licence be revoked	Within 15 days of suspension, file the original licence for record; it is then returned	Within 7 days of suspension, file the licence and a staff roster for cancellation	Within 30 days of suspension, file the original licence with the central authority	b	第8條第1項：停業時應自停業日起十五日內，檢附原許可執照向主管機關辦理備查；原許可執照於註明停業日期後發還。第10條規定歇業亦為十五日內申報廢止許可執照。	Article 8, paragraph 1: 15 days.	draft	14		
ENV-4179	ENV	ENV-220	環境用藥販賣業及病媒防治業許可執照申請核發作業準則	第8條	民國113年3月11日	環境用藥-停業效果	3	依規定報備停業者，自報備停業之日起可免除本法之何種義務？	免除本法第二十四條義務；停業一年以上者並免除第十九條、第二十二條義務	免除本法所定全部義務；惟仍應按季向主管機關申報營業狀況及庫存數量	免除本法第十九條、第二十二條義務；停業三個月以上者並免除第二十四條義務	免除本法第二十二條、第二十四條義務；停業六個月以上者並免除第十九條義務	Which statutory duties are lifted from the date a suspension is filed?	Article 24 duties are lifted; over one year of suspension also lifts Articles 19 and 22	All duties under the Act are lifted, but quarterly status and stock filings continue	Articles 19 and 22 duties are lifted; over three months of suspension also lifts Article 24	Articles 22 and 24 duties are lifted; over six months of suspension also lifts Article 19	d	第8條第2項：依規定辦理停業備查者，自報備停業之日起，免除本法第二十二條、第二十四條規定之義務；停業六個月以上者，並免除本法第十九條規定之義務。	Article 8, paragraph 2.	draft	14		
ENV-4180	ENV	ENV-220	環境用藥販賣業及病媒防治業許可執照申請核發作業準則	第9條	民國113年3月11日	環境用藥-復業	2	環境用藥販賣業或病媒防治業復業時，應如何辦理？	檢附原許可執照及最近一年營業額證明，向主管機關報請備查後即可復業	檢附原許可執照併同專業人員設置申請向主管機關申請，並註明復業日期後發還	檢附復業計畫書及貯存場所現勘紀錄向主管機關申請，經核准後始得復業	檢附原許可執照向中央主管機關申請換發新執照，並重新核定許可執照字號	How does a suspended vendor or vector control business resume operations?	File the original licence and last year revenue proof for record, then resume at once	File the original licence with the technical staff filing; the resumption date is noted on it	File a resumption plan and a storage site inspection record for prior approval	File the original licence with the central authority for a new licence and a new number	b	第9條：復業時應檢附原許可執照併同專業人員設置申請（未變更者免附），向主管機關申請；主管機關應於原許可執照上註明復業日期後發還。	Article 9.	draft	14		
ENV-4181	ENV	ENV-220	環境用藥販賣業及病媒防治業許可執照申請核發作業準則	第10條	民國113年3月11日	環境用藥-歇業	1	環境用藥販賣業或病媒防治業歇業時，應於何期限內辦理何事項？	應於歇業日起十五日內，向主管機關申報廢止其許可執照	應於歇業日起七日內，向主管機關報備並公告週知其歇業	應於歇業日起十五日內，向中央主管機關申請註銷許可證	應於歇業日起三十日內，向主管機關申報停業並繳回執照	By when must a business closure be filed, and what is filed?	Within 15 days of closure, apply to the authority to revoke the licence	Within 7 days of closure, report to the authority and publish the closure	Within 15 days of closure, apply to the central authority to cancel the permit	Within 30 days of closure, file a suspension and surrender the licence	a	第10條：歇業時應於歇業日起十五日內，向主管機關申報廢止許可執照。若未申報，第7條第1款亦定歇業為主管機關得廢止許可執照之事由。	Article 10: 15 days, revocation of the licence.	draft	14		
ENV-4182	ENV	ENV-220	環境用藥販賣業及病媒防治業許可執照申請核發作業準則	第11條	民國113年3月11日	環境用藥-審查期限	3	地方主管機關受理許可執照申請，文件齊備者應於多久內完成審查？得否延長？	應於六十日內完成審查；內容複雜特殊者得逕行延長，延長期間並無上限	應於四十五日內完成審查；內容複雜特殊者得通知申請者後延長，不逾四十五日	應於九十日內完成審查；內容複雜特殊者得延長一次，不逾一百八十日	應於三十日內完成審查；內容複雜特殊者得通知申請者後延長，不逾三十日	How long does the local authority have to complete the review, and may it extend?	Within 60 days; complex cases may be extended at will with no cap on the extension	Within 45 days; complex cases may be extended after notice by no more than 45 days	Within 90 days; complex cases may be extended once by no more than 180 days	Within 30 days; complex cases may be extended after notice by no more than 30 days	b	第11條第1項第3款：應檢具之文件及資料齊備者，應於四十五日內完成審查；但內容複雜特殊者，得於通知申請者後延長之，延長期間不得逾四十五日。	Article 11, paragraph 1, subparagraph 3.	draft	14		
ENV-4183	ENV	ENV-220	環境用藥販賣業及病媒防治業許可執照申請核發作業準則	第11條	民國113年3月11日	環境用藥-補正期限	3	許可執照申請之補正期間、補正日數之計算及審查合格後之通知期限為何？	補正期間以六十日為限，補正日數應算入審查期間；合格者於核發執照後十四日內通知	補正期間以六十日為限，補正日數不算入審查期間；合格者於完成審查後十四日內通知	補正期間以三十日為限，補正日數應算入審查期間；合格者於完成審查後三十日內通知	補正期間以九十日為限，補正日數不算入審查期間；合格者於完成審查後七日內通知	What is the correction period, is it counted in the review clock, and when is notice given?	Capped at 60 days, counted in the review period; notice within 14 days of issuance	Capped at 60 days, not counted in the review period; notice within 14 days of completion	Capped at 30 days, counted in the review period; notice within 30 days of completion	Capped at 90 days, not counted in the review period; notice within 7 days of completion	b	第11條第1項第4款及第2項：補正期間以六十日為限，補正日數不算入審查期間內；地方主管機關審查符合規定者，應於完成審查後十四日內通知申請者。未繳費者逕予駁回退件，補正不完全者亦駁回退件。	Article 11, paragraph 1, subparagraph 4, and paragraph 2.	draft	14		
ENV-4184	ENV	ENV-220	環境用藥販賣業及病媒防治業許可執照申請核發作業準則	第12條	民國113年3月11日	環境用藥-施行日期	1	環境用藥販賣業及病媒防治業許可執照申請核發作業準則之施行日期為何？	自中華民國一百十三年三月十一日施行	自發布日施行，未另訂特定之施行日期	自發布後三個月施行，並溯及既往適用	自中華民國一百零九年一月十六日施行	When do these licence regulations take effect?	On March 11 of the Republic of China year 113 (2024)	On the date of promulgation, with no separate effective date set	Three months after promulgation, applying retroactively	On January 16 of the Republic of China year 109 (2020)	b	第12條：本準則自發布日施行。本準則最近修正日期為民國113年3月11日，但施行日仍依發布日認定。	Article 12.	draft	14		
ENV-4185	ENV	ENV-221	毒性及關注化學物質事故調查處理報告作業準則	第1條	民國109年1月16日	毒化物-授權依據	1	毒性及關注化學物質事故調查處理報告作業準則之訂定依據為何？	依毒性及關注化學物質管理法第五十八條第一款規定訂定	依毒性及關注化學物質管理法施行細則第四十一條規定訂定	依毒性及關注化學物質管理法第四十一條第五項規定訂定	依毒性及關注化學物質管理法第二十四條第一項規定訂定	Under which provision are the accident report regulations enacted?	Under Article 58, subparagraph 1 of the Toxic and Concerned Chemical Substances Act	Under Article 41 of the Enforcement Rules of that same Act	Under Article 41, paragraph 5 of the Toxic and Concerned Chemical Substances Act	Under Article 24, paragraph 1 of the Toxic and Concerned Chemical Substances Act	c	第1條：本準則依毒性及關注化學物質管理法第四十一條第五項規定訂定。本法第四十一條第一項並為中央主管機關指定公告具危害性關注化學物質之依據。	Article 1.	draft	14		
ENV-4186	ENV	ENV-221	毒性及關注化學物質事故調查處理報告作業準則	第2條	民國109年1月16日	毒化物-速報結報	3	毒性及具危害性關注化學物質運作人於事故發生後，應於何期限內提報速報及結報？	應於事故發生後七日內提報速報，並於事故發生後三十日內提報結報	應於事故發生後三日內提報速報，並於事故發生後十四日內提報結報	應於事故發生後三日內提報速報，並於事故發生後三十日內提報結報	應於事故發生後一日內提報速報，並於事故發生後七日內提報結報	Within what periods must the preliminary and final accident reports be filed?	The preliminary report within seven days, and the final report within thirty days	The preliminary report within three days, and the final report within fourteen days	The preliminary report within three days, and the final report within thirty days	The preliminary report within one day, and the final report within seven days	b	第2條第1項：運作人應於事故發生後三日內依第3條提報初步事故調查處理速報，並於事故發生後十四日內依第4條提報總結事故調查處理結報。	Article 2, paragraph 1.	draft	14		
ENV-4187	ENV	ENV-221	毒性及關注化學物質事故調查處理報告作業準則	第2條	民國109年1月16日	毒化物-報請機關	3	速報及結報應報請何機關備查？並應副知何機關？	報請事故發生所在地之直轄市、縣（市）主管機關備查，並副知中央主管機關	報請環境事故專業應變諮詢機關備查，並副知目的事業主管機關及警察機關	報請運作人登記所在地之直轄市、縣（市）主管機關備查，並副知消防機關	報請中央主管機關備查，並副知事故發生所在地之直轄市、縣（市）主管機關	To which authority are the reports filed, and who gets a copy?	Filed for record with the municipal or county authority where the accident occurred, copied to the centre	Filed with the professional emergency advisory body, copied to sector and police authorities	Filed with the municipal or county authority where the operator is registered, copied to the fire service	Filed for record with the central authority, copied to the municipal or county authority of the site	a	第2條第1項：速報及結報應報請事故發生所在地之直轄市、縣（市）主管機關備查，並副知中央主管機關。第2項並定自110年7月1日起應於中央主管機關指定網站填報。	Article 2, paragraph 1.	draft	14		
ENV-4188	ENV	ENV-221	毒性及關注化學物質事故調查處理報告作業準則	第2條	民國109年1月16日	毒化物-網路填報	2	速報及結報自何時起應於中央主管機關指定之網站填報？	自中華民國一百十年七月一日起，於中央主管機關指定之網站填報	自本準則發布日起，即應於中央主管機關指定之網站以電子方式填報	自中華民國一百十一年一月一日起，於地方主管機關指定之網站填報	自中華民國一百零九年一月十六日起，於中央主管機關指定之網站填報	From when must the reports be filed on the designated website?	From July 1 of the Republic of China year 110, on the central authority website	From the promulgation date of these regulations, electronically on that website	From January 1 of the Republic of China year 111, on the local authority website	From January 16 of the Republic of China year 109, on the central authority website	a	第2條第2項：前項速報及結報，應自中華民國一百十年七月一日起於中央主管機關指定之網站填報；在此之前得以書面方式提報。	Article 2, paragraph 2.	draft	14		
ENV-4189	ENV	ENV-221	毒性及關注化學物質事故調查處理報告作業準則	第3條	民國109年1月16日	毒化物-速報內容	2	運作人製作速報時，其事故發生基本資料應包括下列何者？	廠商統一編號、負責人、股東結構、營業額及化學物質年運作量	事故現場土壤與地下水採樣結果、鄰近居民健康檢查及賠償金額	廠商名稱、地點、發生時間、氣象、事故場所及類型、化學物質名稱	廠商名稱、地點、發生時間、傷亡人數、事故場所及類型、化學物質名稱	What basic data must the preliminary report contain?	Firm tax number, responsible person, shareholding, revenue and annual throughput	Soil and groundwater sampling results, resident health checks and compensation paid	Firm name, location, time, weather, site and accident type, and substance names	Firm name, location, time, casualties, site and accident type, and substance names	d	第3條第1款：速報之事故發生基本資料包括廠商名稱、地點、發生時間、傷亡人數、事故場所及類型、毒性及具危害性關注化學物質名稱；結報則另增列氣象一項。	Article 3, subparagraph 1 (weather appears only in the final report).	draft	14		
ENV-4190	ENV	ENV-221	毒性及關注化學物質事故調查處理報告作業準則	第3條	民國109年1月16日	毒化物-速報項目	2	除事故發生基本資料外，速報尚應記載下列何組事項？	應變單位分工及裝（設）備、事故應變及善後復原過程（含現場照片）	運作人年度運作紀錄、釋放量申報表及專業技術管理人員名冊	事故責任歸屬鑑定報告、保險理賠明細及主管機關裁處書影本	應變單位分工及裝（設）備、事故應變過程（含廠周界現場平面圖）	Besides basic data, what else must the preliminary report record?	Response units, roles and equipment, and the response and recovery process with photos	Annual operating records, release quantity filings, and the technical staff roster	A liability assessment report, insurance claim details and copies of penalty notices	Response units, roles and equipment, and the response process with a site boundary plan	a	第3條第2款至第6款：速報應載明應變單位、分工及裝（設）備，事故發生、應變及善後復原過程（含現場照片），環境污染及清理狀況，檢討及改善，建議事項；廠周界現場平面圖為結報才要求。	Article 3, subparagraphs 2 to 6.	draft	14		
ENV-4191	ENV	ENV-221	毒性及關注化學物質事故調查處理報告作業準則	第4條	民國109年1月16日	毒化物-結報內容	3	結報之事故發生基本資料，較速報多列何項目？過程說明另須檢附何圖說？	結報多列化學物質名稱一項；過程說明另須檢附廠內管線配置圖說	結報多列氣象一項；過程說明另須檢附廠周界現場平面圖及現場照片	結報多列傷亡人數一項；過程說明另須檢附疏散路線圖及現場照片	結報多列事故場所及類型一項；過程說明另須檢附土壤採樣位置圖	What extra item and drawing does the final report require?	Substance names are added; the process must include in-plant piping layouts	Weather is added; the process account must include a site boundary plan and photos	Casualties are added; the process account must include an evacuation route map	Accident site and type are added; the process must include a soil sampling map	b	第4條第1款第5目及第3款：結報之基本資料除速報各項外，另增列氣象；事故發生、應變及善後復原過程應含現場照片及廠周界現場平面圖。	Article 4, subparagraphs 1 and 3.	draft	14		
ENV-4192	ENV	ENV-221	毒性及關注化學物質事故調查處理報告作業準則	第4條	民國109年1月16日	毒化物-結報製作	2	運作人製作結報前，依本準則應踐行何種作為？	應召開公聽會聽取鄰近居民意見，並將意見納入結報之內容	應委託第三方公證機構鑑定，並取得目的事業主管機關同意	應先行完成場址污染整治，並提出整治成果報告後始得製作	應詳加勘查、蒐集事證，予以分析研判並究明發生事故之原因	What must the operator do before preparing the final report?	Hold a public hearing with nearby residents and fold their views into the report	Commission a third-party appraisal and obtain the sector authority consent first	Complete site remediation first and produce a remediation outcome report	Survey thoroughly, gather evidence, analyse and determine the cause of the accident	d	第4條前段：運作人應於事故發生後詳加勘查、蒐集事證，予以分析研判、究明發生事故原因，據以製作結報；速報則僅要求儘速蒐集事故相關基本資料。	Article 4, opening text.	draft	14		
ENV-4193	ENV	ENV-221	毒性及關注化學物質事故調查處理報告作業準則	第5條	民國109年1月16日	毒化物-補正	2	運作人提報之書面調查處理報告所列資料不符規定者，主管機關應如何處理？	主管機關應逕依本法規定裁處罰鍰，不另通知補正	主管機關應移送檢察機關偵辦，並公布運作人名稱	主管機關應通知運作人限期補正其不符規定之資料	主管機關應逕予退件，並要求運作人重新調查提報	What must the authority do if a filed report does not meet the requirements?	The authority must impose a fine at once without any correction notice	The authority must refer the case to prosecutors and name the operator	The authority must notify the operator to correct it within a set period	The authority must return the report and order a fresh investigation	c	第5條：運作人提報之書面調查處理報告所列資料不符合第3條、第4條規定者，主管機關應通知運作人限期補正；屆期不補正或未完成補正者，依第6條移由本法第五十八條第一款處理。	Article 5.	draft	14		
ENV-4194	ENV	ENV-221	毒性及關注化學物質事故調查處理報告作業準則	第6條	民國109年1月16日	毒化物-違規處理	3	運作人有何情形，依本法第五十八條第一款規定辦理？	未於事故現場設置警戒線，或未通知鄰近居民疏散撤離至安全處所	未依期限提出速報或結報，或經通知限期補正屆期不補正、未完成補正	未投保公共意外責任保險，或未設置專業應變人員及應變器材者	未於事故發生後一小時內通報，或未於網站填報而改以書面提報者	Which conduct is handled under Article 58, subparagraph 1 of the Act?	Failing to set up a cordon at the site, or failing to evacuate nearby residents	Missing the report deadline, or failing to complete corrections within the set period	Failing to carry public liability insurance, or lacking responders and equipment	Failing to notify within one hour, or filing on paper instead of on the website	b	第6條：運作人未依第2條第1項規定期限提出速報或結報，或速報結報經主管機關通知限期補正而屆期不補正、未完成補正者，依本法第五十八條第一款規定辦理。	Article 6.	draft	14		
ENV-4195	ENV	ENV-221	毒性及關注化學物質事故調查處理報告作業準則	第7條	民國109年1月16日	毒化物-施行日期	1	毒性及關注化學物質事故調查處理報告作業準則之施行日期為何？	自中華民國一百零九年一月十六日施行	自發布日施行，未另訂特定施行日期	自中華民國一百十年七月一日起施行	自中華民國一百年十一月十五日施行	When do these accident report regulations take effect?	On January 16 of the Republic of China year 109 (2020)	On the date of promulgation, with no separate date	On July 1 of the Republic of China year 110 (2021)	On November 15 of the Republic of China year 100 (2011)	a	第7條：本準則自中華民國一百零九年一月十六日施行。與第2條第2項所定自110年7月1日起網路填報之時點不同，兩者不可混淆。	Article 7.	draft	14		
ENV-3579	ENV	ENV-222	土壤底泥及地下水污染物檢驗測定品質管制準則	第1條	民國100年9月8日	土污-授權依據	1	土壤底泥及地下水污染物檢驗測定品質管制準則之訂定依據為何？	依土壤及地下水污染整治法第十條第三項規定訂定	依環境檢驗測定機構管理辦法第三十六條規定訂定	依土壤及地下水污染整治法施行細則第十條規定訂定	依土壤及地下水污染整治法第二十四條第六項規定訂定	Under which provision are these quality control regulations enacted?	Under Article 10, paragraph 3 of the Soil and Groundwater Pollution Remediation Act	Under Article 36 of the environmental testing organisation regulations	Under Article 10 of the Enforcement Rules of that same Act	Under Article 24, paragraph 6 of the Soil and Groundwater Pollution Remediation Act	a	第1條：本準則依土壤及地下水污染整治法第十條第三項規定訂定；同法第二十四條第六項則為辦理整治目標公聽會作業準則之授權依據。	Article 1.	draft	14		
ENV-3580	ENV	ENV-222	土壤底泥及地下水污染物檢驗測定品質管制準則	第2條	民國100年9月8日	土污-檢量線	2	本準則所稱檢量線（Calibration curve），其定義為何？	指以添加樣品回收率隨時間變化所繪製之趨勢線，用以判定基質干擾	指以重複樣品之分析結果相互比對後所繪製之精密度管制圖或管制界限	指一系列已知濃度待測物標準品與其相對應儀器訊號值間關係所製成之曲線	指以查核樣品濃度與空白樣品扣除值相減後所得之背景校正基準之曲線	How is a calibration curve defined in these regulations?	A trend line of spike recovery over time, used to judge matrix interference	A precision control chart drawn by comparing the results of duplicate sample analyses	A curve of the relation between a series of known standard concentrations and instrument signals	A background correction curve from check sample values minus blank sample values	c	第2條第1款：檢量線又稱校正曲線或標準曲線，指以一系列已知濃度待測物標準品與其相對應之儀器訊號值（內標準品校正時為濃度比值與訊號比值）間之關係，製備成曲線或計算其校正因子或感應因子。	Article 2, subparagraph 1.	draft	14		
ENV-3581	ENV	ENV-222	土壤底泥及地下水污染物檢驗測定品質管制準則	第2條	民國100年9月8日	土污-空白樣品	3	現場空白樣品與運送空白樣品之關鍵差異為何？其分析結果分別可判知何事？	現場空白在現場不開封，可判知採樣過程污染；運送空白在現場開封，可判知運送過程之污染	現場空白在現場開封並模擬採樣，可判知採樣過程污染；運送空白在現場不開封，可判知運送過程污染	現場空白為重複採樣之樣品，可判知精密度；運送空白為添加標準品者，可判知基質干擾	現場空白以採樣設備淋洗液收集，可判知設備污染；運送空白於檢驗室配製，可判知分析污染	How do field blanks and trip blanks differ, and what does each reveal?	Field blanks stay sealed and reveal sampling contamination; trip blanks are opened on site and reveal transport contamination	Field blanks are opened on site to mimic sampling and reveal sampling contamination; trip blanks stay sealed and reveal transport contamination	Field blanks are duplicate field samples revealing precision; trip blanks are spiked samples revealing matrix interference	Field blanks are rinsates from sampling gear revealing equipment contamination; trip blanks are lab-made revealing analysis contamination	b	第2條第2款第1目、第2目：現場空白樣品攜至採樣地點後在現場開封並模擬採樣過程但不實際採樣，可判知樣品於採樣過程是否遭受污染；運送空白樣品在現場不開封，可判知運送過程是否遭受污染。	Article 2, subparagraph 2, items 1 and 2.	draft	14		
ENV-3582	ENV	ENV-222	土壤底泥及地下水污染物檢驗測定品質管制準則	第2條	民國100年9月8日	土污-設備空白	2	設備空白樣品（又稱清洗空白樣品）之採集方式及功用為何？	於相似基質中添加適當濃度標準品後檢測，判知採樣設備殘留是否造成基質干擾	以不含待測物之基質置入採樣容器攜至現場但不開封，判知設備於運送中是否受污染	以試劑水、溶劑或吸收液淋洗清洗後之採樣設備，收集最後一次淋洗液，判知設備是否受污染	將同一樣品取二等份依相同前處理及分析步驟檢測，判知採樣設備之精密度是否合格	How is an equipment blank collected, and what does it show?	A standard is spiked into a similar matrix, showing whether gear residue causes matrix interference	An analyte-free matrix is sealed in a sampling container taken to site, showing transport contamination	Cleaned field sampling gear is rinsed and the final rinsate collected, showing equipment contamination	One sample is split in two and run identically, showing whether sampling gear precision is acceptable	c	第2條第2款第3目：設備空白樣品指在現場使用過之採樣設備經清洗後，以不含待測物之試劑水、溶劑或吸收液淋洗，收集最後一次之淋洗液；由其分析結果可判知採樣設備是否遭受污染。	Article 2, subparagraph 2, item 3.	draft	14		
ENV-3583	ENV	ENV-222	土壤底泥及地下水污染物檢驗測定品質管制準則	第2條	民國100年9月8日	土污-品管樣品	3	重複樣品、添加樣品及查核樣品之分析結果，分別可確定何事？	重複樣品確定回收率；添加樣品判知採樣設備污染；查核樣品確定分析之精密度	重複樣品確定精密度；添加樣品了解基質干擾或方法適當性；查核樣品確定準確性	重複樣品確定準確性；添加樣品確定檢量線線性；查核樣品了解樣品之背景值	重複樣品了解基質干擾；添加樣品確定精密度；查核樣品判知運送過程之污染	What do duplicate, spiked and check sample analyses each establish?	Duplicates show recovery; spikes show equipment contamination; checks show analytical precision	Duplicates show precision; spikes show matrix interference or method fitness; checks show accuracy	Duplicates show accuracy; spikes show calibration linearity; checks show the sample background	Duplicates show matrix interference; spikes show precision; checks show transport contamination	b	第2條第3款至第5款：重複樣品分析可確定分析結果之精密度；添加樣品分析可了解樣品有無基質干擾或檢測方法是否適當；查核樣品分析可確定分析程序之可信度或分析結果之準確性。	Article 2, subparagraphs 3 to 5.	draft	14		
ENV-3584	ENV	ENV-222	土壤底泥及地下水污染物檢驗測定品質管制準則	第3條	民國100年9月8日	土污-品管依據	1	土壤、底泥及地下水檢測之品管規定，應依據何者執行？	依據國際標準組織所定之實驗室認證規範執行，不受國內公告之拘束	依據委託之整治計畫提出者所指定之作業程序執行，並由其負責審核	依據中央主管機關公告之檢測方法規定執行，於規範下監控檢測過程	依據各環境檢驗室自行訂定之品保手冊執行，並報地方主管機關備查	What governs the quality control rules for soil, sediment and groundwater testing?	International accreditation standards, which override domestically announced methods	The procedure specified by the remediation plan proponent, who also audits it	The testing methods announced by the central authority, monitoring the testing process	Each laboratory own quality manual, filed for record with the local authority	c	第3條：品質管制係為監控檢測過程，在規範下執行；土壤、底泥及地下水檢測的品管規定，依據中央主管機關公告之檢測方法規定執行。第7條亦要求環境檢驗室依公告方法檢測。	Article 3.	draft	14		
ENV-3585	ENV	ENV-222	土壤底泥及地下水污染物檢驗測定品質管制準則	第4條	民國100年9月8日	土污-採樣品管	2	執行土壤、底泥及地下水樣品之採集，本準則有何品管要求？	應採取適當品管樣品並依公告採樣方法為之，且須有樣品監控程序並保留紀錄	應將樣品於採樣後二十四小時內送達檢驗室，並免除樣品追蹤管理之程序	應於採樣前報請地方主管機關核准採樣計畫，並由主管機關派員全程監督	應由二名以上採樣人員共同執行並全程錄影，樣品得免採取任何品管樣品	What quality control applies to the collection of samples?	Proper QC samples and announced sampling methods, with monitoring procedures and records kept	Delivery to the laboratory within 24 hours, with sample tracking procedures waived	Prior approval of a sampling plan by the local authority, which supervises the whole process	Two or more samplers working together with full video recording, and no QC samples needed	a	第4條：執行土壤、底泥及地下水樣品之採集應採取適當之品管樣品，並依據中央主管機關公告之相關採樣方法規定為之；採樣過程必須要有適當之樣品監控程序，並保留相關紀錄，以利後續之樣品追蹤與管理。	Article 4.	draft	14		
ENV-3586	ENV	ENV-222	土壤底泥及地下水污染物檢驗測定品質管制準則	第5條	民國100年9月8日	土污-無機品管	2	為維持土壤、底泥與地下水無機樣品分析數據品質，其管制程序應包括哪些？	檢量線製備、檢量線查核、空白樣品、重複樣品、查核樣品及添加樣品分析	運送空白樣品、現場空白樣品及戴奧辛確認分析，並由第三方實驗室複驗	檢量線製備、儀器每日校正、標準品有效期查核及檢驗人員能力比對試驗	空白樣品、重複樣品及查核樣品分析，惟不含檢量線製備與添加樣品分析	Which controls must the inorganic sample quality programme include?	Calibration curve preparation and check, blanks, duplicates, check samples and spikes	Trip blanks, field blanks and dioxin confirmation, with third-party laboratory re-testing	Calibration preparation, daily instrument calibration, standard expiry checks and staff proficiency	Blanks, duplicates and check samples only, without calibration curves or spiked samples	a	第5條：無機樣品之管制程序應包括檢量線製備、檢量線查核、空白樣品分析、重複樣品分析、查核樣品分析及添加樣品分析；有機樣品之管制程序則規定於第6條。	Article 5.	draft	14		
ENV-3587	ENV	ENV-222	土壤底泥及地下水污染物檢驗測定品質管制準則	第6條	民國100年9月8日	土污-有機品管	3	有機樣品之品質管制程序為何？檢測揮發性有機物及戴奧辛時另有何規定？	應含檢量線製備及查核；戴奧辛檢測得由檢驗室自訂品管方式，不受公告方法之拘束	應含空白及重複樣品分析；揮發性有機物及戴奧辛檢測均應送國外實驗室確認分析	應含空白、查核、添加及重複樣品分析；揮發性有機物免除空白樣品分析而以重複樣品替代	應含空白、查核、添加及重複樣品分析；揮發性有機物另依公告方法執行運送及現場空白分析	What controls apply to organic samples, and what extra rules cover VOCs and dioxins?	Calibration preparation and checks; dioxin QC may be set freely by the laboratory itself	Blanks and duplicates; VOC and dioxin testing must be confirmed by overseas laboratories	Blanks, checks, spikes and duplicates; VOCs are exempt from blanks and use duplicates instead	Blanks, checks, spikes and duplicates; VOCs also need trip and field blanks per announced methods	d	第6條：有機樣品之管制程序應包括空白樣品、查核樣品、添加樣品及重複樣品分析；檢測揮發性有機物樣品時，依中央主管機關公告之相關檢測方法規定執行運送空白樣品及現場空白樣品分析；戴奧辛檢測品質管制亦依公告檢測方法規定。	Article 6.	draft	14		
ENV-3588	ENV	ENV-222	土壤底泥及地下水污染物檢驗測定品質管制準則	第7條	民國100年9月8日	土污-檢驗室	1	環境檢驗室執行本準則各檢測類別之樣品檢測，應依據何者為之？	應依據委託者所指定之檢測方法及品管條件為之	應依據中央主管機關公告之相關檢測方法規定為之	應依據地方主管機關逐案核定之檢測計畫書為之	應依據國際標準組織認證範圍所列之方法自行選定	What must an environmental laboratory follow when testing these samples?	The testing methods and control conditions specified by the client	The relevant testing methods announced by the central competent authority	A testing plan approved case by case by the local competent authority	Any method within its own international accreditation scope, self-selected	b	第7條：環境檢驗室執行本準則各檢測類別之樣品檢測，應依據中央主管機關公告之相關檢測方法規定為之，與第3條品管規定之依據一致。	Article 7.	draft	14		
ENV-3589	ENV	ENV-222	土壤底泥及地下水污染物檢驗測定品質管制準則	第8條	民國100年9月8日	土污-施行日期	1	土壤底泥及地下水污染物檢驗測定品質管制準則之施行日期為何？	自中華民國一百十年七月一日起施行	自中華民國一百零九年一月十六日施行	自中華民國一百年十一月十五日施行	自發布日施行，未另訂特定施行日期	When do these quality control regulations take effect?	On July 1 of the Republic of China year 110 (2021)	On January 16 of the Republic of China year 109 (2020)	On November 15 of the Republic of China year 100 (2011)	On the date of promulgation, with no separate date set	c	第8條：本準則自中華民國一百年十一月十五日施行；本準則修正日期為100年9月8日，施行日另行明定而非發布日。	Article 8.	draft	14		
ENV-3590	ENV	ENV-223	辦理土壤及地下水污染場址整治目標公聽會作業準則	第1條	民國105年1月22日	土污-授權依據	1	辦理土壤及地下水污染場址整治目標公聽會作業準則之訂定依據為何？	依土壤及地下水污染整治法第二十二條第一項規定訂定	依行政程序法有關聽證及公聽會之相關規定訂定	依土壤及地下水污染整治法第十條第三項規定訂定	依土壤及地下水污染整治法第二十四條第六項規定訂定	Under which provision are these public hearing regulations enacted?	Under Article 22, paragraph 1 of the Soil and Groundwater Pollution Remediation Act	Under the hearing provisions of the Administrative Procedure Act generally	Under Article 10, paragraph 3 of the Soil and Groundwater Pollution Remediation Act	Under Article 24, paragraph 6 of the Soil and Groundwater Pollution Remediation Act	d	第1條：本準則依土壤及地下水污染整治法第二十四條第六項規定訂定；本法第二十二條第一項、第二項則規定整治目標之提出主體，並決定由何級主管機關召開公聽會。	Article 1.	draft	14		
ENV-3591	ENV	ENV-223	辦理土壤及地下水污染場址整治目標公聽會作業準則	第2條	民國105年1月22日	土污-召開機關	3	整治計畫提出者依本法第二十二條第一項及第二項提出整治目標，分別由何機關召開公聽會？	依第一項提出者由直轄市、縣（市）主管機關召開；依第二項提出者由中央主管機關召開	不論依第一項或第二項提出，均由中央主管機關召開並委由整治計畫提出者主持	依第一項提出者由中央主管機關召開；依第二項提出者由直轄市、縣（市）主管機關召開	不論依第一項或第二項提出，均由直轄市、縣（市）主管機關召開並報中央備查	Who convenes the hearing for targets proposed under Article 22, paragraphs 1 and 2?	Paragraph 1 targets are heard by the municipal or county authority; paragraph 2 by the central authority	Both are heard by the central authority, which delegates chairing to the remediation plan proponent	Paragraph 1 targets are heard by the central authority; paragraph 2 by the municipal or county authority	Both are heard by the municipal or county authority and reported to the central authority for record	a	第2條第1項：整治計畫提出者依本法第二十二條第一項提出整治目標者，由直轄市、縣（市）主管機關召開公聽會；依第二十二條第二項提出者，由中央主管機關召開公聽會。	Article 2, paragraph 1.	draft	14		
ENV-3592	ENV	ENV-223	辦理土壤及地下水污染場址整治目標公聽會作業準則	第2條	民國105年1月22日	土污-公告事項	3	公聽會之地點選擇及事前公布，本準則有何規定？	應於中央主管機關指定場所舉行，並於舉行三日前至當日公布事由、時間及地點	應於整治計畫提出者之廠區內舉行，並於舉行七日前以掛號通知鄰近居民出席	應於場址所在地或附近舉行，並於舉行十日前至當日公布事由、場址位置、時間及地點	應於直轄市、縣（市）政府所在地舉行，並於舉行三十日前公布相關應載明事項	What rules govern the venue and prior announcement of the hearing?	Held at a venue named by the central authority, announced from three days before, stating cause, time and place	Held inside the proponent plant, with registered notices to nearby residents seven days beforehand	Held at or near the site, announced from ten days before until the day, stating cause, site, time and place	Held at the municipal or county government seat, with all required items announced thirty days beforehand	c	第2條第2項：主管機關應依實際情況需要，於場址所在地或附近選擇適當地點舉行公聽會，並於公聽會舉行十日前至公聽會當日，以書面或公告方式載明事由及整治場址位置、時間及地點、其他事項，公布於主管機關網站、村（里）辦公室或其他適當地點。	Article 2, paragraph 2.	draft	14		
ENV-3593	ENV	ENV-223	辦理土壤及地下水污染場址整治目標公聽會作業準則	第2條	民國105年1月22日	土污-鄰近居民	3	公聽會應邀請哪些人員？所稱鄰近居民之範圍為何？	應邀請專家學者、機關團體出席並邀整治計畫提出者列席，優先開放周界一公里內居民參與	應邀請專家學者、機關團體出席並邀整治計畫提出者主持，優先開放周界三公里內居民參與	應邀請當地民意代表及環保團體出席，並開放全體縣市居民自由報名參加不設範圍限制	應僅邀請整治計畫提出者及主管機關人員出席，居民得於會後以書面表達其相關意見	Who is invited, and how are nearby residents defined?	Experts, agencies and groups attend, the proponent sits in, and residents within one kilometre have priority	Experts, agencies and groups attend, the proponent chairs, and residents within three kilometres have priority	Local representatives and NGOs attend, and all county residents may register with no distance limit	Only the proponent and authority staff attend; residents may comment in writing after the meeting	a	第2條第3項、第4項：主管機關應邀請專家、學者、相關機關、團體出席公聽會，並邀請整治計畫提出者列席，且優先開放鄰近居民參與；鄰近居民指居住在整治場址周界一公里範圍內者，必要時得擴大範圍。第5項並允許民眾於會議結束前以網際網路表達意見。	Article 2, paragraphs 3 and 4.	draft	14		
ENV-3594	ENV	ENV-223	辦理土壤及地下水污染場址整治目標公聽會作業準則	第3條	民國105年1月22日	土污-主持人	1	公聽會之主持人應由何人擔任？	應由整治計畫提出者所推派之代表擔任公聽會主持人	應由場址所在地村（里）長或民意代表擔任其主持人	應由主管機關首長或其指定之人員擔任公聽會主持人	應由中央主管機關遴聘之學者專家擔任公聽會主持人	Who must chair the public hearing?	A representative nominated by the remediation plan proponent	The village head or an elected representative of the site locality	The head of the competent authority or a person designated by that head	A scholar or expert engaged by the central competent authority	c	第3條：公聽會之主持人，應由主管機關首長或其指定之人員擔任。第4條並賦予主持人於人數超過場地容量時請與會者推派代表之權限。	Article 3.	draft	14		
ENV-3595	ENV	ENV-223	辦理土壤及地下水污染場址整治目標公聽會作業準則	第4條	民國105年1月22日	土污-參加人數	2	參加人數超過會場可容納人數時，主持人得為何種處置？	應依報名先後順序決定入場資格，未入場者不得再以書面表達意見	應即宣布延期並另擇較大場地重新舉行，原公聽會視為未曾舉行過	為力求各方意見均衡表達，得請鄰近居民或各團體推派代表進入會場	應商請警察機關管制入場人數，並限制每一團體僅得一人進入會場	What may the chair do if attendance exceeds the venue capacity?	Admit people in order of registration, barring those left out from written views	Postpone at once and rerun the hearing at a larger venue, voiding the first one	Ask nearby residents or groups to nominate representatives so views stay balanced	Ask the police to control entry and limit each group to one person only	c	第4條：參加人數逾第2條第2項適當地點之可容納人數，主持人為力求各方意見得以均衡表達，得請鄰近居民或各團體推派代表進入會場。第7條另定主管機關得商請警察機關協助維持秩序。	Article 4.	draft	14		
ENV-3596	ENV	ENV-223	辦理土壤及地下水污染場址整治目標公聽會作業準則	第5條	民國105年1月22日	土污-議程	2	公聽會之議程順序為何？主持人得否變更？	主持人說明、專家學者評論、提出者答覆、表決整治目標；得依需要變更議程	提出者說明、主持人說明會議進行方式、主管機關答覆、散會；不得任意變更	參加人員陳述意見、提出者說明、主持人裁示、散會；須經出席人員同意變更	主持人說明會議進行方式、提出者說明、參加人員陳述意見、散會；得依需要變更	What is the hearing agenda, and may the chair change it?	Chair explains, experts comment, proponent replies, targets are voted on; changeable as needed	Proponent presents, chair explains procedure, authority replies, adjourn; not freely changeable	Attendees state views, proponent presents, chair rules, adjourn; changes need attendee consent	Chair explains procedure, proponent presents, attendees state views, adjourn; changeable as needed	d	第5條第1項：公聽會議程為主持人說明會議進行方式、整治計畫提出者說明、參加人員陳述意見、散會；第2項並定主持人得依實際需要變更議程。	Article 5.	draft	14		
ENV-3597	ENV	ENV-223	辦理土壤及地下水污染場址整治目標公聽會作業準則	第6條	民國105年1月22日	土污-會場秩序	1	參加公聽會人員干擾會議進行時，主持人得為何種處置？	得逕行宣布公聽會流會，並將該次公聽會視為已舉行完畢	得對干擾者當場裁處罰鍰，並限制其參加日後各次公聽會	得逕行報請警察機關逮捕干擾者，並移送檢察機關偵辦之	得要求干擾會議進行之人員離場，以維持會場及議事之秩序	What may the chair do about a person disrupting the hearing?	Declare the hearing failed and treat it as if it had already been held	Impose a fine on the spot and bar the person from all future hearings	Ask the police to arrest the person and refer the case to prosecutors	Require the disrupting person to leave, so as to keep order at the venue	d	第6條：參加公聽會人員應遵守會場及議事秩序，不得干擾會議之進行；主持人亦得要求干擾會議進行之人員離場。第7條並定主管機關得商請警察機關協助維持秩序。	Article 6.	draft	14		
ENV-3598	ENV	ENV-223	辦理土壤及地下水污染場址整治目標公聽會作業準則	第7條	民國105年1月22日	土污-秩序維持	1	為維持公聽會秩序，主管機關得為何種作為？	主管機關得要求參加人員繳交保證金以擔保議事秩序	主管機關得公告禁止特定團體人員進入公聽會之會場	主管機關得商請警察機關協助維持公聽會之會場秩序	主管機關得逕行僱用民間保全人員執行入場安全檢查	What may the authority do to maintain order at the hearing?	Require attendees to post a deposit as security for orderly proceedings	Publicly bar members of specified groups from entering the hearing venue	Request assistance from the police authority in maintaining order at the venue	Directly hire private security guards to run entry security screening	c	第7條：主管機關得商請警察機關協助維持秩序；此與第6條主持人得要求干擾者離場之權限併行適用。	Article 7.	draft	14		
ENV-3599	ENV	ENV-223	辦理土壤及地下水污染場址整治目標公聽會作業準則	第8條	民國105年1月22日	土污-異議	2	參加人員認為主持人於程序進行中之處理不當者，得如何救濟？主持人應如何處理？	得於會後七日內以書面提出異議；主持人應於十日內作成書面決定並通知異議人	得即時提出異議；主持人認有理由者應即撤銷原處理，認無理由者應將異議列入紀錄	得請求主管機關首長到場裁決；首長認有理由者應命重新舉行該次之公聽會	得請求表決是否撤銷原處理；經出席人員過半數同意者，主持人應撤銷原處理	How may an attendee object to the chair handling of the procedure?	Object in writing within seven days; the chair decides in writing within ten days	Object on the spot; a well-founded objection is upheld at once, otherwise it is minuted	Ask the head of the authority to rule; if upheld, the hearing must be rerun	Ask for a vote; a majority of attendees can force the chair to reverse the ruling	b	第8條：參加公聽會人員認為主持人於公聽會程序進行中所為之處理不當者，得即時提出異議；主持人認為異議有理由者應即撤銷原處理，認為無理由者應將異議列入紀錄。	Article 8.	draft	14		
ENV-3600	ENV	ENV-223	辦理土壤及地下水污染場址整治目標公聽會作業準則	第9條	民國105年1月22日	土污-會議中斷	3	公聽會因不可抗力，或因其他事由致中斷或無法如期舉行者，其再行舉辦次數有何不同？	因不可抗力者視為已舉行完畢；因其他事由者應擇期再行舉辦二次	因不可抗力者應擇期再行舉辦三次；因其他事由者得逕行改為書面	因不可抗力者應擇期再行舉辦一次；因其他事由者得無限次擇期再辦	因不可抗力者應擇期再行舉辦；因其他事由者應擇期再行舉辦一次	How do reruns differ between force majeure and other causes?	Force majeure is treated as already held; other causes allow two reruns	Force majeure allows three reruns; other causes switch to written comment	Force majeure allows one rerun only; other causes allow unlimited rescheduling	Force majeure means rescheduling; other causes allow one rescheduled rerun only	d	第9條第1項、第2項：公聽會因不可抗力因素致會議中斷或無法如期舉行者，應擇期再行舉辦；因不可抗力以外之事由者，應擇期再行舉辦一次，因相同或相似事由再度中斷者，改依公布程序辦理。	Article 9, paragraphs 1 and 2.	draft	14		
ENV-3601	ENV	ENV-223	辦理土壤及地下水污染場址整治目標公聽會作業準則	第9條	民國105年1月22日	土污-中斷公布	3	公聽會因相同或相似事由再行中斷者，主管機關應於何期限內公布？公布期間至少多久？	應自再行中斷之日或第二次原因消滅之日起十日內公布，公布期間至少十日	應自再行中斷之日起三十日內公布，公布期間至少十五日並應登報週知	應自再行中斷之日或第二次原因消滅之日起七日內公布，公布期間至少七日	應自再行中斷之日起十四日內公布，公布期間至少三十日並應通知全體居民	By when must a repeat interruption be announced, and for how long?	Within ten days of the repeat interruption or cause ending, posted for at least ten days	Within thirty days of the interruption, posted for at least fifteen days plus a newspaper notice	Within seven days of the repeat interruption or cause ending, posted for at least seven days	Within fourteen days of the interruption, posted for at least thirty days plus resident notices	c	第9條第2項後段、第3項、第4項：主管機關應自再行中斷之日或第二次原因消滅之日起七日內，將第2條第2項應載明事項及中斷事由公布，公布期間至少七日；地方主管機關並應自中斷之日或原因消滅之日起七日內敘明理由報中央主管機關備查；參加人員得於公布期間內以書面陳述意見，期間經過後視為公聽會已舉行完畢。	Article 9, paragraphs 2 to 4.	draft	14		
ENV-3602	ENV	ENV-223	辦理土壤及地下水污染場址整治目標公聽會作業準則	第10條	民國105年1月22日	土污-會議紀錄	1	主管機關辦理公聽會時，關於簽名及紀錄有何規定？	應請參加公聽會之人員簽名並作成會議紀錄，紀錄得輔以錄音、錄影	應請參加公聽會之人員簽名並作成會議紀錄，且一律應全程錄音錄影	應請參加人員簽名並由主管機關委外製作逐字稿，不得以錄影替代	得免請參加人員簽名，惟應由主持人口述摘要並作成書面之會議紀錄	What are the rules on signing in and on the hearing record?	Attendees must sign in and a record is made; the record may be supplemented by audio or video	Attendees must sign in and a record is made; audio and video recording is always required	Attendees sign in and an outsourced verbatim transcript is made; video cannot replace it	Sign-in may be waived; the chair dictates a summary that becomes the written record	a	第10條：主管機關應請參加公聽會之人員簽名，並作成會議紀錄；會議紀錄得輔以錄音、錄影。第11條並定紀錄應載明陳述內容及主持人之處理方式。	Article 10.	draft	14		
ENV-3603	ENV	ENV-223	辦理土壤及地下水污染場址整治目標公聽會作業準則	第11條	民國105年1月22日	土污-紀錄內容	2	公聽會紀錄應載明何事項？未填寫發言單者其陳述應如何記錄？	應載明主持人裁示事項及後續辦理期限；未填發言單者應由其自行補正	應載明參加人員之姓名住址及身分證字號；未填發言單者其陳述不予記錄	應載明整治目標之表決結果及贊成比例；未填發言單者不得列入計票	應載明參加人員陳述內容及主持人之處理方式；未填發言單者得擇其要旨記錄	What must the record state, and how are unsigned statements recorded?	Chair rulings and follow-up deadlines; without a speech slip, the speaker must correct it	Attendee names, addresses and ID numbers; without a speech slip, nothing is recorded	Voting results on the target and approval ratios; unslipped speakers are not counted	Attendee statements and the chair handling; without a speech slip, the gist may be recorded	d	第11條：公聽會紀錄應載明參加人員陳述內容及主持人之處理方式；參加人員應儘可能填寫發言單並署名，未填寫發言單者，主管機關對其陳述內容得擇其要旨記錄之。	Article 11.	draft	14		
ENV-3604	ENV	ENV-223	辦理土壤及地下水污染場址整治目標公聽會作業準則	第12條	民國105年1月22日	土污-紀錄公布	3	主管機關應於舉行公聽會後多久內通知並公布會議紀錄？公布期間至少多久？	應於舉行公聽會後七日內以書面或公告通知參加人員並公布於網站，公布期間至少七日	應於舉行公聽會後十四日內以電子郵件通知參加人員，並免於網站公布會議紀錄	應於舉行公聽會後十日內以書面或公告通知參加人員並公布於網站，公布期間至少十日	應於舉行公聽會後三十日內以書面通知參加人員並登報公告，公布期間至少十五日	Within how long must the record be notified and posted, and for how long?	Within seven days of the hearing, notified and posted on the website for at least seven days	Within fourteen days of the hearing, notified by email with no website posting required	Within ten days of the hearing, notified and posted on the website for at least ten days	Within thirty days of the hearing, notified in writing and advertised for at least fifteen days	c	第12條第1項前段：主管機關應於舉行公聽會後十日內，將會議紀錄以書面或公告方式通知參加人員，並公布於主管機關網站，公布期間至少十日；第3項並定該期間必要時得由主管機關延長。	Article 12, paragraph 1.	draft	14		
ENV-3605	ENV	ENV-223	辦理土壤及地下水污染場址整治目標公聽會作業準則	第12條	民國105年1月22日	土污-紀錄異議	3	參加人員對會議紀錄有異議者應於何時提出？主管機關認有理由者應於何期限內處理？	應於公聽會結束後三日內提出；主管機關應於下次公聽會時一併說明處理之結果	應於紀錄公布前提出；主管機關認有理由者應重新召開公聽會並作成新會議紀錄	應於公布期間經過後十日內提出；主管機關應於提出異議期間經過後十日內更正或補充	應於公布期間內隨時提出；主管機關應於收受異議之日起三十日內更正或補充紀錄	When may attendees object to the record, and how fast must corrections follow?	Within three days after the hearing ends; the result is explained at the next hearing	Before the record is posted; if upheld, a fresh hearing and a new record are required	Within ten days after the posting period ends; corrections within ten days after that window	At any time during the posting period; corrections within thirty days of receiving the objection	c	第12條第1項後段：參加人員對會議紀錄有異議者，得於公布期間經過後十日內提出；經主管機關認其異議有理由者，應於提出異議期間經過後十日內更正或補充。第2項並定地方主管機關應將會議紀錄報中央主管機關備查。	Article 12, paragraph 1.	draft	14		
ENV-3606	ENV	ENV-223	辦理土壤及地下水污染場址整治目標公聽會作業準則	第13條	民國105年1月22日	土污-施行日期	1	辦理土壤及地下水污染場址整治目標公聽會作業準則之施行日期為何？	自中華民國一百年十一月十五日起施行	自發布後六個月施行，並溯及既往適用	自發布日施行，未另訂特定之施行日期	自中華民國一百零五年一月二十二日施行	When do these public hearing regulations take effect?	On November 15 of the Republic of China year 100 (2011)	Six months after promulgation, applying retroactively	On the date of promulgation, with no separate effective date set	On January 22 of the Republic of China year 105 (2016)	c	第13條：本準則自發布日施行；本準則修正日期為民國105年1月22日，惟施行日仍以發布日認定，與土壤底泥及地下水污染物檢驗測定品質管制準則另定施行日者不同。	Article 13.	draft	14		