Q1073	OSH	OSH-55	職場霸凌防治措施準則	第2條	民國115年6月23日	霸凌-認定	2	職場霸凌防治措施準則列舉之職場霸凌審酌情形，下列何者正確？	對特定人刻意排擠冷落不讓參與必要會議、破壞或阻礙其工作隱瞞資訊，但須連續發生三個月以上且經二人以上檢舉	對特定人刻意排擠冷落不讓參與必要會議、破壞或阻礙其工作隱瞞資訊、以權力分配不合理工作目標、散布謠言或揭露隱私	依規定辦理年度績效考核並告知結果、指派職務範圍內之工作、要求依工作規則準時出勤、於會議中提出不同專業意見	同事間對工作方法意見不合而發生一次爭執、主管當面糾正遲到、公司調整部門編制、年終獎金金額不如預期	Which are listed as circumstances for identifying workplace bullying under the Guidelines?	Deliberately excluding someone from necessary meetings, sabotaging their work or withholding information, but only where it lasts three months or more and two or more people report it	Deliberately excluding someone from necessary meetings, sabotaging their work or withholding information, abusing power to assign unreasonable targets, spreading rumors or exposing privacy	Conducting annual performance reviews under the rules and reporting the results, assigning work within the job description, requiring punctual attendance, and raising differing professional views in meetings	A single argument between colleagues over working methods, a manager correcting lateness, a company reorganizing departments, or a year-end bonus below expectations	b	第2條：職場霸凌之認定應符合職安法第22條之1第1項定義，並綜合審酌事件背景頻率場所行為人動機目的及：對特定人刻意排擠忽視冷落不讓參與必要之重要會議事務或活動；破壞或刻意阻礙其工作、利用職務刁難、隱瞞或提供不實資訊；以權力欺壓刻意分配不合理工作目標或與能力明顯不符之工作；刻意散布謠言或揭露隱私。	Article 2 lists four patterns, weighed with background, frequency, place, motive and purpose.	draft	7		
Q1074	OSH	OSH-55	職場霸凌防治措施準則	第5條	民國115年6月23日	霸凌-申訴管道	2	僱用勞工人數在幾人以上之雇主，應設置處理職場霸凌之申訴管道（電子信箱、專線電話等）並公開揭示？	一百人以上	五人以上	三十人以上	十人以上	Employers with at least how many workers must set up and post a bullying complaint channel?	100	5	30	10	d	第5條：僱用勞工人數十人以上之雇主應設置處理職場霸凌之電子信箱專用信箱專線電話傳真或其他指定通訊軟體等申訴管道，並於工作場所顯著處公開揭示（得以書面電子資料傳輸或其他可隨時查知方式）。第4條：雇主應提供免於職場霸凌之工作環境並維護隱私。	Article 5; Article 4 sets the general duty.	draft	7		
Q1075	OSH	OSH-55	職場霸凌防治措施準則	第6條	民國115年6月23日	霸凌-防治規範	2	僱用勞工人數在幾人以上之雇主，應訂定職場霸凌防治措施、申訴與懲處規範並指定專責單位統籌辦理？	一百人以上	五十人以上	十人以上	三十人以上	Employers with at least how many workers must adopt written bullying prevention, complaint and disciplinary rules with a dedicated unit?	100	50	10	30	d	第6條：僱用勞工三十人以上之雇主除設申訴管道外，應訂定職場霸凌防治措施申訴與懲處規範、指定專責單位統籌並公開揭示；內容應包括行為樣態及預防措施、教育訓練、申訴處理單位與程序、調查人員資格及迴避、不公開處理及免於報復、屬實行為人之懲戒、惡意虛構事實之懲戒、被申訴人為最高負責人時得逕向地方主管機關申訴；各級主管及調查處理人員另應實施溝通技巧管理及申訴處理教育訓練；未達三十人者得參照辦理。	Article 6 lists eight required contents and training obligations.	draft	7		
Q1076	OSH	OSH-55	職場霸凌防治措施準則	第7條	民國115年6月23日	霸凌-立即措施	2	雇主因接獲被霸凌勞工申訴而知悉職場霸凌時，應採取之立即有效措施，下列何者正確？	先對申訴人實施懲戒以避免爭議擴大、要求雙方自行私下和解、將事件登載於申訴人人事考核紀錄、俟年度結束後併案檢討改善	考量雇主營運需要逕行調動申訴人職務、由申訴人自費尋求法律諮詢醫療心理諮商、待警方偵查終結後再啟動調查、依行為人自述決定是否懲戒	考量申訴人意願採取隔離措施且不得不利對待、提供或轉介法律諮詢醫療心理諮商等協助，惟申訴人未表示調查意願時即逕予結案不再處理	考量申訴人意願採取隔離措施且不得不利對待、提供或轉介法律諮詢醫療心理諮商等協助、啟動調查（申訴人有意願得先協調）、依調查結果懲戒行為人	When an employer learns of bullying through a complaint, immediate measures include:	Disciplining the complainant first to stop the dispute spreading, telling the parties to settle privately, noting the incident in the complainant's personnel file, and reviewing it after the year ends	Transferring the complainant as business needs require, leaving the complainant to pay for legal, medical or counseling support, waiting for the police inquiry to end before investigating, and disciplining only on the accused's own account	Separation measures respecting the complainant's wishes with no adverse treatment, referral to legal, medical or counseling support, but closing the case with no further action whenever the complainant does not ask for an investigation	Separation measures respecting the complainant's wishes with no adverse treatment, referral to legal, medical or counseling support, launching an investigation (with optional mediation), and disciplining the perpetrator based on findings	d	第7條：因申訴知悉時應考量申訴人意願採取適當隔離等措施避免再發生且不得不利對待、依需求提供或轉介法律諮詢醫療心理諮商社會福利資源等協助、啟動調查（有意願者得協調，協調不成立續行調查）、依調查結果懲戒或處理；非因申訴知悉時應訪談釐清、告知權益及救濟途徑、調整工作內容或場所、依意願提供協助；被霸凌勞工無申訴意願者仍應採取措施。	Article 7 also sets duties when bullying is learned of by other means.	draft	7		
Q1077	OSH	OSH-55	職場霸凌防治措施準則	第8條	民國115年6月23日	霸凌-申訴期限	3	職場霸凌申訴自行為終了時起逾幾年者不予受理？被申訴人屬利用權勢者，得於離職之日起幾年內申訴？	五年；二年	一年；六個月	二年；一年	三年；一年	Bullying complaints are not accepted more than how many years after the conduct ended, and when the accused abused a position of power, complaints may be filed within how long after leaving employment?	5 years; 2 years	1 year; 6 months	2 years; 1 year	3 years; 1 year	d	第8條：申訴得以言詞電子郵件或書面提出，言詞或電子郵件者應作成紀錄朗讀或使閱覽確認；紀錄應由申訴人簽名或蓋章並載明姓名服務單位職稱住居所聯絡電話申訴日期、代理人資料、事實內容及證據；自職場霸凌行為終了時起逾三年者不予受理；被申訴人屬利用權勢者得於離職之日起一年內申訴（有較長期限者從其規定）；處理應以不公開方式為之。	Article 8.	draft	7		
Q1078	OSH	OSH-55	職場霸凌防治措施準則	第9條	民國115年6月23日	霸凌-申訴處理單位	3	僱用勞工三十人以上之雇主設置之申訴處理單位，成員至少幾位？任一性別比例不得少於多少？	五位；四分之一	三位；二分之一	三位；三分之一	二位；二分之一	The complaint-handling unit for employers with 30+ workers must have at least how many members, with each gender making up at least:	5; one-quarter	3; one-half	3; one-third	2; one-half	c	第9條：申訴處理單位成員至少三位且任一性別比例不得少於三分之一；負責受理申訴、通知是否受理、登錄系統、辦理協調、調查或審議調查報告作成申訴成立與否之決定、提供懲戒建議、召開申復審議會議、通知當事人決定等。	Article 9 lists the unit's nine functions.	draft	7		
Q1079	OSH	OSH-55	職場霸凌防治措施準則	第10條	民國115年6月23日	霸凌-受理	2	雇主應於接獲職場霸凌申訴之日起幾個工作日內決定是否受理並以書面通知申訴人？受理後應於幾個工作日內登錄系統？	五個工作日；受理當日起十四個工作日	十個工作日；受理翌日起七個工作日	三十個工作日；受理翌日起十個工作日	三個工作日；受理翌日起三個工作日	Employers must decide whether to accept a bullying complaint within how many working days, and log accepted cases in the system within:	5 working days; 14 working days from the day of acceptance	10 working days; 7 working days from the day after acceptance	30 working days; 10 working days from the day after acceptance	3 working days; 3 working days from the day after acceptance	b	第10條：應於接獲申訴之日起十個工作日內決定是否受理並書面通知，不受理者敘明理由；得不受理情形：非屬職場霸凌事項、無具體內容、未具真實姓名、同一事件已不受理或已終局處理、已撤回、已逾期限。第11條：應於受理翌日起七個工作日內依中央主管機關公告之內容及方式登錄系統並通知申訴人。	Articles 10–11.	draft	7		
Q1080	OSH	OSH-55	職場霸凌防治措施準則	第13條	民國115年6月23日	霸凌-協調	3	職場霸凌申訴之協調程序，自協調之日起逾多久仍未有共識時應停止協調？協調不成立時雇主應如何？	六個月；再安排一次協調，仍不成立即予結案	七日；無須調查，改由雙方自行協商解決爭議	三個月；即行結案並將協調紀錄送交主管機關備查	一個月；續行調查並採取其他立即有效之適當措施	Mediation of a bullying complaint must stop if no consensus is reached within, and if mediation fails the employer must:	6 months; arrange one more mediation and close the case if it fails again	7 days; skip the investigation and let the parties settle it themselves	3 months; close the case and file the mediation record with the authority	1 month; continue the investigation and take other immediate effective measures	d	第13條：申訴人有意願協調者，應安排經當事人同意之適當協調人員本於客觀公正公平立場促進溝通；任一方無意願或自協調之日起逾一個月仍未有共識應停止協調；達成共識應作成紀錄載明事實及合意事項；協調不成立者雇主應續行調查並採取其他立即有效之適當措施；非因申訴知悉但有意願協調者亦同。	Article 13.	draft	7		
Q1081	OSH	OSH-55	職場霸凌防治措施準則	第14條	民國115年6月23日	霸凌-調查小組	3	僱用勞工一百人以上之雇主調查職場霸凌申訴時，應於受理之日起幾個工作日內組成調查小組？調查小組外部專業人士比例？事業單位成員應受幾小時防治教育訓練？	十個工作日；不得少於四分之一；至少三小時	十五個工作日；不得少於二分之一；至少三小時	七個工作日；不得少於三分之一；至少六小時	三十個工作日；應為全部成員；至少一小時	Employers with 100+ workers must form an investigation team within how many working days of acceptance, with what share of external experts, and how many hours of training for internal members?	10 working days; at least one-quarter; at least 3 hours	15 working days; at least one-half; at least 3 hours	7 working days; at least one-third; at least 6 hours	30 working days; all members; at least 1 hour	b	第14條：一百人以上之雇主應於受理申訴之日起十五個工作日內由申訴處理單位選任調查成員組成調查小組；成員至少三人、外部專業人士不得少於二分之一、任一性別比例不得少於三分之一；事業單位成員應參加主管機關或勞檢機構課程或中央主管機關網站數位課程至少三小時；外部專業人士應具勞動權益或相關事務處理經驗，得自職場霸凌調查專業人才資料庫遴選。第15條：與當事人有配偶前配偶四親等內血親三親等內姻親或家長家屬關係者應自行迴避。	Article 14; Article 15 on recusal.	draft	7		
Q1082	OSH	OSH-55	職場霸凌防治措施準則	第16條	民國115年6月23日	霸凌-調查方式	2	職場霸凌調查訪談當事人及相關人員時，下列何者正確？	以錄音或錄影輔助並作成紀錄，受訪談者得自行錄音錄影；得令當事人間對質；應保密姓名及身分資料	以錄音或錄影輔助並作成紀錄，受訪談者不得自行錄音錄影；應令協助調查之人對質；調查結果應全文公告	以錄音或錄影輔助並作成紀錄，受訪談者不得自行錄音錄影；不得令當事人間對質；應保密姓名及身分資料	以書面摘要替代錄音錄影並免作成紀錄，受訪談者得自行錄影；應安排當事人當場對質；姓名得予公開	During bullying investigation interviews:	Audio or video recording assists the record, interviewees may record on their own; parties may be made to confront each other; identities are kept confidential	Audio or video recording assists the record, interviewees may not record on their own; helpers must be confronted with each other; the findings are published in full	Audio or video recording assists the record, interviewees may not record on their own; parties may not be made to confront each other; identities are kept confidential	Written summaries replace recordings and no record is needed, interviewees may film freely; the parties are confronted in person; names may be published	c	第16條：以書面通知當事人記載調查目的時間地點及不到場之影響；訪談以錄音或錄影輔助並作成紀錄，受訪談者不得自行錄音或錄影；調查過程或會議不得令當事人間或協助調查之人對質；當事人及相關人員應配合調查提供資料；得諮詢專業機關團體；保全證據；姓名及足以辨識身分之資料應保密（調查必要或公共安全考量除外）；所有參與人員負保密義務。	Article 16.	draft	7		
Q1083	OSH	OSH-55	職場霸凌防治措施準則	第17條	民國115年6月23日	霸凌-調查期限	3	雇主應自調查小組成立後翌日起多久內完成調查報告？必要時得延長多久？申訴處理單位至遲於調查報告完成之日起多久內作成成立與否之決定？	二個月；一個月；一個月	三個月；三個月；二個月	十五日；十五日；七日	一個月；一個月；十日	The investigation report is due within what period after the team is formed, extendable by, and the handling unit must decide within what period after the report:	2 months; 1 month; 1 month	3 months; 3 months; 2 months	15 days; 15 days; 7 days	1 month; 1 month; 10 days	a	第17條：應自調查小組成立後翌日起二個月內完成調查報告，必要時得延長一個月並通知當事人，協調期間不計入；報告應包括案由、訪談過程、陳述重點、事實認定與理由、處理建議；當事人無正當理由拒絕配合經通知限期仍未配合者得逕行作成報告。第18條：申訴處理單位至遲於調查報告完成之日起一個月內作成申訴成立與否之決定（成員二分之一以上出席、出席者過半數同意）；雇主應於決定之日起十個工作日內書面通知當事人並提供申復方法及期限。	Articles 17–18.	draft	7		
Q1084	OSH	OSH-55	職場霸凌防治措施準則	第19條	民國115年6月23日	霸凌-懲戒與登錄	2	職場霸凌行為經調查屬實，雇主應如何？處理結果應於決定作成之日起幾個工作日內登錄系統？	視情節輕重對申訴人調整職務或工作場所（已離職者除外）；十個工作日	由主管對行為人口頭警告並記錄於交接簿（已離職者除外）；免予登錄	視情節輕重對行為人適當懲戒或處理（已離職者除外）；十個工作日	一律將行為人解僱並副知勞動檢查機構（已離職者除外）；三十個工作日	When bullying is substantiated the employer must, and log the outcome within:	Transfer the complainant to another post or site based on severity (unless already departed); 10 working days	Have the manager give the perpetrator a verbal warning noted in the handover log; no logging required	Impose appropriate discipline on the perpetrator based on severity (unless already departed); 10 working days	Always dismiss the perpetrator and copy the labor inspection agency (unless already departed); 30 working days	c	第19條：經調查屬實者應視情節輕重對行為人為適當懲戒或處理（已離職者不在此限）；情節輕重審酌對申訴人身心侵害程度、次數頻率手段重複違反、與申訴人關係違反後態度及過往行為、對事業單位危害程度範圍；處理結果應於決定作成之日起十個工作日內登錄系統。第20條：不得對申訴或協助申訴之工作者為解僱降調減薪等不利處分（惡意虛構事實者除外）。第26條：執行紀錄留存三年。	Article 19; Article 20 bars retaliation; Article 26: records kept 3 years.	draft	7		
Q1085	OSH	OSH-55	職場霸凌防治措施準則	第21條	民國115年6月23日	霸凌-小型事業處理期限	3	僱用勞工未達三十人之雇主，職場霸凌申訴應自接獲申訴翌日起多久內作成決定？三十人以上未達一百人者？	三個月內（得延長一個月）；四個月內（得延長一個月）	一個月內（得延長一個月）；二個月內（得延長二個月）	六個月內（不得延長）；六個月內（不得延長）	十個工作日內（得延長十日）；三十日內（得延長十日）	Employers with fewer than 30 workers must decide bullying complaints within, and those with 30 to under 100 workers within:	3 months (extendable 1 month); 4 months (extendable 1 month)	1 month (extendable 1 month); 2 months (extendable 2 months)	6 months (no extension); 6 months (no extension)	10 working days (extendable 10 days); 30 days (extendable 10 days)	a	第21條：未達三十人之雇主應自接獲申訴翌日起三個月內作成決定，必要時得延長一個月並通知當事人，申訴處理單位及調查小組規定得參照辦理；三十人以上未達一百人者四個月內作成決定，必要時延長一個月，調查小組規定得參照辦理。	Article 21.	draft	7		
Q1086	OSH	OSH-55	職場霸凌防治措施準則	第22條	民國115年6月23日	霸凌-申復	3	當事人不服職場霸凌申訴決定，得於收到書面通知翌日起幾日內向雇主提出申復？雇主應於接獲申復後幾個工作日內召開申復審議會議？	六十日；三十日	七日；三日	三十日；十個工作日	十日；五個工作日	A party may appeal a bullying decision within how many days of notice, and the employer must convene an appeal review within:	60 days; 30 days	7 days; 3 days	30 days; 10 working days	10 days; 5 working days	c	第22條：得於收到書面通知翌日起三十日內書面具明理由提出申復，同一事件以一次為限；雇主應於接獲申復後十個工作日內由申訴處理單位成員推舉召集人召開申復審議會議並給予申復人陳述機會；發現調查程序有重大瑕疵或足以影響認定之新事證應組成申復調查小組再行調查（一百人以上外部專業人士不得少於三分之二，三十人以上未達一百人至少一人，任一性別不少於三分之一）。第23條：申訴處理單位應自申復審議會議召開日起三十日內作成決定，雇主於十個工作日內書面通知；再行調查者得展延三十日。	Articles 22–23; Article 24: authorities may order re-investigation for serious procedural defects.	draft	7		
Q1087	OSH	OSH-56	地方主管機關受理最高負責人職場霸凌事件申訴處理辦法	第2條	民國115年6月23日	霸凌申訴-最高負責人	2	勞工遭受事業單位最高負責人職場霸凌時，得向何機關提起申訴？所稱最高負責人包括？	直轄市或縣市主管機關；機關首長、學校校長、公營事業董事長、法人合夥或非法人團體之對外代表人或與該等職務相當之人	當地地方法院勞動法庭；公司總經理、廠長、人力資源主管或實際指揮監督申訴人日常工作之直屬上級主管	當地警察機關；機關首長、學校校長、公營事業董事長及其配偶四親等內血親，但不含職務相當之人	勞動部職業安全衛生署；機關首長、學校校長、公營事業董事長，但不包括法人合夥或非法人團體之對外代表人	Workers bullied by the enterprise's top executive may complain to whom, and who counts as the top executive?	The municipal or county government; agency heads, school principals, chairpersons of public enterprises, legal representatives of companies or organizations, and persons in equivalent positions	The labor division of the local district court; general managers, plant managers, HR heads, or the immediate superior who actually directs the complainant's daily work	The local police authority; agency heads, school principals, chairpersons of public enterprises and their spouses and close relatives, but not persons in equivalent positions	The Occupational Safety and Health Administration of the Ministry of Labor; agency heads, school principals and chairpersons of public enterprises, but not representatives of companies or organizations	a	第2條：勞工遭受最高負責人職場霸凌得向直轄市或縣市主管機關申訴；最高負責人指機關（構）首長學校校長行政法人董（理）事長公營事業董事長理事主席或相當之人、法人合夥設有代表人或管理人之非法人團體及其他組織之對外代表人或相當之人。第3條：與代表人職務相當之人指實質執行代表人業務或實質控制人事財務業務經營且現任或曾任董監事、持股百分之二十以上、經工會股東廠商或申訴人指認有具體事證、代表人之配偶四親等內血親等、改選未登記、位居特殊重要職位者。	Articles 2–3 (e.g., persons holding 20%+ shares or spouses/relatives of the representative may be deemed equivalent).	draft	7		
Q1088	OSH	OSH-56	地方主管機關受理最高負責人職場霸凌事件申訴處理辦法	第9條	民國115年6月23日	霸凌申訴-受理與調查	3	地方主管機關應於接獲最高負責人霸凌申訴之日起幾個工作日內書面通知是否受理？受理後應於幾個工作日內開始調查並於多久內完成？	七個工作日；七個工作日；三個月（得延長三個月）	十個工作日；十個工作日；二個月（得延長一個月）	三十個工作日；三十個工作日；六個月（不得延長）	三個工作日；三個工作日；一個月（得延長一個月）	Local authorities must notify acceptance of a top-executive bullying complaint within, start investigating within, and complete it within:	7 working days; 7 working days; 3 months (extendable 3 months)	10 working days; 10 working days; 2 months (extendable 1 month)	30 working days; 30 working days; 6 months (no extension)	3 working days; 3 working days; 1 month (extendable 1 month)	b	第7條：申訴應以書面為之並載明申訴人資料代理人資料事實內容證據及日期，不符者通知文到十個工作日內補正。第9條：不予受理情形包括非屬最高負責人、無具體內容、未具真實姓名、逾期限、未補正、同一事件已調查完成或已處分、撤回後再提起；應於接獲申訴之日起十個工作日內書面通知是否受理。第10條：受理日起十個工作日內開始調查並於二個月內完成，必要時延長一個月。第11條：調查成員至少二人任一性別不少於三分之一。第16條：至遲於調查報告完成日起一個月內為成立與否之決定，成立者依法裁處。	Articles 7–11 and 16.	draft	7		
Q1089	OSH	OSH-57	工程安全設計及整體工程統合管理辦法	第2條	民國115年6月30日	工程安全設計-定義	2	工程安全設計及整體工程統合管理辦法所稱「安全設計」係指？	於工程規劃設計階段分析潛在施工危害，優先透過投保責任保險轉移風險，就剩餘風險要求施工者自行承擔，編製保險契約及理賠程序並依實際保費編列安全衛生費用之規劃	於工程完工驗收階段分析曾發生之職業災害，優先透過檢討報告記錄風險，就剩餘風險移交使用單位管理，編製竣工圖說及維護手冊並結算安全衛生費用之作業	於工程施工階段分析已發生之施工危害，優先透過加強監工消除或降低風險，就殘餘風險實施教育訓練規劃防護具措施，編製施工日誌及查驗表並核實列支安全衛生費用之管理	於工程規劃設計階段分析潛在施工危害，優先透過設計措施消除或降低風險，就剩餘風險實施風險評估規劃預防設備措施，編製安全衛生圖說及規範並量化編列安全衛生費用之設計	'Safety design' under the Regulations means:	Analyzing construction hazards at the planning and design stage, transferring risk through liability insurance first, leaving residual risk to the contractor, preparing insurance contracts and claim procedures, and budgeting safety costs from premiums	Analyzing accidents after completion and acceptance, recording risk in a review report first, handing residual risk to the operating unit, preparing as-built drawings and maintenance manuals, and settling safety costs	Analyzing hazards that have already occurred during construction, reducing risk through closer supervision first, training on residual risk, preparing site diaries and inspection sheets, and reimbursing safety costs as incurred	Analyzing construction hazards at the planning and design stage, eliminating or reducing risk through design first, assessing residual risk, preparing safety and health drawings and specifications, and quantifying safety costs	d	第2條：工程指新建增建改建修建拆除構造物與改變自然環境之行為；工程規劃指設計前之可行性與整體配置方案分析；工程設計指依規劃成果編製圖說規範預算技術文件；安全設計指於規劃設計階段依工程特性分析潛在施工危害，優先透過設計措施消除或降低職災風險，就剩餘風險實施風險評估規劃必要預防設備措施，編製安全衛生圖說及規範並量化編列安全衛生費用；統合管理指同一工程二個以上施工者共同作業時由主施工者統一規劃協調指揮連繫管制；工程業主指職安法第15條之1及第27條之1所定將工程交付規劃設計或施工之事業單位。	Article 2 also defines integrated management by the principal contractor and the project owner.	draft	7		
Q1090	OSH	OSH-57	工程安全設計及整體工程統合管理辦法	第3條	民國115年6月30日	工程安全設計-適用範圍	3	職安法第15條之1所稱一定規模以上之工程，新建建築工程之門檻為何？其他工程之門檻？	高度八十公尺以上、開挖深度十八公尺且面積五百平方公尺以上、或造價二億元以上；預算或契約價金二億元以上	高度一百公尺以上、開挖深度二十公尺且面積一千平方公尺以上、或造價五億元以上；預算或契約價金五億元以上	高度五十公尺以上、開挖深度十公尺且面積三百平方公尺以上、或造價一億元以上；預算或契約價金一億元以上	高度八十公尺以上、開挖深度十八公尺或面積五百平方公尺以上、或造價二千萬元以上；預算或契約價金一千萬元以上	'Projects of a certain scale' under Article 15-1 of the OSH Act are new buildings meeting what thresholds, or other projects of:	Height 80 m+, excavation 18 m deep and 500 m²+, or cost NT$200 million+; budget or contract NT$200 million+	Height 100 m+, excavation 20 m deep and 1,000 m²+, or cost NT$500 million+; budget or contract NT$500 million+	Height 50 m+, excavation 10 m deep and 300 m²+, or cost NT$100 million+; budget or contract NT$100 million+	Height 80 m+, excavation 18 m deep or 500 m²+, or cost NT$20 million+; budget or contract NT$10 million+	a	第3條：應申請建造執照之新建建築工程高度達八十公尺以上、開挖深度達十八公尺以上且開挖面積達五百平方公尺以上、或工程造價達新臺幣二億元以上；前款以外之工程預算金額或契約價金達二億元以上；其他經中央主管機關指定公告者；分開招標者金額合併計算。第4條：二個以上工程業主應互推代表人，未互推者共同負責。	Article 3; Article 4 on multiple owners.	draft	7		
Q1091	OSH	OSH-57	工程安全設計及整體工程統合管理辦法	第5條	民國115年6月30日	工程安全設計-規劃階段	3	工程業主將工程交付規劃時應提出「工程規劃安全分析」，其內容包括？	工址環境潛在危害及風險對策、工程需求之安全設計注意事項，惟安全施工方法及再評估事項由施工者自行決定	工程總預算與分年經費、預定工期與里程碑、投標廠商資格條件、契約違約金計算方式及爭議處理程序	工址環境潛在危害及風險對策、工程需求之安全設計注意事項、建議之安全施工方法、其他潛在危害需再評估事項	工址環境潛在危害及風險對策、工程需求之預算編列注意事項、建議之趕工施工方法、其他成本節省需再評估事項	The 'project planning safety analysis' required when commissioning planning must include:	Site hazards and risk countermeasures and safety design considerations for project requirements, with construction methods and reassessment left to the contractor	Total project budget and yearly funding, the planned schedule and milestones, bidder qualification criteria, and liquidated damages and dispute procedures	Site hazards and risk countermeasures, safety design considerations for project requirements, recommended safe construction methods, and other hazards needing reassessment	Site hazards and risk countermeasures, budgeting considerations for project requirements, recommended fast-track construction methods, and other cost savings needing reassessment	c	第5條：交付規劃時應參照規劃階段事前調查資訊就各方案辨識潛在施工危害，並就選定方案提出工程規劃安全分析：工址環境之潛在危害及風險對策、工程需求之安全設計應注意事項、建議之安全施工方法、其他潛在危害需再評估事項；應納入設計階段事前調查資訊。第6條：交付設計時應研訂安全設計方案、實施風險評估及對策、編製安全衛生圖說及規範、量化編列安全衛生費用並製作工程規劃設計安全分析報告（工程概要、潛在施工危害、安全設計方案、風險評估及對策、圖說及規範、費用），提供施工者作為施工計畫書參考。	Article 5; Article 6 details the design-stage safety analysis report.	draft	7		
Q1092	OSH	OSH-57	工程安全設計及整體工程統合管理辦法	第7條	民國115年6月30日	工程安全設計-圖說規範	3	安全衛生圖說之內容應包括？安全衛生規範之內容應包括？	建築物平面圖及立面圖、機電管線配置、裝修材料表；工期安排、人力調度方式、假日加班規定、驗收程序及違約罰則	安全衛生設施配置圖、構造型式說明、構件規格及尺寸大樣；施工進度表、材料採購清單、廠商聯絡資料、保固年限及付款條件	安全衛生設施照片及現場影像、廠牌型號一覽表、單價分析表；法令依據、設施組立及拆除方式，惟不包括計量及計價方式	安全衛生設施配置圖、構造型式說明、構件規格及尺寸大樣；法令依據、設施組立及拆除方式、管理注意事項、計量及計價方式	Safety and health drawings must include, and safety and health specifications must include:	Building plans and elevations, electrical and plumbing layouts, finishing material schedules; schedule, manpower allocation, weekend overtime rules, acceptance procedures and penalties	Layout of safety facilities, structural type descriptions, component specifications and details; construction schedule, materials purchase list, supplier contacts, warranty period and payment terms	Photos and site images of safety facilities, a list of brands and models, unit price analyses; legal basis and erection and dismantling methods, but not measurement or pricing	Layout of safety facilities, structural type descriptions, component specifications and details; legal basis, erection and dismantling methods, management notes, measurement and pricing	d	第7條：安全衛生圖說包括安全衛生設施之配置圖、構造型式說明、構件之規格及尺寸大樣；安全衛生規範包括職業安全衛生法令依據、設施之組立及拆除作業方式、安全衛生管理注意事項、設施與管理之計量及計價方式；種類例示如附表一。第8條：應依安全分析報告量化編列安全衛生費用納入招標文件或契約。第9條：應將施工者之職安管理績效（職災裁罰獲獎等履歷）作為選擇施工者參考。	Article 7; Article 8: costs into tender documents; Article 9: contractor OSH track record as selection criterion.	draft	7		
Q1093	OSH	OSH-57	工程安全設計及整體工程統合管理辦法	第10條	民國115年6月30日	工程安全設計-施工計畫	2	工程業主交付施工時，招標文件或契約應明定施工者辦理事項，施工計畫書應包括？	工程概要、職業安全衛生管理計畫、分項工程材料清單	工程概要、職業安全衛生管理計畫、分項工程作業計畫	工程概要、預定進度表、人力機具需求表及請款計畫	工程概要、環境影響評估報告、承商保險投保證明	Construction plans required by the contract must include:	Project overview, OSH management plan, and material lists for each sub-project	Project overview, OSH management plan, and work plans for each sub-project	Project overview, planned schedule, plant and manpower needs, and a billing plan	Project overview, environmental impact report, and insurance certificates	b	第10條：招標文件或契約應明定依施工階段事前調查資訊、工程規劃設計安全分析報告及契約圖說進行施工規劃，實施風險評估並將施工風險評估報告所提必要安全衛生設備措施納入施工計畫書確實執行；施工計畫書應包括工程概要、職業安全衛生管理計畫、分項工程作業計畫。第11條：分析評估方法得參照中央主管機關公告指引或附表二方法。	Article 10; Article 11 on analysis methods.	draft	7		
Q1094	OSH	OSH-57	工程安全設計及整體工程統合管理辦法	第12條	民國115年6月30日	工程安全設計-監督查證	3	工程業主指派於施工現場監督查證之人員應具何資格？委託之專業機構應置何人員？	施工安全評估人員或職業安全衛生管理員以上資格且一年以上工程實務經驗；工業安全技師或施工安全評估人員或管理員以上一人及建築師土木結構大地水利水保技師一人	職業安全衛生業務主管或急救人員資格且三個月以上工地經驗；工業安全技師或施工安全評估人員或管理員以上二人及機械電機化工技師一人	施工安全評估人員或職業安全衛生管理員以上資格且一年以上工程實務經驗；僅需置建築師或土木結構大地水利水保技師一人，免置工業安全技師或評估人員	具丙級技術士證照或高中職畢業且五年以上監工經驗；工地主任或品管人員一人及會計師或律師一人，並得由同一人兼任各該職務	Owner-appointed site supervision and verification personnel must hold, and a commissioned professional agency must staff:	Construction safety assessor or OSH administrator qualification or higher plus 1 year of project experience; one industrial safety technician/assessor/administrator and one architect or civil, structural, geotechnical, hydraulic or soil-conservation engineer	OSH business supervisor or first-aider qualification plus 3 months of site experience; two industrial safety technicians, construction safety assessors or administrators and one mechanical, electrical or chemical engineer	Construction safety assessor or OSH administrator qualification or higher plus 1 year of project experience; only one architect or civil, structural, geotechnical, hydraulic or soil-conservation engineer, with no industrial safety technician or assessor needed	Class C technician certificate or high school diploma plus 5 years of site supervision; one site chief or quality control officer and one accountant or lawyer, all of which one person may hold	a	第12條：工程業主應指派人員或委託專業機構於施工現場監督並查證施工者依施工計畫書確實採取安全衛生設備措施；指派之人員應具施工安全評估人員或職業安全衛生管理員以上資格並具一年以上工程相關實務經驗；專業機構應置具工業安全技師施工安全評估人員或管理員以上資格者一人及具建築師土木結構大地水利或水保技師資格者一人（同一人具各款資格者得僅置一人）。第13條：應訂定安全衛生監督與查證計畫，包括組織人力、監督查證項目判定基準停留點、假設工程組拆、墜落感電倒塌崩塌局限空間作業、立即危險認定標準情事。第14條：報告紀錄自完工之日起保存三年。	Articles 12–14.	draft	7		
Q1095	OSH	OSH-57	工程安全設計及整體工程統合管理辦法	第15條	民國115年6月30日	工程安全設計-主施工者	2	工程業主將工程交付二個以上施工者施工時，應如何指定統合管理者？主施工者應採取何措施？	以書面或電子文件指定施工者之一為主施工者並要求其他施工者配合；設置統合管理組織指定整體工程場所負責人、連繫調整各施工者設施、巡視督促改善、機械設備人員進場管制、建立緊急應變機制並演練	以書面或電子文件報請勞動檢查機構指定主施工者；由檢查機構指派整體工程場所負責人、連繫調整各施工者設施、巡視督促改善、機械設備人員進場管制、建立緊急應變機制並演練	以口頭指定施工者之一為主施工者並由其自行通知其他施工者；設置統合管理組織指定整體工程場所負責人、連繫調整各施工者設施、巡視督促改善、機械設備人員進場管制、建立緊急應變機制並演練	以書面或電子文件指定施工者之一為主施工者並要求其他施工者配合；設置統合管理組織指定整體工程場所負責人並巡視工地，惟機械設備人員進場管制及緊急應變演練由各施工者自行負責	When work is awarded to two or more contractors, the owner must designate a principal contractor how, and the principal contractor must:	In writing or electronically, requiring others to cooperate; set up an integrated management organization with a site manager, coordinate facilities, patrol and enforce corrections, control entry of equipment and personnel, and establish and drill emergency response	In writing or electronically, asking the labor inspection agency to name the principal contractor; the agency assigns the site manager, coordinates facilities, patrols and enforces corrections, controls entry of equipment and personnel, and drills emergency response	Verbally, with the principal contractor notifying the others itself; set up an integrated management organization with a site manager, coordinate facilities, patrol and enforce corrections, control entry of equipment and personnel, and drill emergency response	In writing or electronically, requiring others to cooperate; set up an integrated management organization with a site manager and patrol the site, while each contractor handles entry control and emergency drills on its own	a	第15條：應以書面或電子文件指定施工者之一為主施工者負責整體工程安全衛生統合管理並要求其他施工者配合。第16條：主施工者應依各施工者施工計畫調查工作介面辨識危害評估風險並告知相關施工者。第17條：設置安全衛生統合管理組織並指定整體工程工作場所負責人、連繫與調整各施工者之安全衛生設施及管理、實施巡視並督促改善、執行機械設備器具及人員進場安全管制、建立緊急應變機制並定期演練。第18條：工程業主應編列主施工者統合管理費用納入契約。	Articles 15–18.	draft	7		
Q1096	OSH	OSH-57	工程安全設計及整體工程統合管理辦法	第19條	民國115年6月30日	工程安全設計-通報	3	工程業主應於何時依中央主管機關公告方式辦理通報？所稱重大變更係指？	工程完工驗收後或發生任何變更時；工程金額建築高度開挖深度基地面積橋梁隧道長度變更達原規模百分之十以上	工程開工前或發生重大變更時；工程金額建築高度開挖深度基地面積橋梁隧道長度變更達原規模百分之五十以上	每月月底及每年年終時；工程金額變更達原規模百分之五十以上，其餘各項目之變更均不須辦理通報	工程開工前或發生重大變更時；承攬廠商名稱工地主任姓名施工機具數量勞工人數變更達原規模百分之五十以上	Project owners must notify the authority when, and a 'major change' means:	After completion and acceptance or upon any change; changes of 10% or more in project value, building height, excavation depth, site area, or bridge/tunnel length	Before commencement or upon a major change; changes of 50% or more in project value, building height, excavation depth, site area, or bridge/tunnel length	At the end of each month and each year; only changes of 50% or more in project value, with other changes never requiring notification	Before commencement or upon a major change; changes of 50% or more in contractor name, site chief, number of machines, or number of workers	b	第19條：工程業主於工程開工前或工程發生重大變更時應依中央主管機關公告之內容及方式辦理通報；重大變更指工程金額建築高度開挖深度基地面積橋梁或隧道長度變更達原規模百分之五十以上者及其他指定公告之變更。第20條：適用範圍及施行日期如附表三；116年7月1日前已報核符合都更條例規定之都更事業計畫不適用。第21條：自115年7月1日施行。	Article 19; Articles 20–21 on phased application from July 1, 2026.	draft	7		
Q1097	OSH	OSH-51	勞工作業場所容許暴露標準	第3條	民國114年4月11日	容許暴露-三種容許濃度	2	勞工作業場所容許暴露標準所稱「八小時日時量平均容許濃度」係指？	勞工每天工作八小時，一般勞工重複暴露此濃度以下不致有不良反應之濃度	勞工於任何工作時間均不得超過之濃度，一有超過即視為違反容許暴露標準	勞工每天工作十二小時，一般勞工重複暴露此濃度以下不致有不良反應之濃度	勞工任何一次連續十五分鐘內暴露不致有不可忍受刺激之時量平均濃度	The '8-hour time-weighted average permissible concentration' means:	The concentration below which a typical worker repeatedly exposed 8 hours a day suffers no adverse effect	The concentration that must never be exceeded at any working moment, any excess being a violation	The concentration below which a typical worker repeatedly exposed 12 hours a day suffers no adverse effect	The 15-minute time-weighted concentration causing no intolerable irritation on any single exposure	a	第3條：八小時日時量平均容許濃度指附表一符號欄未註「高」字之濃度，勞工每天工作八小時重複暴露此濃度以下不致有不良反應者；短時間時量平均容許濃度指容許濃度乘以變量係數（未滿1為3、1以上未滿10為2、10以上未滿100為1.5、100以上未滿1000為1.25、1000以上為1）所得，連續暴露任何十五分鐘不致有不可忍受之刺激慢性或不可逆組織病變麻醉昏暈事故增加或效率降低者；最高容許濃度指符號欄註「高」字之濃度，不得使勞工有任何時間超過此濃度之暴露。第2條：附表一未列容許濃度之有害物經測出者視為超過標準。	Article 3 defines TWA, STEL (TWA × excursion factor from 3 down to 1) and ceiling values; Article 2: listed substances without a limit that are detected count as exceedances.	draft	7		
Q1098	OSH	OSH-51	勞工作業場所容許暴露標準	第3條	民國114年4月11日	容許暴露-變量係數	3	容許濃度為 1 以上未滿 10（ppm 或 mg/m³）之有害物，其短時間時量平均容許濃度之變量係數為多少？未滿 1 者？	1.25；1.5	2；3	1；1	1.5；2	The excursion factor for a substance whose permissible concentration is from 1 to under 10 is, and for under 1:	1.25; 1.5	2; 3	1; 1	1.5; 2	b	第3條變量係數表：容許濃度未滿1者係數3、1以上未滿10者2、10以上未滿100者1.5、100以上未滿1000者1.25、1000以上者1；氣狀物以 ppm、粒狀物以 mg/m³、石綿以 f/cc 為單位。	Article 3 table: 3, 2, 1.5, 1.25 and 1 by concentration band.	draft	7		
Q1099	OSH	OSH-51	勞工作業場所容許暴露標準	第5條	民國114年4月11日	容許暴露-單位	2	容許暴露標準所稱 ppm 係指攝氏幾度、幾大氣壓下每立方公尺空氣中氣狀有害物之立方公分數？f/cc 係指？	二十五度、一大氣壓；每立方公分纖維根數	二十度、一大氣壓；每公升根數	零度、一大氣壓；每立方公尺纖維根數	三十五度、一大氣壓；每毫升毫克數	'ppm' in the standards refers to cm³ of gaseous contaminant per m³ of air at what temperature and pressure, and 'f/cc' means:	25°C, 1 atm; fibers per cubic centimeter	20°C, 1 atm; fibers per liter	0°C, 1 atm; fibers per cubic meter	35°C, 1 atm; mg per mL	a	第5條：ppm 為百萬分之一單位，指溫度攝氏二十五度一大氣壓下每立方公尺空氣中氣狀有害物之立方公分數。第6條：mg/m³ 指同條件下每立方公尺空氣中粒狀或氣狀有害物之毫克數。第7條：f/cc 指同條件下每立方公分纖維根數。第4條：時量平均濃度＝各次濃度×工作時間之總和÷總工作時間。	Articles 4–7.	draft	7		
Q1100	OSH	OSH-51	勞工作業場所容許暴露標準	第8條	民國114年4月11日	容許暴露-三項規定	2	勞工作業環境空氣中有害物之濃度應符合之規定，下列何者正確？	全程工作日時量平均不超過短時間時量平均容許濃度、任何連續三十分鐘時量平均不超過八小時日時量平均容許濃度、任何時間不超過最高容許濃度	一週平均濃度不超過八小時日時量平均容許濃度、任何連續一小時時量平均不超過最高容許濃度、瞬間濃度不予限制	全程工作日時量平均不超過八小時日時量平均容許濃度、任何連續十五分鐘時量平均不超過短時間時量平均容許濃度、任何時間不超過最高容許濃度	全程工作日時量平均不超過八小時日時量平均容許濃度即可，任何連續十五分鐘之時量平均及瞬間最高濃度均不予計算	Airborne contaminant concentrations in workplaces must satisfy:	Full-shift TWA within the STEL, any 30-minute TWA within the 8-hour PEL, and never above the ceiling	Weekly average within the 8-hour PEL, any 1-hour TWA within the ceiling, and no limit on instant peaks	Full-shift TWA within the 8-hour PEL, any 15-minute TWA within the STEL, and never above the ceiling	Full-shift TWA within the 8-hour PEL only, with 15-minute averages and instantaneous peaks disregarded	c	第8條：全程工作日之時量平均濃度不得超過相當八小時日時量平均容許濃度；任何一次連續十五分鐘內之時量平均濃度不得超過短時間時量平均容許濃度；任何時間均不得超過最高容許濃度。	Article 8.	draft	7		
Q1101	OSH	OSH-51	勞工作業場所容許暴露標準	第9條	民國114年4月11日	容許暴露-相加效應	3	作業環境空氣中有二種以上有害物存在，且其相互效應非屬相乘或獨立效應時，應視為何種效應？如何判定超出容許濃度？	相加效應；各有害物濃度除以其容許濃度之總和大於一即屬超出	相加效應；各有害物濃度之總和大於最低之容許濃度即屬超出	相乘效應；各有害物濃度除以其容許濃度之乘積大於一即屬超出	獨立效應；任一有害物濃度超過其個別容許濃度時始屬超出	When two or more contaminants coexist without synergistic or independent effects, they are treated as, and exceedance is determined by:	Additive; the sum of each concentration divided by its limit exceeding 1	Additive; the plain sum of the concentrations exceeding the lowest single limit	Synergistic; the product of each concentration divided by its limit exceeding 1	Independent; exceedance only when a single contaminant passes its own limit	a	第9條：二種以上有害物存在而相互間效應非屬相乘效應或獨立效應時應視為相加效應，總和＝甲濃度/甲容許濃度＋乙濃度/乙容許濃度＋……，總和大於一即屬超出容許濃度。第10條：本標準不適用於以二種有害物容許濃度比作為毒性指標、工作場所以外之空氣污染指標、職業疾病鑑定之唯一依據。	Article 9; Article 10 lists three uses the standard is not meant for.	draft	7		
Q1102	OSH	OSH-51	勞工作業場所容許暴露標準	第11條	民國114年4月11日	容許暴露-施行	3	勞工作業場所容許暴露標準 114 年 4 月 11 日修正之附表一編號十五、二百十一、四百四十五及附表二，自何時施行？	116 年 1 月 1 日	115 年 1 月 1 日	114 年 7 月 1 日	114 年 4 月 11 日	The April 11, 2025 amendments to specified entries of Table 1 and to Table 2 take effect on:	January 1, 2027	January 1, 2026	July 1, 2025	April 11, 2025	a	第11條：本標準自103年7月3日施行；107年3月14日修正之附表一編號四、四十三、二百三十一、四百七十七自107年7月1日施行；114年4月11日修正發布之附表一編號十五、二百十一、四百四十五及附表二自116年1月1日施行，其餘自發布日施行。	Article 11.	draft	7		
Q1103	OSH	OSH-52	勞工作業環境監測實施辦法	第2條	民國115年6月12日	環測-用詞	2	勞工作業環境監測實施辦法所稱「臨時性作業」「作業時間短暫」「作業期間短暫」各指？	正常作業以外期間不超過三個月且一年內不再重複；每日作業一小時以內；作業期間不超過一個月且終了後六個月內不再實施	正常作業以外期間不超過三個月且一年內不再重複；每日作業一小時以內；作業期間不超過一個月，惟終了後得隨時再行實施	正常作業以外期間不超過六個月且二年內不再重複；每日作業三小時以內；作業期間不超過三個月且終了後一年內不再實施	正常作業以外期間不超過一週且當月內不再重複；每日作業半小時以內；作業期間不超過一週且終了後一個月內不再實施	'Temporary work', 'short working time' and 'short work period' mean:	Non-routine work not over 3 months and not repeated within a year; daily work of 1 hour or less; work not over 1 month and not repeated within 6 months after ending	Non-routine work not over 3 months and not repeated within a year; daily work of 1 hour or less; work not over 1 month, which may resume at any time after ending	Non-routine work not over 6 months and not repeated within two years; daily work of 3 hours or less; work not over 3 months and not repeated within a year after ending	Non-routine work not over a week and not repeated that month; daily work of half an hour or less; work not over a week and not repeated within a month after ending	a	第2條：監測機構指經中央主管機關認可辦理採樣測定分析之機構；臨時性作業指正常作業以外期間不超過三個月且一年內不再重複者；作業時間短暫指每日作業時間在一小時以內；作業期間短暫指作業期間不超過一個月且確知終了日起六個月不再實施；暴露評估指運用採樣策略及統計方法分析監測數據並與容許暴露標準比較；第三者認證機構指取得國際實驗室認證聯盟相互認可協議並經公告者；認證實驗室指經認證合格於有效期間內辦理化驗分析之機構。	Article 2.	draft	7		
Q1104	OSH	OSH-52	勞工作業環境監測實施辦法	第4條	民國115年6月12日	環測-監測人員	3	甲級化學性因子作業環境監測人員應領有下列何種文件之一？	醫師或護理師執業執照、化學性因子作業環境監測乙級技術士證照、或勞動檢查機構發給之急救人員訓練合格證明	職業衛生技師證書、化學性因子作業環境監測甲級技術士證照、或中央主管機關發給之作業環境測定服務人員證明並接受講習	職業衛生技師證書、物理性因子作業環境監測甲級技術士證照、或地方主管機關發給之作業環境測定服務人員證明且免接受講習	職業安全技師證書、化學性因子作業環境監測乙級技術士證照、或中央主管機關發給之職業安全衛生管理員證照並接受講習	Class A chemical-factor monitoring personnel must hold one of:	A physician or nurse practising licence, a Class B chemical-factor monitoring certificate, or a first-aid training certificate from the inspection agency	An occupational hygienist license, a Class A chemical-factor monitoring technician certificate, or a ministry-issued monitoring service certificate with training	An occupational hygienist license, a Class A physical-factor monitoring technician certificate, or a locally issued monitoring service certificate without training	An occupational safety technician license, a Class B chemical-factor monitoring technician certificate, or a ministry-issued OSH administrator certificate with training	b	第4條：甲級化學性因子監測人員為領有職業衛生技師證書、化學性因子作業環境監測甲級技術士證照、或中央主管機關發給之作業環境測定服務人員證明並接受講習者之一；甲級物理性因子監測人員類似（物理性甲級技術士）；乙級化學性或物理性監測人員為領有乙級技術士證照者。第3條：化學性因子監測指第5條第1項第1、2款第6條等，物理性因子指噪音及綜合溫度熱指數等。	Article 4.	draft	7		
Q1105	OSH	OSH-52	勞工作業環境監測實施辦法	第5條	民國115年6月12日	環測-基本監測	2	設有中央管理方式空氣調節設備之建築物室內作業場所，應每幾個月監測二氧化碳濃度一次以上？噪音暴露八小時日時量平均音壓級達幾分貝以上之作業場所應每幾個月監測噪音一次？	一年；八十分貝；一年	一個月；八十五分貝；一個月	三個月；九十分貝；三個月	六個月；八十五分貝；六個月	Indoor workplaces with central air conditioning must monitor CO₂ at least every, and workplaces with 8-hour TWA noise of at least what level must monitor noise every:	1 year; 80 dB; 1 year	1 month; 85 dB; 1 month	3 months; 90 dB; 3 months	6 months; 85 dB; 6 months	d	第5條：設有中央管理方式空調之建築物室內作業場所每六個月監測二氧化碳一次以上（已依室內空氣品質管理法檢測者得免）；礦場地下試掘採掘、隧道掘削及已完工可通行之地下通道等坑內作業場所每六個月監測粉塵二氧化碳一次以上；噪音暴露工作日八小時日時量平均音壓級八十五分貝以上之作業場所每六個月監測噪音一次以上；臨時性作業作業時間短暫或作業期間短暫者除外。	Article 5, with exemptions for temporary or short work.	draft	7		
Q1106	OSH	OSH-52	勞工作業環境監測實施辦法	第6條	民國115年6月12日	環測-化學性因子頻率	3	高溫作業場所應每幾個月監測綜合溫度熱指數一次以上？有機溶劑、特定化學物質、鉛、粉塵等作業場所原則每幾個月監測一次？勞工暴露濃度高於或等於容許濃度者？	一個月；三個月；每月	每週；每月；每週	三個月；六個月；每三個月	六個月；一年；每六個月	Hot-work sites must monitor WBGT at least every, chemical-factor sites (solvents, specified chemicals, lead, dust) every, and every how often when exposure meets or exceeds the PEL:	1 month; 3 months; monthly	Weekly; monthly; weekly	3 months; 6 months; 3 months	6 months; 1 year; 6 months	c	第6條：高溫作業場所每三個月監測綜合溫度熱指數一次以上；特定粉塵作業場所粉塵濃度、有機溶劑作業場所附表一項目、特定化學物質作業場所附表二項目、煉焦爐生成物、鉛作業場所鉛濃度、四烷基鉛作業場所濃度，每六個月監測一次以上，但勞工暴露濃度高於或等於容許暴露標準所定容許濃度者應每三個月一次以上；指定業別之特定粉塵作業場所應增列結晶型游離二氧化矽；監測對象採樣數量頻率依中央主管機關公告方式辦理。	Article 6.	draft	7		
Q1107	OSH	OSH-52	勞工作業環境監測實施辦法	第7條	民國115年6月12日	環測-免監測與評估	3	下列何種情形雇主得不依第6條實施作業環境監測？引進或修改製程材料設備時應如何？評估紀錄保存幾年？	臨時性作業作業時間或期間短暫且經評估不致超過短時間或最高容許濃度、化學品僅作貯存且無暴露之虞；應評估暴露風險，有增加之虞即實施監測；三年	所有室內作業場所、勞工人數未達三十人之事業單位、已投保職業災害保險者；僅需通知勞工代表並記錄於工作日誌即可；十年	臨時性作業作業時間或期間短暫且經評估不致超過短時間或最高容許濃度、化學品僅作貯存且無暴露之虞；應由勞工自行判斷有無風險，免再監測；五年	臨時性作業作業時間或期間短暫且經評估不致超過八小時日時量平均容許濃度、化學品每月使用未逾十公斤；應於三個月內重新規劃採樣策略；一年	Which situations exempt an employer from Article 6 monitoring, what is required when processes or materials change, and how long are assessment records kept?	Temporary/short work assessed not to exceed the STEL or ceiling, or chemicals only stored with no exposure risk; assess exposure risk and monitor immediately if it may rise; 3 years	All indoor workplaces, enterprises with fewer than 30 workers, or those carrying accident insurance; notify labor representatives and note it in the work log; 10 years	Temporary/short work assessed not to exceed the STEL or ceiling, or chemicals only stored with no exposure risk; let workers judge the risk themselves with no further monitoring; 5 years	Temporary/short work assessed not to exceed the 8-hour TWA limit, or chemicals used under 10 kg a month; re-plan the sampling strategy within three months; 1 year	a	第7條：屬臨時性作業作業時間短暫或作業期間短暫且經評估不致暴露超出短時間時量平均或最高容許濃度、或化學品僅作貯存用途且無暴露危害之虞者得不實施；引進或修改製程作業程序材料設備時應評估暴露風險，有增加之虞者應即實施監測；評估應運用採樣分析定量推估模式直讀式儀器或其他科學方法並作成紀錄保存三年。第8條：採樣分析方法參照勞研所等建議方法，評估短時間或最高暴露確有困難者得以直讀式儀器監測。	Articles 7–8.	draft	7		
Q1108	OSH	OSH-52	勞工作業環境監測實施辦法	第9條	民國115年6月12日	環測-監測計畫	2	作業環境監測計畫應包括哪些事項？應於實施監測幾日前通報中央主管機關？	監測目的、危害辨識及資料收集、相似暴露族群之建立、採樣策略之規劃及執行、樣本分析、數據分析及暴露評估；三十日前	監測費用估算、採樣點位置圖、監測機構名稱及統一編號、儀器校正紀錄、報告格式及交付期限；實施當日	監測目的、危害辨識及資料收集、相似暴露族群之建立、採樣策略之規劃及執行、樣本分析、數據分析及暴露評估；十日前	監測目的、危害辨識及資料收集、相似暴露族群之建立、採樣策略之規劃及執行，惟樣本分析及暴露評估由監測機構自訂；不需通報	The monitoring plan must include, and be reported to the central authority how many days before monitoring?	Purpose, hazard identification and data collection, similar exposure groups, sampling strategy, sample analysis, data analysis and exposure assessment; 30 days	Cost estimates, a map of sampling points, the agency's name and tax number, instrument calibration records, report format and delivery deadline; the same day	Purpose, hazard identification and data collection, similar exposure groups, sampling strategy, sample analysis, data analysis and exposure assessment; 10 days	Purpose, hazard identification and data collection, similar exposure groups and sampling strategy, with analysis and assessment left to the agency; no report needed	c	第9條：雇主應就作業環境危害特性監測目的及公告指引規劃採樣策略並訂定含採樣策略之監測計畫確實執行並檢討更新；計畫應包括監測目的、危害辨識及資料收集、相似暴露族群之建立、採樣策略之規劃及執行、樣本分析、數據分析及暴露評估；應於作業勞工顯而易見處公告或公開揭示，必要時向勞工代表說明；應於實施監測十日前通報中央主管機關（依第7條第2項辦理者得於監測後七日內通報）。	Article 9.	draft	7		
Q1109	OSH	OSH-52	勞工作業環境監測實施辦法	第10條	民國115年6月12日	環測-監測評估小組	3	從事特別危害健康作業勞工人數在幾人以上，或應實施化學性因子監測且勞工人數幾人以上之事業單位，其監測計畫應由監測評估小組研訂？小組成員包括？	三百人以上；五百人以上；由受委託之執業職業衛生技師一人單獨研訂，工作場所負責人及作業主管均不參與	十人以上；三十人以上；勞工代表、工會幹部、廠護及外聘顧問公司人員，工作場所負責人不得參與	五十人以上；一百人以上；工作場所負責人、職安衛人員、受委託之執業職業衛生技師、作業主管及其他必要人員	一百人以上；三百人以上；工作場所負責人、職安衛人員、受委託之執業職業衛生技師、作業主管及其他必要人員	Enterprises with at least how many workers in specially hazardous work, or requiring chemical monitoring with at least how many workers, need a monitoring assessment team, composed of:	300; 500; a commissioned occupational hygienist alone, with the workplace head and work supervisors taking no part	10; 30; labor representatives, union officers, the plant nurse and outside consultants, with no workplace head	50; 100; the workplace head, OSH personnel, a commissioned occupational hygienist, work supervisors and others as needed	100; 300; the workplace head, OSH personnel, a commissioned occupational hygienist, work supervisors and others as needed	d	第10條：從事特別危害健康作業勞工一百人以上或依第6條應實施化學性因子監測且勞工三百人以上者，監測計畫應由工作場所負責人、職業安全衛生人員、受委託之執業職業衛生技師、工作場所作業主管及其他必要人員組成之監測評估小組研訂；技師應會同職安衛人員協助完成暴露評估報告並提供相似暴露族群劃分採樣策略等建議；執行情形應由成員共同簽名依附表三記錄保存三年；技師不得為監測機構人員且須經附表五課程訓練合格。	Article 10.	draft	7		
Q1110	OSH	OSH-52	勞工作業環境監測實施辦法	第11條	民國115年6月12日	環測-自行監測	3	雇主實施作業環境監測原則應設置或委託監測機構辦理，但下列何種項目得僱用乙級以上監測人員或委託執業職業衛生技師辦理？	物理性因子，或得以直讀式儀器有效監測之二氧化碳、二硫化碳、二氯聯苯胺及其鹽類，惟仍須另委託認證實驗室複驗並由甲級人員簽署	物理性因子，或得以直讀式儀器有效監測之二氧化碳、二硫化碳、二氯聯苯胺及其鹽類、次乙亞胺、二異氰酸甲苯、硫化氫、汞及其無機化合物等	所有化學性及物理性因子，惟應由乙級以上監測人員每半年實施一次，並將結果送請認可之監測機構審查後始生效力	化學性因子，或得以直讀式儀器有效監測之石綿、結晶型游離二氧化矽、鉛及其化合物、四烷基鉛、煉焦爐生成物、苯及其衍生物等	Employers may use their own Class B+ monitoring staff or a commissioned hygienist instead of an accredited agency for:	Physical factors, or direct-reading-instrument measurable chemicals such as CO₂, CS₂ and dichlorobenzidine, still subject to accredited laboratory re-testing signed by Class A staff	Physical factors, or direct-reading-instrument measurable chemicals such as CO₂, CS₂, dichlorobenzidine, ethyleneimine, TDI, H₂S, mercury and inorganic compounds	All chemical and physical factors, provided Class B staff monitor every six months and an accredited agency reviews the results before they take effect	Chemical factors, or direct-reading-instrument measurable substances such as asbestos, crystalline silica, lead compounds, tetraalkyl lead, coke oven emissions and benzene	b	第11條：監測項目屬物理性因子或得以直讀式儀器有效監測之二氧化碳、二硫化碳、二氯聯苯胺及其鹽類、次乙亞胺、二異氰酸甲苯、硫化氫、汞及其無機化合物及其他指定者，得僱用乙級以上監測人員或委託執業職業衛生技師辦理；測定儀器設備應符合附表七。第14條：以直讀式儀器監測二氧化碳者免通報計畫及結果。	Article 11; Article 14 exempts CO₂ direct-reading monitoring from reporting.	draft	7		
Q1111	OSH	OSH-52	勞工作業環境監測實施辦法	第12條	民國115年6月12日	環測-結果通報	2	雇主實施作業環境監測應會同何人實施？監測結果應於採樣或測定後幾日內通報中央主管機關？	職業安全衛生人員及監測機構；三十日內	職業安全衛生人員及勞工代表；四十五日內	勞動檢查機構及勞工代表；七日內	職業安全衛生人員及特約醫師；九十日內	Monitoring must be carried out together with whom, and results reported to the central authority within how many days of sampling?	OSH personnel and the monitoring agency; 30 days	OSH personnel and labor representatives; 45 days	The inspection agency and labor representatives; 7 days	OSH personnel and the contracted physician; 90 days	b	第12條：訂定監測計畫及實施監測時應會同職業安全衛生人員及勞工代表實施；監測結果應依附表五記錄並於作業勞工顯而易見處公告或公開揭示，必要時向勞工代表說明；應於採樣或測定後四十五日內將監測結果通報中央主管機關；計畫及結果依公告方法登錄於指定資訊網站。第15條：得以書面委託監測機構辦理通報。	Article 12; Article 15 allows written delegation of reporting.	draft	7		
Q1112	OSH	OSH-52	勞工作業環境監測實施辦法	第13條	民國115年6月12日	環測-暴露評估報告	3	雇主應於採樣或測定後幾日內完成暴露評估報告？監測結果及暴露評估報告應保存幾年？附表六所列化學物質者？	六十日；十年；十年	三十日；五年；二十年	九十日；十年；三十年	四十五日；三年；十年	Exposure assessment reports are due within how many days of sampling, and results and reports are kept for, or for listed chemicals:	60 days; 10 years; 10 years	30 days; 5 years; 20 years	90 days; 10 years; 30 years	45 days; 3 years; 10 years	c	第13條：應依監測計畫各事項之執行情形及評估改善建議於採樣或測定後九十日內完成暴露評估報告；監測結果及暴露評估報告應保存十年，屬附表六所列化學物質者保存三十年。	Article 13.	draft	7		
Q1113	OSH	OSH-52	勞工作業環境監測實施辦法	第16條	民國115年6月12日	環測-頻率放寬	3	雇主實施化學性因子監測，符合何條件且經中央主管機關審查通過者，得不受監測頻率限制？審查通過有效期間最長幾年？	連續二年以上整體暴露評估結果低於容許濃度二分之一且半數以上相似暴露族群低於十分之一，或製程特殊採密閉設備無法反映實際暴露者；三年	連續一年以上整體暴露評估結果低於容許濃度二分之一且三分之一以上相似暴露族群低於五分之一，或製程特殊採密閉設備無法反映實際暴露者；一年	歷年監測結果從未超過容許濃度且經全體勞工書面同意，並將同意書送請勞動檢查機構備查者；十年	連續二年以上整體暴露評估結果低於容許濃度二分之一，惟不須考量相似暴露族群，亦不須經中央主管機關審查即得自行放寬頻率；五年	Employers may be released from chemical monitoring frequency requirements when, with approval valid for at most:	Two consecutive years of overall exposure below half the PEL with over half of SEGs below one-tenth, or enclosed special processes that monitoring cannot reflect; 3 years	One consecutive year of overall exposure below half the PEL with a third of SEGs below one-fifth, or enclosed special processes that monitoring cannot reflect; 1 year	Monitoring results that have never exceeded the PEL plus the written consent of all workers filed with the labor inspection agency; 10 years	Two consecutive years of overall exposure below half the PEL, with no need to consider SEGs and no central authority review before relaxing the frequency; 5 years	a	第16條：連續二年以上整體暴露評估結果低於容許濃度二分之一且半數以上相似暴露族群暴露評估結果低於容許濃度十分之一、或作業場所因製程特殊採密閉設備依現行方式無法反映實際暴露者，其監測管理成效經中央主管機關審查通過得不受頻率限制；仍應每年採必要措施確認自主管理有效性；有效期間最長三年，期滿前三十日至九十日間申請展延。第17條：規劃及暴露評估得委託執業職業衛生技師或具暴露評估技術服務類別之顧問機構辦理。	Article 16; Article 17 on outsourcing planning and assessment.	draft	7		
Q1114	OSH	OSH-52	勞工作業環境監測實施辦法	第18條	民國115年6月12日	環測-監測機構資格	3	作業環境監測機構應具備之資格條件為何？	公司登記或商業登記證明文件、負責人無犯罪紀錄證明、資本額五百萬元以上、投保專業責任保險及租用實驗室之契約書	必要之採樣測定儀器設備、甲級監測人員三人以上或執業職業衛生技師一人以上、專屬之認證實驗室（符合 CNS 17025 或 ISO/IEC 17025）	必要之採樣測定儀器設備、甲級監測人員一人以上或執業職業安全技師三人以上、共用之認證實驗室（符合 CNS 17020 或 ISO/IEC 17020）	必要之採樣測定儀器設備、乙級監測人員一人以上或職業安全衛生管理員二人以上、特約之一般實驗室（符合 CNS 12681 或 ISO 9001）	An accredited monitoring agency must have:	Company or business registration documents, a clean criminal record for the responsible person, capital of NT$5 million or more, professional liability insurance and a laboratory lease	Required sampling and measuring equipment, at least three Class A monitoring personnel or one licensed occupational hygienist, and a dedicated accredited laboratory (CNS 17025 / ISO/IEC 17025)	Required sampling and measuring equipment, at least one Class A monitoring technician or three licensed occupational safety technicians, and a shared accredited laboratory (CNS 17020 / ISO/IEC 17020)	Required sampling and measuring equipment, at least one Class B monitoring technician or two OSH administrators, and a contracted general laboratory (CNS 12681 / ISO 9001)	b	第18條：監測機構應具備附表七之必要採樣及測定儀器設備、甲級監測人員三人以上或執業職業衛生技師一人以上、專屬之認證實驗室（符合 CNS17025 或 ISO/IEC17025 及公告之實驗室認證規範）。第19條：化驗分析類別為有機化合物、無機化合物、石綿等礦物性纖維、結晶型游離二氧化矽等礦物性粉塵、粉塵重量分析等。第22條：認可有效期間最長三年，屆滿前三十日至六十日間重新申請。	Articles 18–19; Article 22: accreditation valid up to 3 years.	draft	7		
Q1115	OSH	OSH-52	勞工作業環境監測實施辦法	第25條	民國115年6月12日	環測-行程通報	3	監測機構於執行作業環境監測幾日前，應將預定行程向中央主管機關通報？有特殊原因變更者至遲幾小時前？監測人員每年講習訓練不得低於幾小時？	五日前；二十四小時前；十二小時	三十日前；七日前；三小時	一日前；一小時前；六小時	十日前；四十八小時前；二十四小時	Monitoring agencies must report scheduled monitoring itineraries at least how many days ahead, changes at least how many hours ahead, and staff need at least how many hours of annual training?	5 days; 24 hours; 12 hours	30 days; 7 days; 3 hours	1 day; 1 hour; 6 hours	10 days; 48 hours; 24 hours	a	第25條：監測人員應親自執行監測業務；監測機構應於執行監測五日前將預定行程向中央主管機關通報，特殊原因須變更者至遲於執行前二十四小時通報。第26條：應訂定管理手冊並依內容記載，紀錄文件保存三年。第27條：監測人員及第10條之技師每年參加認可講習訓練不得低於十二小時。第24條：負責人地址聯絡方式監測人員儀器設備認證實驗室有效期間及類別變更應於十五日內通知（監測人員得三十日內）。	Articles 24–27.	draft	7		
Q1116	OSH	OSH-52	勞工作業環境監測實施辦法	第31條	民國115年6月12日	環測-機構處罰	3	作業環境監測機構有下列何種情形，依職安法第48條處以罰鍰並得限期改正？	指派未具資格人員監測、申請文件或監測紀錄虛偽不實者，僅予警告免處罰鍰；規避正常作業情形者不予處分	監測人員名片印製格式不符規定、實驗室門牌未懸掛、儀器校正貼紙脫落、監測報告未使用彩色列印等輕微事項	指派未具資格人員監測、申請文件或監測紀錄虛偽不實、實施監測時規避正常作業情形或高暴露場所、未依監測計畫實施情節重大等	指派未具資格人員監測、申請文件或監測紀錄有誤繕漏載、實施監測時未於顯而易見處張貼公告、監測結果遲交一日等	Which agency conduct is fined under Article 48 of the OSH Act with an order to correct?	Assigning unqualified personnel or falsifying application documents or records, which draw only a warning and no fine; avoiding normal operating conditions is not penalized	Business cards printed in the wrong format, no nameplate on the laboratory door, a peeling calibration sticker, or monitoring reports not printed in color	Assigning unqualified personnel, falsifying application documents or records, avoiding normal operating conditions or high-exposure areas during monitoring, or seriously departing from the monitoring plan	Assigning unqualified personnel, clerical errors or omissions in the application documents or records, failing to post the notice conspicuously, or submitting the monitoring results one day late	c	第31條：指派未具第4條資格之監測人員、申請認可文件或監測紀錄虛偽不實、監測計畫或結果未依第15條第3項通報、未依認可類別辦理、未依第23條申請停止業務、查核應改善事項未改正、實施監測時規避正常作業情形或高暴露場所、未依監測計畫內容實施情節重大、未依第30條改正者，處以罰鍰並得限期改正。第30條：採樣分析方法未依規定、結果未依附表五記錄、變更未通知、行程未通報、未訂管理手冊等予以警告。第32條：屆期未改正或情節重大者得撤銷廢止認可或停止業務，二年內不得以同一名稱地點或負責人申請。第29條：雇主資料顯然錯誤、監測計畫未依第10條、未會同、報告未依第13條、儀器不符者，經限期改正未改正處罰鍰。	Article 31; Article 30 warnings; Article 32 revocation; Article 29 employer penalties.	draft	7		
Q1117	OSH	OSH-53	危險性機械及設備安全檢查規則	第3條	民國114年12月23日	危機檢查-危險性機械	2	危險性機械及設備安全檢查規則適用之固定式起重機容量為何？移動式起重機？	塔式起重機、吊升荷重零點五公噸以上斯達卡式、其他一公噸以上；具搭乘設備供載人者、其他一公噸以上	塔式起重機、吊升荷重一公噸以上斯達卡式、其他三公噸以上；具搭乘設備供載人者、其他三公噸以上	所有固定式起重機不分吊升荷重；所有移動式起重機不分吊升荷重，惟塔式起重機除外	門型起重機、吊升荷重三公噸以上斯達卡式、其他五公噸以上；具吊運車者、其他五公噸以上	Fixed cranes covered by the Dangerous Machinery and Equipment Inspection Rules are, and mobile cranes:	Tower cranes, stacker cranes of 0.5 t+, and others of 1 t+; those with personnel platforms, and others of 1 t+	Tower cranes, stacker cranes of 1 t+, and others of 3 t+; those with personnel platforms, and others of 3 t+	All fixed cranes regardless of lifting capacity; all mobile cranes regardless of capacity, except tower cranes	Gantry cranes, stacker cranes of 3 t+, and others of 5 t+; those with load trolleys, and others of 5 t+	b	第3條：固定式起重機為設置於營建工地供營造作業吊掛運搬之塔式起重機、吊升荷重一公噸以上之斯達卡式起重機、其他吊升荷重三公噸以上者；移動式起重機為具有搭乘設備供乘載或吊升人員者及吊升荷重三公噸以上者；人字臂起重桿三公噸以上；營建用升降機（營建工地供施工使用）；營建用提升機導軌或升降路高度二十公尺以上；載人用吊籠。114年12月23日修正之第3條自發布後一年施行。	Article 3 also covers derricks of 3 t+, construction lifts, construction hoists with rails of 20 m+, and personnel gondolas.	draft	7		
Q1118	OSH	OSH-53	危險性機械及設備安全檢查規則	第4條	民國114年12月23日	危機檢查-危險性設備	3	危險性機械及設備安全檢查規則所稱危險性設備之壓力容器，其容量門檻為何？	最高使用壓力超過每平方公分一公斤或內容積超過零點二立方公尺、或胴體內徑超過五百公厘、或壓力數值與內容積數值之積超過零點零四之第二種壓力容器	最高使用壓力超過每平方公分一公斤且內容積超過零點二立方公尺、或胴體內徑超過五百公厘長度超過一千公厘、或壓力數值與內容積數值之積超過零點二之第一種壓力容器	傳熱面積超過一平方公尺且水頭壓力超過十公尺、或胴體內徑超過三百公厘長度超過六百公厘、或最高使用壓力超過每平方公分十公斤之貫流式鍋爐	最高使用壓力超過每平方公分十公斤且內容積超過二立方公尺、或胴體內徑超過一千公厘長度超過二千公厘、或壓力數值與內容積數值之積超過零點四之第一種壓力容器	Pressure vessels counted as dangerous equipment are Class 1 vessels with:	Max working pressure over 1 kg/cm² or volume over 0.2 m³, or shell ID over 500 mm, or pressure × volume over 0.04, for Class 2 vessels	Max working pressure over 1 kg/cm² and volume over 0.2 m³, or shell ID over 500 mm and length over 1,000 mm, or pressure × volume over 0.2	Heating surface over 1 m² and water head over 10 m, or shell ID over 300 mm and length over 600 mm, or pressure over 10 kg/cm² once-through	Max working pressure over 10 kg/cm² and volume over 2 m³, or shell ID over 1,000 mm and length over 2,000 mm, or pressure × volume over 0.4	b	第4條：鍋爐（最高使用壓力超過一公斤或傳熱面積超過一平方公尺或胴體內徑超過三百公厘長度超過六百公厘之蒸汽鍋爐；水頭壓力超過十公尺或傳熱面積超過八平方公尺之熱水鍋爐及熱媒鍋爐；貫流式最高使用壓力超過十公斤或傳熱面積超過十平方公尺）；壓力容器（最高使用壓力超過一公斤且內容積超過零點二立方公尺、或胴體內徑超過五百公厘長度超過一千公厘、或壓力與內容積乘積超過零點二之第一種壓力容器）；高壓氣體特定設備（塔五公尺以上或儲槽三百立方公尺或三公噸以上為一體且設計壓力與內容積之積超過零點零四）；高壓氣體容器（可移動內容積五百公升以上）。	Article 4 also defines boilers, specified high-pressure gas equipment (pressure × volume over 0.04) and HP gas containers (mobile, 500 L+).	draft	7		
Q1119	OSH	OSH-53	危險性機械及設備安全檢查規則	第7條	民國114年12月23日	危機檢查-檢查機構	2	危險性機械或設備之檢查由何機構實施？檢查合格證由誰核發？	雇主自行組成之自動檢查小組；事業單位負責人	產品製造廠或其委託之第三方驗證公司；該製造廠	勞動檢查機構或中央主管機關指定之代行檢查機構；檢查機構	勞動檢查機構或中央主管機關指定之代行檢查機構；製造人	Dangerous machinery and equipment are inspected by whom, and who issues the inspection certificate?	A self-inspection team formed by the employer; the head of the enterprise	The manufacturer or a third-party certification company it commissions; that maker	Labor inspection agencies or designated agent inspection bodies; the inspection body	Labor inspection agencies or designated agent inspection bodies; the manufacturer	c	第7條：職安法第16條第1項之危險性機械或設備檢查由勞動檢查機構或中央主管機關指定之代行檢查機構（合稱檢查機構）實施，檢查合格證由檢查機構核發。第8條：檢查機構認有必要得要求分解或除去被覆物。第6條：國內製造依本規則及指定之國家標準國際標準或團體標準辦理，外國進口或依合約採用國外標準者得採該國外標準（需事前經中央主管機關認可）；構造特殊之地下式 LNG 儲槽等應將風險評估報告送審查通過後始得申請檢查。	Articles 6–8.	draft	7		
Q1120	OSH	OSH-53	危險性機械及設備安全檢查規則	第9條	民國114年12月23日	危機檢查-型式檢查	3	固定式起重機之製造或修改，製造人應於事前向何機構申請型式檢查？申請書應檢附何資料？	所在地檢查機構；型式強度計算基準及組配圖、製造過程檢驗設備概要、主任設計者及施工負責人學經歷概要	所在地勞動部職業安全衛生署；型式強度計算基準及組配圖、製造過程檢驗設備概要、產品型錄及報價單	所在地經濟部標準檢驗局；型式強度計算基準及組配圖、保險投保證明、主任設計者及施工負責人身分證影本	所在地檢查機構；產品型錄及銷售通路說明、工廠登記證明、負責人身分證明及公司財務報表概要	Before manufacturing or modifying a fixed crane, the manufacturer applies for type inspection to whom, attaching:	The local inspection body; type, strength calculation basis and assembly drawings, inspection equipment overview, and qualifications of the chief designer and construction supervisor	The local Occupational Safety and Health Administration; type, strength calculation basis and assembly drawings, inspection equipment overview, product catalogue and price quotation	The local Bureau of Standards; type, strength calculation basis and assembly drawings, insurance certificates, and ID copies of the chief designer and construction supervisor	The local inspection body; the product catalogue and sales channel description, factory registration, the owner's ID and the company's financial statements	a	第9條：製造人應於事前填具型式檢查申請書並檢附型式強度計算基準及組配圖、製造過程之必要檢驗設備概要、主任設計者學經歷概要、施工負責人學經歷概要向所在地檢查機構申請；設備或人員變更應報備；合格者核發製造設施型式檢查合格證明；未經合格不得製造或修改（與業經合格之型式條件相同者除外）。第11條：製造人應具萬能試驗機放射線試驗裝置等；主任設計者須機械技師或大專機械科系五年以上經驗等；施工負責人大專三年以上等。	Article 9; Article 11 sets equipment and personnel requirements.	draft	7		
Q1121	OSH	OSH-53	危險性機械及設備安全檢查規則	第13條	民國114年12月23日	危機檢查-竣工檢查	3	固定式起重機竣工檢查之荷重試驗與安定性試驗荷重各為額定荷重之幾倍？何種起重機得免安定性試驗？	一點二五倍（超過二百公噸者加五十公噸）；一點二七倍；架空式或橋型式等無翻覆之虞者	一點二五倍（超過一百公噸者加二十公噸）；一點五倍；塔式或人字臂式等無翻覆之虞者	一點五倍（超過五十公噸者加十公噸）；二倍；移動式起重機及營建用升降機等	一倍（超過二百公噸者加五十公噸）；一點一倍；所有固定式起重機均得免安定性試驗	Completion inspection of fixed cranes uses load tests and stability tests at what multiples of rated load, and which cranes skip stability tests?	1.25× (plus 50 t above 200 t); 1.27×; overhead or bridge types with no overturning risk	1.25× (plus 20 t above 100 t); 1.5×; tower or derrick types with no overturning risk	1.5× (plus 10 t above 50 t); 2×; mobile cranes and construction lifts only	1× (plus 50 t above 200 t); 1.1×; all fixed cranes are exempt from stability tests	a	第13條：竣工檢查包括構造與性能檢查、荷重試驗（額定荷重一點二五倍，超過二百公噸者為額定荷重加五十公噸，實施吊升直行旋轉橫行）、安定性試驗（一點二七倍於前方最不利條件下且停止逸走防止裝置軌夾）、其他必要檢查；架空式或橋型式等無虞翻覆者免安定性試驗；外國進口具相當證明者得免全部或一部；隨施工進度變更位置未拆除重組者得免。第14條：偏僻無法試驗者得委由製造人申請假荷重試驗。第12條：設置完成或變更設置位置時申請竣工檢查。	Article 13; Article 14 on provisional load tests by the manufacturer.	draft	7		
Q1122	OSH	OSH-53	危險性機械及設備安全檢查規則	第16條	民國114年12月23日	危機檢查-合格證效期	2	固定式起重機竣工檢查合格證有效期限最長幾年？雇主應於有效期限屆滿前多久申請定期檢查？	一年；三個月	五年；一年	三年；六個月	二年；一個月	Fixed crane completion certificates are valid for at most, and periodic inspection must be applied for how long before expiry?	1 year; 3 months	5 years; 1 year	3 years; 6 months	2 years; 1 month	d	第16條：竣工檢查合格之固定式起重機發給竣工檢查結果報告表及檢查合格證，有效期限最長二年；合格證或影本應置掛於駕駛室或作業場所明顯處；明細表加蓋合格戳記並於機體打印漆印或張貼合格標章。第17條：應於有效期限屆滿前一個月申請定期檢查，逾期未申請或不合格者不得繼續使用；定期檢查就構造性能荷重試驗（額定荷重於額定速率下）等實施。第18條：定期檢查合格於原證簽署註明期限最長二年。移動式起重機、人字臂起重桿亦為二年（第26、36條）。	Articles 16–18; mobile cranes and derricks also 2 years.	draft	7		
Q1123	OSH	OSH-53	危險性機械及設備安全檢查規則	第19條	民國114年12月23日	危機檢查-變更備查	3	雇主變更固定式起重機之原動機、吊升結構、鋼索或吊鏈、吊具、制動裝置時應如何？變更桁架伸臂腳塔等支持荷重之構造部分時？	無須任何手續由雇主自行記載於自動檢查紀錄；報請檢查機構備查即可	檢附變更部分圖件報請檢查機構備查（材質規格尺寸不變者除外）；申請變更檢查	檢附變更部分圖件報請原製造廠備查（材質規格尺寸改變者除外）；申請定期檢查	檢附變更部分圖件報請檢查機構備查（材質規格尺寸不變者除外）；申請竣工檢查	Changing a fixed crane's motor, hoisting structure, ropes, hooks or brakes requires, and changing girders, booms, legs or towers requires:	No procedure beyond the employer's own self-inspection log; filing the drawings with the inspection body	Filing drawings for record with the inspection body (unless material, spec and size unchanged); a modification inspection	Filing drawings for record with the original manufacturer (unless material, spec or size changed); a periodic inspection	Filing drawings for record with the inspection body (unless material, spec and size unchanged); a completion inspection	b	第19條：變更原動機、吊升結構、鋼索或吊鏈、吊鉤抓斗等吊具、制動裝置應檢附圖件報請備查（材質規格尺寸不變者除外）；變更吊升荷重為未滿適用容量者應報請認定後註銷合格證。第20條：變更桁架伸臂腳塔或其他支持荷重之構造部分應申請變更檢查，合格者於原證記載。第21條：停用超過合格證有效期限一年以上擬恢復使用應申請重新檢查，合格後期限最長二年。	Articles 19–21.	draft	7		
Q1124	OSH	OSH-53	危險性機械及設備安全檢查規則	第23條	民國114年12月23日	危機檢查-移動式使用檢查	2	雇主於移動式起重機製造完成使用前或從外國進口使用前，應申請何種檢查？合格證有效期限最長幾年？	竣工檢查；一年	熔接檢查；五年	構造檢查；三年	使用檢查；二年	Before first use or after import of a mobile crane, the employer applies for what inspection, with a certificate valid up to:	Completion inspection; 1 year	Welding inspection; 5 years	Construction inspection; 3 years	Use inspection; 2 years	d	第23條：移動式起重機製造完成使用前或外國進口使用前應填具使用檢查申請書並檢附製造設施型式檢查合格證明（進口者品管文件）、明細表、強度計算基準及組配圖向當地檢查機構申請使用檢查。第24條：使用檢查包括構造性能檢查、荷重試驗一點二五倍、安定性試驗（前方一點二七倍，左右後方以計算為之）。第26條：合格證有效期限最長二年，置掛於駕駛室或作業場所。吊籠亦為使用檢查（第63條）但效期最長一年（第66條）。	Articles 23–26; gondolas also undergo use inspection with 1-year validity.	draft	7		
Q1125	OSH	OSH-53	危險性機械及設備安全檢查規則	第44條	民國114年12月23日	危機檢查-營建用升降機	3	營建用升降機竣工檢查之荷重試驗為積載荷重之幾倍？其檢查合格證有效期限最長幾年？營建用提升機？	一倍；一年；一年	一點二五倍；二年；二年	一點五倍；三年；三年	一點二倍；一年；二年	Construction lift completion tests use what multiple of rated load, with certificates valid up to, and for construction hoists:	1×; 1 year; 1 year	1.25×; 2 years; 2 years	1.5×; 3 years; 3 years	1.2×; 1 year; 2 years	d	第44條：營建用升降機竣工檢查荷重試驗為積載荷重一點二倍置於搬器上實施升降動作試驗。第46條：合格證有效期限最長一年。第47條：屆滿前一個月申請定期檢查。第54條：營建用提升機荷重試驗亦為一點二倍；第56條：合格證有效期限最長二年。第50條：變更搬器配重升降路塔導軌支持塔或拉索應申請變更檢查。第59條：導軌或升降路高度變更為未滿二十公尺者註銷合格證。	Articles 44–59.	draft	7		
Q1126	OSH	OSH-53	危險性機械及設備安全檢查規則	第64條	民國114年12月23日	危機檢查-吊籠	3	吊籠使用檢查之荷重試驗如何實施？吊籠檢查合格證有效期限最長幾年？	將相當積載荷重一點二五倍之荷物置於工作台上，於額定速率上升或容許下降速率下降試驗（不能上升者僅下降試驗）；二年	將相當積載荷重之荷物置於工作台上，於最高速率上升並於超過容許速率下降試驗（不能下降者僅上升試驗）；三年	將相當積載荷重之荷物置於工作台上，於額定速率上升或容許下降速率下降試驗（不能上升者僅下降試驗）；一年	將相當吊升荷重二倍之荷物懸掛於吊臂前端，於靜止狀態保持三十分鐘後檢視變形（免實施升降試驗）；五年	How is the gondola use-inspection load test done, and how long is the certificate valid at most?	With 1.25× the rated load on the platform, raised at rated speed or lowered at the permitted descent speed (descent only if it cannot rise); 2 years	With the rated load on the platform, raised at top speed and lowered above the permitted descent speed (ascent only if it cannot descend); 3 years	With the rated load on the platform, raised at rated speed or lowered at the permitted descent speed (descent only if it cannot rise); 1 year	With twice the lifting capacity hung from the boom tip and held still for 30 minutes to check deformation (no travel test); 5 years	c	第64條：吊籠使用檢查為構造與性能檢查、荷重試驗及其他必要檢查；荷重試驗將相當積載荷重之荷物置於工作台上於額定速率上升或容許下降速率下降試驗，不能上升者僅實施下降試驗。第66條：合格證有效期限最長一年，置掛於工作台明顯處。第69條：變更工作台、吊臂及構造部分、升降裝置、制動裝置、控制裝置、鋼索吊鏈、固定方式應申請變更檢查（第3至6款材質規格尺寸不變除外）。	Articles 64–69.	draft	7		
Q1127	OSH	OSH-53	危險性機械及設備安全檢查規則	第73條	民國114年12月23日	危機檢查-鍋爐熔接檢查	3	以熔接製造之鍋爐，製造人應於何時向何機構申請熔接檢查？熔接檢查項目包括？	完工後向製造所在地檢查機構；材料檢查、外表檢查、熔接部機械性能試驗、放射線檢查、熱處理檢查	施工前向設置所在地勞動部；外觀檢查、水壓試驗、安全閥吹洩試驗、燃燒裝置檢查、給水裝置檢查	設置完成後向雇主所在地檢查機構；材料檢查、外表檢查、耐壓試驗、氣密試驗、非破壞檢測紀錄審查	施工前向製造所在地檢查機構；材料檢查、外表檢查、熔接部機械性能試驗、放射線檢查、熱處理檢查	For welded boilers, the manufacturer applies for welding inspection when and to whom, covering:	After completion, to the inspection body where it is made; material, visual, mechanical tests of welds, radiographic and heat-treatment checks	Before construction, to the Ministry of Labor where it is installed; appearance, hydrostatic tests, safety valve blow-off, burner and feedwater checks	After installation, to the inspection body local to the employer; material, visual, pressure and leak tests and review of non-destructive test records	Before construction, to the inspection body where it is made; material, visual, mechanical tests of welds, radiographic and heat-treatment checks	d	第73條：以熔接製造之鍋爐應於施工前由製造人向製造所在地檢查機構申請熔接檢查（附屬設備、貫流鍋爐（汽水分離器內徑超過三百公厘者除外）、僅內徑三百公厘以下管圓周接頭加強材管台凸緣防漏熔接等除外）；項目為材料檢查外表檢查熔接部機械性能試驗放射線檢查熱處理檢查及其他必要檢查。第74條：申請檢附材質證明、熔接明細表及施工位置分類圖、構造詳圖及強度計算書、熔接技術士資格證件、型式檢查合格證明熔接程序規範及檢定紀錄。第76條：合格者於熔接明細表加蓋戳記並於物體打印。	Articles 73–76 (with exemptions such as once-through boilers and minor welds).	draft	7		
Q1128	OSH	OSH-53	危險性機械及設備安全檢查規則	第77條	民國114年12月23日	危機檢查-鍋爐構造與竣工	3	鍋爐本體製造完成時應申請何種檢查？設置完成時？鍋爐竣工檢查合格證有效期限最長幾年？	型式檢查；使用檢查；三年	構造檢查；竣工檢查；一年	竣工檢查；構造檢查；二年	熔接檢查；定期檢查；五年	A finished boiler body requires what inspection, installation completion requires what, and the completion certificate is valid up to:	Type inspection; use inspection; 3 years	Construction inspection; completion inspection; 1 year	Completion inspection; construction inspection; 2 years	Welding inspection; periodic inspection; 5 years	b	第77條：製造鍋爐本體完成時應由製造人向製造所在地檢查機構申請構造檢查（水管鍋爐組合式鑄鐵鍋爐等得於安裝築爐前向設置所在地申請）。第78條：構造檢查項目為施工方法材料厚度構造尺寸傳熱面積最高使用壓力強度計算審查人孔清掃孔安全裝置規劃耐壓試驗等。第81條：設置完成時應申請竣工檢查，未經合格不得使用。第82條：竣工檢查項目為安全閥數量容量吹洩試驗水位計給水裝置排水裝置水處理裝置安全配置鍋爐房基礎出入口壓力表燃燒裝置等；合格證有效期限最長一年，置掛於鍋爐房或作業場所。	Articles 77–82.	draft	7		
Q1129	OSH	OSH-53	危險性機械及設備安全檢查規則	第84條	民國114年12月23日	危機檢查-鍋爐定期檢查	3	鍋爐竣工檢查合格後第一次定期檢查應實施何種檢查？其後每年應實施何種檢查？以管路連接化工設備附屬鍋爐或發電用鍋爐之內部檢查期限？	僅外部檢查；內部檢查一次以上；每五年一次以上（其他鍋爐每二年一次）	僅內部檢查；不需再實施定期檢查；每三年一次以上（其他鍋爐免檢查）	內外部檢查；外部檢查二次以上；每六個月一次以上（其他鍋爐每季一次）	內外部檢查；外部檢查一次以上；每二年一次以上（其他鍋爐每年一次）	After a boiler's completion inspection, the first periodic inspection covers, subsequent annual inspections cover, and internal inspections for boilers attached to continuous chemical processes or power generation are due every:	External only; internal at least once a year; at least every 5 years (other boilers every 2 years)	Internal only; no further periodic inspection; every 3 years (other boilers exempt entirely)	Internal and external; external at least twice a year; every 6 months (other boilers quarterly)	Internal and external; external at least once a year; at least every 2 years (other boilers yearly)	d	第84條：竣工檢查合格後第一次定期檢查應實施內外部檢查；其後每年應實施外部檢查一次以上；內部檢查期限：以管路連接從事連續生產程序之化工設備所附屬鍋爐或發電用鍋爐及輔助鍋爐每二年一次以上，其他鍋爐每年一次以上；發電容量二萬瓩以上發電用鍋爐外部檢查得延長與內部檢查同時辦理但最長二年。第85條：內部檢查前應恢復常溫常壓排放內容物通風換氣清掃。第86條：外部檢查含外觀腐蝕裂痕變形污穢洩漏非破壞檢查定點超音波測厚附屬品裝置。第88條：定期檢查不合格者記載並通知改善，嚴重者限制最高使用壓力或禁止使用。	Articles 84–88.	draft	7		
Q1130	OSH	OSH-53	危險性機械及設備安全檢查規則	第89條	民國114年12月23日	危機檢查-重新檢查	3	鍋爐有下列何種情事者，所有人或雇主應申請重新檢查？	每年例行歲修完成後、更換燃料種類或供應廠商、更換鍋爐操作人員、變更投保之保險公司、變更公司名稱或負責人、遷移辦公室地點	從外國進口、檢查合格後閒置一年以上擬恢復使用、經禁止使用擬恢復，惟遷移重新裝設及提升最高使用壓力者僅需報備即可	從外國進口、檢查合格後閒置三個月以上擬恢復使用、經禁止使用擬恢復、固定式鍋爐更換燃料種類、擬降低最高使用壓力、擬變更操作人員	從外國進口、檢查合格後閒置一年以上擬恢復使用、經禁止使用擬恢復、固定式鍋爐遷移重新裝設、擬提升最高使用壓力、擬變更傳熱面積	A boiler must undergo re-inspection when:	After each annual overhaul, on changing fuel type or supplier, on changing operators, insurers, company name or responsible person, or on moving offices	Imported, idle over a year after passing inspection, or resumed after prohibition, while relocation and raising maximum pressure need only be filed for record	Imported, idle over three months after passing inspection, resumed after prohibition, changing fuel type, lowering maximum pressure, or changing operators	Imported, idle over a year after passing inspection, resumed after prohibition, relocated and reinstalled, raising maximum pressure, or changing heating surface	d	第89條：從外國進口；構造檢查重新檢查竣工檢查或定期檢查合格後經閒置一年以上擬裝設或恢復使用；經禁止使用擬恢復使用；固定式鍋爐遷移裝置地點重新裝設；擬提升最高使用壓力；擬變更傳熱面積；外國進口具相當證明者得免全部或一部。第92條：胴體集管器爐筒火室端板管板汽包頂蓋板補強支撐、過熱器節煤器、燃燒裝置、安裝基礎修改變動者應申請變更檢查；胴體或集管器修改達三分之一以上或爐筒火室端板管板全部修改者應依第71條重新型式檢查。第94條：檢查機構得要求除去被覆物拔出鉚釘鑽孔解體等。	Article 89; Article 92 on modification inspection.	draft	7		
Q1131	OSH	OSH-53	危險性機械及設備安全檢查規則	第108條	民國114年12月23日	危機檢查-壓力容器定期	3	第一種壓力容器之定期檢查，每年應實施外部檢查幾次以上？兩座以上以管路連接從事連續生產程序之化工設備或發電用者，內部檢查期限？	免實施；每五年一次以上	一次以上；每三年一次以上	一次以上；每二年一次以上	二次以上；每年一次以上	Class 1 pressure vessels need external inspection at least how often, and internal inspection for vessels piped into continuous chemical processes or power generation every:	Not required; at least every 5 years	Once a year; at least every 3 years	Once a year; at least every 2 years	Twice a year; at least once a year	c	第108條：每年實施外部檢查一次以上；內部檢查：兩座以上第一種壓力容器以管路連接從事連續生產程序之化工設備或發電用者每二年一次以上，其他每年一次以上；發電二萬瓩以上者外部檢查得延長最長二年。第109條：免設人孔或無法設置人孔、內存觸媒分子篩、連續製程無法分隔、其他困難者得於屆滿前三個月檢附管理狀況自動檢查紀錄構造圖流程圖緊急應變計畫等報經核定延長或替代。第110條：內容物不具腐蝕性內部檢查困難者得以常用壓力一點五倍耐壓試驗或一點一倍以內容物耐壓試驗並氣密試驗外觀檢查代替。第106條：竣工檢查合格證最長一年。	Articles 106–110.	draft	7		
Q1132	OSH	OSH-53	危險性機械及設備安全檢查規則	第132條	民國114年12月23日	危機檢查-高壓氣體特定設備內部檢查	3	高壓氣體特定設備儲槽使用沃斯田鐵系不銹鋼或鋁者，其內部檢查期限為幾年？鎳鋼（2.5%～9%）者？	二年；一年	十五年；十年	五年；三年	二十年；十五年	Internal inspection intervals for specified HP gas storage tanks made of austenitic stainless steel or aluminum are, and for 2.5–9% nickel steel:	2 years; 1 year	15 years; 10 years	5 years; 3 years	20 years; 15 years	b	第132條：高壓氣體特定設備每年應實施外部檢查一次以上；內部檢查期限依材料：儲槽沃斯田鐵系不銹鋼或鋁十五年、鎳鋼（2.5%～9%）十年、低溫壓力容器用碳鋼抗拉強度未滿58kg/mm²八年（低溫儲槽）或竣工後二年其後五年、鍋爐及熔接構造用壓延鋼材竣工後二年其後五年、高強度鋼爐內退火者竣工後二年其後五年、未退火或其他材料竣工後二年其後三年；儲槽以外之高壓氣體設備不致腐蝕劣化材料三年，其他竣工後二年其後三年；低溫超低溫儲槽內部檢查困難者得以非破壞檢測及耐壓氣密試驗代替。第133條：冷箱平底低溫儲槽液氧液氮液氬儲槽等得報經核定延長或替代。	Article 132 table; Article 133 on extensions for cold boxes and cryogenic tanks.	draft	7		
Q1133	OSH	OSH-53	危險性機械及設備安全檢查規則	第155條	民國114年12月23日	危機檢查-高壓氣體容器	3	高壓氣體容器自構造檢查合格日起算未滿十五年者，內部檢查每幾年一次？十五年以上未滿二十年？二十年以上？固定於車輛之高壓氣體容器外部檢查頻率？	每二年；每年；每年；每五年一次	每五年；每二年；每年；每年一次	每十年；每五年；每二年；每二年一次	每年；每年；每年；每二年一次	HP gas container internal inspections are due every how often for containers under 15 years old, 15 to under 20 years, 20 years or more, and vehicle-mounted containers need external inspection:	Every 2 years; yearly; yearly; every 5 years	Every 5 years; every 2 years; yearly; yearly	Every 10 years; every 5 years; every 2 years; every 2 years	Yearly; yearly; yearly; every 2 years	b	第155條：內部檢查自構造檢查合格日起算未滿十五年每五年一次、十五年以上未滿二十年每二年一次、二十年以上每年一次，無縫高壓氣體容器每五年一次；外部檢查固定於車輛者每年一次、非固定於車輛之無縫容器每五年一次、其他依內部檢查期限；進口未實施構造檢查者以製造日期起算。第158條：定期檢查合格於原證註明期限最長五年，固定於車輛之罐槽體重新換發新證。第153條：構造檢查合格核發合格證，固定於車輛者須組裝固定於車架後始核發。	Article 155; Article 158: certificates up to 5 years.	draft	7		
Q1134	OSH	OSH-53	危險性機械及設備安全檢查規則	第163條	民國114年12月23日	危機檢查-廢用停用轉讓	2	雇主對不堪使用或擬不再使用之危險性機械或設備應如何？停用期間超過合格證有效期限者？轉讓時？	填具廢用申請書繳銷檢查合格證但得隨時申請恢復使用；向原製造廠報備；由讓與人申請換發檢查合格證	報請檢查機構註銷後自行拆解報廢即可；停用期間一律免予報備；轉讓後由原所有人繼續持有合格證	填具廢用申請書繳銷檢查合格證且不得再申請恢復使用；向檢查機構報備；由受讓人申請換發檢查合格證	填具廢用申請書繳銷檢查合格證且不得再申請恢復使用；向當地警察機關報備；由受讓人重新申請竣工檢查	For dangerous machinery no longer usable, for stoppage beyond the certificate's validity, and on transfer, the rules require:	Filing a disuse application and surrendering the certificate but reinstating it at any time; reporting to the maker; the transferor applying for a reissued certificate	Simply asking the inspection body to cancel it and scrapping the machine; no report during stoppage; the original owner keeping the certificate after transfer	Filing a disuse application and surrendering the certificate with no reinstatement; reporting to the inspection body; the transferee applying for a reissued certificate	Filing a disuse application and surrendering the certificate with no reinstatement; reporting to the local police; the transferee applying for a completion inspection	c	第163條：不堪使用或因故擬不再使用者應填具廢用申請書向檢查機構繳銷檢查合格證，辦妥廢用者不得以任何理由申請恢復使用。第164條：停用期間超過檢查合格證有效期限者應向檢查機構報備。第165條：轉讓時由受讓人向當地檢查機構申請換發檢查合格證。第166條：遺失或損毀應申請補發或換發。第167條：定期檢查合格證有效期限自檢查合格日起算，於屆滿前三個月內辦理完竣者自屆滿日次日起算。第167條之2：自營作業者準用雇主義務。	Articles 163–167.	draft	7		
Q1135	OSH	OSH-54	既有危險性機械及設備安全檢查規則	第2條	民國103年7月3日	既有危機-定義	3	既有危險性機械及設備安全檢查規則所稱「既有危險性機械及設備」係指？	已設置使用中且機齡超過十年、曾經檢查不合格、或原製造廠已歇業而無法取得原始文件之機械及設備	由國外進口而未取得原產國驗證證明、國內製造而未申請型式檢查、或經勞動檢查機構通知限期改善者	職安法或危險性機械及設備安全檢查規則施行前、國家標準或法規規範構造規格前、或指定適用國外標準前，已設置且目前未經檢查合格者	職安法或危險性機械及設備安全檢查規則施行後、國家標準或法規規範構造規格後、或指定適用國外標準後，已設置且經檢查合格者	'Existing dangerous machinery and equipment' refers to items:	In-service machinery over ten years old, machinery that has failed an inspection, or machinery whose maker has closed so original documents cannot be obtained	Machinery imported without certification from its country of origin, made domestically without type inspection, or ordered to improve by the inspection agency	Installed before the OSH Act, the inspection rules, applicable construction standards or designated foreign standards took effect, and not yet inspected as qualified	Installed after the OSH Act, the inspection rules, applicable construction standards or designated foreign standards took effect, and already inspected as qualified	c	第2條：職安法施行前已設置且未經檢查合格、危險性機械及設備安全檢查規則施行前已設置且未經檢查合格、國家標準或危險性機械設備法規規範構造規格前已設置且未經檢查合格、中央主管機關指定適用國外檢查標準前已設置且未經檢查合格者；未規定者適用危險性機械及設備安全檢查規則。第3條：申請檢查得不受型式檢查熔接檢查及構造檢查規定之限制。	Article 2; Article 3 waives type, welding and construction inspections.	draft	7		
Q1136	OSH	OSH-54	既有危險性機械及設備安全檢查規則	第5條	民國103年7月3日	既有危機-資料欠缺	3	事業單位申請既有危險性機械檢查，原始資料欠缺時檢查機構如何處理？	原製造廠簽署證明得以資料審查認定材質強度、材質不明依最高強度採計、自行繪製之組配圖一律不予採認（須由技師簽證）、依現行最新標準計算強度、主要結構強度計算不予採認	得由事業單位以口頭說明材質及強度、材質不明者依經驗判斷、組配圖以手繪草圖免註明尺寸、強度計算得予省略、主要結構得僅以目視確認	原製造廠簽署證明得以資料審查認定材質強度、材質不明依最低強度採計、自行繪製註明尺寸之組配圖得採認（繪圖困難部分得以影像）、依原設計或製造當時標準計算強度、主要結構強度計算得採認	一律不受理申請並要求事業單位重新購置符合現行標準之新品、或委請原製造廠重新製作全套原始文件後始得申請、逾期未補正者移送裁罰並禁止使用	When original documents for existing dangerous machinery are missing, the inspection body may:	Accept manufacturer-signed certificates, use maximum strength for unknown materials, reject owner-drawn drawings unless a licensed engineer signs them, calculate strength per the latest standards, and reject main-structure calculations	Accept a verbal account of material and strength, judge unknown materials by experience, accept undimensioned freehand sketches, skip strength calculations, and check the main structure by eye	Accept manufacturer-signed certificates, use minimum strength for unknown materials, accept owner-drawn dimensioned drawings or photos, calculate strength per original standards, and accept main-structure calculations	Refuse every application and require the enterprise to buy new equipment meeting current standards, or have the original maker recreate the full set of documents before any application is filed	c	第5條：具原製造廠簽署之證明文件者得以資料審查認定材質及強度；材質不明者依最低強度採計；事業單位自行繪製註明尺寸之整體組配圖得採認，繪圖困難部分得以拍攝影像；得依原設計標準或製造當時標準計算強度；原始強度計算書不全者得依事業單位實施桁架伸臂搬器等主要結構強度計算採認。第12條：既有危險性設備類似，主要結構強度計算經執業機械技師簽認得採認。第6、13條：檢查機構依檢查結果核定吊升荷重積載荷重或最高使用壓力設計壓力。	Articles 5–6 and 12–13.	draft	7		
Q1137	OSH	OSH-54	既有危險性機械及設備安全檢查規則	第16條	民國103年7月3日	既有危機-耐壓試驗	3	既有危險性設備檢查之耐壓試驗有困難時，鍋爐及蒸氣類壓力容器應以最高使用壓力幾倍以上實施水壓試驗？高壓氣體類設備等？	一點五倍；常用壓力二倍以上就內容物或無危害液體實施	二倍；最高使用壓力一點五倍以上就清水或蒸汽實施	一點一倍；常用壓力零點五倍以上就壓縮空氣或氮氣實施	一點一倍；常用壓力一點一倍以上就內容物或無危害液體實施	When pressure testing existing dangerous equipment is difficult, boilers and steam vessels are hydrostatically tested at what multiple of maximum working pressure, and HP gas equipment:	1.5×; at 2× working pressure using contents or harmless liquid	2×; at 1.5× maximum working pressure using clean water or steam	1.1×; at 0.5× working pressure using compressed air or nitrogen	1.1×; at 1.1× working pressure using contents or harmless liquid	d	第16條：耐壓試驗有困難者，鍋爐蒸氣類壓力容器以最高使用壓力一點一倍以上實施水壓試驗；高壓氣體類設備超低溫設備內存觸媒等特殊內容物設備或其他水壓試驗困難者以常用壓力一點一倍以上就內容物或無危害之虞液體實施；以液體實施困難者得以同等壓力之空氣氮氣等實施；一年內曾實施合格有紀錄者得免。第17條：應實施外部及內部檢查，內部檢查困難者得僅實施耐壓試驗但應於歲修時補行。第18條：合格者打印檢查號碼核發檢查合格證明有效期限一年（得縮短）。第19條：屆滿前一個月依安全檢查規則申請定期檢查。	Articles 16–19; certificates valid 1 year.	draft	7		
Q1138	OSH	OSH-58	新化學物質登記管理辦法	第2條	民國114年8月8日	新化學物質-定義	3	新化學物質登記管理辦法所稱「聚合物」應符合何條件？何謂「百分之二規則之聚合物」？	由一種或多種單體單元按序列聚合成大分子、三個以上單體單元共價鍵相連之分子總重量百分比大於50%且相同分子量者小於50%、分子量分布差異因單體數目差異；聚合物名稱以單體基礎式命名時可選擇包括或不包括未滿重量百分之二之單體及反應體	由一種或多種單體單元按序列聚合成大分子、三個以上單體單元共價鍵相連之分子總重量百分比大於50%且相同分子量者小於50%；名稱以單體基礎式命名時應一律包括所有單體及反應體，不得排除任何比例	由單一單體單元隨機聚合成大分子、二個以上單體單元共價鍵相連之分子總重量百分比大於20%且相同分子量者大於50%、分子量分布差異因反應溫度差異；聚合物名稱以產品商標命名時可選擇包括或不包括未滿重量百分之十之單體及反應體	數目平均分子量介於一千至一萬道爾頓之不可溶性大分子、分子量小於五百者少於10%；名稱以單體基礎式命名時可選擇包括或不包括未滿重量百分之二十之單體及反應體	A 'polymer' under the New Chemical Substance Registration Regulations must, and the '2% rule polymer' means:	Consist of sequenced monomer units, with molecules of 3+ covalently linked units exceeding 50% by weight and no single molecular weight exceeding 50%, with distribution differences due to unit count; monomers and reactants under 2% by weight may be included or excluded in monomer-based naming	Consist of sequenced monomer units, with molecules of 3+ covalently linked units exceeding 50% by weight and no single molecular weight exceeding 50%; every monomer and reactant must be included in monomer-based naming, with no proportion excluded	Consist of a single monomer polymerized at random, with molecules of 2+ covalently linked units exceeding 20% by weight and a single molecular weight exceeding 50%, with distribution differences due to reaction temperature; monomers and reactants under 10% by weight may be included or excluded in brand-based naming	Be an insoluble macromolecule of number-average molecular weight between 1,000 and 10,000 daltons with under 10% below 500; monomers and reactants under 20% by weight may be included or excluded in monomer-based naming	a	第2條：聚合物指由一種或多種類型單體單元按序列聚合成大分子、三個以上單體單元以共價鍵相連之分子總重量百分比大於百分之五十且分子量相同者小於百分之五十、分子量分布差異因單體單元數目差異者；百分之二規則之聚合物指名稱以單體基礎式命名時可選擇包括或不包括未滿重量百分之二之單體及反應體；雜質單一成分不得超過重量百分之十、多重雜質總量不得超過百分之二十；低關注聚合物指數目平均分子量介於一千至一萬道爾頓且分子量小於五百者少於10%小於一千者少於25%、大於一萬道爾頓者小於五百少於2%小於一千少於5%、聚酯聚合物、不可溶性聚合物；CMR物質第一級指依 CNS 15030 具致癌生殖細胞致突變或生殖毒性第一級者。	Article 2 also defines impurities (≤10% single, ≤20% total), polymers of low concern and Category 1 CMR substances.	draft	7		
Q1139	OSH	OSH-58	新化學物質登記管理辦法	第3條	民國114年8月8日	新化學物質-不適用	3	下列何者不適用新化學物質登記管理辦法？	天然物質、試車伴隨之化學物質、製程中不可分離之中間產物、國防需求、無商業用途之副產物或雜質，惟海關監管化學物質、廢棄物及成品均仍應辦理登記	人工合成物質、量產伴隨之化學物質、製程中可分離之中間產物、民生需求、具商業用途之副產物、國內生產化學物質、再生原料、半成品、混合物（組成物質為既有化學物質者除外）等	天然物質、試車伴隨之化學物質、製程中不可分離之中間產物、國防需求、無商業用途之副產物或雜質、海關監管化學物質、廢棄物、成品、混合物（組成物質為新化學物質者除外）等	所有年製造或輸入量未達一公噸之化學物質、所有聚合物、所有科學研發用途物質、所有自歐盟或美國進口並取得當地登錄證明之化學物質等	Which are NOT subject to the New Chemical Substance Registration Regulations?	Natural substances, chemicals accompanying equipment trial runs, non-isolable process intermediates, defense needs and non-commercial by-products, while customs-supervised chemicals, waste and finished articles must all still be registered	Synthetic substances, chemicals accompanying mass production, isolable process intermediates, civilian needs, commercial by-products, domestically produced chemicals, recycled feedstock, semi-finished goods, and mixtures (unless made of existing substances)	Natural substances, chemicals accompanying equipment trial runs, non-isolable process intermediates, defense needs, non-commercial by-products or impurities, customs-supervised chemicals, waste, finished articles, and mixtures (unless containing a new substance)	All chemicals manufactured or imported under one tonne a year, all polymers, all research-use substances, and all chemicals imported from the EU or the US with local registration certificates	c	第3條：公告清單以外之新化學物質屬天然物質、伴隨試車之機械設備之化學物質、反應槽或製程中正進行反應且不可分離之中間產物、涉及國家安全或國防需求、無商業用途之副產物或雜質、海關監管化學物質、廢棄物、已列於清單適用百分之二規則之聚合物、混合物（組成物質為新化學物質者不在此限）、成品、其他指定公告者不適用。第4條：其他目的事業主管機關已訂有許可管制規定者不適用。第5條：未繳交化學物質安全評估報告並經核准登記前不得製造或輸入含該物質之化學品；已依毒化物管理法核准登錄者得免。	Articles 3–5.	draft	7		
Q1140	OSH	OSH-58	新化學物質登記管理辦法	第6條	民國114年8月8日	新化學物質-登記類型	3	新化學物質核准登記之類型分為哪三種？各類型核准登記文件之有效期間？	標準登記、簡易登記、少量登記；五年、二年、二年（少量登記之低關注聚合物五年）	一般登記、特殊登記、緊急登記；十年、五年、一年（緊急登記之低關注聚合物二年）	標準登記、簡易登記、少量登記；均為五年，且期滿後自動展延不需重新申請	標準登記、簡易登記、少量登記；三年、一年、一年（少量登記之低關注聚合物三年）	The three registration types and the validity of their approval documents are:	Standard, simplified and small-quantity; 5 years, 2 years, 2 years (5 years for small-quantity polymers of low concern)	General, special and emergency; 10 years, 5 years, 1 year (2 years for emergency polymers of low concern)	Standard, simplified and small-quantity; all 5 years, renewed automatically at expiry with no fresh application	Standard, simplified and small-quantity; 3 years, 1 year, 1 year (3 years for small-quantity polymers of low concern)	a	第6條：登記類型為標準登記（附表一）、簡易登記（附表二）、少量登記（附表三），依技術指引及登記工具繳交評估報告。第7條：依年製造或輸入量選擇類型（附表四），科學研發用途產品製程研發用途限定場址中間產物聚合物或低關注聚合物得依附表五。第8條：簡易或少量登記經確認屬CMR第一級者得要求依標準登記辦理。第22條：標準登記五年、簡易二年、少量二年（少量之低關注聚合物五年）；簡易少量屆滿前三個月得申請展延。第28條：標準登記滿五年、少量低關注聚合物滿五年等得列入公告清單。	Articles 6–8 and 22; Article 28 on listing in the public inventory.	draft	7		
Q1141	OSH	OSH-58	新化學物質登記管理辦法	第15條	民國114年8月8日	新化學物質-補正申覆	3	新化學物質登記評估報告經要求補正，申請人應於通知送達之日起幾個工作天內完成？補正次數以幾次為限？對審查結果有疑義得於幾個工作天內申覆？	七日；不限；七日	十個工作天；一次；十個工作天	六十日；三次；六十日	三十個工作天；二次；三十個工作天	Corrections to a new chemical registration must be completed within how many working days, limited to how many times, and appeals of review results within:	7 days; unlimited; 7 days	10 working days; once; 10 working days	60 days; 3 times; 60 days	30 working days; 2 times; 30 working days	d	第15條：審查認資料有誤或不足得要求補正，應於通知送達之日起三十個工作天內完成，逾期視同未通過，補正以二次為限。第16條：對審查結果有疑義得於通知送達之日起三十個工作天內書面申覆，以一次為限。第17條：登記文件應保存五年。第23條：登記人基本資料異動應於三十個工作天內辦理變更。第25條：無適當管理措施未改善、評估報告不實、歇業、未變更或補充資訊者得撤銷或廢止，二年內不得再申請。第27條：得公開編碼危害分類物化毒理安全使用資訊等。	Articles 15–17, 23, 25.	draft	7		
Q1142	OSH	OSH-59	管制性化學品之指定及運作許可管理辦法	第3條	民國103年12月31日	管制性化學品-運作	2	管制性化學品辦法所稱「運作」係指？下列何者不適用該辦法？	製造、輸入、供應、供工作者處置使用及運輸之行為；所有列於附表一之管制性化學品均不適用，僅未列表者適用本辦法	僅指製造及輸入之行為而不含供應或處置使用；有害事業廢棄物、菸草、食品飲料藥物化粧品、製成品、工業用途民生商品、滅火器、已分離之中間產物	製造、輸入、供應或供工作者處置、使用之行為；一般事業廢棄物、農藥、肥料、飼料添加物、實驗室試藥、壓縮氣體及所有進口混合物	製造、輸入、供應或供工作者處置、使用之行為；有害事業廢棄物、菸草、食品飲料藥物化粧品、製成品、非工業用途民生商品、滅火器、製程中反應之中間產物	'Operation' of controlled chemicals means, and which items are exempt?	Manufacturing, importing, supplying, providing for handling/use and transporting; every chemical listed in Table 1 is exempt, only unlisted ones being covered	Manufacturing and importing only, not supplying or providing for handling/use; hazardous industrial waste, tobacco, food/drugs/cosmetics, finished articles, industrial goods, fire extinguishers and isolated intermediates	Manufacturing, importing, supplying or providing for handling/use; general industrial waste, pesticides, fertilizers, feed additives, laboratory reagents, compressed gases and all imported mixtures	Manufacturing, importing, supplying or providing for handling/use; hazardous industrial waste, tobacco, food/drugs/cosmetics, finished articles, consumer goods, fire extinguishers and reacting intermediates	d	第2條：管制性化學品指職安法施行細則第19條規定之化學品如附表一。第3條：運作指製造輸入供應或供工作者處置使用之行為，運作者指從事該行為之製造者輸入者供應者或雇主。第4條：有害事業廢棄物、菸草或菸草製品、食品飲料藥物化粧品、製成品、非工業用途之一般民生消費商品、滅火器、反應槽或製程中正進行反應之中間產物及其他指定者不適用。第5條：得組技術諮議會。	Articles 2–5.	draft	7		
Q1143	OSH	OSH-59	管制性化學品之指定及運作許可管理辦法	第6條	民國103年12月31日	管制性化學品-許可	2	運作者於運作管制性化學品前應如何？申請許可應檢附何資料？	向當地地方主管機關申請許可，非經許可不得運作；運作者基本資料及管制性化學品運作資料，登錄於指定資訊網站並繳費	向中央主管機關申請許可，非經許可不得運作；運作者基本資料及管制性化學品運作資料，登錄於指定資訊網站並繳費	向中央主管機關報請備查即得運作而無須事先取得許可；僅需檢附運作者基本資料，免登錄資訊網站亦免繳費	向勞動檢查機構申請許可，非經許可不得運作；運作場所平面配置圖及安全資料表，以紙本函送並繳納保證金	Before operating controlled chemicals an operator must, submitting:	Obtain a permit from the local competent authority; operator basic data and chemical operation data registered online with fees paid	Obtain a permit from the central authority; operator basic data and chemical operation data registered online with fees paid	Merely file a report with the central authority; only operator basic data, with no online registration and no fees	Obtain a permit from the labor inspection agency; site layout drawings and safety data sheets filed on paper with a deposit	b	第6條：運作者於運作前應向中央主管機關申請許可，非經許可不得運作；施行前已運作者應於施行後一年內取得許可。第7條：申請應檢附運作者基本資料（附表二）及管制性化學品運作資料（附表三），依公告方法登錄於指定資訊網站並繳費；混合物成分相同濃度不同但用途危害分類暴露控制相同者得合併申請。第8條：必要時現場查核。第9條：自受理日起三十個工作日內通知結果，必要時延長三十個工作日。第11條：技術諮議會認有重大風險或二年內曾被撤銷廢止同一化學品許可者得不予許可。	Articles 6–11.	draft	7		
Q1144	OSH	OSH-59	管制性化學品之指定及運作許可管理辦法	第13條	民國103年12月31日	管制性化學品-許可期限與紀錄	3	管制性化學品許可文件有效期限為幾年？運作者取得許可後每年幾月至幾月應更新實際運作資料？工作者暴露資料應留存幾年？	一年（得縮短為半年）；十月至十二月；三十年	十年（不得縮短）；全年皆可辦理；五年	三年（得縮短為一年）；一月至三月；三年	五年（得縮短為三年）；四月至九月；十年	Controlled chemical permits are valid for, actual operation data must be updated annually between which months, and worker exposure records are kept for:	1 year (may be shortened to 6 months); October to December; 30 years	10 years (never shortened); any month of the year; 5 years	3 years (may be shortened to 1); January to March; 3 years	5 years (may be shortened to 3); April to September; 10 years	d	第13條：許可文件有效期限五年，必要時得依危害性或運作行為縮短為三年；期滿仍需運作者於期滿前三個月至六個月重新申請。第14條：每年四月至九月定期更新附表三實際運作資料並登錄；許可文件及申請資料留存五年；工作者姓名作業概況期間暴露情形等暴露資料留存十年。第15條：名稱負責人場所名稱地址異動三十日內申請變更；運作行為用途變更或主體變更應重新申請。第17條：違反者限期改正，未改正或情節重大得撤銷廢止並停止運作。	Articles 13–17.	draft	7		
Q1145	OSH	OSH-60	優先管理化學品之指定及運作管理辦法	第2條	民國113年6月6日	優先管理化學品-範圍	3	優先管理化學品之指定及運作管理辦法所定優先管理化學品包括？	職安法第29條第1項第3款及第30條第1項第5款之危害性化學品、CNS 15030 分類屬致癌生殖細胞致突變生殖毒性、呼吸道過敏第一級、嚴重損傷眼睛第一級、特定標的器官重複暴露第一級並經指定公告者、具物理性或健康危害經指定公告者	職安法第29條第1項第1款及第30條第1項第1款之危害性化學品、CNS 15030 分類屬急毒性物質、皮膚腐蝕或刺激第二級、輕微刺激眼睛第三級、特定標的器官單一暴露第三級並經指定公告者、具環境危害經指定公告者	所有列於安全資料表之化學品、所有經環境部公告之毒性化學物質、所有年運作量超過一公噸者、所有以進口方式取得並具有國外危害標示者	職安法第29條第1項第3款及第30條第1項第5款之危害性化學品、CNS 15030 分類屬致癌生殖細胞致突變生殖毒性者，惟呼吸道過敏、嚴重損傷眼睛及特定標的器官重複暴露第一級者均不列入	Priority management chemicals include:	Hazardous chemicals under OSH Act Articles 29(1)(3) and 30(1)(5); CNS 15030 CMR, respiratory sensitizer Cat. 1, serious eye damage Cat. 1, STOT-RE Cat. 1 as designated; and designated physically or health hazardous chemicals	Hazardous chemicals under OSH Act Articles 29(1)(1) and 30(1)(1); CNS 15030 acute toxicity, skin corrosion or irritation Cat. 2, mild eye irritation Cat. 3, STOT-SE Cat. 3 as designated; and designated environmentally hazardous chemicals	Every chemical listed on a safety data sheet, every toxic substance announced by the environment ministry, everything handled above one tonne a year, and all imports bearing foreign hazard labels	Hazardous chemicals under OSH Act Articles 29(1)(3) and 30(1)(5) and CNS 15030 CMR substances, while respiratory sensitizers, serious eye damage and STOT-RE Category 1 substances are all excluded	a	第2條：職安法第29條第1項第3款及第30條第1項第5款規定之危害性化學品（附表一）；依 CNS 15030 分類屬致癌物質生殖細胞致突變性物質生殖毒性物質、呼吸道過敏物質第一級、嚴重損傷或刺激眼睛物質第一級、特定標的器官系統毒性物質重複暴露第一級並經指定公告者；具物理性危害或健康危害經指定公告者；其他指定公告者。第3條：最大運作總量指化學品於任一時間存在於運作場所之最大數量。第5條：經公告為管制性化學品者依管制性化學品辦法辦理。	Articles 2–5.	draft	7		
Q1146	OSH	OSH-60	優先管理化學品之指定及運作管理辦法	第6條	民國113年6月6日	優先管理化學品-備查	3	運作二種以上屬第2條第3款之優先管理化學品，個別最大運作總量均未達臨界量時，如何判斷應否報請備查？最大運作總量等於或小於臨界量百分之多少者得免報請備查？	各化學品最大運作總量除以其臨界量之總和達零點五以上者應備查；百分之十	任一化學品最大運作總量達其臨界量二分之一以上者即應備查；百分之五十	各化學品最大運作總量之和達最低臨界量以上者應備查；不論比例均應備查	各化學品最大運作總量除以其臨界量之總和達一以上者應備查；百分之二	When two or more Article 2(3) priority chemicals are each below their threshold, reporting is required when, and chemicals at or below what share of threshold are exempt?	The sum of each maximum quantity divided by its threshold reaches 0.5 or more; 10%	Any single chemical reaches half of its own threshold quantity; 50%	The plain sum of maximum quantities reaches the lowest threshold; no exemption	The sum of each maximum quantity divided by its threshold reaches 1 or more; 2%	d	第6條：應報請備查者包括運作第2條第1款化學品、第2款化學品濃度及年運作總量達附表二者、第3款化學品最大運作總量達附表三臨界量者（該場所其他未達臨界量者一併報備）、二種以上第3款化學品個別未達臨界量但各最大運作總量除以其臨界量之總和達一以上者；濃度不同而危害成分用途危害性相同者合併計算；最大運作總量等於或小於臨界量百分之二者得免報請備查並免納入總和；危害性包含二個以上分類時臨界量以最低者為準。	Article 6.	draft	7		
Q1147	OSH	OSH-60	優先管理化學品之指定及運作管理辦法	第7條	民國113年6月6日	優先管理化學品-備查期限	3	運作者勞工人數達一百人以上者，應於中央主管機關公告生效日起幾個月內報請首次備查？未滿一百人者？完成首次備查後之定期備查如何辦理？	十二個月；二十四個月；第1、2款者次年起每年十至十二月，第3、4款者每季辦理	六個月；十二個月；第1、2款者每五年辦理一次，第3、4款者僅需辦理首次備查	三個月；六個月；第1、2款者次年起每年一至三月，第3、4款者每年四月及十月	六個月；十二個月；第1、2款者次年起每年四至九月，第3、4款者每年一月及七月	Operators with 100+ workers must file initial reports within how many months of the announcement, those under 100 within, and periodic reporting thereafter:	12 months; 24 months; annually October–December for items 1–2, and quarterly for items 3–4	6 months; 12 months; once every five years for items 1–2, with only an initial report for items 3–4	3 months; 6 months; annually January–March for items 1–2, and every April and October for items 3–4	6 months; 12 months; annually April–September for items 1–2, and every January and July for items 3–4	d	第7條：首次備查應檢附運作者基本資料（附表四）及優先管理化學品運作資料（附表五）；勞工一百人以上者於公告生效日起六個月內，未滿一百人者十二個月內。第8條：依第6條第1項第1或2款完成首次備查者於次年起每年四月至九月定期備查，依第3或4款者每年一月及七月分別辦理。第9條：第3、4款者最大運作總量超過備查數量且超過部分達臨界量以上者於三十日內動態備查。第11條：期限後始發生運作事實者於三十日內首次備查。第13條：名稱負責人場所地址變更三十日內辦理。第14條：資料虛偽不實、未依規定辦理或顯然錯誤未補正者依職安法第43條處罰鍰。	Articles 7–14.	draft	7		
Q1148	OSH	OSH-61	機械設備器具安全資訊申報登錄辦法	第2條	民國109年10月16日	申報登錄-免申報	2	指定之機械設備器具有下列何種情形得免申報登錄？	凡由國外進口並取得原產國驗證證明者、凡國內產製且已投保產品責任保險者、凡單價未達新臺幣十萬元者、凡供出租使用者、凡屬二手機械者	依其他法律有檢查檢驗驗證認可或管理規定、國防軍事用途、限量研發測試專用機型經核准、商業樣品或展覽品經核准、輸入供加工組裝後輸出經核准、其他特殊情形經核准	依其他法律有檢查檢驗驗證認可或管理規定、國防軍事用途、限量研發測試專用機型經核准，惟商業樣品展覽品及加工組裝後輸出者仍應申報登錄	依其他法律有檢查檢驗驗證認可或管理規定、國防軍事用途、大量研發測試專用機型免經核准、商業樣品或展覽品免經核准、輸入供國內銷售經核准、其他情形均免核准	Designated machinery may be exempt from safety information registration when:	Anything imported with a certificate from its country of origin, anything domestically made and covered by product liability insurance, anything under NT$100,000, anything for rental, or any second-hand machine	Covered by other laws' inspection or certification, for defense use, limited R&D or test models, commercial samples or exhibits, imported for processing and re-export, or other approved special cases	Covered by other laws' inspection or certification, for defense use, or limited R&D or test models, while commercial samples, exhibits and goods imported for processing and re-export must still be registered	Covered by other laws' inspection or certification, for defense use, unlimited R&D or test models without approval, commercial samples or exhibits without approval, imported for domestic sale, or any other case without approval	b	第2條：依其他法律有實施檢查檢驗驗證認可或管理之規定、供國防軍事用途並有國防部證明、限量製造或輸入僅供科技研發測試之專用機型經核准、非供實際使用之商業樣品或展覽品經核准、輸入供加工組裝後輸出或原件再輸出經核准、其他特殊情形經核准者得免申報登錄。第3條：製造者或輸入者於產製或輸入指定產品認其構造性能防護符合安全標準者應於指定資訊網站登錄安全資訊完成自我宣告。	Articles 2–3.	draft	7		
Q1149	OSH	OSH-61	機械設備器具安全資訊申報登錄辦法	第4條	民國109年10月16日	申報登錄-佐證方式	3	申報者宣告產品符合安全標準之佐證方式有哪三種？防爆燈具、防爆電動機、防爆開關箱、動力衝剪機械、木材加工用圓盤鋸及研磨機以何種方式為限？	委託認可檢定機構型式檢定合格、委託認證之產品驗證機構審驗合格、製造者自主檢測及製程一致性查核；型式檢定合格	自我聲明書、國外驗證機構出具之測試報告、經銷商出具之品質保證書；以自我聲明書為限	委託認可檢定機構型式檢定合格、委託認證之產品驗證機構審驗合格、製造者自主檢測及製程一致性查核；自主檢測合格	委託認可檢定機構型式檢定合格、由投保之產品責任保險公司出具評估報告、廠商自行拍攝檢測照片；產品責任保險證明	The three ways to substantiate a product safety declaration are, and explosion-proof lamps/motors/switchboxes, power presses, woodworking circular saws and grinders are limited to:	Type inspection by an accredited institution, review by an accredited certification body, or manufacturer self-testing with process consistency audit; type inspection	A self-declaration, a test report from a foreign certification body, or a dealer's quality guarantee; the self-declaration alone	Type inspection by an accredited institution, review by an accredited certification body, or manufacturer self-testing with process consistency audit; self-testing	Type inspection by an accredited institution, an assessment report from the product liability insurer, or photographs taken by the maker; the insurance certificate	a	第4條：委託經中央主管機關認可之檢定機構實施型式檢定合格、委託經國內外認證組織認證之產品驗證機構審驗合格、製造者完成自主檢測及產品製程一致性查核確認符合安全標準；防爆燈具防爆電動機防爆開關箱動力衝剪機械木材加工用圓盤鋸及研磨機以型式檢定合格為限；自主檢測應由認證之檢測實驗室實施、製程一致性查核由認證機構實施、檢測人員資格依附表一；單品申報免製程一致性查核。第5條：應傳輸符合性聲明書、設立登記文件、三個月以上效期之測試證明文件、產品基本資料（型式名稱說明書、安裝操作保養維修說明書及危險對策）、安全裝置基本資料等。	Articles 4–5.	draft	7		
Q1150	OSH	OSH-61	機械設備器具安全資訊申報登錄辦法	第6條	民國109年10月16日	申報登錄-補正變更保存	3	資訊申報登錄不符規定經限期補正，補正總日數不得超過幾日？登錄內容變更應於事實發生日起幾日內申請變更？符合性聲明書及技術文件應保存至停產後至少幾年？	六十日；三十日；十年	三十日；十五日；五年	九十日；六十日；三年	十日；七日；一年	Total correction days for registration deficiencies may not exceed, changes must be filed within how many days, and declarations and technical files are kept at least how long after production ends?	60 days; 30 days; 10 years	30 days; 15 days; 5 years	90 days; 60 days; 3 years	10 days; 7 days; 1 year	a	第6條：限期補正總日數不得超過六十日（特殊情形經核准除外）。第7條：應使用電子憑證以網際網路申報。第8條：應指定專責人員負責登錄及更新。第9條：登錄內容變更應自事實發生日起三十日內申請變更登錄。第10條：產製者應於製程採取管制措施確保同一型式產品一致。第11條：符合性聲明書及技術文件保存至停產後至少十年。第13條：文件以中文為主，供工作者使用之安裝操作保養維修文件應有中文正體字譯本。	Articles 6–13.	draft	7		
Q1151	OSH	OSH-61	機械設備器具安全資訊申報登錄辦法	第14條	民國109年10月16日	申報登錄-登錄效期	3	產品安全資訊登錄效期由中央主管機關依產品種類於幾年以上幾年以下範圍內規定？申報者所附測試驗證文件效期屆滿時登錄如何？	無一定期限；登錄效力不受影響	三年以上七年以下；登錄失其效力	五年以上十年以下；登錄自動展延	一年以上三年以下；登錄仍為有效	Registration validity is set by product type within what range, and when the attached test certificates expire:	No fixed term; the registration is unaffected	3 to 7 years; the registration loses effect	5 to 10 years; the registration is auto-extended	1 to 3 years; the registration stays valid	b	第14條：完成登錄時給予登錄字號及核發登錄完成通知書（含申報者資訊產品基本資料規格產製廠場安全標準條款字號日期效期）；登錄效期依產品種類別於三年以上七年以下規定；測試驗證證明文件效期屆滿者登錄失其效力。第14條之1：登錄名義人與輸入者不同時得經授權申請授權放行通知書。第15條：安全標準修正致不符或設計變更應於三十日內重新申報；效期屆滿前三個月內得申請展延，屆滿未展延者應重新申報。第16條：同一申報者同一型式不得重複申報。	Articles 14–16.	draft	7		
Q1152	OSH	OSH-61	機械設備器具安全資訊申報登錄辦法	第23條	民國109年10月16日	申報登錄-廢止	3	宣告安全產品有下列何種情形，中央主管機關應廢止產品安全資訊登錄？	購取樣檢驗符合安全標準、限期提供檢驗報告文件樣品已提供、產品未曾造成傷害、標示規定已改正、已依規定保存文件、已重新登錄、型式品名資料相符、實體與登錄一致等	購取樣檢驗不符安全標準、限期提供檢驗報告文件樣品未提供、因瑕疵造成重大傷害等三種情形，其餘各款僅予警告並得繼續銷售而不廢止登錄	購取樣檢驗不符安全標準、限期提供檢驗報告文件樣品未提供、因瑕疵造成重大傷害、未符標示規定未改正、未依規定保存文件、未重新登錄、型式品名資料違規、實體與登錄不符未改正等	未依期限繳納年度規費、未參加主管機關舉辦之說明會、未於官網公開產品售價、未設置客服專線、未加入同業公會、未取得國際品質認證等事項	The central authority must revoke a product's safety registration when:	Sample tests meet the standard, required reports and samples are provided, no defect has caused injury, labeling has been corrected, documents are kept, re-registration is done, type and name rules are met, and the product still matches its registration in every respect	Sample tests fail the standard, required reports or samples are not provided, or defects cause serious injury, while every other breach draws only a warning and sales may continue without revocation	Sample tests fail the standard, required reports or samples are not provided, defects cause serious injury, labeling is not corrected, documents are not kept, re-registration is not done, type or name rules are violated, or the product no longer matches its registration	Annual fees are unpaid, briefing sessions are missed, prices are not published online, no customer hotline is provided, the trade association is not joined, or international quality accreditation is not held	c	第23條：經購取樣檢驗不符安全標準、通知限期提供檢驗報告符合性文件或樣品屆期未提供、因瑕疵造成重大傷害或危害、產品未符標示規定屆期未改正、未依第11條保存文件、未依第15條重新登錄、型式違反第16、17條未改正、品名或資料內容違反第18、19條、未依第20條維持實體與登錄相同未改正、申報項目經公告廢止、其他情節重大者應廢止。第21條：自行申請、設立登記撤銷、解散歇業、查核發現重大不合規定者註銷。第22條：詐欺或虛偽不實取得者撤銷並移送司法。第24條：撤銷或因不符廢止者原申報文件不得再供申報。	Articles 21–24.	draft	7		
Q1153	OSH	OSH-62	機械設備器具監督管理辦法	第2條	民國115年6月25日	監督管理-產品監督與市場查驗	2	機械設備器具監督管理辦法所稱「產品監督」與「市場查驗」有何不同？	產品監督與市場查驗均於生產廠場執行取樣檢驗及查核產銷紀錄，二者僅執行機關不同而查驗項目及方法完全相同	產品監督於生產廠場或倉儲場所執行取樣檢驗、查核產銷紀錄及製造階段安全規格一致性；市場查驗於經銷生產倉儲勞動營業等場所執行抽驗檢驗或調查	產品監督由海關於通關時執行文件審查及開箱查驗；市場查驗由警察機關於營業場所執行臨檢並沒入不合格產品	產品監督於經銷或營業場所執行取樣檢驗、查核銷售發票及廣告文宣一致性；市場查驗於生產廠場或倉儲場所執行製程稽核及原料來源調查	How do 'product supervision' and 'market surveillance' differ?	Both sample, check records and verify consistency at factories, differing only in which agency performs them, with identical items and methods	Supervision samples, checks records and consistency at factories or warehouses; surveillance samples, tests or investigates at sales, production, storage, workplace or business sites	Supervision is customs document review and container opening at clearance; surveillance is police spot checks at business sites with seizure of failing products	Supervision samples, checks invoices and advertising consistency at sales or business sites; surveillance audits processes and traces raw materials at factories or warehouses	b	第2條：產品監督指對職安法第7條第1、3項或第8條第1項產品於生產廠場或倉儲場所執行取樣檢驗查核產銷紀錄完整性及製造階段產品安全規格一致性；市場查驗指於經銷生產倉儲勞動營業之場所或其他場所執行抽驗檢驗或調查。第3條：受查驗者非有正當理由不得規避妨礙或拒絕。第4條：中央主管機關勞檢機構及型式驗證機構得執行購樣取樣檢驗或調查，得委託專業團體辦理。	Articles 2–4.	draft	7		
Q1154	OSH	OSH-62	機械設備器具監督管理辦法	第5條	民國115年6月25日	監督管理-型式驗證機構監督	3	型式驗證機構每年度應如何訂定執行計畫？取樣檢驗應就何種產品進行？	依發證產品之風險等級（違規紀錄事故發生率不合格紀錄品保模式產地等）訂定，惟僅需查核產銷紀錄而免實施工廠製程查核及取樣檢驗；由廠商自行挑選樣品送驗	依發證產品之風險等級（違規紀錄事故發生率不合格紀錄品保模式產地等）訂定，包括工廠製程與產銷紀錄查核及取樣檢驗；最新生產批次隨機選取主型式或系列型式產品現場比對	依廠商申請時所提之自主管理計畫訂定，包括年度教育訓練及內部稽核紀錄之查核；由廠商指定任一舊有批次產品送交實驗室比對即可	依發證產品之銷售金額（營業額市占率廣告量客訴件數進口值等）訂定，包括工廠員工人數與財務報表查核及取樣檢驗；最舊庫存批次指定選取單一型式產品攜回比對	Type certification bodies set annual supervision plans how, and sampling targets:	By risk level of certified products (violation records, accident rates, failed samples, quality system, origin), but covering only sales record checks with no factory process audit or sampling; the maker picks the samples it submits	By risk level of certified products (violation records, accident rates, failed samples, quality system, origin), covering factory process and sales record checks plus sampling; random main or series types from the latest production batch compared on site	By the self-management plan submitted with the application, covering annual training and internal audit records; the maker sends any old batch to a laboratory for comparison	By sales value of certified products (turnover, market share, advertising volume, complaints, import value), covering factory headcount and financial statement checks plus sampling; a single type designated from the oldest stock batch and taken away for comparison	b	第5條：型式驗證機構每年度依發證產品之風險等級訂定執行計畫，包括型式驗證合格產品之工廠製程與產銷紀錄之查核及取樣檢驗；風險等級依違規紀錄事故發生率購取樣不合格紀錄工廠品保模式或產地等區分。第6條：指派專業人員於生產廠場或倉儲場所執行產品實體監督（取樣檢驗及查核產銷資料）及製程監督（限生產廠場）。第7條：取樣就最新生產批次隨機選取主型式或系列型式產品現場比對試驗報告技術資料，必要時現場測試或攜回。第8條：監督地點無測試設備、比對不符、有疑義者應取樣攜回測試。第10條：確認不符安全標準者通報中央主管機關廢止該型號合格證明書並通知限期回收。	Articles 5–10.	draft	7		
Q1155	OSH	OSH-62	機械設備器具監督管理辦法	第11條	民國115年6月25日	監督管理-產銷資料	3	製造者或輸入者對完成登錄或型式驗證合格之產品應建立產銷資料，內容包括？應保存至少幾年？	產製日期、型式規格數量及出廠日期，銷售對象與客訴紀錄得免記載；自產品售出之日起至少五年（不隨展延遞延）	採購發票、原料進貨單、員工出勤紀錄、機台保養紀錄、水電費單據及廠房租約；自產品停產之日起至少一年	產製日期、型式規格數量、出廠日期、銷售對象、客戶抱怨處理及客戶服務紀錄；自完成登錄或取得合格之日起至少三年（展延效期者不遞延）	產製日期、型式規格數量、出廠日期、銷售對象、客戶抱怨處理及客戶服務紀錄；自完成登錄或取得合格之日起至少十年（展延效期者遞延）	Manufacturers and importers must keep sales and production records including, for at least:	Production dates, type/spec/quantity and shipping dates, with buyers and complaints omitted; 5 years from the date of sale, never extended	Purchase invoices, material receipts, staff attendance, machine maintenance logs, utility bills and factory leases; 1 year from the end of production	Production dates, type/spec/quantity, shipping dates, buyers, and complaint and service records; 3 years from registration or certification (not extended with validity)	Production dates, type/spec/quantity, shipping dates, buyers, and complaint and service records; 10 years from registration or certification (extended with validity)	d	第11條：產銷資料應包括產製日期、型式規格數量、出廠日期、銷售對象、客戶抱怨處理紀錄及客戶服務紀錄；自完成安全資訊登錄或取得型式驗證合格之日起保存至少十年供不定期查核，展延效期者保存期限隨展延遞延。第12條：檢舉反映、產品發生災害事故、其他資訊認有必要時辦理市場查驗。第13條：查驗產品是否符合第7、8條、標示標章樣式、限期改正回收情形、註銷廢止撤銷後是否違法產製輸入等。第14條：查驗人員應出示識別證說明依據目的，受查驗者陪同，作成紀錄簽名蓋章。	Articles 11–14.	draft	7		
Q1156	OSH	OSH-62	機械設備器具監督管理辦法	第23條	民國115年6月25日	監督管理-不合格品處理	3	報驗義務人對檢驗不合格且不能改正之產品，應於接獲不合格通知書後幾個月內辦理退運銷毀或拆解？退運後幾個月內應申請銷案？測試樣品應於幾個月內領回？	十日；十日；十日	一年；六個月；六個月	六個月；三個月；三個月	一個月；一個月；一個月	Non-conforming products that cannot be corrected must be returned, destroyed or dismantled within how many months of notice, return cases closed within, and test samples collected within:	10 days; 10 days; 10 days	1 year; 6 months; 6 months	6 months; 3 months; 3 months	1 month; 1 month; 1 month	c	第23條：不能改正使其符合安全標準者應於接獲不合格通知書後六個月內辦理退運銷毀拆解致不堪使用或其他必要處置，處置時應申請拆封或核准自行拆封並派員監督；退運後三個月內檢附復運出口報單副本申請銷案。第24條：測試樣品應於不合格通知書之日起三個月內領回，逾期得銷毀，費用由報驗義務人負擔。第25、26條：銷燬應檢附銷燬計畫（案號品名規格數量地點方式廢棄物處理）經審查後派員監燬拍照錄影存證。第22條：有危害之虞者得請海關實施邊境抽驗。第27條之1：認可檢定機構準用。	Articles 22–27.	draft	7		
Q1157	OSH	OSH-63	機械類產品型式驗證實施及監督管理辦法	第3條	民國103年11月28日	型式驗證-報驗義務人	2	機械類產品型式驗證之報驗義務人為何？	國內產製者為產製者（委託產製以委託者名義銷售者為委託者）、國外產製者為輸入者（委託輸入者為委託者）、不明或不能追查時為銷售者	一律為實際使用該產品之雇主或工作者、輸入者僅負協助義務、產製者及銷售者均不負報驗責任、海關為最終責任人	國內產製者為產製者（委託產製以委託者名義銷售者為委託者）、國外產製者為輸入者，惟不明或不能追查時免由任何人負報驗義務	國內產製者為輸入者（委託產製以受託者名義銷售者為受託者）、國外產製者為產製者（委託輸入者為受託者）、不明或不能追查時為使用者	Who is the 'party obligated to apply for certification' for machinery products?	The domestic producer (or the commissioning party selling under its name), the importer (or commissioning party), or the seller when producer/importer is unknown	Always the employer or worker actually using the product, with importers only assisting, producers and sellers exempt, and customs bearing final responsibility	The domestic producer (or the commissioning party selling under its name) and the importer, with nobody obliged to apply when the producer or importer is unknown	The importer for domestic production (or the commissioned party selling under its name), the producer for foreign production, or the user when neither is known	a	第2條：機械類產品指經公告應實施型式驗證之機械設備器具產品；產製指生產製造加工或修改含由零組件組裝銷售及進入市場前為銷售目的修改；驗證機構指經認可辦理型式驗證之機構。第3條：報驗義務人為國內產製者（委託產製而以國內委託者名義銷售者為委託者）、國外產製之輸入者（委託輸入者為委託者）、產製輸入委託者不明或不能追查時為銷售者。第4條：未經驗證合格取得型式驗證合格證明書及張貼合格標章者不得運出廠場或輸入（先行放行者除外）。	Articles 2–4.	draft	7		
Q1158	OSH	OSH-63	機械類產品型式驗證實施及監督管理辦法	第6條	民國103年11月28日	型式驗證-申請文件	3	報驗義務人申請產品型式驗證應檢附之書件包括？	符合性聲明書、產品基本資料（型式名稱說明書、同一型式理由、主型式及系列型式清單、構造圖說、電氣氣壓液壓回路圖、性能說明書、安裝操作保養維修說明書及危險對策、安全裝置及配備清單）、公司財務報表、產品責任保險單	符合性聲明書、產品基本資料（型式名稱說明書、同一型式理由、主型式及系列型式清單、構造圖說、電氣氣壓液壓回路圖、性能說明書、安裝操作保養維修說明書及危險對策、安全裝置及配備清單）、設立登記文件、符合性評鑑證明文件	產品型錄及外觀照片、報價單及銷售通路說明、工廠登記證明、負責人身分證影本、員工名冊、近三年營業額統計表及同業公會會員證明文件	符合性聲明書、產品基本資料（型式名稱說明書、主型式及系列型式清單、性能說明書），惟構造圖說回路圖安裝操作說明書及安全裝置清單均免檢附；設立登記文件	Documents for a type certification application include:	A declaration of conformity; product data (type description, same-type rationale, main and series type list, structural drawings, circuit diagrams, performance, manuals and hazard countermeasures, safety device list); company financial statements; product liability insurance policies	A declaration of conformity; product data (type description, same-type rationale, main and series type list, structural drawings, circuit diagrams, performance, manuals and hazard countermeasures, safety device list); registration documents; conformity assessment certificates	A product catalogue and photographs, a quotation and sales channel description, factory registration, the owner's ID, a staff roster, three years of turnover figures and trade association membership	A declaration of conformity; product data (type description, main and series type list, performance), with structural drawings, circuit diagrams, manuals and safety device lists all omitted; registration documents	b	第6條：符合性聲明書；產品基本資料含型式名稱說明書、歸類為同一型式之理由說明書、主型式及系列型式清單、構造圖說（安全裝置性能示意及安裝位置）、電氣氣壓液壓回路圖、性能說明書、安裝操作保養維修說明書及危險對策、安全裝置及安全配備清單（含重要零組件驗證測試報告及強度計算）、其他技術文件；設立登記文件；符合性評鑑證明文件（其他驗證證明經同意者得替代）；影本應註明與正本相符。第8條：相互承認協議對方國核發之證明得視同符合性評鑑證明。第9條：文件以中文為主，供工作者使用之說明應有中文正體字譯本。	Articles 6–9.	draft	7		
Q1159	OSH	OSH-63	機械類產品型式驗證實施及監督管理辦法	第11條	民國103年11月28日	型式驗證-合格證明書效期	2	型式驗證合格證明書之有效期間為幾年？應於屆滿前多久內申請展延？展延幾年？	十年；一年內；十年	三年；三個月內；三年	五年；六個月內；五年	一年；一個月內；一年	Type certification certificates are valid for, extension must be applied for within what period before expiry, and each extension lasts:	10 years; 1 year; 10 years	3 years; 3 months; 3 years	5 years; 6 months; 5 years	1 year; 1 month; 1 year	b	第11條：經審驗合格發給附字號之型式驗證合格證明書，有效期間三年。第12條：屆滿前三個月內得申請展延三年，逾期應重新申請；核可者收繳舊證換發新證。第13條：必要時得要求提供樣品複測抽樣監督試驗或赴廠場查核（監督試驗應報經中央主管機關同意）。第14條：符合性聲明書及技術文件保存至停產後至少十年。第17條：應維持與證明書所載相符，變更名稱型式規格功能應重新申請。第20條：基本設計變更重新驗證、系列產品變更申請系列型式驗證、不影響登載事項者報備。	Articles 11–20.	draft	7		
Q1160	OSH	OSH-63	機械類產品型式驗證實施及監督管理辦法	第23條	民國103年11月28日	型式驗證-驗證機構資格	3	申請認可為型式驗證機構應具備之資格條件，下列何者正確？	營利事業或獨資合夥商號、具營業實績固定處所組織健全資本雄厚、建立 ISO 9001 品質管理制度並取得國外認證、設有 ISO/IEC 17020 認證之檢查機構、各項產品置一名以上兼職驗證人員	行政機關學術機構或公益法人、具公正性固定處所組織健全財務良好、建立 ISO/IEC 17065 產品驗證制度並取得我國認證、設有 ISO/IEC 17025 認證之專業檢測實驗室、各項產品置一名以上專職驗證人員	任何依公司法登記之公司、僅需檢附公司登記證明及最近一年營業稅繳款書、置有一名機械相關科系畢業之工程師、並與國內任一實驗室簽訂委託測試契約者	行政機關學術機構或公益法人、具公正性固定處所組織健全財務良好、建立 ISO/IEC 17065 產品驗證制度並取得我國認證，惟檢測實驗室得全部委外、驗證人員亦得由他機構人員兼任辦理	Requirements to be accredited as a type certification body include:	Being a for-profit business or partnership; a commercial track record, premises, sound organization and strong capital; an ISO 9001 quality system accredited abroad; an ISO/IEC 17020 accredited inspection body; at least one part-time certifier per product and a published fee schedule	Being a government agency, academic institution or public-interest juridical person; impartiality, premises, sound organization and finances; an ISO/IEC 17065 certification system accredited domestically; an ISO/IEC 17025 accredited laboratory; at least one dedicated certifier per product	Any company registered under the Company Act, needing only registration documents and last year's business tax receipt, one engineer with a mechanical degree, and a testing contract with any domestic laboratory	Being a government agency, academic institution or public-interest juridical person; impartiality, premises, sound organization and finances; an ISO/IEC 17065 certification system accredited domestically; testing may be fully outsourced and certifiers may be staff borrowed from other bodies	b	第23條：行政機關學術機構或公益法人具型式驗證業務能力與公正性固定辦公處所組織健全財務基礎良好、已建立符合 ISO/IEC 17065 之產品驗證制度並取得我國認證機構認證、設有與業務相關之專業檢測試驗室並取得 ISO/IEC 17025 認證、擬驗證各項產品均置一名以上專業專職驗證人員、其他公告條件。第24條：驗證人員應為機電相關碩士二年以上經驗、大專五年以上、高工七年以上等。第25條：應經訓練合格登錄始得從事。第26條：不得兼任型式驗證之檢驗工作。第30條：認可期限三年，屆滿前六十日內申請展延。第38條：每年定期查核及不定期督導。	Articles 23–30 and 38.	draft	7		
Q1161	OSH	OSH-63	機械類產品型式驗證實施及監督管理辦法	第46條	民國103年11月28日	型式驗證-廢止	3	報驗義務人有下列何種情事，中央主管機關應廢止型式驗證合格證明書？	未按時參加驗證機構舉辦之教育訓練、未於網站公開驗證合格證明書、未設置國內服務據點、未加入同業公會、未取得綠色標章、未辦理年度自我評鑑等	購取樣檢驗不符實施標準、拒不提供證明書技術文件或樣品、產品瑕疵造成重大傷害等三種情形應廢止，其餘各款僅得警告或限期改正而不得廢止證明書	購取樣檢驗符合實施標準、已提供證明書技術文件及樣品、產品未曾造成傷害、標示已改正、已保存文件、產品與證明書相符、已依修正標準換證、生產廠場符合製造階段評鑑程序、已繳規費、驗證仍持續實施等	購取樣檢驗不符實施標準、拒不提供證明書技術文件或樣品、產品瑕疵造成重大傷害、標示未改正、未保存文件、產品與證明書不符未改正、未依修正標準換證、生產廠場不符製造階段評鑑程序、未繳規費、公告廢止驗證等	The central authority must revoke a type certification certificate when:	Training sessions run by the certification body are missed, the certificate is not published online, no domestic service point exists, the trade association is not joined, no green label is held, or annual self-assessment is skipped	Samples fail the standard, documents or samples are refused, or defects cause serious harm, while every other ground draws only a warning or a correction order and never revocation	Samples meet the standard, documents and samples are provided, no defect has caused harm, labeling is corrected, files are kept, the product matches the certificate, certificates are reissued under amended standards, factory conformity passes, fees are paid, and certification continues in force	Samples fail the standard, documents or samples are refused, defects cause serious harm, labeling is not corrected, files are not kept, the product does not match the certificate, certificates are not reissued under amended standards, factory conformity fails, fees go unpaid, or certification is abolished	d	第46條：經購取樣檢驗不符型式驗證實施標準、經限期提供證明書技術文件或樣品無正當理由拒絕或未提供、驗證合格產品因瑕疵造成重大傷害或危害、未符標示規定屆期未改正、未依第14條保存文件、違反第17條產品與證明書不符未改正、未依第18條限期換證、生產廠場不符製造階段符合性評鑑程序、未繳驗證規費屆期未繳、產品經公告廢止實施型式驗證、其他情節重大者。第44條：自行申請、設立登記撤銷、解散歇業、查核不合規定者註銷。第45條：詐欺或虛偽不實者撤銷並限期繳回證明書。第47條：依相互承認協定得承認國外試驗報告。	Articles 44–47.	draft	7		
Q1162	OSH	OSH-64	機械類產品申請先行放行辦法	第2條	民國111年10月21日	先行放行-情形	3	報驗義務人輸入應實施型式驗證之機械類產品，有下列何種情形得具結申請先行放行？	經驗證合格尚未張貼合格標章、已申請驗證尚未取得證明書，惟未組裝完成品及全拆散半拆散零組件均不得申請先行放行	經驗證合格尚未張貼合格標章、已申請驗證尚未取得證明書、經驗證合格之未組裝完成品、全拆散或半拆散零組件、其他必要經核准	貨物急需通關者、單價超過新臺幣一百萬元者、由國外原廠直接出貨者、已投保運輸保險者、經報關行代為聲明者	尚未申請驗證且無意申請者、已申請驗證且已取得證明書、未經驗證之未組裝完成品、全新整機或二手整機、其他情形均免核准	Importers may post a bond and apply for advance release of machinery subject to type certification when:	Certified but not yet labeled, or certification applied for but not yet issued, while unassembled goods and fully or partly disassembled parts may never be released early	Certified but not yet labeled, certification applied for but not yet issued, certified but unassembled, certified but fully or partly disassembled, or other approved cases	Urgent shipments, goods worth over NT$1 million, direct shipments from the foreign maker, consignments already insured, or declarations made by a customs broker	Not yet applied for and not intended to be, certification already issued, uncertified and unassembled, brand-new or second-hand complete machines, or any case without approval	b	第2條：經型式驗證合格尚未依法張貼合格標章、已申請型式驗證尚未取得合格證明書、經驗證合格之未組裝完成品、經驗證合格之全拆散或半拆散零組件、其他有必要經核准者得向中央主管機關具結申請先行放行；依第2款申請者同一報驗義務人同一型式產品以核准一次為限（待測數量不足或不具型式代表性經核准者除外，以一次為限）。第3條：驗證不合格未於六個月內處置、核准放行未於一年內取得證明書且未處置、顯有安全顧慮者不得核准。	Articles 2–3.	draft	7		
Q1163	OSH	OSH-64	機械類產品申請先行放行辦法	第6條	民國111年10月21日	先行放行-限制與展延	3	先行放行之產品於符合型式驗證規定前有何限制？未能於指定期間內完成者得申請展延多久？驗證不合格時應於幾個月內處置？	不得運出設置或儲存地點、不得啟用或移轉第三人；不得逾一年且以二次為限；一年內退運銷燬或拆解	得於廠內自由使用及移動，僅不得移轉第三人；不得逾三個月且以一次為限；三個月內申請重新驗證	得運出儲存地點並得對外出租，僅不得辦理過戶；展延次數不受限制；不合格後仍得使用至報廢為止	不得運出設置或儲存地點、不得啟用或移轉第三人；不得逾六個月且以一次為限；六個月內退運銷燬或拆解	Products released in advance are restricted how before certification, extensions are limited to, and failed products must be disposed of within:	May not leave the installation/storage site, be used or transferred; up to 1 year twice; 1 year by return, destruction or dismantling	May be used and moved freely inside the plant but not transferred; up to 3 months once; re-certification within 3 months	May leave the storage site and be leased out, only transfer of title being barred; unlimited extensions; use may continue after failure	May not leave the installation/storage site, be used or transferred; up to 6 months once; 6 months by return, destruction or dismantling	d	第6條：先行放行之產品符合型式驗證規定前不得運出設置或儲存地點，亦不得啟用或移轉於第三人；應於指定期間內張貼標章取得證明書或組裝完成並通報；得委託驗證機構查核追蹤；變更設置或儲存地點應報請核准。第7條：得申請展延，不得逾六個月並以一次為限。第8條：驗證不合格者應於不合格日起六個月內辦理退運銷燬或拆解至不堪用。第5條：核准者發給輸入先行放行通知書並以電子訊息傳送海關。	Articles 5–8.	draft	7		
Q1164	OSH	OSH-65	機械類產品申請免驗證辦法	第3條	民國111年10月7日	免驗證-小額	3	職安法第8條第2項第3、4款之機械類產品，進口報單單一項次金額在美金多少以下，或同規格型式數量未逾幾件且以郵包或旅客隨身行李者，免驗證由海關逕予放行？	五百元以下；五件	一千元以下；十件	一百元以下；二件	五十元以下；一件	R&D/test models and commercial samples are exempt from certification and released by customs when a single import declaration item is worth at most, or the quantity per spec does not exceed how many via parcel or hand luggage?	USD 500; 5 pieces	USD 1,000; 10 pieces	USD 100; 2 pieces	USD 50; 1 piece	c	第3條：職安法第8條第2項第3款（研發測試專用機型）及第4款（商業樣品展覽品）之產品，進口報單單一項次金額在美金一百元以下或同一報單同規格型式數量未逾二件且以郵包寄遞或旅客入境隨身行李者免驗證由海關逕予放行。第2條：符合第8條第2項第1、2款者免驗證。第4條：第3至5款產品得於運出廠場或輸入前申請免驗證。第7條：同規格型式者得於六個月內申請免驗證專用證號代碼以一次為限（研發測試計畫書或展覽計畫書經核准者不受限）。	Articles 2–7.	draft	7		
Q1165	OSH	OSH-65	機械類產品申請免驗證辦法	第10條	民國111年10月7日	免驗證-加工再出口	3	輸入供加工組裝後復運出口之機械類產品，報驗義務人應於免驗證通知書送達後幾個月內出口並申請銷案？展延期間最長？商業樣品展覽品應標示何字樣？	三個月；六個月且不限次數（無須經過核准）；「本產品免稅並得銷售」	六個月；六個月且以一次為限（必要時得再延展一次）；「不得銷售或禁止設置」	六個月；三個月且以二次為限（必要時得再延展三次）；「商業樣品免驗證」	一年；一年且以一次為限（必要時得再延展一次）；「不得銷售或禁止設置」	Machinery imported for processing and re-export must be exported and the case closed within, extensions are limited to, and samples or exhibits must be marked:	3 months; 6 months without limit (no approval needed); 'duty-free and freely saleable'	6 months; 6 months once (one further extension if necessary); 'not for sale or installation'	6 months; 3 months twice (three further extensions if necessary); 'sample exempt from certification'	1 year; 1 year once (one further extension if necessary); 'not for sale or installation'	b	第10條：應於免驗證通知書送達後六個月內出口並檢具出口證明申請銷案（不能檢具者經核准得以切結書）；不能於期間銷案者應於屆滿前申請展延最長六個月以一次為限，必要時得再延展一次；逾期未銷案者通知補辦型式驗證退運或監督銷燬並副知海關，未辦者下批次免驗證不予核准。第11條：應建立產銷文件保存三年。第12條：商業樣品或展覽品應於本體明顯處標示「不得銷售或禁止設置」。第13條：不得變更用途；免驗證事由消失應補辦型式驗證。第14條：除補辦合格者外不得提供國內工作者使用。第15條：詐欺取得者撤銷並停止受理一年至三年；違反用途標示或未建立產銷文件者廢止並停止受理六個月。	Articles 10–15.	draft	7		
Q1166	OSH	OSH-66	構造規格特殊產品安全評估報告及檢驗辦法	第2條	民國103年11月21日	特殊產品-定義與申請	3	所稱「產品構造規格特殊」係指？報驗義務人擬採適當檢驗方式應檢附何資料向中央主管機關申請？	構造性能或防護之設計工法技術材料或安全機構性能有別於常規致驗證有困難；產品基本資料、國際常用風險評估方法完成之安全評估資料、擬採檢驗方式與型式驗證程序及安全標準之差異說明、國內外第三者驗證合格文件、其他技術文件	構造性能或防護之設計工法技術材料或安全機構性能有別於常規致驗證有困難；產品報價單、由廠商自行認定之安全評估結論、擬採檢驗方式與現行程序完全相同之說明、國內經銷商出具之品質保證書、其他行銷文件	產品售價明顯高於同類產品或體積重量特別龐大致運送有困難；產品基本資料、國際常用風險評估方法完成之安全評估資料、擬採檢驗方式與型式驗證程序及安全標準之差異說明、國內外第三者驗證合格文件	構造性能或防護之設計工法技術材料有別於常規致驗證有困難；僅需檢附產品基本資料及安全評估資料，差異說明與第三者驗證文件均得免附，亦免經審查即可自行採用	'Special construction or specification' means, and applying for an alternative inspection method requires:	Design, methods, technology, materials or safety mechanisms differing from the norm so certification is difficult; product data, safety assessment using international risk assessment methods, differences from standard procedures, third-party certification documents and other technical files	Design, methods, technology, materials or safety mechanisms differing from the norm so certification is difficult; a price quotation, safety conclusions decided by the maker itself, a statement that the proposed method is identical to current procedures, a dealer's quality guarantee and other marketing documents	A price far above comparable products, or size and weight so great that shipping is difficult; product data, safety assessment using international risk assessment methods, differences from standard procedures and third-party certification documents	Design, methods, technology or materials differing from the norm so certification is difficult; only product data and a safety assessment, with the difference statement and third-party documents omitted and no review needed	a	第2條：產品構造規格特殊指產品之構造性能或防護之設計工法技術材料或其他安全機構性能有別於常規致驗證有困難之情況。第3條：應檢附產品基本資料（型錄名稱外觀圖貨品分類號列）、安全評估資料（採國際間常用風險評估方法完成安全評估危害分析或風險評估併同危險對策）、擬採檢驗方式建議及與型式驗證實施程序安全標準之差異說明、國內外獨立第三者驗證機構依建議方式完成驗證之有效合格文件、其他必要資料。第4條：得邀學者專家或委託專業團體審查並通知到場說明。第5條：經核准者同一型式產品得比照辦理；中央主管機關定有實施程序及安全標準後即應依規定辦理。第6條：詐欺者追繳證明書撤銷標章。	Articles 2–6.	draft	7		
Q1167	OSH	OSH-67	安全標示與驗證合格標章使用及管理辦法	第3條	民國106年9月30日	標示標章-格式	2	職安法第7條第3項之安全標示識別號碼由何字軌組成？第8條第1項之驗證合格標章識別號碼由何組成？	字軌 TD、指定代碼及發證機構代號；字軌 TC 及指定代碼	字軌 TD 及指定代碼；字軌 TC、指定代碼及發證機構代號	字軌 TC 及指定代碼；字軌 TD、指定代碼及發證機構代號	字軌 CNS 及產品編號；字軌 ISO、驗證編號及廠商統一編號	The identification number on a safety label (OSH Act Article 7) begins with which code, and on a certification mark (Article 8):	TD plus a designated code and the issuing body's code; TC plus a designated code	TD plus a designated code; TC plus a designated code and the issuing body's code	TC plus a designated code; TD plus a designated code and the issuing body's code	CNS plus a product number; ISO plus a certificate number and the maker's tax ID	b	第3條：安全標示格式由圖式及識別號碼組成，識別號碼緊鄰圖式右方或下方，由字軌 TD 及指定代碼組成，指定代碼向中央主管機關申請核發（附圖一）。第4條：驗證合格標章由圖式及識別號碼組成，識別號碼由字軌 TC、指定代碼及發證機構代號組成，指定代碼由驗證機構於核發證明書時指定（附圖二）。第2條：非依第7條或第8條規定不得張貼。第5條：製造者或輸入者自行製作並張貼於各該產品。	Articles 2–5.	draft	7		
Q1168	OSH	OSH-67	安全標示與驗證合格標章使用及管理辦法	第7條	民國106年9月30日	標示標章-張貼位置	2	安全標示及驗證合格標章應張貼於何處？產品本體太小無法標示時如何處理？	機械設備器具之使用說明書封面及出廠證明文件上；有包裝者於運送棧板標示、無包裝者免予標示、或由供應者自行決定	機械設備器具本體明顯處（銘版上或鄰近商標廠牌處）；有包裝者於最小單位包裝標示、無包裝者以繫掛方式、或其他經核准方式	機械設備器具本體隱蔽處（機殼內部或底座下方）；有包裝者於外箱標示、無包裝者以噴漆方式、或其他經核准方式	機械設備器具本體明顯處（銘版上或鄰近商標廠牌處）；本體太小無法標示者一律免予標示，亦不得以包裝或繫掛方式替代	Safety labels and certification marks are affixed where, and when the product body is too small:	On the cover of the instruction manual and the factory certificate; on the shipping pallet, with no marking if unpackaged, or as the supplier decides	On a visible part of the product body (nameplate or near the brand); on the smallest unit package, by hang tag if unpackaged, or another approved method	On a hidden part of the product body (inside the casing or under the base); on the outer carton, by spray painting if unpackaged, or another approved method	On a visible part of the product body (nameplate or near the brand); no marking at all where the body is too small, with packages and hang tags not accepted	b	第6條：應使用不易變質之材料字體清晰不易磨滅並牢固標示。第7條：應張貼於本體明顯處，指銘版上或鄰近商標廠牌等易於辨認之位置。第8條：應於本體及說明書件載明產品名稱、申報者或報驗義務人名稱地址電子郵件電話，不能標示於本體者標示於包裝標貼掛牌。第9條：其他標示不得與安全標示或合格標章混淆誤導。第10條：本體太小不能標示者有包裝於最小單位包裝標示、無包裝者以繫掛方式、其他經核准方式。第11條：標示標章專屬於完成登錄或取得證明書者，經同意並報核准者得由他人於同廠牌同型號使用。第12條：至遲應於提供產品予供應者或雇主前完成張貼。	Articles 6–12.	draft	7		
Q1169	OSH	OSH-76	勞工健康服務專業機構管理規則	第3條	民國115年6月26日	健康服務機構-分類	2	勞工健康服務專業機構分為哪兩類？乙類專業機構得辦理何種事業之勞工健康服務？	甲類及乙類；第二類及第三類事業且依勞工健康保護規則附表二無須配置職業醫學科專科醫師者	A 級及 B 級；第三類事業且依勞工健康保護規則附表二應配置專任護理人員二人以上者	一級及二級；第二類及第三類事業且經地方主管機關核准無須配置職業安全衛生管理人員者	甲類及乙類；第一類及第二類事業且依勞工健康保護規則附表一必須配置職業醫學科專科醫師者	Labor health service institutions are classified as, and Class B institutions may serve:	Class A and Class B; Class 2 and 3 enterprises not required to have an occupational medicine specialist under the Labor Health Protection Rules	Levels A and B; Class 3 enterprises required to appoint two or more full-time nurses under Appendix 2 of the Labor Health Protection Rules	Grades 1 and 2; Class 2 and 3 enterprises exempted by the local competent authority from appointing occupational safety and health managers	Class A and Class B; Class 1 and 2 enterprises required to have an occupational medicine specialist under Appendix 1 of the Labor Health Protection Rules	a	第2條：勞工健康服務指提供勞工健康管理職業病與工作相關疾病預防及健康促進等服務；專業機構指經中央主管機關認可並公布於指定網站接受委託辦理者；勞工健康服務人員指醫師護理人員心理師物理治療師職能治療師或公共衛生師；專一登錄人員指僅為該機構指派服務之人員。第3條：甲類辦理職安管理辦法第一類第二類及第三類事業之勞工健康服務；乙類辦理第二類及第三類事業且依保護規則附表二無須配置職醫者。	Articles 2–3.	draft	7		
Q1170	OSH	OSH-76	勞工健康服務專業機構管理規則	第4條	民國115年6月26日	健康服務機構-甲類資格	3	全民健康保險特約醫院或診所申請認可為甲類勞工健康服務專業機構，人力配置條件為何？	登錄人員至少六人（含心理師物理治療師至少三種類別且從事五年以上）、職醫至少二人、專一登錄人員達登錄人員總數百分之八十以上並由院長綜理	專一登錄人員至少四人（含公共衛生師職能治療師各一人且從事三年以上）、護理人員至少一人、兼職登錄人員達登錄人員總數百分之六十以上並指定一人綜理	專一登錄人員至少四人（含醫師護理或相關人員至少二種類別且從事三年以上）、職醫至少一人、專一登錄人員達登錄人員總數百分之六十以上並指定一人綜理	專一登錄人員至少二人（含醫師護理或相關人員至少一種類別且從事一年以上）、職醫至少三人、專一登錄人員達登錄人員總數百分之三十以上並指定二人綜理	A NHI-contracted hospital or clinic applying as a Class A institution must staff:	At least six registered staff (at least three categories including psychologists and physiotherapists with 5+ years' experience), at least two occupational medicine specialists, and exclusive staff making up 80%+ of personnel, coordinated by the superintendent	At least four exclusively registered staff (one public health specialist and one occupational therapist with 3+ years' experience), at least one nurse, and part-time registered staff making up 60%+ of registered personnel with one designated coordinator	At least four exclusively registered staff (at least two professional categories with 3+ years' experience), at least one occupational medicine specialist, and exclusive staff making up 60%+ of registered personnel with one designated coordinator	At least two exclusively registered staff (at least one professional category with 1+ year of experience), at least three occupational medicine specialists, and exclusive staff making up 30%+ of registered personnel with two designated coordinators	c	第4條：得申請甲類者為經認可之勞工特殊體格及健康檢查醫療機構聘僱職醫綜理業務者、經認可之勞工健康顧問服務類顧問機構、或健保特約醫院診所且專一登錄人員至少四人（醫師護理人員或相關人員至少二種類別且從事勞工健康服務三年以上）職醫至少一人專一登錄人員達登錄人員總數百分之六十以上並指定一人綜理。第5條：乙類為健保特約醫院診所且服務人員至少二人其中至少一人為專一登錄之醫師或護理人員從事三年以上、專一登錄人員達百分之五十以上並指定綜理者。第6條：每年一月四月七月或十月申請認可。第8條：認可有效期間最長五年，屆滿前三個月重新申請。	Articles 4–8.	draft	7		
Q1171	OSH	OSH-76	勞工健康服務專業機構管理規則	第9條	民國115年6月26日	健康服務機構-變更	3	勞工健康服務專業機構之登記地址、登錄人員、綜理業務人員變更時，應於變更之次日起幾日內申請變更？停業歇業等情形應於事實發生後幾日內申請廢止認可？	十五日；三十日	三十日；六十日	三日；七日	七日；十五日	Changes of address, registered personnel or the coordinator must be filed within how many days, and closure or termination must be reported for revocation within:	15 days; 30 days	30 days; 60 days	3 days; 7 days	7 days; 15 days	a	第9條：登記地址或聯絡方式、登錄人員、指定之綜理業務人員及其他公告事項變更應於變更次日起十五日內申請變更；登錄人員變更未經核定前不得辦理服務；停業或歇業、原認可條件變更致不符、終止辦理服務等應於事實發生後三十日內主動申請廢止認可，中央主管機關亦得逕予廢止。	Article 9.	draft	7		
Q1172	OSH	OSH-76	勞工健康服務專業機構管理規則	第10條	民國115年6月26日	健康服務機構-在職訓練	3	勞工健康服務專業機構之服務人員，在職教育訓練每三年合計至少幾小時？職醫每三年至少幾小時？數位學習時數採計上限？	六小時（每類課程至少一小時）；六小時；三小時	十二小時（每類課程至少二小時）；二小時；六小時	十二小時（每類課程至少三小時）；四小時；八小時	二十四小時（每類課程至少四小時）；十二小時；十二小時	Institution personnel need at least how many hours of in-service training every 3 years, occupational physicians at least, and e-learning is credited up to:	6 hours (at least 1 per course type); 6 hours; 3 hours	12 hours (at least 2 per course type); 2 hours; 6 hours	12 hours (at least 3 per course type); 4 hours; 8 hours	24 hours (at least 4 per course type); 12 hours; 12 hours	b	第10條：服務人員應接受職安或災保法規、職場健康風險評估及管理實務課程之在職教育訓練，每三年合計至少十二小時且每類課程至少二小時，紀錄保存三年；職醫接受法規課程每三年至少二小時；得於中央主管機關網站接受數位學習，採計不超過六小時；訓練得由主管機關勞檢機構或認可機構訓練單位辦理。第11條：應訂定服務管理規章（組織權責、人員資格訓練、執行程序、文件紀錄管制），會同事業單位擬定服務規劃，臨場服務紀錄簽署建檔，保存三年，資訊應保密。	Articles 10–11.	draft	7		
Q1173	OSH	OSH-76	勞工健康服務專業機構管理規則	第15條	民國115年6月26日	健康服務機構-處罰	3	勞工健康服務專業機構有下列何種情形，依職安法第48條處以罰鍰？	認可證書遺失未補發、在職訓練遲一個月完成、服務規劃書未經工會簽章、紀錄僅保存二年、未設置服務專線	認可後不符資格仍繼續辦理、未依認可類別辦理、辦理有虛偽不實、指派非經核定人員提供服務、未依警告改正	登記地址遷移已於三十日內申報、指派經核定人員代班、依警告如期改正、紀錄以電子檔保存、每年申請一次	遲交年度服務報告、逾期辦理人員登錄、辦公室電話變更未通知、臨場服務紀錄未編頁碼、未張貼認可證書	An institution is fined under Article 48 of the OSH Act when it:	Loses its certificate without reapplying, finishes in-service training one month late, has its service plan unsigned by the union, keeps records only two years, or has no service hotline	Continues operating without meeting qualifications, works outside its approved class, falsifies services, assigns unapproved personnel, or fails to correct after warning	Reports an address move within 30 days, assigns approved personnel as substitutes, corrects on time after a warning, keeps its records electronically, or applies once each year	Files its annual service report late, registers personnel after the deadline, changes its office phone without notice, leaves on-site records unpaginated, or fails to post its certificate	b	第14條：違反第9至12條者予以警告並限期改正。第15條：認可後未符第4或5條規定繼續辦理、未依認可類別辦理、辦理有虛偽不實、指派非經核定人員提供服務、未依前條改正者處罰鍰。第16條：屆期未改正或情節重大得撤銷廢止認可或停止業務，二年內不得以同一名稱地點或負責人申請。第17條：服務人員未每三年受訓、未依規定辦理或報告不實、未保密、違反事業單位規定、重複登錄等得註銷登錄，三年或五年內不得再登錄。第19條：自116年1月1日施行。	Articles 14–17; effective January 1, 2027.	draft	7		
Q1174	OSH	OSH-77	勞工職業災害保險預防職業病健康檢查及健康追蹤檢查辦法	第3條	民國111年3月14日	預防職業病健檢-資格	2	被保險人從事附表一之有害作業，最近加保年資連續滿多久，得由投保單位向保險人申請預防職業病健康檢查？投保單位未申請時？	六個月；被保險人應待投保單位申請	三年；被保險人得請雇主代為申請	一年；被保險人得逕向保險人申請	一個月；被保險人得逕向醫院申請	Insured workers in listed hazardous work with at least how much continuous insured seniority may have their employer apply for preventive occupational disease exams, and if the employer does not apply:	6 months; the worker must wait for the employer to apply	3 years; the worker may ask the employer to apply	1 year; the worker may apply directly to the insurer	1 month; the worker may apply directly to the hospital	c	第2條：依災保法第63條第1項得申請預防職業病健康檢查之有害作業如附表一，第2項得申請健康追蹤檢查之有害作業如附表二，項目依勞工健康保護規則辦理。第3條：從事附表一作業最近加保年資連續滿一年者得由投保單位申請，未申請者被保險人得逕向保險人申請。第4條：曾從事附表二作業且加保期間年資連續滿一年者，於變更作業離職或退保後得由投保單位或勞工本人申請健康追蹤檢查，資格疑義得請認可醫療機構職醫協助評估。	Articles 2–4.	draft	7		
Q1175	OSH	OSH-77	勞工職業災害保險預防職業病健康檢查及健康追蹤檢查辦法	第5條	民國111年3月14日	預防職業病健檢-頻率	2	預防職業病健康檢查及健康追蹤檢查，原則一年以幾次為限？檢查結果應通知何人？	不限次數；預防檢查僅通知投保單位，追蹤檢查僅通知認可醫療機構	每三年一次；預防檢查通知保險人及衛生局，追蹤檢查通知受檢人及雇主	一次；預防檢查通知投保單位被保險人及保險人，追蹤檢查通知受檢人及保險人	二次；預防檢查通知被保險人及雇主，追蹤檢查通知投保單位及勞工本人	Preventive and follow-up exams are limited to how many per year, and results are notified to:	Unlimited; only the insured unit for preventive exams, only the approved medical institution for follow-up exams	Every 3 years; the insurer and the health bureau for preventive exams, the examinee and employer for follow-up exams	Once; the insured unit, insured worker and insurer for preventive exams, the examinee and insurer for follow-up exams	Twice; the insured worker and the employer for preventive exams, the insured unit and the worker for follow-up exams	c	第5條：一年以一次為限，情形特殊經中央主管機關認有必要得另公告頻率。第6條：應填具申請書向保險人提出，審查符合者核發證明單並於規定時間受檢。第7條：醫療機構應符合辦理勞工體格與健康檢查醫療機構認可及管理辦法資格。第8條：結果依公告通報；預防職業病健康檢查後通知投保單位被保險人及保險人，健康追蹤檢查後通知受檢人及保險人；結果異常者中央主管機關得提供服務協助。第10條：費用參照健保支付標準核付。第11條：未經核定資格逕為檢查者不予核付。第12條：溢領誤領者限期返還。	Articles 5–12.	draft	7		
Q1176	OSH	OSH-78	勞工職業災害保險職業病鑑定作業實施辦法	第2條	民國111年3月31日	職業病鑑定-受理範圍	3	職業病鑑定之受理範圍為何？曾經鑑定之案件得再申請之例外？	保險人審核職業病給付案件認有必要時（審核有困難或經行政救濟撤銷後另為審核）及依災保法第75條第2項申請；應迴避委員參與鑑定、事實發生有利變更、發生新事實或新證據者	被保險人自認有必要時（診斷有困難或經雇主否認後另為認定）及依災保法第57條第2項申請；同一事由駁回已滿一年、原診斷醫師更換、檢查報告重新出具者	雇主為釐清職災責任申請時（勞資爭議或經調解不成立後另為認定）及依職安法第37條第2項申請；委員意見不一致、勞工提出陳情、投保單位申請複核者	認可醫療機構出具診斷書後（結果有疑義或經健保署核減後另為審核）及依災保法第75條第1項申請；鑑定費用已繳納、勞工檢附新病歷、已逾三年期間者	Occupational disease determination covers, and previously determined cases may be resubmitted only when:	Cases the insurer finds necessary (difficult review or re-review after remedies) and applications under Article 75(2) of the Act; a member who should have recused participated, facts changed favorably, or new facts or evidence emerged	Cases an insured worker finds necessary (difficult diagnosis or re-review after employer denial) and applications under Article 57(2) of the Act; a year has passed since dismissal, the diagnosing physician changed, or reports were reissued	Cases an employer files to clarify liability (labor dispute or re-review after failed mediation) and applications under Article 37(2) of the OSH Act; committee members disagreed, the worker petitioned, or the insured unit sought review	Cases where an approved institution issued a diagnosis (doubtful result or re-review after NHI reduction) and applications under Article 75(1) of the Act; fees were paid, the worker attached new records, or three years have passed	a	第2條：保險人審核職業病給付案件認有必要時（審核有困難、核定案件經爭議審議訴願或行政訴訟撤銷後另為審核）及保險人依災保法第75條第2項申請鑑定。第3條：應備給付申請書、診斷書或相驗證明、就醫紀錄、特約職醫醫理意見；依第75條第2項者另備爭議審議申請書件、核定文件、認可醫療機構職醫診斷證明書。第4條：未備齊未補正、不符規定、已重新核定為職業病者得不受理；曾鑑定案件不得以同一事由再申請，但應迴避委員參與、事實事後有利變更、發生新事實或新證據者不在此限。	Articles 2–4.	draft	7		
Q1177	OSH	OSH-78	勞工職業災害保險職業病鑑定作業實施辦法	第6條	民國111年3月31日	職業病鑑定-分組	3	職業病鑑定會依疾病類型分為哪三組？	第一組職業性癌症及精神疾病、第二組化學性物理性危害疾病與呼吸系統疾病、第三組肌肉骨骼疾病皮膚疾病及腦血管疾病	第一組化學性物理性生物性危害疾病及肌肉骨骼疾病、第二組呼吸系統疾病皮膚疾病及職業性癌症、第三組腦血管與心臟疾病	第一組化學性物理性生物性危害疾病呼吸系統皮膚疾病及職業性癌症、第二組肌肉骨骼疾病、第三組腦血管與心臟疾病及精神疾病	第一組腦血管與心臟疾病及呼吸系統疾病、第二組生物性危害疾病與皮膚疾病、第三組肌肉骨骼疾病精神疾病及職業性癌症	The three panels of the occupational disease determination committee are:	Group 1: occupational cancers and mental diseases; Group 2: chemical and physical hazard diseases and respiratory diseases; Group 3: musculoskeletal diseases, skin diseases and cerebrovascular diseases	Group 1: chemical, physical and biological hazard diseases and musculoskeletal diseases; Group 2: respiratory and skin diseases and occupational cancers; Group 3: cerebrovascular and cardiac diseases	Group 1: chemical, physical and biological hazard diseases, respiratory and skin diseases and occupational cancers; Group 2: musculoskeletal diseases; Group 3: cerebrovascular, cardiac and mental diseases	Group 1: cerebrovascular, cardiac and respiratory diseases; Group 2: biological hazard diseases and skin diseases; Group 3: musculoskeletal diseases, mental diseases and occupational cancers	c	第5條：應建置職業病鑑定專家名冊，由勞工團體雇主團體職安衛職業醫學及相關醫學團體推薦，專家應具職業醫學職安衛或勞動法專業及五年以上教學或實務經驗。第6條：第一組屬化學性物理性生物性危害引起之疾病呼吸系統疾病皮膚疾病及職業性癌症；第二組肌肉骨骼疾病；第三組腦血管與心臟疾病及精神疾病；涉及多種疾病得共同鑑定。第7條：分組鑑定會委員九人，機關代表一人為召集人，職醫五人相關醫學專科醫師一人職安衛專家一人法律專家一人；任期二年；任一性別不少於三分之一。	Articles 5–7: nine members per panel (five occupational physicians), two-year terms.	draft	7		
Q1178	OSH	OSH-78	勞工職業災害保險職業病鑑定作業實施辦法	第8條	民國111年3月31日	職業病鑑定-決定方式	3	職業病鑑定書面鑑定作業期間以幾日為原則？以委員意見相同者達多少決定之？未能作成時開會鑑定之出席及決定方式？	七日；過半數以上；二分之一以上委員出席且職醫至少五人，出席委員三分之二意見	十四日；三分之二以上；三分之二以上委員出席且職醫至少三人，出席委員過半數意見	三十日；四分之三以上；三分之二以上委員出席且職醫至少一人，出席委員全體一致	六十日；全體一致；四分之三以上委員出席且法律專家至少三人，出席委員過半數意見	Written determinations are targeted within how many days, decided by what share of concurring members, and if not reached, meetings require:	7 days; a simple majority; one-half attendance with at least five occupational physicians, decided by two-thirds of those present	14 days; two-thirds or more; two-thirds attendance with at least three occupational physicians, decided by majority of those present	30 days; three-quarters or more; two-thirds attendance with at least one occupational physician, decided unanimously by those present	60 days; unanimity; three-quarters attendance with at least three legal experts, decided by a majority of those present	b	第8條：受理後依疾病類型送鑑定會委員書面鑑定，作業期間以十四日為原則，以委員意見相同者三分之二以上決定；未能作成時召集開會，應有三分之二以上委員出席其中職醫至少三人，以出席委員過半數意見決定；意見以備具理由勾選方式填列附表。第9條：仍無法作成時得召集全數委員二十七人共同開會，全數委員過半數出席且職醫超過半數，出席過半數決定。第10條：鑑定結果分職業病或非職業病（職業病種類表所列）及工作相關疾病或非工作相關疾病（腦心血管精神疾病）；職業病指職業造成之因果可能性或貢獻程度大於百分之五十者；工作相關疾病指多種致病因素工作僅為其一者。	Articles 8–10; occupational disease means the job's causal contribution exceeds 50%.	draft	7		
Q1179	OSH	OSH-78	勞工職業災害保險職業病鑑定作業實施辦法	第11條	民國111年3月31日	職業病鑑定-事證蒐集	2	中央主管機關為辦理職業病鑑定，得會同何單位至工作場所蒐集事證？該單位應作成何報告？	直轄市勞動檢查機構；職業醫學證據調查報告書及裁處建議書	衛生福利部國民健康署；職業醫學證據調查總結報告書	財團法人職業災害預防及重建中心；職業傷病現場勘查紀錄表	財團法人職業災害預防及重建中心；職業醫學證據調查報告書	For occupational disease determination, the central authority may collect evidence at workplaces together with which body, which then prepares:	The municipal labor inspection agency; an occupational medicine evidence report and a penalty recommendation	The Health Promotion Administration under the MOHW; a summary occupational medicine evidence report	The Occupational Accident Prevention and Rehabilitation Center; an on-site occupational injury inspection record form	The Occupational Accident Prevention and Rehabilitation Center; an occupational medicine evidence investigation report	d	第11條：得派員或請勞動檢查機構派員會同災保法第70條之財團法人職業災害預防及重建中心人員至被保險人工作場所或暴露有關場所蒐集事證；該中心應實施職業醫學評估作成職業醫學證據調查報告書。第12條：得邀專家學者機關團體提供資料或表示意見。第13條：委員調查人員之迴避及禁止程序外接觸依行政程序法，應保密。第14條：依第75條第2項申請者鑑定前得書面請保險人撤回，撤回後不得再以同一事由申請。第15條：定期分析鑑定結果去識別化後公開。	Articles 11–15.	draft	7		
Q1180	OSH	OSH-79	職業災害勞工補助及核發辦法	第2條	民國108年4月30日	職災補助-生活津貼	3	依職業災害勞工保護法請領職業疾病生活津貼，失能程度應符合勞工保險失能給付標準第幾等級？失能生活津貼？	第一等級至第七等級；第一等級至第十五等級	第八等級至第十等級；第十一等級至第十五等級	第一等級至第三等級；第一等級至第三等級	第一等級至第十五等級；第一等級至第七等級	Occupational disease living allowances require disability grades of, and disability living allowances grades of:	Grades 1 to 7; grades 1 to 15	Grades 8 to 10; grades 11 to 15	Grades 1 to 3; grades 1 to 3	Grades 1 to 15; grades 1 to 7	d	第2條：職業疾病生活津貼須罹患職業疾病請領勞保職災傷病給付期滿或失能給付，經醫師診斷喪失部分或全部工作能力且失能程度符合第一等級至第十五等級。第3條：失能生活津貼須因職業傷害或職業疾病請領傷病給付期滿或失能給付，失能程度符合第一等級至第七等級。第8條：兩者僅得擇一請領。第4條：職業訓練生活津貼須失能第二至第十五等級、參加政府主辦委託或立案機構之職訓每月總訓練時數一百小時以上且未領其他訓練補助。	Articles 2–4 and 8.	draft	7		
Q1181	OSH	OSH-79	職業災害勞工補助及核發辦法	第11條	民國108年4月30日	職災補助-津貼金額	3	職業疾病生活津貼，失能程度符合第一至第三等級且喪失全部工作能力者每月發給多少？職業訓練生活津貼每月多少？看護補助每月多少？家屬補助多少？	八千七百元；一萬四千八百元；一萬二千四百元；十萬元	一萬元；二萬元；二萬元；二十萬元	五千元；一萬元；一萬元；五萬元	三千二百元；六千二百元；八千七百元；一萬元	Monthly occupational disease living allowance for grades 1–3 with total loss of work capacity is, vocational training allowance is, care allowance is, and the family subsidy is:	NT$8,700; NT$14,800; NT$12,400; NT$100,000	NT$10,000; NT$20,000; NT$20,000; NT$200,000	NT$5,000; NT$10,000; NT$10,000; NT$50,000	NT$3,200; NT$6,200; NT$8,700; NT$10,000	a	第11條：職業疾病生活津貼第一至三等級且喪失全部工作能力每月八千七百元、第二至七等級（或合併升等第一等級）喪失部分能力六千二百元、第八至十等級三千二百元、未遺存永久失能或第十一至十五等級一千九百元。第12條：失能生活津貼八千七百元或六千二百元。第13條：職業訓練生活津貼受訓期間每月一萬四千八百元，自初次參訓起五年內合計二十四個月為限。第15條：看護補助每月一萬二千四百元。第16條：家屬補助十萬元，發給死亡勞工之配偶子女或父母。第17條之1：消費者物價指數累計成長率達正負百分之五時調整。	Articles 11–17-1 (amounts adjusted with CPI changes of ±5%).	draft	7		
Q1182	OSH	OSH-79	職業災害勞工補助及核發辦法	第10條	民國108年4月30日	職災補助-期限	3	依職災勞工保護法第8條第3項，按月發給之生活津貼及看護補助合計以幾年為限？第9條第2項未加保勞工者合計以幾年為限？	三年（三十六個月）；五年（六十個月）	五年（六十個月）；三年（三十六個月）	十年（一百二十個月）；五年（六十個月）	一年（十二個月）；二年（二十四個月）	Monthly living and care allowances under Article 8(3) are capped at a combined, and for uninsured workers under Article 9(2):	3 years (36 months); 5 years (60 months)	5 years (60 months); 3 years (36 months)	10 years (120 months); 5 years (60 months)	1 year (12 months); 2 years (24 months)	b	第10條：災保法（職災勞工保護法）第8條第3項合計五年為限，即生活津貼合計六十個月、看護補助合計六十個月；第9條第2項合計三年為限，即生活津貼合計三十六個月、看護補助三十六個月。第19條：自職安署受理當月起按月發給，未滿一個月以一個月計。第21條：應於每屆滿一年之日前檢具三個月內失能診斷書辦理續領。第22條：受補助人死亡次月起停止，家屬應於三十日內通知。第18條：申請手續完備經審查完竣應於十日內發給。	Articles 10, 18–22.	draft	7		
Q1183	OSH	OSH-79	職業災害勞工補助及核發辦法	第14條	民國108年4月30日	職災補助-器具補助	2	請領器具補助應檢附何種證明？購買器具之發票或收據應於證明文件開具日起幾個月內？	任一健保特約診所醫師出具之診斷證明書或身心障礙證明影本；三個月內	身心障礙鑑定醫療機構醫師出具需裝配輔助器具文件或專業人員評估證明；一年內	雇主出具之職業災害證明及輔助器具需求評估報告書；十二個月內	身心障礙鑑定醫療機構醫師出具需裝配輔助器具文件或專業人員評估證明；六個月內	Aid device subsidies require what proof, and receipts must be dated within how long after the certificate?	A diagnosis certificate from any NHI-contracted clinic physician or a copy of the disability card; 3 months	A physician's certificate from a disability assessment hospital or a professional evaluation of need; 1 year	An employer-issued occupational accident certificate and an assessment report on device need; 12 months	A physician's certificate from a disability assessment hospital or a professional evaluation of need; 6 months	d	第5條：器具補助須因職業傷害或職業疾病遺存障害經醫師診斷或專業人員評估必須使用輔助器具且未依其他法令領取相同類別補助。第14條：輔助器具類別補助金額使用年限及對象如附表；應備申請書、身心障礙鑑定醫療機構醫師出具需裝配生活或復健輔助器具之文件或其他專業人員評估必須使用就業輔助器具之證明、證明開具日或所載需用日起六個月內購買之統一發票或收據正本、存摺影本、未依其他法令請領之聲明書；必要時送專業人員審核。第6條：看護補助須經醫師診斷終身不能工作需專人周密監護或日常生活需人扶助且符合精神神經胸腹部臟器皮膚失能第一二等級。	Articles 5–6 and 14.	draft	7		
Q1184	OSH	OSH-80	職業災害勞工申請器具照護失能及死亡補助辦法	第3條	民國115年4月27日	職災器具補助-限額	3	依災保法申請器具補助，除人工電子耳外每人每年最多補助幾項輔助器具？補助總金額最高多少？	六項；新臺幣二十萬元	二項；新臺幣五萬元	四項；新臺幣十萬元	一項；新臺幣三萬元	Aid device subsidies under the Occupational Accident Insurance and Protection Act cover at most how many devices per person per year (excluding cochlear implants), up to:	6 devices; NT$200,000	2 devices; NT$50,000	4 devices; NT$100,000	1 device; NT$30,000	c	第2條：補助項目為器具補助、照護補助、失能補助、死亡補助。第3條：被保險人遭遇職業傷病經醫師診斷或專業人員評估必須使用輔助器具且未領取相同項目補助者得向職安署申請；除人工電子耳外每人每年最多四項且總金額最高十萬元；應備申請書及收據、健保特約醫院診所醫師診斷證明或專業人員評估證明、開具日或所載需用日起六個月內購買或租賃之發票或收據正本、未領取聲明書。第4條：附表以外器具需專案核定，每年最高十萬元，核定後六個月內購買核銷。第5條：專業人員包括物理治療師職能治療師聽力師語言治療師。	Articles 2–5.	draft	7		
Q1185	OSH	OSH-80	職業災害勞工申請器具照護失能及死亡補助辦法	第6條	民國115年4月27日	職災照護補助-住院	3	被保險人因職業傷病住院治療需人照護，照護補助每日發給多少？何種病房不包括？	新臺幣一千二百元；加護或隔離性質之病房	新臺幣二千元；普通性質之一般病房	新臺幣一萬二千四百元；所有住院病房	新臺幣五百元；急診觀察室及門診	Hospital care subsidies for insured workers needing care during occupational injury treatment are paid at what daily rate, excluding which wards?	NT$1,200; intensive care or isolation wards	NT$2,000; ordinary general wards	NT$12,400; all inpatient wards	NT$500; emergency observation rooms	a	第6條：因同一職業傷病請領災保法第42條第1項傷病給付且經醫師診斷住院期間需人照護者（不包括加護或隔離性質病房）得向保險人申請照護補助；以每滿十五日為一期於期末翌日起申請，未滿十五日者於住院終止翌日起申請；自住院且得請領傷病給付之日起按日發給一千二百元；應備申請書收據及載明傷病名稱入出院日期需人照護之診斷證明。	Article 6, claimable per 15-day period.	draft	7		
Q1186	OSH	OSH-80	職業災害勞工申請器具照護失能及死亡補助辦法	第7條	民國115年4月27日	職災照護補助-失能	3	被保險人失能程度符合第一或第二等級且終身無工作能力者，失能照護補助每月多少？最長幾年？未加保之受僱員工或自營作業者最長幾年？	一萬四千八百元；十年；五年	六千二百元；五年；五年	八千七百元；三年；三年	一萬二千四百元；五年；三年	Monthly care subsidies for grade 1–2 disability with permanent loss of work capacity are, for at most, and for uninsured employees or self-employed at most:	NT$14,800; 10 years; 5 years	NT$6,200; 5 years; 5 years	NT$8,700; 3 years; 3 years	NT$12,400; 5 years; 3 years	d	第7條：經請領災保法第43條失能給付且失能程度符合勞保失能給付標準第一或第二等級並列有終身無工作能力者得申請照護補助，自申請當月起按月發給一萬二千四百元至不符或死亡當月止最長五年。第8條：退保後經認可醫療機構職醫診斷為保險期間致罹職業病者得申請器具補助，領失能津貼且第一二等級終身無工作能力者亦得申請照護補助最長五年。第9條：未依法加保之受僱員工或自營作業者領第10條失能補助且符合者最長三年。第14條：照護補助金額依消費者物價指數累計成長率達正負百分之五調整。	Articles 7–9 and 14.	draft	7		
Q1187	OSH	OSH-80	職業災害勞工申請器具照護失能及死亡補助辦法	第10條	民國115年4月27日	職災失能死亡補助-未加保	3	未依法加保之受僱員工或自營作業者遭遇職業傷病致失能（第一至第十等級）且無法請領保險給付者，失能補助如何計算？死亡補助發給幾個月？	按實際薪資除以三十，依失能等級給付日數按月發給至期滿；六十個月	按投保薪資分級表第一級月投保薪資除以三十，依失能等級給付日數一次發給；四十五個月	按最近六個月平均月投保薪資除以三十，依失能等級給付日數分期發給；四十個月	按事故當月基本工資除以三十，依失能等級給付日數一次發給；十個月	For uninsured workers or self-employed with grade 1–10 disability, the disability subsidy is calculated how, and the death subsidy equals how many months?	Actual salary divided by 30 times the disability grade's benefit days, paid monthly until expiry; 60 months	Grade-1 monthly insured salary divided by 30 times the disability grade's benefit days, paid once; 45 months	Average insured salary of the last six months divided by 30 times the grade's benefit days, paid in instalments; 40 months	The minimum wage at the time of the accident divided by 30 times the grade's benefit days, paid once; 10 months	b	第10條：未依災保法第7條第9條第1項第1款第10條第1項加保之受僱員工或自營作業者遭遇職業傷病致失能符合第一至第十等級且無法請領保險給付者得申請失能補助，按診斷失能時投保薪資分級表第一級月投保薪資除以三十依失能給付標準之失能等級給付日數一次發給。第11條：死亡者遺有配偶子女父母祖父母受扶養之孫子女或兄弟姊妹且無法請領保險給付者，按死亡事故時第一級月投保薪資一次發給四十五個月，受領順序準用第52、53條。第12條：職業病診斷書應由認可醫療機構職醫出具（離島得由健保特約醫院醫師）。第13條：已領失能補助者遺屬不得再領死亡補助，但死亡補助較優者得領差額。第13條之1：同時符合勞保給付條件者僅得擇一。第16條：書件未備齊應於三十日內補正。	Articles 10–13-1.	draft	7		
Q1188	OSH	OSH-82	職業災害勞工職能復健專業機構認可管理及補助辦法	第3條	民國114年12月23日	職能復健機構-認可條件	3	醫療機構申請認可為職能復健專業機構，應開設何門診及聘有何人員？	健保特約且每週至少一診次職業醫學科門診；護理人員三名以上、職能或物理治療師二名以上（均須專職）、公共衛生師一名以上	健保特約且每週至少三診次復健科門診；職醫二名以上、職能或物理治療師一名以上（均得兼職）、臨床或諮商心理師二名以上	健保特約且每週至少一診次職業醫學科門診；職醫一名以上、職能或物理治療師二名以上（至少一人專職）、臨床或諮商心理師一名以上	教學醫院評鑑合格且每月至少一診次家庭醫學科門診；復健科專科醫師一名以上、語言治療師二名以上、社會工作師一名以上	A medical institution seeking accreditation as a vocational rehabilitation institution must offer, and employ:	NHI contract with at least one occupational medicine clinic session weekly; at least three nurses, two OT/PTs (both full-time) and one public health specialist	NHI contract with at least three rehabilitation clinic sessions weekly; at least two occupational physicians, one OT/PT (both may be part-time) and two clinical or counseling psychologists	NHI contract with at least one occupational medicine clinic session weekly; at least one occupational physician, two OT/PTs (one full-time) and one clinical or counseling psychologist	Teaching hospital accreditation with at least one family medicine clinic session monthly; at least one rehabilitation specialist, two speech therapists and one social worker	c	第2條：認可職能復健專業機構指辦理職災勞工工作分析功能性能力評估增進或恢復生理心理功能之強化訓練等服務並經認可之醫療機構。第3條：健保特約醫事服務機構並開設職業醫學科門診每週至少一診次；聘有職醫一名以上、職能治療師或物理治療師二名以上（至少一人專職）、臨床心理師或諮商心理師一名以上；具功能性能力評估及工作能力強化訓練空間不小於三十平方公尺、心理強化訓練空間不小於十平方公尺具隱密性隔音；具心肺耐力測試生理功能性能力評估工作模擬評估及心理評估工具；花東澎金馬得酌予放寬。第4、5條：治療師及心理師應具師級證書執業執照及六個月以上相關經驗（或完成三十小時／十二小時職前訓練）。	Articles 2–5, including space (30 m² and 10 m²) and equipment requirements.	draft	7		
Q1189	OSH	OSH-82	職業災害勞工職能復健專業機構認可管理及補助辦法	第12條	民國114年12月23日	職能復健機構-有效期間與服務量	3	認可職能復健專業機構之認可有效期間最長幾年？續行認可應於屆滿前幾日申請？每年度基本服務量為個案管理至少幾件？	五年；三十日；一百件	二年；六十日；三十件	一年；十五日；十件	三年；九十日；五十件	Accreditation of vocational rehabilitation institutions lasts up to, renewal must be applied for how many days before expiry, and annual case management must reach at least:	5 years; 30 days; 100 cases	2 years; 60 days; 30 cases	1 year; 15 days; 10 cases	3 years; 90 days; 50 cases	d	第12條：認可有效期間最長三年，原條件未變更者於屆滿前九十日備具書件及訓練證明申請續行認可。第13條：應辦理協助擬訂復工計畫、工作分析、功能性能力評估、生理心理強化訓練、輔助設施器具設備工作環境改善需求評估及職務再設計建議、個案管理及復工追蹤等。第15條：職醫每年參加個案研討會不少於三小時，治療師心理師在職訓練每年不少於十二小時。第17條：文件保存至少七年。第18條：每年度個案管理至少五十件、復工計畫建議報告強化訓練輔具評估職務再設計等至少十件，未達者令限期改善（花東澎金馬得酌減）。第19條：完成服務後十個工作日內申報，每年一月及七月審核補助。	Articles 12–19.	draft	7		
Q1190	OSH	OSH-82	職業災害勞工職能復健專業機構認可管理及補助辦法	第22條	民國114年12月23日	職能復健機構-撤銷廢止	2	認可職能復健專業機構有何情形得經審議小組審議後撤銷或廢止認可？撤銷廢止後幾年內不得再申請？	年度報表遲交、人員異動未報備、門診診次不足、收費超過健保標準、未參加評鑑等；五年	停業歇業未申請廢止、機構搬遷未報備、治療師未完成在職訓練、文件僅保存三年等；十年	申請書件虛偽不實、規避妨礙拒絕查核、評鑑品質不良、違反醫事法規、限期改善未改善等；二年	申請書件虛偽不實、規避妨礙拒絕查核、評鑑品質不良、違反醫事法規、限期改善未改善等；一年	Accreditation may be revoked after review when, and re-application is barred for:	Late annual reports, unreported personnel changes, too few clinic sessions, charging above NHI rates, or skipping evaluation; 5 years	Closing without applying for revocation, relocating without notice, therapists missing in-service training, or keeping records only three years; 10 years	False application documents, obstructing inspections, poor evaluation results, violating medical laws, or failing to improve by deadline; 2 years	False application documents, obstructing inspections, poor evaluation results, violating medical laws, or failing to improve by deadline; 1 year	c	第7至9條：認可審議小組委員七至十一人，任期三年，任一性別不少於三分之一，過半數出席過半數同意。第20條：得查核人員資格及服務情形，不得規避妨礙拒絕。第21條：得評鑑並公開。第22條：申請書件虛偽不實、規避妨礙或拒絕查核、評鑑結果品質不良、違反醫事相關法規、未達基本服務量或查核應改善屆期未改善、其他違反者得撤銷或廢止，二年內不得再申請。第23條：條件異動不符、停業歇業、中止辦理者應於三十日內申請廢止。第24條：得不予補助並令返還。第27條：得委託職災預防及重建中心辦理認可管理查核評鑑及補助審查。	Articles 7–9 and 20–27.	draft	7		
Q1191	OSH	OSH-83	職業災害預防及職業災害勞工重建補助辦法	第2條	民國113年12月12日	職災預防重建補助-項目	2	職業災害預防及職業災害勞工重建補助事項包括？中央主管機關應於每年何時前公告次年度補助重點？	工作場所危害檢測、機械設備型式驗證、健康檢查費用補助、勞工體適能促進、企業安全文化評鑑及表揚等；三月底前	職災預防技術研發及培訓、預防及重建宣導、職業傷病調查研究、診療研發運用、重返職場輔助設施研發推廣、重返職場研究等；六月底前	職災預防技術研發及培訓、預防及重建宣導、職業傷病調查研究、診療研發運用、重返職場輔助設施研發推廣、重返職場研究等；十二月底前	職業訓練費用補助、失業給付發放、職災勞工生活津貼核發、職業病鑑定費用補助、勞保費用減免、就業媒合服務等；一月底前	Subsidized occupational accident prevention and rehabilitation items include, and the central authority announces next year's priorities by:	Workplace hazard monitoring, machinery type verification, health examination subsidies, worker fitness promotion, and corporate safety culture evaluation and awards; the end of March	R&D and training of prevention technology, prevention and rehabilitation promotion, occupational injury/disease investigation and research, diagnosis R&D, return-to-work aids R&D and research; the end of June	R&D and training of prevention technology, prevention and rehabilitation promotion, occupational injury/disease investigation and research, diagnosis R&D, return-to-work aids R&D and research; the end of December	Vocational training fee subsidies, unemployment benefits, living allowances for injured workers, disease determination fees, insurance premium reductions and job matching; the end of January	b	第2條：補助事項為職業災害預防技術之研發及培訓、職業災害預防及職業災害勞工重建之宣導、職業傷病之調查及研究、職業傷病診療之研發及運用、職災勞工重返職場輔助設施之研發及推廣、重返職場相關研究、其他事項；中央主管機關應於每年六月底前公告次年度重點及優先補助事項。第3條：受補助單位應於每年八月底前提出實施計畫及申請書（單位名稱計畫名稱目標人力主持人資歷經費概算方法期間預期成效證明文件），年度執行期間為次年一月一日至十二月三十一日。第19條：經費由勞工職業災害保險基金支應。	Articles 2–3 and 19.	draft	7		
Q1192	OSH	OSH-83	職業災害預防及職業災害勞工重建補助辦法	第4條	民國113年12月12日	職災預防重建補助-資格	3	申請職業災害預防技術研發及培訓補助之單位及計畫主持人資格為何？每一計畫主持人每年得申請幾個計畫？	依法設立之勞工雇主或職災勞工團體；主持人現任醫療機構主治醫師五年以上或具碩士學位從事職業重建實務五年以上且有宣導經驗；二個	學術機構團體或職災研究機構團體；主持人曾任或現任大專校院職安衛或職業醫學助理教授以上三年以上或相當等級專業人員三年以上且有研發經驗；一個	各級政府機關或公營事業機構；主持人為現職公務人員薦任第九職等以上三年以上或取得職業安全衛生技師證書三年以上者；不限件數	學術機構團體或職災研究機構團體；主持人曾任或現任大專校院職安衛或職業醫學講師以上一年以上或相當等級專業人員一年以上且有教學經驗；三個	Who may apply for prevention technology R&D and training subsidies, with what principal investigator qualifications, and how many projects per investigator per year?	Lawfully established labor, employer or injured-worker organizations; PI as an attending physician for 5+ years, or a master's holder with 5 years of rehabilitation practice and promotion experience; two	Academic institutions, organizations or occupational accident research bodies; PI with 3+ years as assistant professor or above in OSH/occupational medicine, or equivalent professional with R&D experience; one	Government agencies at any level or state-owned enterprises; PI as a serving civil servant of rank 9 or above for 3+ years, or a certified OSH engineer for 3+ years; no limit	Academic institutions, organizations or occupational accident research bodies; PI with 1+ year as lecturer or above in OSH/occupational medicine, or equivalent professional with teaching experience; three	b	第4條：學術機構團體或從事職業災害研究之機構團體；主持人曾任或現任教育部認可大專校院教授職安衛職業醫學課程助理教授以上三年以上，或相當等級專業人員三年以上並有主持職災預防技術研發經驗。第5條：預防宣導為依法設立之勞工雇主或職災勞工團體，主持人具宣導實務三年以上。第6條：重建宣導為認可職能復健專業機構醫療機構身心障礙者職訓機構等，主持人具教學三年或實務五年。第7條：傷病調查研究及診療研發為學術機構團體教學醫院等，主持人助理教授三年、主治醫師二年或碩士以上從事三年之醫事人員。第8條：重返職場輔具研發及研究為學術機構或職業重建機構，主持人職業重建助理教授三年等。第9條：每一計畫主持人每年以申請一個計畫為限，延續性者首年提出總計畫分年申請。	Articles 4–9.	draft	7		
Q1193	OSH	OSH-83	職業災害預防及職業災害勞工重建補助辦法	第14條	民國113年12月12日	職災預防重建補助-核銷與返還	3	受補助單位應於實施計畫完成後幾日內或每年幾月幾日前送交成果核銷？提供虛偽文件或未確實執行者，得列為幾年內不予補助對象？	三十日；十二月五日；五年	九十日；三月三十一日；一年	六十日；六月三十日；十年	十日；一月三十一日；三年	Subsidized units must submit results for settlement within how many days of completion or by which date each year, and providers of false documents or non-performers may be barred from subsidies for:	30 days; December 5; 5 years	90 days; March 31; 1 year	60 days; June 30; 10 years	10 days; January 31; 3 years	a	第10條：初審後由職業災害預防及職業災害勞工重建補助審查小組審查，核定補助金額得分期撥款。第12條：得辦理期中及期末審查（未達六個月免期中）。第13條：得實地訪查或帳目查核。第14條：完成後三十日內或每年十二月五日前送成果及經費運用概況核銷，賸餘款或未執行經費繳回。第15條：提供虛偽文件、未確實執行、規避妨礙拒絕查核、其他違反者不予補助或撤銷廢止令返還，並得列為五年內不予補助對象，涉刑責移送。第16條：地方主管機關辦理災保法第62條第1項第1、3、4、6款事項得申請補助，年度終了後二十日內報備查。第17條：職災預防及重建中心得申請補助，每年一月底前提報次年度計畫及前一年度執行報告。	Articles 10–17.	draft	7		
Q1194	OSH	OSH-85	職業傷病診治醫療機構認可管理補助及職業傷病通報辦法	第2條	民國113年11月18日	職傷醫療機構-疑似職業病	3	職業傷病診治醫療機構認可辦法所稱「疑似職業病」係指？	依診斷工作經歷及流行病學證據可完全排除疾病與工作之因果關係，但勞工本人主觀認為該疾病係由工作所引起者	凡勞工於受僱期間所罹患之任何疾病，且經健保特約醫院任一科別醫師開具診斷證明書並載明與其工作有關者	依診斷工作經歷及流行病學證據無法排除疾病與工作之因果關係，且職業造成此疾病之因果關係可能性或貢獻程度未達百分之五十者	依診斷工作經歷及流行病學證據已確認疾病與工作之因果關係，且職業造成此疾病之因果關係可能性或貢獻程度超過百分之五十者	'Suspected occupational disease' under the accredited medical institution regulations means:	A disease whose link to work is entirely excluded by diagnosis, work history and epidemiology, but which the worker personally believes was caused by work	Any illness contracted during employment for which a physician of any department at an NHI-contracted hospital issues a certificate noting a work connection	A disease whose causal link to work cannot be excluded based on diagnosis, work history and epidemiology, but where the occupational contribution is below 50%	A disease whose causal link to work is confirmed by diagnosis, work history and epidemiology, and where the occupational contribution exceeds 50%	c	第2條：認可醫療機構指依災保法第73條第1項提供職業傷病診治整合性服務及辦理通報並經認可之醫療機構；網絡醫院指開設職業醫學科門診並加入認可醫療機構建立之區域服務網絡之醫療機構；疑似職業病指依疾病診斷罹病者工作經歷及流行病學證據無法排除因果關係且職業造成之因果可能性或貢獻程度未達百分之五十者；職業傷病通報指將職業病疑似職業病或職業傷害個案資料登錄於通報系統。	Article 2 (contrast: an occupational disease has occupational contribution over 50%).	draft	7		
Q1195	OSH	OSH-85	職業傷病診治醫療機構認可管理補助及職業傷病通報辦法	第3條	民國113年11月18日	職傷醫療機構-認可條件	3	醫療機構申請認可為職業傷病診治醫療機構，應為何等級醫院？職業傷病診治整合服務中心應聘有何人員？	醫學中心且教學醫院評鑑合格並具職業醫學科復健科骨科等十三科別；兼任職醫四名以上（一名主持醫師）及職業傷病個案管理師六名以上	區域醫院以上且教學醫院評鑑合格並具職業醫學科復健科骨科等十三科別；專任職醫二名以上（一名主持醫師）及職業傷病個案管理師四名以上	地區醫院以上且經健保特約並具職業醫學科復健科骨科等八科別；專任職醫一名以上（一名主持醫師）及職業傷病個案管理師二名以上	區域醫院以上且教學醫院評鑑合格並具家庭醫學科急診醫學科等五科別；專任護理人員二名以上（一名護理長）及社會工作師四名以上	An accredited occupational injury and disease medical institution must be at least what hospital level, and its integrated service center must employ:	Medical center with teaching hospital accreditation and 13 specified departments; at least four part-time occupational physicians (one director) and six case managers	Regional hospital or above with teaching hospital accreditation and 13 specified departments; at least two full-time occupational physicians (one director) and four case managers	District hospital or above with an NHI contract and 8 specified departments; at least one full-time occupational physician (one director) and two case managers	Regional hospital or above with teaching accreditation and 5 departments such as family and emergency medicine; at least two full-time nurses (one head nurse) and four social workers	b	第3條：健保特約；經醫院評鑑評定為區域醫院以上等級及教學醫院評鑑合格並至少具職業醫學科復健科骨科神經科胸腔科皮膚科內科外科眼科耳鼻喉科精神科放射線科病理科；成立院層級職業傷病醫療委員會或小組；設職業傷病診治整合服務中心並聘專任職醫二名以上（一名為主持醫師）及職業傷病個案管理師四名以上（一名得為專案經理）；設職能復健單位聘職能或物理治療師二名以上及臨床或諮商心理師一名以上。第4條：主持醫師應具三年以上職業傷病診治經驗。第5條：個案管理師應為醫護職能物理公衛職衛社工心理等相關系所畢業並具一年以上經驗（專科畢業三年經驗亦可）；專案經理二年以上經驗。第13條：認可有效期間最長三年，屆滿前九十日申請續行認可。	Articles 3–5 and 13.	draft	7		
Q1196	OSH	OSH-85	職業傷病診治醫療機構認可管理補助及職業傷病通報辦法	第14條	民國113年11月18日	職傷醫療機構-應辦事項	2	認可醫療機構每週應開設職業傷病門診幾診次以上？花東澎金馬地區？	一診次；一診次	五診次；四診次	三診次；二診次	十診次；五診次	Accredited institutions must hold at least how many occupational injury/disease clinic sessions weekly, and in Hualien, Taitung, Penghu, Kinmen and Lienchiang:	1 session; 1 session	5 sessions; 4 sessions	3 sessions; 2 sessions	10 sessions; 5 sessions	b	第14條：應設置職業傷病服務窗口；每週開設職業傷病門診五診次以上（花蓮臺東澎湖金門連江四診次以上）；提供診斷治療及職業病評估報告書、醫療復健及轉介、社會復健及職能復健服務或轉介、復工或配工評估建議、個案管理及復工追蹤、職業傷病通報、區域服務網絡建立及輔導網絡醫院、復工計畫醫療建議溝通協調、疑似職業病復工配工實地訪視、配合主管機關及保險人訪視評估、研習訓練宣導、個案調查支援等。第15條：主持醫師統籌診治、實地訪視、復工配工建議、通報、業務推廣績效、網絡醫院、人事業務經費。第16條：個案管理師應專責不得兼任無關工作。第17條：個案管理師每年在職訓練不少於十二小時。	Articles 14–17.	draft	7		
Q1197	OSH	OSH-85	職業傷病診治醫療機構認可管理補助及職業傷病通報辦法	第20條	民國113年11月18日	職傷醫療機構-復工追蹤	3	認可醫療機構對有復工需求之職業傷病個案，應追蹤至復工後幾個月？辦理個案追蹤之比率應達多少以上？	三個月；百分之七十	六個月；百分之九十	一個月；百分之五十	一年；百分之百	Accredited institutions must follow cases with return-to-work needs until how long after return, with a follow-up rate of at least:	3 months; 70%	6 months; 90%	1 month; 50%	1 year; 100%	a	第18條：應輔導網絡醫院建立診治通報轉介追蹤訪視機制。第19條：職醫評估必要時得整合職能復健專業機構協助擬訂復工計畫，並與職能復健單位雙向轉介。第20條：有復工需求之個案除經職醫評估無法復工或追蹤達三個月仍不能復工外應追蹤至復工後三個月；追蹤比率應達百分之七十以上，無復工意願者須記載理由；不能復工者得轉介職業重建及就業服務體系。第21條：職醫應視個案辦理疑似職業病實地訪視，必要時報請協調勞檢機構協助。第22條：中央主管機關得要求作成職業病評估報告書或職業醫學證據調查報告書。第27條：報告書訪視及服務紀錄保存至少七年。	Articles 18–22 and 27.	draft	7		
Q1198	OSH	OSH-85	職業傷病診治醫療機構認可管理補助及職業傷病通報辦法	第28條	民國113年11月18日	職傷醫療機構-基本服務量	3	認可醫療機構申請基本服務量補助之年度服務量，職業傷害通報幾件以上？職業病與疑似職業病通報合計幾件以上（其中職業病幾件）？評估報告書合計幾件？	一百件；五十件（三十件職業病）；二十件	一百八十件；九十件（六十件職業病）；四十件	五十件；二十件（十件職業病）；十件	五百件；三百件（二百件職業病）；一百件	Annual basic service volumes for subsidy require at least how many occupational injury notifications, how many occupational and suspected occupational disease notifications (with how many confirmed), and how many assessment reports?	100; 50 (30 confirmed); 20	180; 90 (60 confirmed); 40	50; 20 (10 confirmed); 10	500; 300 (200 confirmed); 100	b	第28條：年度基本服務量為職業傷害通報一百八十件以上、職業病與疑似職業病通報合計九十件以上其中六十件以上為職業病、職業病評估報告書職業醫學證據調查報告書及第25條評估結果合計四十件以上、每週門診五診次以上且每年求診人數一百三十人以上求診人次五百人次以上；職業病包括職業病種類表所列、視為職業病、及非表列但職醫診斷貢獻程度大於百分之五十有文獻佐證者。第29條：未達者得等比率酌減補助並令限期改善（花東澎金馬除外）。第30條：超過通報件數、院內轉介、疑似職業病實地訪視報告、訪視後診斷為職業病之評估報告、輔導網絡醫院、主持醫師、專案指定調查等得申請額外補助。第31條：一至六月辦理者七月提出、七至十二月者翌年一月提出；首次認可得先補助基本服務量補助金額二分之一。	Articles 28–31.	draft	7		
Q1199	OSH	OSH-85	職業傷病診治醫療機構認可管理補助及職業傷病通報辦法	第41條	民國113年11月18日	職傷通報-期限	2	認可醫療機構應自個案確認為職業傷病後幾個工作日內通報至職業傷病通報系統？通報內容包括？	二十個工作日；個案基本資料、職業病通報（疾病診斷職業暴露時序性流行病學文獻等）、職業傷害通報（傷病診斷傷害類型發生經過）	確認當日；雇主基本資料、職業病通報（疾病診斷罰鍰金額檢查結果等）、職業傷害通報（傷病診斷責任歸屬賠償金額）	三個工作日；個案基本資料、職業病通報（疾病診斷職業暴露時序性流行病學文獻等）、職業傷害通報（傷病診斷傷害類型發生經過）	六十日；個案基本資料、職業病通報（投保年資薪資紀錄勞保給付情形等）、職業傷害通報（醫療費用明細住院天數復工日期）	Accredited institutions must report confirmed occupational injury or disease cases to the notification system within how many working days, including:	20 working days; basic case data, occupational disease details (diagnosis, exposure, chronology, epidemiology) and occupational injury details (diagnosis, injury type, circumstances)	The same day; employer data, occupational disease details (diagnosis, fine amount, inspection results) and occupational injury details (diagnosis, liability, compensation paid)	3 working days; basic case data, occupational disease details (diagnosis, exposure, chronology, epidemiology) and occupational injury details (diagnosis, injury type, circumstances)	60 days; basic case data, occupational disease details (insured seniority, wage records, benefits paid) and occupational injury details (medical costs, days hospitalized, return date)	a	第39條：中央主管機關應建立及公告職業傷病通報系統。第40條：通報內容包括個案基本資料（姓名身分證明文件字號傷病名稱聯絡方式）、職業病通報（疾病診斷職業暴露時序性流行病學文獻及其他影響因子）、職業傷害通報（傷病診斷職業傷害類型及發生經過）；由職醫及個案管理師負責蒐集；每年提供分析報告。第41條：應自個案確認為職業傷病後二十個工作日內通報。第42條：雇主、其他醫事服務機構或人員知悉勞工遭遇職業傷病者及勞工本人得通報姓名身分證字號傷病名稱聯絡方式等以提供服務協助。第35條：職醫未親自診療、未通報或通報不實等得撤銷廢止認可，二年內不得再申請。	Articles 35 and 39–42; employers, other providers and workers may also report voluntarily.	draft	7		
Q1200	OSH	OSH-81	職業災害勞工職業重建補助辦法	第3條	民國103年7月14日	職業重建-事項	2	職業災害勞工職業重建包括哪些事項？其對象為何？	心理輔導及社會適應、工作能力評估及強化、職務再設計、職業輔導評量、職業訓練、就業服務追蹤及輔導再就業、相關研究；凡於事業單位受僱之全體勞工及其家屬	醫療費用補助、看護費用給付、喪葬津貼核發、傷病給付展延、輔助器具租借及就業媒合等；經地方主管機關認定為低收入戶之失業身心障礙者	失業給付核發、退休金提繳、資遣費計算、勞資爭議調解、工資墊償、職業訓練生活津貼發給等；經醫師診斷為職業傷病致工作能力降低或喪失者	心理輔導及社會適應、工作能力評估及強化、職務再設計、職業輔導評量、職業訓練、就業服務追蹤及輔導再就業、相關研究；經醫師診斷為職業傷病致工作能力降低或喪失者	Vocational rehabilitation for occupational accident workers covers, and targets:	Psychological counseling and social adaptation, work capacity assessment and strengthening, job redesign, vocational evaluation, vocational training, employment services and follow-up, and research; all workers employed by an enterprise, together with their spouses and dependent family members	Medical expense subsidies, care payments, funeral allowances, extended injury benefits, assistive device rental and job matching; unemployed persons with disabilities certified as low-income households by the local authority	Unemployment benefit payment, pension contributions, severance calculation, labor dispute mediation, wage arrears repayment and training living allowances; workers diagnosed with occupational injury or disease whose work capacity is reduced or lost	Psychological counseling and social adaptation, work capacity assessment and strengthening, job redesign, vocational evaluation, vocational training, employment services and follow-up, and research; workers diagnosed with occupational injury or disease whose work capacity is reduced or lost	d	第3條：心理輔導及社會適應、工作能力評估及強化、職務再設計、職業輔導評量、職業訓練、就業服務追蹤及輔導再就業、其他職業重建研究。第4條：對象為勞工發生職業災害後經醫師診斷為職業傷病致工作能力降低或喪失者。第6條：工作能力評估及強化指提供工作分析及功能性體能測驗並進行增進生心理功能之治療復健及訓練，單位應置職能或物理治療師一人以上，個案管理每四十人置個案管理員一人。第8條：職務再設計指協調改善工作環境機具設備調整職務內容方法條件或應用就業輔助器具，應置相關系所畢業有一年以上經驗者二人以上。第9條：職業輔導評量每七人置評量員一人並設專用評量室。	Articles 3–9.	draft	7		
Q1201	OSH	OSH-81	職業災害勞工職業重建補助辦法	第11條	民國103年7月14日	職業重建-就業服務人力	3	辦理職災勞工就業服務之單位，就業媒合服務每月服務量每幾人置就業服務員一人？支持性就業服務每幾人一人？	三十人；六人	十人；三人	一百人；二十人	五十人；十人	Employment service units for occupational accident workers need one employment specialist per how many monthly job-matching clients, and per how many supported-employment clients?	30; 6	10; 3	100; 20	50; 10	a	第11條：依法設立之就業服務機構或身心障礙者就業服務機構或受委託辦理者；就業媒合服務每月服務量每三十人置就業服務員一人（網際網路求職不計入），支持性就業服務每六人置一人，不足者以該數計。第13條：辦理二款以上服務應以個案管理方式為之。第14條：個案管理員及就業服務員應具社工師職能治療師或特教教師證書、相關科系畢業、非相關科系畢業服務滿一年且訓練八十小時或訓練一百六十小時、高中職畢業服務滿二年且訓練二百四十小時或訓練四百小時之一；職業輔導評量員另應受評量訓練一百六十小時。	Articles 11–14.	draft	7		
Q1202	OSH	OSH-81	職業災害勞工職業重建補助辦法	第15條	民國103年7月14日	職業重建-申請與核銷	3	申請職業重建補助之單位應於每年何時前向職安署提出申請？計畫完成後幾日內送成果核銷？未確實執行者列為幾年內不予補助對象？	六月或九月底前；六十日；一年	二月或七月底前；三十日；五年	十二月底前；九十日；十年	一月底前；十日；三年	Vocational rehabilitation subsidy applications are due by, results for settlement within, and non-performers are barred for:	The end of June or September; 60 days; 1 year	The end of February or July; 30 days; 5 years	The end of December; 90 days; 10 years	The end of January; 10 days; 3 years	b	第15條：應訂定實施計畫書（單位名稱計畫名稱目標人力主持人資歷經費概算方法期間預期成效）並填申請書於每年二月或七月底前向職安署提出。第16條：延續性者首年提出總計畫分年申請。第17條：職安署審核後組職業災害預防及重建補助審查委員會審議，每年二月底前將前一年度補助情形報中央主管機關備查。第19條：得分期撥款並期中期末審查。第20條：完成後三十日內送成果核銷，剩餘款繳回。第21條：得實地查訪稽核及績效評估。第22條：未確實執行或無故拒絕查核者撤回補助追回款項並列為五年內不予補助對象。	Articles 15–22.	draft	7		
Q1203	OSH	OSH-84	職業災害預防補助辦法	第2條	民國103年7月14日	職災預防補助-公告	2	中央主管機關應於每年何時前公告下年度職業災害預防重點及優先補助事項？	十月底前（特殊需要得隨時公告）	六月底前（特殊需要不得變更）	一月底前（特殊需要得報請核定）	三月底前（特殊需要得延後公告）	The central authority must announce next year's occupational accident prevention priorities by:	The end of October (or any time for special needs)	The end of June (no changes allowed for special needs)	The end of January (subject to approval for special needs)	The end of March (announcement deferred for special needs)	a	第2條：申請職災勞工保護法第10條第1項第1至5款及第8款職業災害預防事項之補助依本辦法辦理；中央主管機關應於每年十月底前公告下年度職業災害預防重點及優先補助事項，特殊需要得隨時公告。第3條：研究及規劃補助單位為大專校院或職災研究機構，主持人具教授副教授或助理教授合計三年以上或相當專業人員三年以上並有主持研究能力。第4條：培訓職業疾病醫師為全國性醫學會或設醫學系所附設醫院開辦職業疾病門診者。第5條：培訓職業衛生護理人員為全國性護理學協會或設護理科系所。	Articles 2–5.	draft	7		
Q1204	OSH	OSH-84	職業災害預防補助辦法	第7條	民國103年7月14日	職災預防補助-教育訓練單位	3	申請補助勞工安全衛生教育訓練之單位應符合何條件？每一計畫主持人一次以申請幾個計畫為限？	各級公立學校及工會團體、備有專屬教室及電腦設備、主持人具安全衛生技師證書五年以上或曾任勞動檢查員三年以上；二個	事業單位職訓機構及相關團體、訓練設施儀器完善師資健全、主持人具安全衛生教學經驗三年以上或訓練實務五年以上；一個	中央目的事業主管機關及所屬機構、經評鑑列為甲等以上、主持人具碩士學位並從事人力資源管理十年以上；不限件數	事業單位職訓機構及相關團體、訓練設施儀器完善師資健全、主持人具安全衛生教學經驗一年以上或訓練實務二年以上；三個	Units applying for OSH training subsidies must, and each project leader may apply for how many projects at a time?	Be public schools or trade unions with dedicated classrooms and computers, led by a certified OSH engineer of 5+ years or a former labor inspector of 3+ years; two	Be enterprises, training institutions or related groups with adequate facilities and faculty, led by someone with 3+ years of OSH teaching or 5+ years of training experience; one	Be central competent authorities and their agencies rated grade A or above, led by a master's degree holder with 10+ years in human resource management; no limit	Be enterprises, training institutions or related groups with adequate facilities and faculty, led by someone with 1+ year of OSH teaching or 2+ years of training experience; three	b	第6條：技術性專業性業務補助單位主持人應具安全衛生類科高考及格且實務三年以上或大專畢業實務五年以上。第7條：教育訓練補助單位為事業單位職業訓練機構及相關團體，訓練設施及儀器設備完善師資健全，主持人具安全衛生教學經驗三年以上或訓練實務五年以上。第8條：宣導單位主持人具宣導實務三年以上。第9條：每年二月或七月底前向職安署申請。第10條：每年各款以一個計畫且每一主持人一次以一個計畫為限。第14條：完成後三十日內核銷。第16條：未確實執行或拒絕查核者撤回補助追回款項並列五年內不予補助。	Articles 6–10 and 14–16.	draft	7		
Q1205	OSH	OSH-86	直轄市及縣市政府辦理協助職業災害勞工重返職場補助辦法	第2條	民國115年6月29日	重返職場補助-項目	2	直轄市及縣市政府協助職災勞工重返職場之補助項目有哪三種？	輔助設施補助、職能復健津貼、僱用職業災害勞工補助	輔助器具補助、失業給付津貼、僱用職業災害勞工獎金	輔助設施補助、職業訓練津貼、僱用身心障礙勞工補助	醫療費用補助、職能復健津貼、僱用中高齡勞工補助	The three local-government subsidies for returning occupational accident workers to work are:	Assistive facility subsidies, vocational rehabilitation allowances, and subsidies for employing occupational accident workers	Assistive device subsidies, unemployment benefit allowances, and bonuses for employing occupational accident workers	Assistive facility subsidies, vocational training allowances, and subsidies for employing workers with disabilities	Medical expense subsidies, vocational rehabilitation allowances, and subsidies for employing middle-aged and older workers	a	第2條：補助項目為輔助設施補助、職能復健津貼、僱用職業災害勞工補助。第3條：雇主依災保法第67條提供職災勞工從事工作必要之輔助設施得向地方主管機關申請補助，應於購置前或提供後九十日內備具申請書、僱用證明、認可職能復健專業機構開立之復工計畫或評估報告書、實地訪視同意書、改善前後照片、發票收據、未依身權法領取補助之聲明書。第4條：地方主管機關應於六十日內完成審核。第4條之1：購置前申請者應於核定送達之日起一百八十日內完成購置請領。	Articles 2–4-1.	draft	7		
Q1206	OSH	OSH-86	直轄市及縣市政府辦理協助職業災害勞工重返職場補助辦法	第5條	民國115年6月29日	重返職場補助-輔助設施限額	3	輔助設施補助以每一職災勞工同一事故補助總金額多少為限？雇主受領補助後應繼續僱用該勞工幾個月？	新臺幣五萬元；一個月	新臺幣十萬元；三個月	新臺幣二十萬元；六個月	新臺幣五十萬元；一年	Assistive facility subsidies are capped per worker per accident at, and the employer must keep employing the worker for at least:	NT$50,000; 1 month	NT$100,000; 3 months	NT$200,000; 6 months	NT$500,000; 1 year	c	第5條：每一職業災害勞工同一職業災害事故補助總金額以二十萬元為限。第6條：雇主受領輔助設施補助之日起六個月內應繼續僱用該職災勞工（不可歸責事由經同意者除外）。第7條：不實申領、非因職災傷病造成之工作障礙、已依第79條請領之項目、屬身權法第57條公共建築物應改善事項、屬職安法所定必要安全衛生設備、非工作所需、同一事由已領相同補助、規避拒絕查核等不予發給。	Articles 5–7.	draft	7		
Q1207	OSH	OSH-86	直轄市及縣市政府辦理協助職業災害勞工重返職場補助辦法	第11條	民國115年6月29日	重返職場補助-職能復健津貼	3	職能復健津貼之給付數額如何計算？發給日數以幾日為限？	依服務日數以投保薪資分級表第一等級百分之百除以三十之日額發給；三百六十日	依服務日數按每日定額新臺幣一千二百元發給；三十日	依服務日數以基本工資百分之五十除以三十之日額發給；九十日	依服務日數以投保薪資分級表第一等級百分之六十除以三十之日額發給；一百八十日	The vocational rehabilitation allowance is calculated how, and limited to how many days?	Service days times a daily rate of 100% of the grade-1 insured salary divided by 30; 360 days	Service days times a flat daily rate of NT$1,200; 30 days	Service days times a daily rate of 50% of the minimum wage divided by 30; 90 days	Service days times a daily rate of 60% of the grade-1 insured salary divided by 30; 180 days	d	第8條：補助對象為於認可醫療機構或認可職能復健專業機構接受職能復健服務（復工計畫擬訂、工作分析、工作模擬評估、功能性能力評估、強化訓練評估及生理心理功能強化訓練）之被保險人。第9條：服務完成後備具申請書、服務完成證明、存摺影本申請。第10條：地方主管機關三十日內審核。第11條：依服務完成證明所載服務日數，以投保薪資分級表第一等級百分之六十除以三十之日額標準發給，以一百八十日為限。第12條：不實申領、規避拒絕查核者不予發給。	Articles 8–12.	draft	7		
Q1208	OSH	OSH-86	直轄市及縣市政府辦理協助職業災害勞工重返職場補助辦法	第18條	民國115年6月29日	重返職場補助-僱用補助基準	3	原事業單位協助失能職災勞工復工並繼續僱用滿六個月，僱用第十至十五等級者每月補助平均月投保薪資百分之多少？第一至九等級？僱用其他事業單位之職災勞工者？	百分之三十；百分之五十；百分之五十及百分之七十	百分之十；百分之二十；百分之三十及四十	百分之五十；百分之七十；百分之七十及九十	百分之百；百分之百；百分之百	Original employers keeping disabled occupational accident workers for six months receive monthly subsidies of what share of average insured salary for grades 10–15 and grades 1–9, and other employers hiring such workers:	30%; 50%; 50% and 70%	10%; 20%; 30% and 40%	50%; 70%; 70% and 90%	100% for all	a	第13條：勞工發生職災之事業單位協助符合第43條失能程度且有工作能力之職災勞工恢復原工作調整職務或安置適當工作並繼續僱用滿六個月得申請補助。第14條：僱用其他事業單位之失能職災勞工滿六個月亦得申請。第16條：每滿六個月之次日起備具僱用名冊薪資清冊出勤紀錄復工證明失能給付核發證明投保證明非負責人配偶或三親等內親屬聲明書等申請。第18條：原事業單位第十至十五等級按平均月投保薪資百分之三十、第一至九等級百分之五十；第19條：其他事業單位分別為百分之五十及百分之七十；部分工時者依平均月薪資總額計算。第20條：同一事故合計以十二個月為限。第21條：未申報災保、負責人配偶或三親等內親屬、庇護工場、重複領取等不予發給。第22條：核撥後二年內追蹤。	Articles 13–22; combined limit 12 months per accident.	draft	7		
Q1209	OSH	OSH-87	財團法人職業災害預防及重建中心監督及管理辦法	第3條	民國111年3月23日	重建中心-董監事	3	財團法人職業災害預防及重建中心置董事幾人？其中幾分之幾以上應具職安職衛勞工健康職業傷病診治重建法律等專長？監察人幾人？	十五人至二十一人（單數）；全體均應；七人至九人	七人至十五人（單數）；三分之一以上；三人至五人	三人至五人（單數）；二分之一以上；一人至三人	五人至九人（單數）；四分之一以上；二人至四人	The Occupational Accident Prevention and Rehabilitation Center has how many directors, of whom at least what share must have OSH, health, medical, rehabilitation or legal expertise, and how many supervisors?	15 to 21 (odd number); all of them; 7 to 9	7 to 15 (odd number); at least one-third; 3 to 5	3 to 5 (odd number); at least one-half; 1 to 3	5 to 9 (odd number); at least one-quarter; 2 to 4	b	第2條：中心就董監事遴聘比例資格、捐助章程變更、基金投資、財產管理運用、會計制度、預決算編審核轉、績效評估、兼職費、薪資獎金、重大措施受勞動部監督管理。第3條：董事七人至十五人（單數）由勞動部遴聘，任一性別不少於三分之一，三分之一以上應具職業安全職業衛生勞工健康職業傷病診治職災勞工重建及法律等專長。第4條：監察人三人至五人由勞動部遴聘，任一性別不少於三分之一，至少一人具會計專長。第5條：捐助章程變更應經全體董事三分之二以上出席出席過半數同意後報勞動部許可，會議十日前通知不得臨時動議。	Articles 2–5.	draft	7		
Q1210	OSH	OSH-87	財團法人職業災害預防及重建中心監督及管理辦法	第9條	民國111年3月23日	重建中心-預決算	3	職災預防及重建中心年度預算書應於每年何時前送勞動部核轉立法院審議？決算書及會計師查核報告應於何時前送？	十二月三十一日前；一月三十一日前	一月三十一日前；六月三十日前	七月十五日前；三月三十一日前	五月三十一日前；九月三十日前	The Center's annual budget must be sent for legislative review by, and its final accounts with the CPA audit report by:	December 31; January 31	January 31; June 30	July 15; March 31	May 31; September 30	c	第6條：設立基金投資應符合財團法人法第19條第3項第2至6款並擬投資計畫經董事會通過報勞動部核准。第8條：應建立會計制度報核定。第9條：會計年度開始前訂定工作計畫編列預算書經董事會通過於每年七月十五日前送勞動部核轉立法院審議，秉持零基預算精神。第11條：前一年度工作成果及決算書提經董事會審定送監察人查核後連同會計師查核報告於每年三月三十一日前送核轉立法院審議。第12條：每年四月三十日前提報績效評估目標及前一年度績效評估結果，勞動部得組評鑑作業小組實地評鑑。第14條：專任董事長執行長薪資不超過部長待遇，副執行長及專業人員不超過政務次長待遇。第15條：獎金每人每年以平均二點五個月薪給為原則。第16條：受委託行使公權力事項應自行辦理。	Articles 6–16.	draft	7		
Q1211	OSH	OSH-88	危險性機械或設備代行檢查機構管理規則	第2條	民國106年10月2日	代檢機構-資格	3	危險性機械或設備代行檢查機構應具備之資格，下列何者正確？	從事危險性機械設備研究設計檢查或訓練二年以上著有成績之行政機關學術機關公營事業或非由受檢單位人員擔任代表人之非營利法人、訂有專業團體標準或發行技術期刊之學術機關或非營利法人、中央主管機關設立之職安衛非營利法人	從事勞工保險理賠或工程保險承保業務二年以上著有成績之產物保險公司或再保險公司、訂有承保作業標準或發行風險評估報告之金融機構、中央主管機關特許之保險公會及其所屬分支機構	從事危險性機械設備研究設計檢查或訓練五年以上著有成績之營利事業機構或由受檢單位人員擔任代表人之非營利法人、訂有內部作業規範或發行商情月刊之工商團體、地方主管機關設立之職業訓練營利法人或其委託之顧問公司	受檢事業單位自設並從事危險性機械設備維修保養二年以上之附屬檢查部門、訂有廠內檢查基準或發行內部通報之工廠安全室、由受檢單位負責人擔任代表人之財團法人附設檢查中心	Which bodies qualify as agent inspection bodies for dangerous machinery and equipment?	Government agencies, academic institutions, public enterprises or non-profit legal persons (not represented by inspected enterprises' staff) with 2+ years of relevant research, design, inspection or training; academic or non-profit bodies issuing professional standards or journals; the ministry's OSH non-profit	Property or reinsurance companies with 2+ years in labor insurance claims or engineering insurance underwriting; financial institutions issuing underwriting standards or risk assessment reports; insurance associations chartered by the central competent authority and their branches	For-profit business entities, or non-profit legal persons represented by inspected enterprises' staff, with 5+ years of relevant research, design, inspection or training; commercial groups issuing internal operating rules or trade monthlies; profit-making vocational training bodies set up by local authorities or the consulting firms they commission	In-house inspection departments set up by the inspected enterprise with 2+ years of maintenance work on such equipment; factory safety offices issuing plant inspection criteria or internal bulletins; foundation inspection centers represented by the enterprise's responsible person	a	第2條：曾從事危險性機械或設備之研究設計檢查或相關教育訓練二年以上著有成績之行政機關學術機關公營事業機構或非由受檢事業單位人員擔任代表人之非營利法人；訂有專業團體標準或發行專業技術期刊著有成績之學術機關或非營利法人；中央主管機關設立之職業安全衛生非營利法人。第3條：指定期間應具固定獨立辦事處所（檔案室設備存放室）、附表一檢查設備器具、代檢業務一級副主管及二級主管、足夠代檢員及事務人員。第4條：指定考量檢查區域機械設備數量項目種類勞檢機構人力及資格條件，必要時公開甄選。第5條：代檢業務應獨立運作，人員聘用資遣解聘變更應報核准。	Articles 2–5.	draft	7		
Q1212	OSH	OSH-88	危險性機械或設備代行檢查機構管理規則	第7條	民國106年10月2日	代檢機構-代檢員資格	3	代行檢查員應具備之資格，下列何者正確？代檢業務各級主管應具何資格？	專科以上相關科系畢業符合附表二資格並免職前訓練、高考相關類科及格並免職前訓練、曾任職業工會幹部經專業訓練合格、曾經在職訓練合格取得證書等；曾任機械技師並從事設計工作三年以上	高中職以上相關科系畢業符合附表二資格經職前訓練合格、普考相關類科及格經職前訓練合格、曾任職安衛管理員經專業訓練合格、曾參加研討會取得時數證明等；曾任代檢員並從事相關檢查工作一年以上	取得機械或電機技師證書經職前訓練合格、具甲級技術士技能檢定證照經職前訓練合格、曾任事業單位廠長經專業訓練合格、曾經雇主推薦取得證明等；曾任受檢單位主管並從事維修工作十年以上	專科以上相關科系畢業符合附表二資格經職前訓練合格、高考相關類科及格經職前訓練合格、曾任勞動檢查員經專業訓練合格、曾經職前訓練合格取得證書等；曾任勞檢員或代檢員並從事相關檢查工作五年以上	Agent inspectors must, and agent inspection supervisors must:	Be relevant college graduates meeting listed qualifications and exempt from pre-service training, pass the senior civil exam without training, be former union officers with professional training, or hold in-service training certificates; have been mechanical engineers with 3+ years of design work	Be senior high graduates of relevant departments meeting listed qualifications with pre-service training, pass the junior civil exam with training, be former OSH managers with professional training, or hold seminar attendance records; have served as agent inspectors with 1+ year of relevant inspection work	Hold mechanical or electrical engineer certificates with pre-service training, hold class-A skill certification with training, be former plant managers with professional training, or hold an employer recommendation; have supervised at inspected enterprises with 10+ years of maintenance work	Be relevant college graduates meeting listed qualifications with pre-service training, pass the senior civil exam with training, be former labor inspectors with professional training, or hold pre-service training certificates; have served as labor or agent inspectors with 5+ years of relevant inspection work	d	第7條：專科以上學校有關科系畢業符合附表二資格經代檢員職前訓練合格、高等考試或相當考試相關類科及格經職前訓練合格、曾任勞動檢查員經相關專業訓練合格、曾經職前訓練合格取得證書、其他經認定具相當資格；職前訓練項目時數依附表三。第8條：未具或喪失國籍、內亂外患罪、貪污、有期徒刑未執行畢、停職休職、褫奪公權、監護輔助宣告、曾遭撤銷資格或因案離職者不得為代檢業務人員。第9條：各級主管應曾任勞檢員或代檢員並從事相關機械設備檢查五年以上。第10條：應接受指定在職訓練。	Articles 7–10.	draft	7		
Q1213	OSH	OSH-88	危險性機械或設備代行檢查機構管理規則	第14條	民國106年10月2日	代檢機構-受理檢查	2	受檢單位於約定檢查日期因故不能配合，於檢查幾日前通知代檢機構延期者得不另行繳費？	三日前	七日前	當日	一日前	Inspected enterprises that cannot keep the appointment may reschedule without extra fees if they notify the agent body at least:	3 days before	7 days before	On the day	1 day before	a	第13條：應於指定資訊系統登載受檢單位名稱地址代表人電話、受檢機械設備型式容量、編號合格證號碼檢查日期有效期限等。第14條：受理申請應依約定日期指派代檢員檢查；受檢單位於檢查三日前通知延期者得不另行繳費另約期檢查，不可抗力者不受期限限制。第15條：應置足夠檢查設備安全器具，代檢員檢查前應充分瞭解受檢機械設備概況及以往檢查情形、熟悉法令、準備資料儀器工作服防護器具。第17條：主要原始發證資料保存至廢用止，其他檢查資料至少保存十年（微縮電子化者三年）。第18條：不得洩漏業務秘密，檔案室置專人管理。	Articles 13–18.	draft	7		
Q1214	OSH	OSH-88	危險性機械或設備代行檢查機構管理規則	第22條	民國106年10月2日	代檢機構-檢查結果	2	代檢員檢查合格應如何處理？不合格時？	作成紀錄，由受檢單位自行張貼合格標章並函請勞動檢查機構核發檢查明細表或合格證，已持合格證者免予簽署；告知不合格事項並由受檢單位自行報請主管機關處理，於紀錄表註記後自行改善	作成紀錄，於機械設備打印漆印或張貼合格標章並報請核發檢查明細表或合格證，已持合格證者於原證簽署註明有效期限；告知不合格事項並由代檢機構報請勞檢機構依法處理，於原證記事欄記載並通知改善	口頭告知並於三十日內補作紀錄，由代檢機構核發臨時使用許可證，已持合格證者一律延長一年有效期限；不合格時當場沒入該機械設備並移送司法機關偵辦，不另通知改善	作成紀錄，於機械設備打印漆印或張貼合格標章並報請核發檢查明細表或合格證，已持合格證者逕予換發新證；告知不合格事項並由代檢機構逕行處以罰鍰，於原證記事欄註銷並命立即停用	After a passing inspection the agent inspector must, and after a failing one:	Record it, let the enterprise affix the label itself and ask the labor inspection agency to issue the detail sheet or certificate (no endorsement needed); inform the enterprise of deficiencies, let it report to the authority itself and correct on its own	Record it, mark or label the equipment and have the body issue the detail sheet or certificate (or endorse an existing certificate with its validity); inform the enterprise of deficiencies, have the body report to the labor inspection agency, note it on the certificate and order improvement	Give verbal notice and complete the record within 30 days, have the body issue a temporary use permit and extend any existing certificate by one year; on failure, confiscate the equipment on the spot and refer it for prosecution without ordering improvement	Record it, mark or label the equipment and have the body issue the detail sheet or certificate (or reissue a brand-new certificate); inform the enterprise of the deficiencies found, let the agent body impose a fine directly, cancel the existing certificate and order immediate shutdown of the equipment	b	第21條：代檢員應依排定日程親自執行不得委由他人代理或變更日程。第22條：檢查後應作成紀錄；應發合格證明者於合格後在機械設備打印漆印或張貼檢查合格標章並報請代檢機構核發檢查明細表或檢查合格證；已持有合格證者於原證或必要文件簽署註明有效期限。第23條：不合格者告知事業單位不合格事項並由代檢機構報請勞檢機構依法處理，已持合格證者於記事欄記載並通知改善。第24條：應使代檢員獨立行使不受不當干預，遇不當干預應向中央主管機關報告，有利害關係應迴避。第25條：依檢查費收費標準收費解繳國庫。第26條：經費獨立專戶。	Articles 21–26.	draft	7		
Q1215	OSH	OSH-88	危險性機械或設備代行檢查機構管理規則	第28條	民國106年10月2日	代檢機構-考評與終止	3	對代檢機構之考評區分為哪三種？何種情形中央主管機關得終止指定？	內部稽核、外部評鑑、第三方認證；檢查設備數量不足、代檢員年資未滿五年、檢查資料保存未滿十年、經費未設專戶、代表人變更	平時督導、檢查品質監督、年終考評；年度報表遲交、代檢員請假未報備、檢查費解繳國庫逾期、檔案室未置專人管理、未參加在職訓練	平時督導、檢查品質監督、年終考評；未依法令執行、利用職權推介訓練或技術服務、使專職人員從事無關事務、違反契約、主動申請廢止、情節重大	年度考評、季度抽查、每月自評；未依法令執行、利用職權推介訓練或技術服務、使專職人員從事無關事務、違反契約、主動申請廢止	Agent inspection bodies are evaluated by which three means, and designation may be terminated when:	Internal audit, external evaluation and third-party certification; having too little inspection equipment, inspectors with under five years of service, records kept under ten years, no dedicated account, or a change of representative	Routine supervision, inspection quality monitoring and year-end evaluation; filing annual reports late, not reporting inspector leave, remitting fees to the treasury late, leaving the archive unattended, or missing in-service training	Routine supervision, inspection quality monitoring and year-end evaluation; failing to follow OSH laws, using inspection authority to promote training or services, diverting dedicated staff, breaching contracts, voluntarily applying, or serious violations	Annual evaluation, quarterly spot checks and monthly self-assessment; failing to follow OSH laws, using inspection authority to promote training or services, diverting dedicated staff to unrelated duties, breaching contracts, or voluntarily applying for revocation	c	第28條：考評區分為平時督導、檢查品質監督、年終考評。第29條：平時督導業務執行費用收支財產管理。第30條：不定期品質抽查、審核報告資料、判定結果有疑義、受檢單位申訴時實施品質監督。第31條：年終考評設備業務人員經費財產等。第32條：未依職安法令執行代檢業務、利用代行檢查職權推介教育訓練或技術服務、使專職人員從事無關事務、違反契約或未有效執行、主動申請廢止、其他情節重大者得終止指定。第6條：經廢止指定應於三十日內移交人員資料及委託費用購置之設備。第33、34條：成績優良自行研究有功效者得公開表揚，代檢員表現優良研究有貢獻主動協助消弭災害者得獎勵。	Articles 6 and 28–34.	draft	7		
Q1216	OSH	OSH-89	勞動檢查員遴用及專業訓練辦法	第2條	民國108年2月23日	勞檢員-遴用資格	3	勞動檢查員之遴用應具有何資格之一？	高考或相當考試會計統計財稅金融等類科及格、大學相關學系畢業並取得勞動部核發之勞動檢查證、相關研究所畢業並經工會團體推薦者	高考或相當考試理工醫農教育管理勞工社會法律等類科及格、大學相關學系畢業具公務人員或技術人員任用資格、相關研究所畢業具聘用或派用資格	普考或相當考試理工醫農教育管理勞工社會法律等類科及格、專科相關科系畢業具公務人員或技術人員任用資格、相關研究所畢業具技師執業資格	取得職業安全衛生管理師證照並具實務三年以上、大學任何學系畢業並經事業單位推薦、高中職畢業從事安全衛生工作十年以上具實績者	Labor inspectors must be recruited from those who:	Passed the senior civil service exam in accounting, statistics, taxation or finance, graduated from relevant departments and obtained an inspection card from the ministry, or hold graduate degrees recommended by a union	Passed the senior civil service exam in science, engineering, medicine, labor, law, etc., graduated from relevant departments with civil service or technical appointment eligibility, or hold relevant graduate degrees with contract or assignment eligibility	Passed the junior civil service exam in science, engineering, medicine, labor, law, etc., graduated from relevant junior college departments with civil service or technical appointment eligibility, or hold relevant graduate degrees with an engineer licence	Hold an OSH manager certificate with 3+ years of practice, graduated from any university department with an employer's recommendation, or are senior high graduates with 10+ years of proven safety and health work	b	第2條：公務人員高等考試或相當高等考試之理工醫農教育管理勞工社會法律等相當類科及格；國內外大學或獨立學院理工醫農勞工社會法律等相關學系畢業具公務人員或技術人員任用資格；相關研究所畢業具聘用人員聘用條例或派用人員派用條例聘用派用資格；曾依法任用擔任檢查員者不受限制。第3條：專業訓練分職前訓練、在職訓練及進修；職務分勞動條件檢查、一般安全衛生檢查、營造業安全衛生專業檢查、特殊有害作業環境專業檢查及危險性機械設備專業檢查；由中央主管機關統籌規劃。第10條：由所屬單位報請中央主管機關核發勞動檢查證。	Articles 2–3 and 10.	draft	7		
Q1217	OSH	OSH-89	勞動檢查員遴用及專業訓練辦法	第4條	民國108年2月23日	勞檢員-職前訓練	3	勞動檢查員職前訓練之學科訓練時數不得少於幾小時？術科實習檢查不得少於幾場次？各項專業檢查訓練時數不得低於幾小時？	三百小時；一百場（座）次；一百小時	一百小時；三十場（座）次；三十小時	五十小時；十場（座）次；二十小時	一百五十小時；六十場（座）次；六十小時	Labor inspector pre-service training requires at least how many hours of coursework, how many practical inspections, and each professional inspection course at least:	300 hours; 100 sessions; 100 hours	100 hours; 30 sessions; 30 hours	50 hours; 10 sessions; 20 hours	150 hours; 60 sessions; 60 hours	d	第4條：職前訓練學科不得少於一百五十小時（勞工行政勞動法令勞動條件與安全衛生知識檢查程序與技能），術科在指定檢查員指導下實習檢查不得少於六十場（座）次。第5條：在職訓練分專業檢查訓練（營造業安全衛生、特殊有害作業環境、危險性機械設備各不低於六十小時）、法規研討、檢查新知研討、工作專長研討、檢查專長研討、其他專題研討；指派受訓不得無正當理由拒絕。第6條：未完成專業檢查訓練者不得單獨執行各該專業檢查。第7條：成績優良者得選送進修或專題研究。	Articles 4–7.	draft	7		
Q1218	OSH	OSH-89	勞動檢查員遴用及專業訓練辦法	第8條	民國108年2月23日	勞檢員-在職訓練時數	2	勞動檢查員每人每年接受在職訓練（法規研討、檢查新知等）時數不得低於幾小時？	二十小時	十二小時	六小時	四十小時	Labor inspectors must receive at least how many hours of in-service training per year?	20 hours	12 hours	6 hours	40 hours	a	第8條：每人每年接受第5條第1項第2至6款在職訓練時數不得低於二十小時，新進人員該年接受職前訓練者除外。第9條：受訓期間應遵守規定，曠課或時數不足者視情節處理；訓練應予記錄。第10條：勞檢機構之檢查員由所屬單位檢附資格證明派令報請中央主管機關核發勞動檢查證，上級主管機關督導人員亦得核發。	Articles 8–10.	draft	7		
Q1219	OSH	OSH-90	勞動檢查員執行職務迴避辦法	第2條	民國109年4月17日	勞檢員迴避-自行迴避	3	勞動檢查員有下列何種情形應自行迴避？	曾對受檢事業單位實施檢查並作成處分達三次以上、與事業主或負責人曾有業務往來而為契約當事人、本人或配偶前配偶曾於五年內任職於同業其他事業單位者	投資受檢事業單位達資本額百分之二十以上、與事業主或負責人有因執行檢查所致糾紛而為訴訟當事人足認有偏頗之虞、本人或配偶前配偶二親等內血親一親等內姻親等受僱於受檢單位	曾於受檢事業單位參觀訪問或接受招待達二次以上、與該單位員工為同鄉或同校校友足認有偏頗之虞、本人或配偶之友人受僱於該受檢事業單位擔任基層作業人員	投資受檢事業單位達資本額百分之五以上、與事業主或負責人有非因檢查所致糾紛而為訴訟當事人足認有偏頗之虞、本人或配偶前配偶四親等內血親三親等內姻親等為受檢單位事業主或負責人	A labor inspector must recuse when:	Having inspected the enterprise and imposed penalties three times or more, having had business dealings with its owner as a contracting party, or the inspector or spouse having worked at another firm in the same industry within five years	Holding 20% or more of the inspected enterprise's capital, being a litigation party with its owner over a dispute arising from inspection duties, or the inspector or close relatives (spouse, ex-spouse, blood relatives within two degrees, in-laws within one) being its employees	Having visited or been entertained by the inspected enterprise twice or more, sharing a hometown or alma mater with its staff in a way suggesting bias, or friends of the inspector or spouse working there as line operators	Holding 5% or more of the inspected enterprise's capital, being a litigation party with its owner over a non-inspection dispute suggesting bias, or the inspector or close relatives (spouse, ex-spouse, blood relatives within four degrees, in-laws within three) being the owner or manager	d	第2條：投資受檢事業單位達其資本額百分之五以上；現與或曾與受檢事業主或事業經營負責人發生非屬執行檢查職務所致之糾紛而為訴訟事件當事人足認執行職務有偏頗之虞；本人或其配偶前配偶四親等內血親三親等內血親之配偶配偶之三親等內血親或其配偶或曾有此關係者為受檢事業主或負責人。第4條：代行檢查員適用。	Article 2; Article 4 applies it to agent inspectors.	draft	7		
Q1220	OSH	OSH-90	勞動檢查員執行職務迴避辦法	第3條	民國109年4月17日	勞檢員迴避-異議	3	受檢事業單位之雇主工會或從業人員對應迴避而未迴避之勞檢員，得於檢查結果通知書送達翌日起幾日內提出異議？勞檢機構應於幾日內函復？異議有理由時？	十日；十日；對該檢查員處以罰鍰並記過	六十日；三十日；維持原檢查結果不重檢	七日；三日；由原檢查員重新實施檢查	三十日；十日；另行指派人員重新實施檢查	Objections to an inspector who failed to recuse may be filed within how many days of the inspection notice, the inspection agency replies within, and if justified:	10 days; 10 days; the inspector is fined and reprimanded	60 days; 30 days; the original result stands	7 days; 3 days; the same inspector re-inspects	30 days; 10 days; another inspector re-inspects	d	第3條：有應自行迴避情形而不迴避或有具體事實足認執行職務有偏頗之虞者，受檢事業單位之雇主工會或其他從業人員得於檢查結果通知書送達翌日起三十日內舉其原因及事實以書面向勞動檢查機構提出異議，檢查員得提出意見書；勞檢機構應於十日內函復事業單位並副知上級主管機關中央主管機關及該檢查員；異議有理由時應另行指派人員重新實施檢查。第5條：代行檢查機構及代行檢查員適用。	Articles 3 and 5.	draft	7		
Q1221	OSH	OSH-73	林場安全衛生設施規則	第3條	民國103年7月1日	林場-監督	3	林場機械集材裝置或運材索道之組合解體變更維修或集運材作業，原動機額定輸出達多少以上或柱木間斜距離合計多少以上時，雇主應選任技術熟練人員監督？	一千瓦或一點五馬力以上；五十公尺以上	七點五千瓦或十馬力以上；三百五十公尺以上	三千瓦或四馬力以上；一百公尺以上	十五千瓦或二十馬力以上；五百公尺以上	Skilled supervisors must be appointed for mechanical yarding or logging cableway work when engine output reaches, or total slope distance between spar trees reaches:	1 kW or 1.5 hp; 50 m	7.5 kW or 10 hp; 350 m	3 kW or 4 hp; 100 m	15 kW or 20 hp; 500 m	b	第2條：適用於林業及伐木業。第3條：原動機額定輸出在七點五千瓦或十馬力以上、柱木間斜距離合計三百五十公尺以上者應分別選任技術熟練人員監督。第4條：強風濃霧大雨大雪雷電昏暗等惡劣氣候應停止造林伐木造材集運材木馬運材作業並退避。第5條：危險作業應建立信號標準公告實施並做成手冊隨身攜帶，信號手應指定專人不得兼任其他職務。第7條：深入山區儘量避免單獨工作，應攜帶急救用具乾糧蛇藥指南針火柴小刀手斧手電筒。	Articles 2–7.	draft	7		
Q1222	OSH	OSH-73	林場安全衛生設施規則	第9條	民國103年7月1日	林場-伐木	3	坡度大於幾度之場所從事伐木作業，應於砍伐區下方及出入口劃定安全地帶？採伐胸高直徑超過幾公分之立木，倒口深度應達直徑幾分之幾以上？	十度；二十公分；五分之一	三十五度；四十公分；四分之一	二十度；三十公分；三分之一	四十五度；五十公分；二分之一	Felling on slopes steeper than what requires safety zones below and at entrances, and trees over what DBH need an undercut at least what fraction of the diameter?	10 degrees; 20 cm; one-fifth	35 degrees; 40 cm; one-quarter	20 degrees; 30 cm; one-third	45 degrees; 50 cm; one-half	b	第8條：伐木作業區應伐除危險枝條枯立木、出入口設警戒及嚴禁煙火標示、危及公路鐵路者採安全措施、非作業人員遠離、電力線區域須監視。第9條：坡度大於三十五度應於砍伐區下方及各出入口劃定安全地帶，有崩落倒塌危險者不得伐木。第10條：處理風倒木焚燃立木、手工具砍伐巨木、處理枯立木懸掛木等不得單獨作業。第11條：木楔為鐵製或堅硬木料且有一面粗糙。第12條：伐木前審度趨避路線、清除周圍危險物，胸高直徑超過四十公分之立木倒口深度應有直徑四分之一以上（油壓式伐木機除外）。第13條：鏈鋸應有防振裝置，油壓式伐木機應有堅固頂篷。	Articles 8–13.	draft	7		
Q1223	OSH	OSH-73	林場安全衛生設施規則	第20條	民國103年7月1日	林場-鋼索安全係數	3	機械集材裝置或運材索道之主索安全係數應在多少以上（新設者）？曳索作業索支持索？吊材索？	三以上（新設四）；五以上；八以上	二以上（新設三）；三以上；五以上	一點五以上（新設二）；二以上；三以上	二點四以上（新設二點七）；四以上；六以上	Minimum safety factors for skyline (new installations), haulback/working/guy lines and load lines on logging cableways are:	3.0 (4.0 new); 5; 8	2.0 (3.0 new); 3; 5	1.5 (2.0 new); 2; 3	2.4 (2.7 new); 4; 6	d	第20條：主索安全係數二點四以上，新設者二點七以上；曳索作業索（吊材索除外）安裝索及支持索四以上；吊材索六以上；主索載運人員應另有防墜安全裝置。第21條：一撚間素線截斷百分之十以上、直徑減少百分之七以上、顯著變形腐蝕、已扭結之鋼索不得使用。第19條：應設有效煞車、主索支持索作業索應在堅固固定物上繞捲二捲以上並以鋼索夾固定、柱木頂部支持索二條以上與支柱角度三十度以上。第22條：作業索最大使用時仍應保留繞捲捲胴二捲以上。第23條：吊材索應有標示或警報防止過捲。	Articles 19–23.	draft	7		
Q1224	OSH	OSH-73	林場安全衛生設施規則	第26條	民國103年7月1日	林場-集材機	3	集材機之捲胴底徑應為所使用鋼索直徑之幾倍以上？運材索道之運轉速度不得超過每秒幾公尺？	三十倍；一點零公尺	二十倍；二點五公尺	五倍；十點零公尺	十倍；五點零公尺	A yarder drum's root diameter must be at least how many times the rope diameter, and logging cableway speed may not exceed:	30 times; 1.0 m/s	20 times; 2.5 m/s	5 times; 10.0 m/s	10 times; 5.0 m/s	b	第26條：集材機置放位置穩固、捲胴底徑為鋼索直徑二十倍以上、有完備警報裝置、充分捲索容量及變速裝置；集材搬器應備二只以上走行滑輪直徑為主索直徑六倍以上（四只以上者五倍）；導索滑車十五倍、三角滑車七倍、緊張滑車十二倍、吊材滑車十八倍以上；集材徑間距離較搬器走行區間增加百分之二十以上且不得在主索兩端各百分之十區間走行。第27條：運材索道應有二種以上獨立煞車系統每天以逐增負荷試驗、曳索承索滾輪每天檢查、鳥居盤台錨錠經常檢查、運轉速度不得超過每秒二點五公尺。第28條：操作人員運轉中不得離開。第29條：禁止勞工乘坐搬器吊荷物重錘等懸掛物。	Articles 26–29.	draft	7		
Q1225	OSH	OSH-73	林場安全衛生設施規則	第31條	民國103年7月1日	林場-確認時機	2	雇主對架線等作業，應於哪些時機確認支柱固定錨鋼索煞車信號裝置等狀況？	每年定期檢查時、機具更換時、每季作業開始前、發生職業災害或經勞動檢查機構通知後	組裝或變更時、試運轉時、每月作業開始前、強風大雨大雪等惡劣氣候及輕微地震後	驗收啟用時、鋼索更換時、每週作業開始前、颱風警報解除及中級以上地震發生後	組裝或變更時、試運轉時、每日作業開始前、強風大雨大雪等惡劣氣候及中級以上地震後	Cableway installations must be checked at which times?	At annual periodic checks, when machinery is replaced, before each quarter's work, and after an accident or a notice from the inspection agency	On assembly or modification, at trial runs, before each month's work, and after severe weather or minor earthquakes	At commissioning, when ropes are replaced, before each week's work, and after a typhoon warning is lifted or a moderate-or-stronger earthquake	On assembly or modification, at trial runs, before each day's work, and after severe weather or moderate-or-stronger earthquakes	d	第31條：組裝或變更時確認支柱及固定錨、集材機運材機制動機安裝狀況；試運轉時確認各鋼索安裝狀況、搬器與鋼索連結、信號聯絡裝置；每日作業開始前確認煞車機能、作業索吊材索、搬器及與曳索連結、信號裝置；強風大雨大雪等惡劣氣候及中級以上地震後確認支柱固定錨、機器、鋼索、信號裝置。第33條：木馬運材每日作業前確認木馬道及制動鋼索，棧橋使用超過一個月或颱風豪雨後派人確認橋腳橋樑。第34條：森林道路應能承受荷重、危險區設防護、避車道距離不超過三百公尺。	Articles 31–34.	draft	7		
Q1226	OSH	OSH-73	林場安全衛生設施規則	第39條	民國103年7月1日	林場-貯木池與搬運	3	貯木池水深幾公尺以上應設警告標示並置救生設備？浮道首尾相接間距不得超過幾公分？木材裝運於卡車不得將幾分之幾以上長度伸置車外？	二公尺；一百公分；四分之一	一公尺；三十公分；二分之一	零點五公尺；五十公分；五分之一	一點三公尺；六十公分；三分之一	Log ponds deeper than what need warning signs and lifesaving gear, floating walkway gaps may not exceed, and logs on trucks may not overhang by more than:	2 m; 100 cm; one-quarter of their length	1 m; 30 cm; one-half of their length	0.5 m; 50 cm; one-fifth of their length	1.3 m; 60 cm; one-third of their length	d	第36條：貯木池卸材盤台應用堅實卵石或木板鋪墊並有擋木樑材。第38條：浮道應具強度、表面無突出物、首尾相接間距不得超過六十公分。第39條：水深一點三公尺以上應有警告標示並置救生設備、人工貯木池定期換水、水道不得建於高壓電力線附近。第41條：木材穩定排列並防翻落。第42條：貯木場嚴禁煙火。第44條：軌道動力車裝載易燃液體超過二百公升應與搭乘車廂隔離一車廂以上。第45條：木材裝運不得將三分之一以上長度伸置車外。第48條：鋼索夾鞍部壓著長端、間隔為鋼索直徑六倍以上、末端夾與繞回端距離三倍以上。	Articles 36–48.	draft	7		
Q1227	OSH	OSH-73	林場安全衛生設施規則	第54條	民國103年7月1日	林場-衛生	2	山區臨時性便坑之位置應距離作業場所至少幾公尺？深度減至幾公尺時應以泥沙覆蓋不得再使用？	二十公尺；零點六公尺	十公尺；一公尺	五公尺；一點五公尺	五十公尺；零點三公尺	Temporary latrines in mountain areas must be at least how far from work sites, and be covered and abandoned when their depth drops to:	20 m; 0.6 m	10 m; 1 m	5 m; 1.5 m	50 m; 0.3 m	a	第49至51條：山區作業應供給安全帽、攀樹供護腿、鏈鋸供防振手套、伐木造材集材供手套及腿部防護具。第52條：應指定人員維護環境衛生、工作站四周有排水設施。第53條：居住建築物應有防護保暖設施、防動植物危害、飲用水洗濯用水、通風照明、烹飪廢料衛生處理及盥洗餐飲浴廁、易腐物貯藏、急救藥品。第54條：臨時便坑距作業場所至少二十公尺、內覆砂石灰木屑、深度減至零點六公尺時覆蓋不再使用。第55條：洞穴儲藏室畜舍不得作寢室，茅舍帳篷不得作永久寢室。第57條：應採防毒蛇毒蟲有毒植物農藥危害措施並置備蛇藥。	Articles 49–57.	draft	7		
Q1228	OSH	OSH-74	礦場職業衛生設施標準	第4條	民國103年6月25日	礦場-通風	3	礦場坑內通風速度不得超過每分鐘幾公尺（直井及專用坑道）？入風坑通風量每人每分鐘應在幾立方公尺以上？	四百五十公尺（六百公尺）；三立方公尺	六百公尺（八百公尺）；五立方公尺	三百公尺（四百公尺）；一立方公尺	一百公尺（二百公尺）；零點五立方公尺	Mine ventilation velocity may not exceed how many meters per minute (shafts and dedicated tunnels), and intake airflow must be at least how much per person per minute?	450 m (600 m); 3 m³	600 m (800 m); 5 m³	300 m (400 m); 1 m³	100 m (200 m); 0.5 m³	a	第2條：適用於礦業。第3條：坑內溫濕作業環境依附圖甲區供應飲用水及食鹽、乙區另供維生素乙丙、丙區應停止作業（搶救通風排水間歇性作業除外）。第4條：通風速度不得超過每分鐘四百五十公尺，直井及專用坑道得增至六百公尺；入風坑通風量以同時在坑內作業最高人數每人每分鐘三立方公尺以上。第13條：坑內通風量每週確認一次以上，自然通風者於季節更換之際每日為之。	Articles 2–4 and 13.	draft	7		
Q1229	OSH	OSH-74	礦場職業衛生設施標準	第5條	民國103年6月25日	礦場-照明	3	礦場坑內帽用安全燈之照度不得低於多少米燭光？捲揚機室排水機室等機械設備場所照明不得低於多少米燭光？	二千米燭光；一百米燭光	一百米燭光；十米燭光	一萬米燭光；三百米燭光	五百米燭光；五十米燭光	Mine cap lamps must provide at least how many lux, and machinery rooms such as hoist or pump rooms at least:	2,000 lux; 100 lux	100 lux; 10 lux	10,000 lux; 300 lux	500 lux; 50 lux	a	第5條：應供應合格有效之帽用安全燈，照度計貼近帽燈測定不得低於二千米燭光（無火災爆炸危險之虞者得以其他燈具代替）；捲揚機室排水機室扇風機室等設有機械設備供作業或休息之場所照明不得低於一百米燭光。第12條：坑內作業應置備不滲透性工作鞋。	Articles 5 and 12.	draft	7		
Q1230	OSH	OSH-74	礦場職業衛生設施標準	第6條	民國103年6月25日	礦場-一氧化碳與氧氣	2	礦場坑內一氧化碳濃度超過百萬分之多少時應立即使勞工退避？氧氣濃度應保持在百分之多少以上？	五十 ppm；百分之十九	一百 ppm；百分之二十	三十五 ppm；百分之十八	二百 ppm；百分之十六	Mine workers must be evacuated when carbon monoxide exceeds, and oxygen must be kept at or above:	50 ppm; 19%	100 ppm; 20%	35 ppm; 18%	200 ppm; 16%	a	第6條：坑內一氧化碳濃度超過百萬分之五十時應立即使勞工退避至安全處所並予標示（戴空氣呼吸器搶救或處理通風系統者除外）。第7條：氧氣濃度應保持百分之十九以上，低於者不得作業（搶救及處理通風設備者除外）。第11條：發爆產生之粉塵或有害氣體未沖淡至容許暴露標準以下前不得接近。	Articles 6–7 and 11.	draft	7		
Q1231	OSH	OSH-74	礦場職業衛生設施標準	第10條	民國103年6月25日	礦場-廁所	3	礦場坑外廁所之便坑數，同時於坑內作業勞工每幾人以內應設置一個以上？廁所與廚房餐廳應距離幾公尺以上？	五十人；十公尺	十五人；二十公尺	二十五人；五十公尺	一百人；三十公尺	Mine surface toilets need at least one pit per how many underground workers, and must be at least how far from kitchens and dining rooms?	50; 10 m	15; 20 m	25; 50 m	100; 30 m	d	第8條：適當場所充分供應飲用水。第9條：坑外設更衣櫃盥洗設備及浴室，供應溫水肥皂。第10條：男女廁所分設；便坑數坑內作業每一百人以內一個以上、坑外每二十五人以內一個以上；男用便池坑內每六十人、坑外每十五人一個以上；女用便坑每十五人一個以上並設加蓋桶；便坑不得滲透；設洗手設備；廁所不得與工作場所直接通連並與廚房餐廳距離三十公尺以上（衛生沖水式除外）；每日清洗一次每週消毒一次；保持通風。	Articles 8–10.	draft	7		
Q1232	OSH	OSH-75	船舶清艙解體職業安全規則	第4條	民國110年9月10日	船舶清艙-定義	2	船舶清艙解體職業安全規則所稱「油輪清艙作業」包括？	油料之轉運、油泥之焚化、船體之除鏽及塗裝、廢油之銷售	貨艙之通風、惰性氣體之注入、壓艙水之排放及處理	油輪之清洗、油氣之清除、油泥之清除及下卸、油渣之清除及下卸	油輪之清洗、油氣之清除、船體之解體及拆卸、廢鋼之搬運及下卸	'Tanker cleaning operations' under the Ship Tank Cleaning and Breaking Rules include:	Transferring oil, incinerating sludge, derusting and painting the hull, and selling waste oil	Ventilating cargo tanks, injecting inert gas, and discharging and treating ballast water	Washing the tanker, removing oil vapor, removing and discharging sludge, and removing and discharging oil residue	Washing the tanker, removing oil vapor, dismantling and demolishing the hull, and moving and discharging scrap steel	c	第2條：油輪指貨艙主要用於運送原油及散裝液體油類貨物之船舶。第3條：化學液體船指裝載危險性或毒性液體物質貨物之船舶。第4條：清艙作業為油輪之清洗、油氣之清除、油泥之清除及下卸、油渣之清除及下卸。第5條：清艙作業就業場所應設鍋爐洗艙水加熱器洗艙機八具儲油槽含油污水槽油泥收集池油水分離器防爆型幫浦鼓風機可燃性氣體測定器四具氧氣測定器二具自給式呼吸器四具硫化氫測定器二具攔油索等設備。第58條：天然氣化學液體船或冷凍船之清艙準用。	Articles 2–5 and 58.	draft	7		
Q1233	OSH	OSH-75	船舶清艙解體職業安全規則	第7條	民國110年9月10日	船舶清艙-上下船設備	3	清艙作業設置之上下船扶梯寬度應在幾公分以上？扶手高度幾公分以上？解體船無舷梯時繩梯踏板寬度不得小於幾公分？	四十公分；六十公分；三十公分	五十五公分；八十公分；四十八公分	三十公分；五十公分；二十公分	七十公分；一百公分；六十公分	Gangways for tank cleaning must be at least how wide with handrails at least how high, and rope ladder treads on ships without gangways at least how wide?	40 cm; 60 cm; 30 cm	55 cm; 80 cm; 48 cm	30 cm; 50 cm; 20 cm	70 cm; 100 cm; 60 cm	b	第7條：清艙應設長度超過甲板寬度五十五公分以上扶手高度八十公分以上之扶梯並張設安全網。第15條：解體船上下船設備寬度五十五公分以上、兩側柵欄高度不低於八十公分或設扶繩；無舷梯者設繩梯，踏板寬度不小於四十八公分深不小於十一點四公分厚不小於二點五公分，間距三十點五至三十八公分。第16條：甲板臨時切割洞口應設圍欄擋板（高出甲板八十公分）或堅固蓋板。第8、17條：通道出入口保持暢通標示，照明燈具應使用防爆型。第9條：嚴禁煙火並指定吸菸場所。第10、19條：進入人員應穿戴安全帽安全鞋工作服，切割者護目鏡口罩，搬運者手套。	Articles 7–10 and 15–19.	draft	7		
Q1234	OSH	OSH-75	船舶清艙解體職業安全規則	第25條	民國110年9月10日	船舶清艙-準備	3	清艙作業準備時，應確認洗艙機橡皮管電氣導電部分之電阻低於每公尺多少歐姆？	一千歐姆	一歐姆	一百歐姆	十五歐姆	Before tank cleaning, the electrical continuity of tank-washing hoses must show resistance below how many ohms per meter?	1,000 ohms	1 ohm	100 ohms	15 ohms	d	第24條：應訂定操作程序清艙作業流程圖及注意事項告知勞工，並於岸上及船上分置急救人員。第25條：繫船用合格纜索、安置上下船設備、拆除甲板輕便電力裝備電線電源、關閉有吸入油氣之虞之空調進氣口、建立船岸通訊、關閉通往甲板之通道門窗、除去甲板裸露燈火電具、艙內積水殘油先抽送至污油艙並注入惰性氣體、確認洗艙機橡皮管及電氣導電部分接妥且電阻低於每公尺十五歐姆。第52條：機械安全管理員清艙前應檢點洗艙機電氣連接性並確認電阻低於每公尺十五歐姆。	Articles 24–25 and 52.	draft	7		
Q1235	OSH	OSH-75	船舶清艙解體職業安全規則	第26條	民國110年9月10日	船舶清艙-洗艙	3	油輪輕排水在幾萬公噸以上者，使用未加熱清潔海水洗艙時同一艙內不得同時使用幾具以上洗艙機？艙內未注惰性氣體時洗艙機海水流量每小時不得超過幾公噸、溫度不得超過攝氏幾度？	三萬五千公噸；三具；三十五公噸；六十度	一萬公噸；二具；二十公噸；四十度	五萬公噸；五具；五十公噸；八十度	二萬公噸；四具；一百公噸；一百度	For tankers of at least what lightweight displacement, unheated seawater washing may not use three or more machines in one tank, and without inert gas the flow and temperature limits are:	35,000 t; 3 machines; 35 t/h; 60°C	10,000 t; 2 machines; 20 t/h; 40°C	50,000 t; 5 machines; 50 t/h; 80°C	20,000 t; 4 machines; 100 t/h; 100°C	a	第26條：洗艙中應防止油氣進入艙內；輕排水三萬五千公噸以上者應避免使用高壓洗艙機化學除油劑循環沖洗水及加熱沖洗水，使用未加熱清潔海水時同一艙不得同時使用三具以上洗艙機（注有惰性氣體且氧氣低於百分之八者除外）；未注惰性氣體者洗艙機海水流量每小時不得超過三十五公噸溫度不得超過攝氏六十度；洗艙水隨時排乾；作業前沖洗各艙艙壁管路；污油水抽至污油艙，鼓風機通風前確認清洗淨盡。第27條：應告知洗艙機正確使用、放入艙內用專用索、油氣未完全排除前不得放入。	Articles 26–27.	draft	7		
Q1236	OSH	OSH-75	船舶清艙解體職業安全規則	第28條	民國110年9月10日	船舶清艙-進艙條件	2	使勞工進入油輪艙內作業前，應確認可燃性氣體濃度未超過爆炸下限之百分之多少？含氧量在百分之多少以上？	百分之二十五；百分之二十	百分之一；百分之二十一	百分之四；百分之十八	百分之十；百分之十九點五	Before workers enter a tanker's tank, flammable gas must be below what share of the lower explosive limit, and oxygen at least:	25%; 20%	1%; 21%	4%; 18%	10%; 19.5%	c	第28條：確認艙內可燃性氣體濃度未超過爆炸下限百分之四、含氧量百分之十八以上、毒性氣體在容許濃度以下；設置照明；檢點踏梯扶手；適當編班告知任務；檢查不浸透性工作服工具安全帽安全鞋防護具；禁止易產生靜電之衣物及產生火花之釘鞋電具工具；維持通風，停止通風即撤出；置安全監視人員並於甲板備置安全索及緊急援救呼吸器。第30條：油氣清除後含氧量百分之十八以上且可燃性氣體測定器指針在零，測點垂直深度三點以上最低點接近艙底。第43條：進入油艙機艙貨艙冷凍艙清除廢品至少二人以上交互前進，攜帶氣體自動警報器。	Articles 28, 30 and 43.	draft	7		
Q1237	OSH	OSH-75	船舶清艙解體職業安全規則	第31條	民國110年9月10日	船舶清艙-油泥清除	3	油泥油渣清除作業，人員進艙應編班，每班以負責清除幾艙為限？同一時間以不超過幾艙為原則？相鄰兩艙得否同時作業？	一艙；一艙；得	二艙；四艙；得	一艙；兩艙；不得	不限；不限；得	During sludge removal each shift handles at most how many tanks, at most how many tanks are worked simultaneously, and may adjacent tanks be worked at the same time?	1; 1; yes	2; 4; yes	1 tank; 2 tanks; no	Unlimited; unlimited; yes	c	第31條：確實通風；進艙前及工作中後測定毒性氣體可燃性氣體含氧量並記錄；使用安全工具；由上而下清除沉積於艙底後以氣動吊重機吊運；防止硫化鐵自然發火；化學藥品不得污染環境；每班以清除一艙為限，同一時間不超過兩艙；相鄰兩艙不得同時作業；人員進出登記管制；防爆型照明；高處作業繫安全帶；各艙作業於甲板設安全監視人員；吊桶下方禁止停留通行；雷電暴風雨立即停止；洗艙機孔設黃銅蓋帽。第29條：污油艙放流水須油水分離且符合環保法令始得排放。	Articles 29 and 31.	draft	7		
Q1238	OSH	OSH-75	船舶清艙解體職業安全規則	第33條	民國110年9月10日	船舶解體-切割順序	2	船舶解體切割工作應依何順序？上層甲板切割時下層甲板如何？	由外而內、由下而上，不得左右同時動工；應派監視人員進入	由上而下、由外而內，得上下及內外同時動工；限制一人進入	由下而上、由內而外，不得上下或內外同時動工；得照常作業	由上而下、由外而內，不得上下或內外同時動工；禁止人員進入	Ship-breaking cutting must proceed in what order, and while the upper deck is cut, the lower deck:	Outside-in and bottom-up, never simultaneously left and right; is entered only by a designated watchkeeper	Top-down and outside-in, allowing simultaneous work above and below or inside and outside; admits one person	Bottom-up and inside-out, never simultaneously above and below or inside and outside; works normally	Top-down and outside-in, never simultaneously above and below or inside and outside; is closed to personnel	d	第32條：危險物硫磺穀物未全部清除與二氧化碳滅火系統未拆除前不得切割。第33條：切割由上而下由外而內不得上下或內外同時動工，上層甲板切割時下層甲板禁止人員進入。第34條：切割物隨時搬離並清除尖銳碎片標示圍柵。第35、36條：氧乙炔切割依設施規則第八章第六節，鋼瓶依設施規則及高壓氣體規則。第38條：解體前清除油料油布木料爆炸性物質石綿。第39條：油輪解體油管拆除用不發火花工具、切割油艙設可燃性氣體警報器且含量不超過爆炸下限百分之四、開設相對窗戶通風。第41條：冷凍船解體應拆除夾層木板防熱體，進艙前測定缺氧毒性可燃性氣體，不得用明火照明。第44條：強風大雨雷電不得作業。	Articles 32–44.	draft	7		
Q1239	OSH	OSH-75	船舶清艙解體職業安全規則	第48條	民國110年9月10日	船舶清艙-安全作業主任	3	清艙安全作業主任應具何資格？解體安全作業主任？船上解體安全作業主任應督導每幾小時測定油艙機艙可燃性氣體一次？	高中以上畢業且曾任油輪二副以上三年或從事油輪解體三年以上；國中以上畢業且從事船舶解體三年以上；每兩小時	領有一等船副執業證書並曾任輪機長三年以上；領有技師證書且從事機械維修三年以上；每週一次	高中以上畢業且曾任油輪三副以上一年或從事油輪解體一年以上；國中以上畢業且從事船舶解體一年以上；每四小時	大學以上畢業且曾任油輪船長五年或從事油輪清艙五年以上；高中以上畢業且從事船舶解體五年以上；每日一次	Tank cleaning safety supervisors must have, ship-breaking safety supervisors must have, and onboard breaking supervisors must have flammable gas measured every:	High school graduation plus 3 years as tanker second officer or above or 3 years in tanker breaking; junior high plus 3 years in ship breaking; 2 hours	A first-class mate's licence plus 3 years as chief engineer; an engineer certificate plus 3 years of machinery maintenance; once weekly	High school graduation plus 1 year as tanker third officer or above or 1 year in tanker breaking; junior high plus 1 year in ship breaking; 4 hours	A university degree plus 5 years as a tanker captain or 5 years in tanker cleaning; high school plus 5 years in ship breaking; once daily	a	第46條：應指派實際負責人為安全負責人綜理安全業務並報勞檢機構備查。第47條：依船數選任清艙或解體安全作業主任，解體應於船上及岸上分別設置。第48條：清艙安全作業主任高中以上畢業且曾任油輪二副以上三年以上或從事油輪解體三年以上，任務含督導設備、規劃安全作業計畫標準、決定作業順序週期、督導自動檢查、督導測定可燃性毒性氣體缺氧、作業前檢查、指揮作業、災害時措施。第49條：解體安全作業主任國中以上畢業從事解體三年以上，可燃性氣體超過爆炸下限百分之四應立即停工；船上主任同一時間只能負責一艘船不得他離、每日開工前檢查扶梯艙蓋開口防護氣體設備吊具氣體含量救災器材防護具、督導油輪油艙機器艙每兩小時測定可燃性氣體一次、限制穿釘鞋者登船。第50條：選任安全作業管理員。第51條：洗艙勞工每班三至四人。	Articles 46–51.	draft	7		
Q1240	OSH	OSH-68	固定式起重機安全檢查構造標準	第5條	民國103年6月27日	固定式構造-容許應力	3	固定式起重機構造標準中，結構鋼材之基準容許應力 σa 取何者較小值？	降伏強度（或降伏點）除以 2，或抗拉強度除以 3	降伏強度（或降伏點）除以 1.5，或抗拉強度除以 1.8	降伏強度（或降伏點）除以 1.1，或抗拉強度除以 1.2	降伏強度（或降伏點）除以 1.15，或抗拉強度除以 1.5	In the fixed crane construction standard, the base allowable stress is the smaller of:	Yield strength divided by 2, or tensile strength divided by 3	Yield strength divided by 1.5, or tensile strength divided by 1.8	Yield strength divided by 1.1, or tensile strength divided by 1.2	Yield strength divided by 1.15, or tensile strength divided by 1.5	b	第3條：結構部分材料應符合 CNS 575、2473 SS400、2947、4269、4435、4437、7141、11109、13812 等鋼材或同等以上者；吊升荷重未滿五公噸之纜索起重機塔支柱牽條得用木材。第5條：σa 取降伏強度或降伏點除以 1.5 與抗拉強度除以 1.8 之較小者；容許抗拉應力＝σa、容許抗壓應力＝σa/1.15、容許抗剪應力＝σa/√3、容許承壓應力＝1.42σa。第7條：焊接部容許應力乘以焊接效率（對接 A 類 0.84/0.945），對接焊接處全長百分之二十以上實施放射線檢查合格者效率取 1.0。第11條：荷重狀態 B 得增值百分之十五，C 增值百分之三十。	Articles 3–11.	draft	7		
Q1241	OSH	OSH-68	固定式起重機安全檢查構造標準	第12條	民國103年6月27日	固定式構造-荷重	3	固定式起重機結構部分承載之荷重種類有哪些？地震荷重以垂直靜荷重之百分之多少水平動荷重計算？	垂直動荷重、垂直靜荷重、水平靜荷重、雪荷重、風荷重、地震荷重、疲勞荷重；百分之三十	垂直動荷重、垂直靜荷重、水平動荷重、熱荷重、風荷重、地震荷重、衝擊荷重；百分之十	垂直動荷重、垂直靜荷重、水平動荷重、熱荷重、風荷重、地震荷重、衝擊荷重；百分之二十	垂直動荷重、垂直靜荷重、水平動荷重、熱荷重、風荷重、波浪荷重、離心荷重；百分之五	Fixed crane structures must be designed for which loads, and seismic load is taken as what percentage of dead load acting horizontally?	Live, dead, horizontal static, snow, wind, seismic and fatigue loads; 30%	Live, dead, horizontal dynamic, thermal, wind, seismic and impact loads; 10%	Live, dead, horizontal dynamic, thermal, wind, seismic and impact loads; 20%	Live, dead, horizontal dynamic, thermal, wind, wave and centrifugal loads; 5%	c	第12條：垂直動荷重、垂直靜荷重、水平動荷重、熱荷重、風荷重、地震荷重、衝擊荷重。第13條：垂直動荷重為額定荷重吊鉤組吊具及揚程五十公尺以上鋼索重量。第15條：水平動荷重含慣性力（β＝0.01√v 平動、0.008√v 橫行直行、0.006√v 轉動）、離心力、車輪側向力。第16條：風荷重 W=qCA，速度壓作業時 q=83.4⁴√h（風速十六公尺/秒）、停止時 q=980.4⁴√h（五十五公尺/秒），h 未滿十六公尺以十六計。第17條：熱荷重溫度範圍攝氏負二十五度至四十五度。第18條：地震荷重為垂直靜荷重百分之二十之水平動荷重。第19條：衝擊荷重以額定速度百分之七十計算。	Articles 12–19.	draft	7		
Q1242	OSH	OSH-68	固定式起重機安全檢查構造標準	第20條	民國103年6月27日	固定式構造-衝擊係數與撓度	3	固定式起重機（伸臂起重機以外）之衝擊係數 Ψ 如何計算？架空式起重機桁架之最大撓度應為跨距之幾分之一以下？	Ψ＝1＋0.3V（下限 1.10 上限 1.30，V 為上升額定速率 m/s）；五百分之一	Ψ＝1＋0.9V（下限 1.20 上限 1.80，V 為上升額定速率 m/s）；一千分之一	Ψ＝1＋0.6V（下限 1.10 上限 1.60，V 為上升額定速率 m/s）；八百分之一	Ψ＝1＋1.0V（下限 1.15 上限 2.00，V 為橫行額定速率 m/s）；三百分之一	The impact factor for non-boom fixed cranes is, and the maximum girder deflection of overhead cranes must not exceed what fraction of span?	Ψ = 1 + 0.3V (min 1.10, max 1.30, V = rated hoisting speed in m/s); 1/500	Ψ = 1 + 0.9V (min 1.20, max 1.80, V = rated hoisting speed in m/s); 1/1000	Ψ = 1 + 0.6V (min 1.10, max 1.60, V = rated hoisting speed in m/s); 1/800	Ψ = 1 + 1.0V (min 1.15, max 2.00, V = rated traverse speed in m/s); 1/300	c	第20條：荷重狀態 A＝M[Ψ(垂直動荷重)＋垂直靜荷重＋水平動荷重]＋熱荷重，B 加作業時風荷重，C 為地震、衝擊或停止時風荷重組合；伸臂起重機 Ψ＝1＋0.3V（1.10～1.30），其他 Ψ＝1＋0.6V（1.10～1.60）；M 為作業係數。第21條：吊鉤斷裂荷重與最大荷重比四以上。第23條：架空式起重機桁架以額定荷重置於最不利位置時最大撓度為跨距八百分之一以下。第24條：安定度應確認翻倒支點安定力矩大於翻倒力矩：垂直動荷重 0.3 倍反方向、1.6 倍（塔式 1.4）、1.35 倍加水平動荷重及作業風荷重（塔式 1.1）、屋外無吊物時停止時風荷重。	Articles 20–24.	draft	7		
Q1243	OSH	OSH-68	固定式起重機安全檢查構造標準	第26條	民國103年6月27日	固定式構造-制動器	3	固定式起重機吊升裝置制動器之制動轉矩值應為額定荷重時最大轉矩之幾倍以上？人力操作之腳踏式制動力及制動行程上限？	一點二倍；一百牛頓、二十公分	二倍；二百牛頓、六十公分	一倍；五百牛頓、五十公分	一點五倍；三百牛頓、三十公分	Hoist brakes on fixed cranes need braking torque at least how many times the maximum torque at rated load, and foot-operated manual brakes are limited to:	1.2 times; 100 N and 20 cm stroke	2 times; 200 N and 60 cm stroke	1 time; 500 N and 50 cm stroke	1.5 times; 300 N and 30 cm stroke	d	第26條：吊升裝置及起伏裝置應設控制荷物或伸臂下降之制動器（液壓氣壓者除外）；制動轉矩值為額定荷重時最大轉矩值一點五倍以上，二個以上制動器為總合；應設動力遮斷時自行制動設備；人力操作者設擋齒裝置，腳踏式制動力三百牛頓以下行程三十公分以下、手動式二百牛頓以下六十公分以下；蝸桿蝸輪效率百分之七十五以下者摩擦阻力轉矩二分之一得計入。第27、28條：直行及橫行裝置應設制動器（屋內地面操作滑動軸承或每分鐘二十公尺以下、油壓、人力者除外）。	Articles 26–28.	draft	7		
Q1244	OSH	OSH-68	固定式起重機安全檢查構造標準	第34條	民國103年6月27日	固定式構造-過捲預防	3	固定式起重機過捲預防裝置應使吊具上方與碰撞物體下方保持多少間隔？直動式者？地面操作隨荷物移動之起重機直行橫行速度不得逾每分鐘幾公尺？	零點一公尺；零點零二公尺；二十公尺	零點五公尺；零點一公尺；一百公尺	零點二五公尺；零點零五公尺；六十三公尺	一公尺；零點二公尺；三十公尺	Fixed crane over-hoist limiters must keep what clearance between the hook and obstacles (direct-acting type), and pendant-operated cranes moving with the load may not exceed:	0.1 m; 0.02 m; 20 m/min	0.5 m; 0.1 m; 100 m/min	0.25 m; 0.05 m; 63 m/min	1 m; 0.2 m; 30 m/min	c	第33條：使用鋼索或吊鏈之吊升及起伏裝置應設過捲預防裝置（液壓氣壓絞車內燃機者除外）。第34條：應具自動遮斷動力及制動機能、間隔零點二五公尺以上（直動式零點零五公尺）、易於調整檢點；電氣式者外殼防水塵、銘板標示額定電壓電流、接點開放時防過捲、絕緣符合 CNS 2930。第35條：伸臂起重機應設過負荷預防裝置（未滿三公噸等除外）。第36條：起伏伸臂應設傾斜角指示裝置。第37條：液壓氣壓者設安全閥及逆止閥。第39條：走行起重機設警報裝置。第40條：吊鉤設脫落阻擋裝置。第41條：地面操作隨荷物移動者直行橫行速度不得逾每分鐘六十三公尺。	Articles 33–41.	draft	7		
Q1245	OSH	OSH-68	固定式起重機安全檢查構造標準	第52條	民國103年6月27日	固定式構造-走道與駕駛室	3	吊升荷重三公噸以上架空式起重機桁架走道之寬度應為幾公分以上？扶手高度？何種場所之起重機應設駕駛室？	三十公分；七十五公分（中欄杆及二公分腳趾板）；顯著高溫、顯著濕氣或屋外	四十公分；九十公分（中欄杆及三公分腳趾板）；顯著飛散粉塵、顯著低溫或屋外	五十公分；一百二十公分（上欄杆及十公分腳趾板）；顯著飛散粉塵或全部室內作業	六十公分；一百公分（中欄杆及五公分腳趾板）；顯著振動、顯著噪音或屋內	Girder walkways on overhead cranes of 3 t+ must be at least how wide with handrails how high, and which cranes need an enclosed cab?	30 cm; 75 cm (with mid-rail and 2 cm toe board); those in high temperature, high humidity or outdoors	40 cm; 90 cm (with mid-rail and 3 cm toe board); those in heavy dust, very low temperature or outdoors	50 cm; 120 cm (with top rail and 10 cm toe board); those in heavy dust or any indoor operation	60 cm; 100 cm (with mid-rail and 5 cm toe board); those in heavy vibration, heavy noise or indoors	b	第52條：三公噸以上架空式橋型式卸載機桁架及水平伸臂應以全長設走道，寬度四十公分以上，兩側設九十公分以上扶手中欄杆及三公分以上腳趾板。第54條：攀登梯踏板間隔二十五至三十五公分、與最近物水平距離十五公分以上、長度超過十五公尺每十公尺設平台、高度超過六公尺於距梯底二公尺以上設護籠。第55條：階梯傾斜七十五度以下、每階三十公分以下、階面十公分以上、超過十公尺每七點五公尺設平台、扶手七十五公分以上。第56條：顯著飛散粉塵、顯著低溫、屋外之起重機應設駕駛室，其他設駕駛台，地面操作者得免。第58條：懸吊駕駛室應以二條以上獨立鋼索或吊鏈懸吊並設斷裂時自動控制下降裝置（揚程二點五公尺以下除外）。	Articles 52–58.	draft	7		
Q1246	OSH	OSH-68	固定式起重機安全檢查構造標準	第63條	民國103年6月27日	固定式構造-鋼索安全係數	3	固定式起重機捲揚用鋼索之安全係數，依吊升裝置等級 A 至 F 分別為多少？駕駛室用捲揚鋼索？吊鏈？	3.55、4.0、4.5、5.0、5.0、5.0；9.0；五以上（懸吊駕駛室之吊鏈十以上）	3.0、3.5、4.0、4.0、4.0、4.0；2.7；三以上（懸吊駕駛室之吊鏈五以上）	4.0、4.0、4.0、4.0、4.0、4.0；4.0；四以上（懸吊駕駛室之吊鏈六以上）	6.0、6.0、6.0、6.0、6.0、6.0；6.0；六以上（懸吊駕駛室之吊鏈八以上）	Safety factors for hoisting ropes on fixed cranes by duty class A–F are, for cab hoisting ropes, and for chains:	3.55, 4.0, 4.5, 5.0, 5.0, 5.0; 9.0; at least 5 (10 for cab suspension chains)	3.0, 3.5, 4.0, 4.0, 4.0, 4.0; 2.7; at least 3 (5 for cab suspension chains)	4.0, 4.0, 4.0, 4.0, 4.0, 4.0; 4.0; at least 4 (6 for cab suspension chains)	6.0, 6.0, 6.0, 6.0, 6.0, 6.0; 6.0; at least 6 (8 for cab suspension chains)	a	第63條：捲揚用伸臂起伏用橫行用及纜索起重機直行用鋼索安全係數依等級 A～F 為 3.55/4.0/4.5/5.0/5.0/5.0；伸臂支持用拉緊用鋼索或牽索 3.0/3.5/4.0/4.0/4.0/4.0；纜索起重機主索或軌索 2.7；駕駛室用捲揚鋼索 9.0；一撚間素線截斷百分之十以上、直徑減少百分之七以上、顯著變形腐蝕、扭結者不得使用；吊具最低位置時捲胴留二捲以上；顯著高溫場所用鋼心鋼索；揚程五十公尺以下鋼索自重免計。第64條：吊鏈及滾子鏈條安全係數五以上（第58條懸吊駕駛室者十以上），吊鏈延伸超過百分之五、直徑減少超過百分之十、龜裂者不得使用。第65條：頂升式鋼索 3.55、鋼帶鋼棒 2.5、預力鋼絞線 2.5。第66條：應標示額定荷重並以銘牌標示製造者製造年月吊升荷重。	Articles 63–66.	draft	7		
Q1247	OSH	OSH-69	移動式起重機安全檢查構造標準	第14條	民國103年6月27日	移動式構造-荷重係數	3	移動式起重機結構強度計算之靜荷重係數及動荷重係數應各取多少以上？水平動荷重為水平移動部分自重及額定荷重各百分之多少？	一點一；一點二五；百分之五	一；一；百分之十	一點五；二；百分之二十	一點二；一點五；百分之三	Mobile crane strength calculations use dead load and live load factors of at least, and horizontal dynamic load equals what share of moving weight and rated load?	1.1; 1.25; 5%	1; 1; 10%	1.5; 2; 20%	1.2; 1.5; 3%	a	第11條：荷重種類為垂直動荷重、垂直靜荷重、水平動荷重、風荷重。第12條：水平動荷重為水平移動部分自重及額定荷重各百分之五同時作用於水平方向。第13條：風荷重 W=qCA，q=83⁴√h（h 未滿十六以十六計）。第14條：應計算垂直靜荷重×靜荷重係數＋垂直動荷重×動荷重係數之綜合應力，及再加水平荷重與風荷重之綜合應力；靜荷重係數一點一以上、動荷重係數一點二五以上；第二種組合容許應力得增值百分之十五。第15條：吊鉤斷裂荷重比四以上。	Articles 11–15.	draft	7		
Q1248	OSH	OSH-69	移動式起重機安全檢查構造標準	第17條	民國103年6月27日	移動式構造-安定度	3	移動式起重機後方安定度，位於伸臂所在側支點上之重量應為起重機重量百分之多少以上？前方安定度值應為多少以上？左右安定度以傾斜幾度不翻倒為準？	百分之二十；一點二七；四十五度	百分之十五；一點一五；三十度	百分之十；一點五；十五度	百分之五；一點一；二十度	Mobile crane rearward stability requires the weight on the boom-side fulcrum to be at least what share of crane weight, forward stability at least, and lateral stability at what tilt?	20%; 1.27; 45 degrees	15%; 1.15; 30 degrees	10%; 1.5; 15 degrees	5%; 1.1; 20 degrees	b	第17條：除履帶式及水上起重機外，伸臂中心線與行駛方向成直角時伸臂側支點重量應為起重機重量百分之十五以上，一致時應大於百分之十五與平均輪距和軸距比值之乘積；履帶式亦為百分之十五以上；計算時取最不利狀態、無吊升荷物、水平堅固地面、外伸撐座停止使用（具自動偵測及限制迴轉角度功能者除外）。第18條：前方安定度 SF＝(Wp＋Wa＋Wo)/(Wp＋Wa) 應為一點一五以上。第19條：水上起重機翻倒端乾舷高度大於零點三公尺。第20條：除履帶式外應具左右傾斜三十度不翻倒之左右安定度（無負載但燃料等滿載）。	Articles 17–20.	draft	7		
Q1249	OSH	OSH-69	移動式起重機安全檢查構造標準	第22條	民國103年6月27日	移動式構造-行駛制動	3	移動式起重機應設幾系統以上獨立作用之行駛制動系統？最高速度八十公里以上者以制動初速度五十公里時，總重未滿二十公噸之停止距離為幾公尺？停車制動應能停止於斜度多少之地面？	一系統；十公尺；十分之一	二系統；十四公尺；四分之一	二系統；二十二公尺；五分之一	三系統；三十公尺；三分之一	Mobile cranes need at least how many independent service brake systems, cranes over 80 km/h braking from 50 km/h (under 20 t) must stop within, and the parking brake must hold on a slope of:	1; 10 m; 1 in 10	2; 14 m; 1 in 4	2; 22 m; 1 in 5	3; 30 m; 1 in 3	c	第22條：應設有效控制行駛及保持停止之二系統以上獨立制動系統（履帶式拖車式或液壓行駛設制動閥者除外）；最高速度八十公里以上者制動初速度五十公里停止距離二十二公尺、三十五以上未滿八十者初速三十五公里停止距離十四公尺（二十公噸以上二十公尺）、二十以上未滿三十五者五公尺（八公尺）、未滿二十者五公尺（八公尺）；總重含乘員每人六十五公斤；停止用制動系統應能使無荷重起重機停止於斜度五分之一之地面。第21條：行駛原動機動力傳導制動操縱裝置應具必要強度無顯著損傷。第23條：吊升起伏伸縮裝置制動轉矩一點五倍以上。	Articles 21–23.	draft	7		
Q1250	OSH	OSH-69	移動式起重機安全檢查構造標準	第30條	民國103年6月27日	移動式構造-過捲警報	3	移動式起重機預防過捲警報裝置，吊具上方與伸臂前端槽輪下方間隔為額定速度之幾倍等值長度時應發出警報？能以單一操作步驟停止者？	三倍；二倍	二倍；一點五倍	一點五倍；一倍	一倍；零點五倍	Mobile crane over-hoist warning devices must alarm when the hook-to-sheave gap equals how many times the rated speed (in meters per m/s), or if hoisting can be stopped in a single step:	3 times; 2 times	2 times; 1.5 times	1.5 times; 1 time	1 time; 0.5 times	c	第28條：使用鋼索或吊鏈之吊升起伏伸縮裝置應設過捲預防裝置或預防過捲警報裝置。第29條：過捲預防裝置間隔零點二五公尺以上（直動式零點零五公尺）。第30條：預防過捲警報裝置於間隔為額定速度（公尺/秒）一點五倍等值長度時確實動作發出警報，單一操作步驟可停止者為一倍；防水塵、易檢點堅固、發出警報音響。第31條：應設過負荷預防裝置（未滿三公噸且伸臂傾斜角長度一定者除外）。第32條：設伸臂傾斜角指示裝置。第35條：設電鈴警鳴器。第37條：依公路監理規定設燈具照後鏡喇叭。第41條：伸縮式伸臂各節長度比自根部向前端逐漸減小（具自動偵測過負荷預防者除外）。	Articles 28–41.	draft	7		
Q1251	OSH	OSH-69	移動式起重機安全檢查構造標準	第45條	民國103年6月27日	移動式構造-鋼索安全係數	3	移動式起重機捲揚用或伸臂起伏用鋼索之安全係數應為多少以上？伸臂伸縮用鋼索？支持伸臂用鋼索？	3.0；3.0；3.0	4.5；3.55；3.75	10.0；6.0；6.0	6.0；4.0；5.0	Safety factors for mobile crane hoisting/boom-luffing ropes, boom telescoping ropes and boom support ropes are at least:	3.0; 3.0; 3.0	4.5; 3.55; 3.75	10.0; 6.0; 6.0	6.0; 4.0; 5.0	b	第45條：捲揚用鋼索或伸臂起伏用鋼索 4.5、伸臂伸縮用鋼索 3.55、支持伸臂用鋼索 3.75；不得有一撚間素線截斷百分之十以上直徑減少百分之七以上顯著變形腐蝕扭結；吊具最低位置捲胴留二捲以上；伸臂最低位置及最短時亦留二捲以上；揚程五十公尺以下鋼索自重免計。第46條：吊鏈及滾子鏈條安全係數五以上，吊鏈延伸超過百分之五直徑減少超過百分之十龜裂者不得使用。第24條：吊升起伏用鋼索捲胴槽輪比值第一組十六第二組二十第三組二十五，伸縮用捲胴十四/十八/22.4。第47條：應配置荷重表並銘牌標示製造者製造年月吊升荷重。	Articles 24, 45–47.	draft	7		
Q1252	OSH	OSH-70	升降機安全檢查構造標準	第3條	民國103年6月27日	升降機構造-定義	3	升降機安全檢查構造標準所稱「長跨度工程用升降機」係指？「頂部安全距離」係指？	升降行程高度超過三十公尺之工程用升降機；搬器抵達最高停止位置時自機坑底部至升降路頂部天花板下端之垂直距離	搬器長度三公尺以上且額定速率每秒零點一七公尺以下之工程用升降機；搬器抵達最高停止位置時自上樑或最高部分至升降路頂部天花板下端之垂直距離	積載荷重超過三公噸且供載貨使用之升降機；搬器停止於任一樓層時自搬器地板邊緣至該層出入口樓地板之水平間隔距離	搬器長度五公尺以上且額定速率每秒零點五公尺以下之工程用升降機；搬器抵達最低停止位置時自搬器內部底面至升降路底部之垂直距離	A 'long-span construction lift' means, and 'top clearance' means:	A construction lift with a travel height over 30 m; the vertical distance from the pit bottom to the hoistway ceiling at the highest stop	A construction lift with a car 3 m+ long and rated speed 0.17 m/s or less; the vertical distance from the car's crosshead or top to the hoistway ceiling at the highest stop	A goods lift with a rated load over 3 t; the horizontal gap between the car sill and the landing floor when the car stops at any storey	A construction lift with a car 5 m+ long and rated speed 0.5 m/s or less; the vertical distance from the car's inner floor to the hoistway bottom at the lowest stop	b	第3條：升降路指以牆壁或圍護物圍護供搬器升降之通路；工程用升降機指土木建築工程作業用；長跨度工程用升降機指搬器長度三公尺以上額定速率每秒零點一七公尺以下者；病床用升降機專供病床輪椅；液壓升降機分直接式及間接式；頂部安全距離指搬器抵達最高停止位置時自上樑或最高部分至升降路頂部天花板下端之垂直距離；機坑深度指搬器停止最低位置時搬器內部底面至升降路底部之垂直距離。第2條：敷設於建築物之升降機構造於建築法有規定者從其規定。	Articles 2–3.	draft	7		
Q1253	OSH	OSH-70	升降機安全檢查構造標準	第21條	民國103年6月27日	升降機構造-升降路	3	升降機搬器在各樓層停止時，出入口樓地板與搬器地板邊緣水平間隔應在幾公分以內？升降路牆壁與搬器出入口地板前緣間隔幾公分以下？同一升降路內搬器不得超過幾具？	二公分；五公分；二具	一公分；三公分；一具	四公分；十二點五公分；四具	十公分；二十公分；六具	At each landing the gap between landing floor and car sill must be within, the hoistway wall to car sill gap within, and one hoistway may hold at most how many cars?	2 cm; 5 cm; 2	1 cm; 3 cm; 1	4 cm; 12.5 cm; 4	10 cm; 20 cm; 6	c	第21條：升降路出入口周圍牆壁以不燃性材料建造；每一搬器同一樓層出入口不超過一處（載貨病床用除外）；停止時出入口樓地板與搬器地板邊緣水平間隔四公分以內；升降路牆壁與搬器出入口地板前緣間隔十二點五公分以下；出入口設不燃性門扉；升降路內不得裝置無關物件；同一升降路內搬器不超過四具；頂部地板以鐵材或混凝土建造；密閉型升降路上下兩端設通風管。第23條：塔式結構每十公尺以內（工程用十二公尺）固定於建築物或以拉條支持、基礎不得沉陷、機坑設擋土、攀登梯至頂部、周圍設圍柵。第26條：機坑深度一點四公尺以上應設固定爬梯，設手動照明及停機開關。	Articles 21–26.	draft	7		
Q1254	OSH	OSH-70	升降機安全檢查構造標準	第22條	民國103年6月27日	升降機構造-頂部安全距離	3	額定速率每秒零點七五公尺以下之升降機，其頂部安全距離及機坑深度應在幾公尺以上？超過每秒四公尺者？	一公尺、一點五公尺；三公尺、三公尺	零點五公尺、零點五公尺；二公尺、二公尺	一點二公尺、一點二公尺；四公尺、四公尺	二公尺、二公尺；六公尺、六公尺	For lifts rated 0.75 m/s or less, top clearance and pit depth must be at least, and for lifts over 4 m/s:	1 m and 1.5 m; 3 m and 3 m	0.5 m and 0.5 m; 2 m and 2 m	1.2 m and 1.2 m; 4 m and 4 m	2 m and 2 m; 6 m and 6 m	c	第22條：頂部安全距離／機坑深度依額定速率：0.75 m/s 以下 1.2/1.2、超過 0.75 至 1.0 為 1.4/1.5、至 1.5 為 1.6/1.8、至 2.0 為 1.8/2.1、至 2.5 為 2.0/2.4、至 3.0 為 2.3/2.7、至 3.5 為 2.7/3.2、至 4.0 為 3.3/3.8、超過 4.0 為 4.0/4.0；雙層升降機以上搬器計算；液壓升降機頂部安全距離直接式 Ct＝Cp＋0.6、間接式 Ct＝Cp＋0.6＋V²/19.6；長跨度工程用及液壓升降機不受此限。	Article 22 table.	draft	7		
Q1255	OSH	OSH-70	升降機安全檢查構造標準	第29條	民國103年6月27日	升降機構造-積載荷重	3	載人用或工程用升降機搬器底面積在一點五平方公尺以下者，積載荷重值 ω 如何計算？載貨用或病床用？載汽車者？	ω＝500×A；ω＝300×A；ω＝200×A	ω＝250×A；ω＝370×A；ω＝100×A	ω＝370×A；ω＝250×A；ω＝150×A	ω＝100×A；ω＝100×A；ω＝100×A	Rated load for passenger or construction lift cars with floor area up to 1.5 m² is, for goods or hospital-bed lifts, and for car-carrying lifts:	ω = 500 × A; ω = 300 × A; ω = 200 × A	ω = 250 × A; ω = 370 × A; ω = 100 × A	ω = 370 × A; ω = 250 × A; ω = 150 × A	ω = 100 × A for all	c	第29條：載人用或工程用搬器底面積 1.5 m² 以下 ω＝370×A、超過 1.5 至 3 m² 為 ω＝500×(A－1.5)＋550、超過 3 m² 為 ω＝600×(A－3)＋1300；長跨度工程用 ω＝260×A1＋100×A2；載貨用或病床用 ω＝250×A（載汽車者 150×A）。第28條：搬器應為耐衝擊堅固構造、不燃性材料、除出入口外設牆壁或圍柵、不燃性門扉、異常時救出開口、二個以上出入口不得同時開啟；長跨度工程用人員搭乘區設一點八公尺圍欄及堅固頂蓋，其他周圍設九十公分扶手中欄杆腳趾板。第30條：電動機牽引機控制器與牆柱間隔三十公分（液壓五十公分）保養空間。第51條：銘牌應標示製造者用途積載荷重及最大搭乘人數（每人六十五公斤）。	Articles 28–30 and 51.	draft	7		
Q1256	OSH	OSH-70	升降機安全檢查構造標準	第34條	民國103年6月27日	升降機構造-槽輪比與制動	3	升降機槽輪或捲胴節圓直徑與鋼索直徑之比值應在多少以上？具有配重之升降機制動轉矩應為積載荷重時最大轉矩之幾倍以上？	十以上（特定條件得八）；一點零倍	六十以上（特定條件得五十）；二點零倍	二十以上（特定條件得十八）；一點五倍	四十以上（特定條件得三十六）；一點二倍	The sheave-or-drum to rope diameter ratio for lifts must be at least, and brakes on counterweighted lifts need torque at least how many times the maximum at rated load?	10 (8 under certain conditions); 1.0 times	60 (50 under certain conditions); 2.0 times	20 (18 under certain conditions); 1.5 times	40 (36 under certain conditions); 1.2 times	d	第33條：升降裝置應置備制動器（液壓氣壓者除外）；具配重者制動轉矩為積載荷重時最大轉矩一點二倍以上，其他一點五倍以上；應有動力遮斷時自動動作設備。第34條：槽輪或捲胴節圓直徑與鋼索直徑比值四十以上，鋼索接觸長度在周長四分之一以下、揚程十三公尺以下、額定速率每秒零點七五公尺以下、積載荷重三百二十公斤以下之一者得三十六以上。第35條：有槽式捲胴夾角四度以下、無槽式遊角二度以下。第36條：捲揚用鋼索與搬器緊結每條以合金套筒或鋼套內附自動緊縮式楔子固定。第31條：每一搬器應設專用原動機控制裝置及升降裝置（雙層除外）。	Articles 31–36.	draft	7		
Q1257	OSH	OSH-70	升降機安全檢查構造標準	第37條	民國103年6月27日	升降機構造-安全裝置	3	升降機搬器超過額定速率而未超過幾倍前，應能自動遮斷動力？下降速率未超過額定速率幾倍時應自動制止下降？	一點一倍（每秒零點七五公尺以下者為每秒零點八公尺）；一點二倍（每秒零點九公尺）	一點三倍（每秒零點七五公尺以下者為每秒一點零五公尺）；一點四倍（每秒一點一四公尺）	二點零倍（每秒零點七五公尺以下者為每秒一點五公尺）；三點零倍（每秒二點二公尺）	一點五倍（每秒零點七五公尺以下者為每秒一點二公尺）；二點零倍（每秒一點六公尺）	Lift governors must cut power before car speed exceeds how many times rated speed, and safety gear must stop descent before what multiple of rated speed?	1.1 times (0.8 m/s for lifts rated 0.75 m/s or less); 1.2 times (0.9 m/s)	1.3 times (1.05 m/s for lifts rated 0.75 m/s or less); 1.4 times (1.14 m/s)	2.0 times (1.5 m/s for lifts rated 0.75 m/s or less); 3.0 times (2.2 m/s)	1.5 times (1.2 m/s for lifts rated 0.75 m/s or less); 2.0 times (1.6 m/s)	b	第37條：應設門扉未關閉不能開動及開動中門開即停之連鎖裝置、搬器未在正確位置非用鎖匙不能自外開啟之連鎖、操縱裝置停止自動恢復、搬器內及搬器上遮斷動力裝置、超過額定速率未超過一點三倍前（0.75 m/s 以下者為 1.05 m/s）自動遮斷動力之調速裝置、下降速率未超過一點四倍（1.14 m/s）即自動制止之緊急停止裝置、終點極限開關、緩衝裝置、捲胴式鋼索鬆弛遮斷裝置、雙層固定外框裝置、頂部安全距離未滿一點二公尺之液壓升降機及機坑未滿一點二公尺者之保持裝置、超載防止及警報裝置；揚程五公尺以下速率 0.25 m/s 以下底面積 1.5 m² 以下且設斷索制動者得免調速等裝置。第40條：緊急停止裝置應為漸進式（0.75 m/s 以下得立即式）。第41條：應設搬器內對外連絡裝置。第42條：無機房式升降機應設維護照明受電盤主開關對講機及不進入升降路即可援救之配置。	Articles 37–42.	draft	7		
Q1258	OSH	OSH-70	升降機安全檢查構造標準	第45條	民國103年6月27日	升降機構造-鋼索	3	升降機捲揚用鋼索之安全係數應為多少以上？公稱直徑幾公厘以上？每一搬器應有幾條以上（間接式液壓及捲胴式）？	六（特定條件五）；十公厘；二條以上（一條以上）	四（特定條件三）；八公厘；一條以上（一條以上）	二十（特定條件十六）；十六公厘；四條以上（三條以上）	十（特定條件八）；十二公厘；三條以上（二條以上）	Lift hoisting ropes need a safety factor of at least, a nominal diameter of at least, and how many ropes per car (indirect hydraulic and drum type)?	6 (5 under certain conditions); 10 mm; 2 or more (1 or more)	4 (3 under certain conditions); 8 mm; 1 or more (1 or more)	20 (16 under certain conditions); 16 mm; 4 or more (3 or more)	10 (8 under certain conditions); 12 mm; 3 or more (2 or more)	d	第45條：捲揚用鋼索安全係數十、牽索四；揚程十三公尺以下、額定速率每秒零點七五公尺以下、積載荷重三百二十公斤以下之一者得八以上；揚程五十公尺以下鋼索自重及槽輪阻力免計；不得有一撚間素線截斷百分之十以上直徑減少百分之七以上顯著變形腐蝕扭結；捲揚用鋼索應符合國家標準、公稱直徑十二公厘以上、每一搬器三條以上（間接式液壓及捲胴式二條以上）、捲胴式最低停止位置時捲胴留二捲以上。第46條：捲揚用滾子鏈條安全係數十以上（特定條件八）、鏈環板斷面積縮減不超過百分之十、每一搬器二條以上。第44條：運轉用回路與緊急信號或電話回路不得併集於同一電纜。	Articles 44–46.	draft	7		
Q1259	OSH	OSH-71	吊籠安全檢查構造標準	第12條	民國108年11月11日	吊籠構造-積載荷重	3	吊籠積載荷重 W（公斤）依工作台底板面積 A 如何計算？椅式吊籠之積載荷重應為多少以上？	W＝100A；五十公斤	W＝50（A＋2）；二百公斤	W＝370A；一百五十公斤	W＝75（A＋1）；一百公斤以上	Gondola rated load W (kg) is calculated from platform floor area A as, and chair-type gondolas must be rated at least:	W = 100A; 50 kg	W = 50(A + 2); 200 kg	W = 370A; 150 kg	W = 75(A + 1); 100 kg	d	第11條：荷重種類為自重、積載荷重、升降慣性力、走行慣性力、風荷重、地震荷重；不能水平移動者走行慣性力得不計，室內者風荷重得不計。第12條：積載荷重為作用於工作台底板中心之集中荷重 W＝75(A＋1)，椅式吊籠一百公斤以上。第13條：升降慣性力 Fv＝(0.15＋0.0025u)(Wd1＋W)g。第14條：走行慣性力 Fh＝0.05(Wd2＋W)g。第16條：地震荷重為自重及積載荷重各百分之二十以上水平作用。第18條：工作台底板強度以每平方公尺二四五○牛頓以上平均分佈荷重計算。第19條：有翻覆之虞者安定度 S＝Ms/Mo，依荷重組合分別為一點五、一點三五、一點二以上。	Articles 11–19.	draft	7		
Q1260	OSH	OSH-71	吊籠安全檢查構造標準	第20條	民國108年11月11日	吊籠構造-工作台	2	吊籠工作台周圍圍柵或扶手高度應在幾公分以上？腳趾板高度？軌道式吊籠軌道末端車輪阻擋器高度應在走行車輪直徑幾分之幾以上？	七十五公分；五公分；四分之一	一百公分；十五公分；二分之一	六十公分；三公分；十分之一	九十公分；十公分；五分之一	Gondola platform guardrails must be at least how high, toe boards how high, and rail-end wheel stops at least what fraction of wheel diameter?	75 cm; 5 cm; one-quarter	100 cm; 15 cm; one-half	60 cm; 3 cm; one-tenth	90 cm; 10 cm; one-fifth	d	第20條：底板材不得有間隙並固定於框架；周圍設堅固圍柵或扶手高度九十公分以上；設扶手時應有中欄杆及十公分以上腳趾板（椅式除外）。第21條：應設固定安全帶用之金屬安裝具（椅式除外）。第22條：軌道式吊籠軌道末端設車輪阻擋器（高度為走行車輪直徑五分之一以上）緩衝裝置或緩衝材；軌道切換裝置無法正確切換時應能停止走行；軌道以魚尾板連接固定於建築物。第23條：支架吊臂基礎座應在積載荷重下保持穩定。第3條：工作台底板得用木材或耐蝕鋁合金板。	Articles 20–23.	draft	7		
Q1261	OSH	OSH-71	吊籠安全檢查構造標準	第33條	民國108年11月11日	吊籠構造-安全裝置	3	吊籠應置有下列何種下降速度控制裝置之一？漏電時應如何？	下降速度未超過容許下降速度一點一倍前以手動控制速度之裝置，或未超過一點二倍前由操作人員制止下降且裝於工作台底板之裝置（椅式吊籠除外）；應具每年一次接地電阻測定紀錄（室內作業者除外）	下降時由捲揚機自動減速之緩衝裝置，或超過容許下降速度時發出警報並由監視人員停止下降之裝置（軌道式吊籠除外）；應具漏電時自動切換備用電源之裝置（室內作業者除外）	下降速度未超過容許下降速度一點三倍前自動控制速度之裝置，或未超過一點四倍前自動制止下降且裝於二條獨立救命用鋼索之裝置（捲胴式設四條卸放鋼索者除外）；應具漏電自動遮斷電源裝置（二十四伏特以下無感電之虞者除外）	下降速度未超過容許下降速度二倍前自動控制速度之裝置，或未超過三倍前自動制止下降且裝於一條獨立救命用鋼索之裝置（捲胴式設二條卸放鋼索者除外）；應具漏電警報鳴響裝置（一百十伏特以下無感電之虞者除外）	Gondolas must have which descent-control device, and what protection against electrical leakage?	A manual speed control acting before 1.1× the permitted descent speed, or an operator-applied arrest before 1.2× mounted on the platform floor (except chair types); an annual earth resistance measurement record (except indoor work)	A buffer that automatically decelerates the hoist during descent, or a device that alarms above the permitted speed for a watchkeeper to stop it (except rail types); automatic switchover to backup power on leakage (except indoor work)	A speed governor acting before 1.3× the permitted descent speed, or an arrest device before 1.4× mounted on two independent lifelines (except drum types with four platform ropes); an automatic leakage cut-off (except ≤24 V systems with no shock risk)	A speed governor acting before 2× the permitted descent speed, or an arrest device before 3× mounted on one independent lifeline (except drum types with two platform ropes); an audible leakage alarm (except ≤110 V systems with no shock risk)	c	第24條：升降起伏伸縮裝置制動轉矩為積載荷重時最大轉矩一點五倍以上並有動力遮斷自動動作設備。第26條：捲胴及槽輪節圓直徑與鋼索直徑比二十倍以上。第30條：過捲預防裝置應自動遮斷動力及制動、與上方物體間隔零點二公尺以上。第31條：液壓氣壓者設安全閥及逆止閥。第32條：控制裝置放手即停，二處以上操作部分不能同時操作。第33條：下降速度未超過容許下降速度一點三倍前自動控制之裝置，或未超過一點四倍前自動制止下降且裝設於二條獨立救命用鋼索之裝置（捲胴式設四條卸放工作台用鋼索者除外）。第34條：設易於矯正工作台傾斜之裝置。第35條：應置救命用纖維索（設四條卸放鋼索或自動制止裝置者除外）。第39條：漏電時自動遮斷電源（二十四伏特以下無感電之虞者除外）。	Articles 24–39.	draft	7		
Q1262	OSH	OSH-71	吊籠安全檢查構造標準	第46條	民國108年11月11日	吊籠構造-鋼索安全係數	3	吊籠卸放工作台用鋼索、吊臂起伏用、吊臂伸縮用或救命用鋼索之安全係數應為多少以上？其他鋼索？救命用纖維索？	六；四；六	四；三；四	十；六；十	二十；十；二十	Safety factors for gondola platform-lowering, boom-luffing, boom-telescoping and lifeline wire ropes, other ropes, and fiber lifelines are at least:	6; 4; 6	4; 3; 4	10; 6; 10	20; 10; 20	c	第45條：除椅式吊籠外卸放工作台之鋼索應使用二條以上。第46條：卸放工作台用鋼索吊臂起伏用吊臂伸縮用或救命用鋼索安全係數十以上，其他鋼索六以上（槽輪阻力不計）；不得有一撚間素線截斷百分之十以上直徑減少百分之七以上顯著變形腐蝕扭結；工作台吊臂最低或最短位置時捲胴留二捲以上。第47條：救命用纖維索安全係數十以上且無顯著損傷腐蝕。第48條：機架及工作台應置銘牌標示製造年月製造者積載荷重。第44條：鋼索不得與突出物摩擦或接觸銳邊。	Articles 44–48.	draft	7		
Q1263	OSH	OSH-72	壓力容器安全檢查構造標準	第5條	民國103年6月27日	壓力容器構造-容許抗拉應力	3	第一種壓力容器鋼鐵材料之容許抗拉應力，取下列何者之最小值？	常溫抗拉強度最小值四分之一、使用溫度抗拉強度四分之一、常溫降伏點或 0.2% 耐力最小值之 1.5 分之一、使用溫度降伏點之 1.5 分之一	常溫抗拉強度最小值二分之一、使用溫度抗拉強度二分之一、常溫降伏點或 0.2% 耐力最小值、使用溫度降伏點之 1.0 分之一	常溫抗拉強度最小值三分之一、使用溫度抗拉強度三分之一、常溫降伏點或 0.2% 耐力最小值之 2.0 分之一、使用溫度降伏點之 2.0 分之一	常溫抗壓強度最小值四分之一、使用溫度剪應力四分之一、常溫彈性模數或 0.5% 耐力最小值之 1.5 分之一、使用溫度剪應力之 1.5 分之一	The allowable tensile stress of steel for Class 1 pressure vessels is the minimum of:	1/4 of minimum room-temperature tensile strength, 1/4 of tensile strength at service temperature, 1/1.5 of minimum yield or 0.2% proof stress at room temperature, and 1/1.5 of yield at service temperature	1/2 of minimum room-temperature tensile strength, 1/2 of tensile strength at service temperature, the minimum yield or 0.2% proof stress at room temperature, and the yield at service temperature	1/3 of minimum room-temperature tensile strength, 1/3 of tensile strength at service temperature, 1/2 of minimum yield or 0.2% proof stress at room temperature, and 1/2 of yield at service temperature	1/4 of minimum room-temperature compressive strength, 1/4 of shear strength at service temperature, 1/1.5 of minimum elastic modulus at room temperature, and 1/1.5 of shear stress at service temperature	a	第2條：第一種壓力容器指鍋爐及壓力容器安全規則第4條第1項第1款者（不含小型壓力容器）；MPa 為百萬帕斯卡；最小厚度指安全強度所必要之材料厚度。第5條：鋼鐵及非鐵金屬容許抗拉應力取常溫抗拉強度最小值四分之一、使用溫度抗拉強度四分之一、常溫降伏點或百分之零點二耐力最小值之一點五分之一、使用溫度降伏點之一點五分之一中最小者（沃斯田鐵系不銹鋼允許稍微變形部位得取使用溫度 0.2% 耐力百分之九十）；CNS 4271 等壓力容器用鋼板得取 0.5(1.6－γ) 倍降伏點；熱處理螺栓另取抗拉強度五分之一及降伏點四分之一；潛變領域取一千小時 0.01% 潛變應力平均值、十萬小時破裂應力平均值 1.5 分之一及最小值 1.25 分之一之最小者。第8條：容許壓縮應力與抗拉相等（鑄鐵二倍）。第9條：容許彎曲應力為抗拉一點五倍。第10條：容許剪應力為抗拉百分之八十。	Articles 2 and 5–10.	draft	7		
Q1264	OSH	OSH-72	壓力容器安全檢查構造標準	第12條	民國103年6月27日	壓力容器構造-板厚	3	第一種壓力容器胴體使用碳鋼鋼板之厚度應在幾毫米以上？腐蝕裕度應在幾毫米以上？外面承受壓力之圓筒胴體最小厚度以最高使用壓力幾倍時之挫曲應力計算？	一毫米；零點二毫米；一倍（球形胴體一點五倍）	一點五毫米；零點五毫米；二倍（球形胴體三倍）	二點五毫米；一毫米；三倍（球形胴體四倍）	五毫米；二毫米；一點五倍（球形胴體二倍）	Carbon steel shell plates of Class 1 pressure vessels must be at least how thick, corrosion allowance at least, and externally pressurized cylindrical shells are sized against buckling at how many times the maximum working pressure?	1 mm; 0.2 mm; 1 time (1.5 times for spherical shells)	1.5 mm; 0.5 mm; 2 times (3 times for spherical shells)	2.5 mm; 1 mm; 3 times (4 times for spherical shells)	5 mm; 2 mm; 1.5 times (2 times for spherical shells)	c	第11條：管以外部分厚度應在最小厚度減零點二五毫米或減標稱厚度百分之六之較小值以上。第12條：碳鋼及低合金鋼鋼板二點五毫米以上，高合金鋼及非鐵金屬板無需考量腐蝕者一點五毫米、需考量者二點五毫米以上。第13條：腐蝕裕度一毫米以上（碳鋼低合金鋼以外依經驗無腐蝕之虞者除外）。第14條：內面承壓圓筒或球形胴體最小厚度取承受最高使用壓力時應力與容許抗拉應力相等之板厚加腐蝕裕度。第15條：外面承壓圓筒胴體以最高使用壓力三倍時應力與挫曲應力相等之板厚加裕度，球形胴體四倍。第24條：未以牽條支撐中高面承壓端板取視同中低面時厚度乘一點六七加裕度或四倍壓力挫曲厚度之較大者。第31條：以牽條支撐之板厚八毫米以上。	Articles 11–15, 24 and 31.	draft	7		
Q1265	OSH	OSH-72	壓力容器安全檢查構造標準	第33條	民國103年6月27日	壓力容器構造-開孔	2	為實施第一種壓力容器內部清掃及檢查，應於胴體或端板設置何種孔？外徑超過幾毫米之管不得以螺紋旋裝於最高使用壓力超過 1 MPa 之胴體？	檢查孔、觀測孔、洩壓孔；一百五十毫米	人孔、排水孔、通風孔；五十毫米	人孔、清掃孔、檢查孔；九十毫米	排水孔、清掃孔、注水孔；三十毫米	For cleaning and inspection, Class 1 pressure vessels need which openings, and pipes over what outside diameter may not be threaded into shells rated above 1 MPa?	Inspection holes, sight holes and relief holes; 150 mm	Manholes, drain holes and vent holes; 50 mm	Manholes, cleaning holes and inspection holes; 90 mm	Drain holes, cleaning holes and filling holes; 30 mm	c	第33條：應設能進入內部之人孔、能清除結垢物之清掃孔、能檢查內部之檢查孔（構造限制設有替代者除外）。第34條：得設強化玻璃窺視窗，最小厚度 t＝5√(PA/σb)，強化玻璃 σb 取十五 N/mm²。第35條：孔應以補強材補強。第36條：外徑超過九十毫米之管及管台不得以螺紋旋裝於最高使用壓力超過一 MPa 之胴體或端板；外徑超過一百一十五毫米之管不得螺紋旋裝於發生引火性蒸氣之容器。第37條：發生引火性或毒性蒸氣者裝設管應實施止漏熔接。第38條：胴體外徑（mm）與最高使用壓力（MPa）乘積超過五百者凸緣應使用連轂型。第40條：經常拆卸之蓋板鎖緊螺栓應有安全強度。	Articles 33–40.	draft	7		
Q1266	OSH	OSH-72	壓力容器安全檢查構造標準	第45條	民國103年6月27日	壓力容器構造-熔接與熱處理	3	第一種壓力容器碳鋼及合金鋼之熔接部原則應如何？熔接部及距熔接金屬邊緣幾毫米以內不得開孔？	實施熔接後熱處理（止漏熔接沃斯田鐵系不銹鋼等除外，大型現場熔接得以預熱替代）；六毫米	實施熔接後噴砂及塗裝（止漏熔接沃斯田鐵系不銹鋼等除外，大型容器得免施作）；二毫米	實施熔接前預熱處理（所有碳鋼及合金鋼均適用，現場熔接得以熱處理替代）；三毫米	實施熔接後熱處理（止漏熔接沃斯田鐵系不銹鋼等除外，大型現場熔接得以預熱替代）；十毫米	Welds in carbon and alloy steel Class 1 vessels must generally receive what, and no openings may be made within how many millimeters of weld metal edges?	Post-weld heat treatment (except seal welds, austenitic stainless steel, etc.; preheating may substitute for large field welds); 6 mm	Post-weld sandblasting and painting (except seal welds, austenitic stainless steel, etc.; large vessels are exempt); 2 mm	Pre-weld preheating (applied to all carbon and alloy steels; heat treatment may substitute for field welds); 3 mm	Post-weld heat treatment (except seal welds, austenitic stainless steel, etc.; preheating may substitute for large field welds); 10 mm	a	第43條：熔接部及距熔接金屬邊緣六毫米以內不得開孔（放射線透射試驗合格者除外，試驗範圍為孔徑一點五倍以上）。第44條：熔接部容許抗拉應力乘以附表四熔接接頭效率。第45條：碳鋼及合金鋼熔接部應實施熔接後熱處理（止漏熔接沃斯田鐵系不銹鋼等除外），大型容器現場熔接困難者得以預熱等替代，依 CNS 12670 於加熱爐內實施（周向接頭得局部加熱）。第46條：不得有龜裂熔蝕重疊熔池夾渣氣孔。第47條：應製作試驗板（縱向接頭一個裝於胴體端部、周向接頭一個分開製作）並經機械試驗。第51條：抗拉試驗片抗拉強度應在母材標準最小值以上（母材部斷裂時百分之九十五以上且熔接部無缺陷視為合格）。第53條：彎曲試驗熔接部外側龜裂超過三毫米者不合格。第54條：衝擊試驗應在最低使用溫度以下實施。	Articles 43–54.	draft	7		
Q1267	OSH	OSH-72	壓力容器安全檢查構造標準	第58條	民國103年6月27日	壓力容器構造-放射線試驗	3	以厚度超過幾毫米之碳鋼鋼板製作之胴體端板，其熔接接頭應就全線實施放射線透射試驗？低合金鋼或沃斯田鐵系不銹鋼？其他接頭應實施全長百分之多少？	五十毫米；四十毫米；百分之五十（未滿五百毫米者取五百毫米）	二十毫米；十五毫米；百分之十（未滿二百毫米者取二百毫米）	三十八毫米；二十五毫米；百分之二十（未滿三百毫米者取三百毫米）	十毫米；十毫米；百分之百（未滿一百毫米者取一百毫米）	Full radiographic testing of welds is required for carbon steel plates thicker than, low-alloy or austenitic stainless plates thicker than, and other joints are tested over what share of length?	50 mm; 40 mm; 50% (at least 500 mm)	20 mm; 15 mm; 10% (at least 200 mm)	38 mm; 25 mm; 20% (at least 300 mm)	10 mm; 10 mm; 100% (at least 100 mm)	c	第58條：厚度超過三十八毫米碳鋼鋼板、超過二十五毫米低合金鋼或沃斯田鐵系不銹鋼鋼板、其他高合金鋼、儲存放射性致死性物質需氣密者、適用第5條第1項第2款容許應力鋼材者、擬實施氣壓試驗者之熔接接頭應全線放射線透射試驗；其他縱向周向接頭就全長百分之二十實施（含交叉部分，未滿三百毫米取三百毫米）。第60條：試驗依 CNS 3710、11226、12671、12672、12663。第61條：放射線困難部分實施超音波探傷（厚度十毫米以下及沃斯田鐵不銹鋼九%鎳鋼除外）。第62、63條：氣密構造開口部及補強材熔接部全長實施磁粉探傷，非磁性者滲透探傷。第64條：不合格者去除缺陷再熔接並再試驗，百分之二十抽驗不合格者就任意二處所再試驗。	Articles 58–64.	draft	7		
Q1268	OSH	OSH-72	壓力容器安全檢查構造標準	第65條	民國103年6月27日	壓力容器構造-水壓試驗	3	鋼製第一種壓力容器之水壓試驗壓力為最高使用壓力之幾倍？最高使用壓力超過 0.1 MPa 之鑄鐵製者？以氣壓試驗替代時試驗壓力為幾倍？	一點一倍（溫度修正後）；一點一倍；一點一倍	一倍（溫度修正後）；一點五倍；一倍	一點五倍（溫度修正後）；二倍；一點二五倍	二倍（溫度修正後）；三倍；一點五倍	Hydrostatic test pressure for steel Class 1 vessels is what multiple of maximum working pressure, for cast iron vessels above 0.1 MPa, and for pneumatic tests used as a substitute?	1.1 times (temperature-corrected); 1.1 times; 1.1 times	1 time (temperature-corrected); 1.5 times; 1 time	1.5 times (temperature-corrected); 2 times; 1.25 times	2 times (temperature-corrected); 3 times; 1.5 times	c	第65條：鋼製或非鐵金屬製為最高使用壓力一點五倍再溫度修正；最高使用壓力 0.1 MPa 以下鑄鐵製為 0.2 MPa；超過 0.1 MPa 鑄鐵製為二倍；琺瑯或玻璃內襯者施工前依前三款施工後為最高使用壓力；電鍍者得於電鍍後實施；大型或不適於裝滿水者得以氣壓試驗替代，壓力為一點二五倍再溫度修正，先升壓至最高使用壓力百分之五十再每次百分之十階段升壓後降至最高使用壓力檢視；溫度修正 Pa＝P×σn/σa。第66條：應裝設安全閥或替代安全裝置，閥軸垂直，易燃或毒性蒸氣者安全閥為密閉式。第67條：超過 0.1 MPa 之揚程式（揚程在閥座口徑十五分之一以上）及全量式安全閥應符合 CNS 9969 並銘板標示製造者閥徑設定壓力噴出量。第70條：壓力表最大指度為最高使用壓力一點五倍以上三倍以下。第69條：蓋板急速開閉裝置於殘留壓力未與外部相等時不得開啟。第74條：第二種壓力容器應銘板標示製造者製造年月最高使用壓力水壓試驗壓力。	Articles 65–74.	draft	7		