OSH-0001	OSH	OSH-01	職業安全衛生法	第1條	民國114年12月19日	總則	1	《職業安全衛生法》的立法目的為何？	管理環境污染排放，維護居民生活品質	規範勞資雙方工資給付及工時之標準	提高事業單位生產效率並增進營運績效	防止職業災害，保障工作者安全及健康	What is the legislative purpose of the Occupational Safety and Health Act?	To control environmental pollutant discharge and protect residents' living quality	To regulate wage payment and working-hour standards between employers and workers	To improve enterprise productivity and enhance overall operating performance	To prevent occupational accidents and protect workers' safety and health	d	第1條：為防止職業災害，保障工作者安全及健康，特制定本法。	Article 1: The Act is enacted to prevent occupational accidents and protect the safety and health of workers.	active	1		
OSH-0002	OSH	OSH-01	職業安全衛生法	第2條	民國114年12月19日	總則	1	依本法第2條，「工作者」不包括下列何者？	受指揮監督從事勞動者	自營作業之工作者	受僱從事工作之勞工	單純到場參觀之訪客	Under Article 2, which of the following is NOT a 'worker'?	A person working under supervision	A self-employed person doing work	A laborer employed to perform work	A visitor merely touring the site	d	第2條第1款：工作者指勞工、自營作業者及其他受工作場所負責人指揮或監督從事勞動之人員。訪客未從事勞動，不屬工作者。	Article 2(1): 'worker' means laborers, self-employed persons and other persons performing labor under the direction or supervision of the workplace manager. A visitor performs no labor.	active	1		
OSH-0003	OSH	OSH-01	職業安全衛生法	第2條	民國114年12月19日	總則	1	本法所稱「勞工」，指下列何者？	工作場所之出租人	受僱從事工作獲致工資者	事業之經營負責人	獨立作業之技藝工作者	Under the Act, a 'laborer' means:	The lessor of the workplace	A person employed to work and receiving wages	The person in charge of operating the business	An independent craftsperson	b	第2條第2款：勞工指受僱從事工作獲致工資者。	Article 2(2): 'laborer' means a person who is employed to work and receives wages.	active	1		
OSH-0004	OSH	OSH-01	職業安全衛生法	第2條	民國114年12月19日	總則	1	本法所稱「雇主」，指下列何者？	勞動檢查機構之檢查員	工會之理事長或常務理事	事業主或事業之經營負責人	事業單位之職業安全衛生管理員	Under the Act, 'employer' means:	An inspector employed by the labor inspection agency	The chairperson or a standing director of the labor union	The business owner or the person in charge of operating the business	The occupational safety and health administrator of the enterprise	c	第2條第3款：雇主指事業主或事業之經營負責人。	Article 2(3): 'employer' means the business owner or the person in charge of operating the business.	active	1		
OSH-0005	OSH	OSH-01	職業安全衛生法	第2條	民國114年12月19日	總則	2	本法所稱「職業災害」，其結果包含下列何者？	疾病、死亡或精神壓力	疾病、傷害或財產損失	疾病、傷害、失能或死亡	傷害、失能或設備損壞	Under the Act, the consequences covered by an 'occupational accident' include:	Disease, death or mental stress	Disease, injury or property damage	Disease, injury, disability or death	Injury, disability or equipment damage	c	第2條第5款：職業災害指因勞動場所之建築物、機械、設備、原料、材料、化學品等或作業活動及其他職業上原因引起之工作者疾病、傷害、失能或死亡。	Article 2(5): an occupational accident means a worker's disease, injury, disability or death caused by buildings, machinery, equipment, materials, chemicals, work activities or other occupational causes at the labor site.	active	1		
OSH-0006	OSH	OSH-01	職業安全衛生法	第2條	民國114年12月19日	總則	3	本法所稱「作業場所」，指下列何者？	工作場所中，從事特定工作目的之場所	勞動契約存續中由雇主提示使勞工提供勞務之場所	接受雇主指示處理勞工事務之人所能支配管理之場所	自營作業者實際從事勞動之場所	Under the Act, an 'operation site' means:	A place within the workplace used for a specific work purpose	A place designated by the employer during the labor contract for the laborer to provide services	A place that can be controlled and managed by the person handling labor affairs under the employer's instruction	A place where a self-employed person actually performs labor	a	第2條第8款：作業場所指工作場所中，從事特定工作目的之場所。「雇主提示使勞工提供勞務之場所」為勞動場所；「處理勞工事務之人所能支配管理之場所」為工作場所。	Article 2(8): an operation site is a place within the workplace used for a specific work purpose. The place designated by the employer for providing services is the labor site; the place controlled by the person handling labor affairs is the workplace.	active	1		
OSH-0007	OSH	OSH-01	職業安全衛生法	第3條	民國114年12月19日	總則	1	本法所稱中央主管機關為何？	衛生福利部	經濟部	內政部	勞動部	Which is the central competent authority under the Act?	Ministry of Health and Welfare	Ministry of Economic Affairs	Ministry of the Interior	Ministry of Labor	d	第3條第1項：本法所稱主管機關，在中央為勞動部；在直轄市為直轄市政府；在縣（市）為縣（市）政府。	Article 3(1): the central competent authority is the Ministry of Labor; at the municipal level it is the municipal government; at the county (city) level it is the county (city) government.	active	1		
OSH-0008	OSH	OSH-01	職業安全衛生法	第4條	民國114年12月19日	總則	1	本法的適用範圍為何？	僅適用於僱用勞工人數在三十人以上之事業單位	僅適用於製造業及營造業，其他各業均不適用	僅適用於中央主管機關公告指定之特定高風險行業	適用於各業，但中央主管機關得指定公告部分規定之適用	What is the scope of application of the Act?	Only enterprises employing thirty or more laborers, regardless of the industry concerned	Manufacturing and construction industries only, with all other industries entirely excluded	Only specific high-risk industries designated and publicly announced by the central competent authority	All industries, though the central competent authority may designate partial application by public notice	d	第4條：本法適用於各業。但因事業規模、性質及風險等因素，中央主管機關得指定公告其適用本法之部分規定。	Article 4: the Act applies to all industries; based on scale, nature and risk, the central competent authority may designate and announce partial application of the Act.	active	1		
OSH-0009	OSH	OSH-01	職業安全衛生法	第5條	民國114年12月19日	總則	2	本法第5條規定，雇主使勞工從事工作，應在何種範圍內採取必要之預防設備或措施？	合理可行範圍內	主管機關檢查時之範圍內	不計成本之最高標準	勞工要求之範圍內	Under Article 5, an employer shall take necessary preventive equipment or measures within what scope?	A reasonably practicable scope	The scope examined by the competent authority during inspection	The highest standard regardless of cost	The scope requested by the laborers	a	第5條第1項：雇主使勞工從事工作，應在合理可行範圍內，採取必要之預防設備或措施，使勞工免於發生職業災害。	Article 5(1): the employer shall, within a reasonably practicable scope, take necessary preventive equipment or measures so that laborers are free from occupational accidents.	active	1		
OSH-0010	OSH	OSH-01	職業安全衛生法	第5條	民國114年12月19日	總則	2	依本法第5條第2項，機械、設備、原料等物件之設計、製造或輸入者及工程之設計或施工者，應於何階段實施風險評估？	發生職業災害並經檢查後之改善階段	產品出廠滿三年之定期複檢階段	設計、製造、輸入或施工規劃階段	勞動檢查機構實施檢查前之準備階段	Under Article 5(2), designers, manufacturers or importers of machinery, equipment and materials, and designers or contractors of construction works, shall conduct risk assessment at which stage?	At the improvement stage after an occupational accident has occurred	At the periodic re-inspection stage three years after shipment	At the design, manufacturing, import or construction planning stage	At the preparation stage before the labor inspection agency inspects	c	第5條第2項：物件之設計、製造或輸入者及工程之設計或施工者，應於設計、製造、輸入或施工規劃階段實施風險評估，致力防止發生職業災害。	Article 5(2): risk assessment shall be conducted at the design, manufacturing, import or construction planning stage to prevent occupational accidents during use or construction.	active	1		
OSH-0011	OSH	OSH-01	職業安全衛生法	第6條	民國114年12月19日	安全衛生設施	2	下列何者屬本法第6條第2項雇主應妥為規劃及採取必要安全衛生措施之事項？	輪班、夜間工作、長時間工作等異常工作負荷促發疾病之預防	防止高壓氣體及爆炸性物質引起危害之必要設備及措施	防止水患、風災、火災或地震引起危害之設備及措施	防止採石、採掘及沉箱作業引起危害之設備及措施	Which of the following falls under Article 6(2), matters the employer shall properly plan and take necessary safety and health measures for?	Preventing diseases induced by abnormal workloads such as shift work, night work and long working hours	Preventing hazards arising from high-pressure gas and explosive substances at the operation site	Preventing hazards caused by floods, windstorms, fires or earthquakes at the operation site	Preventing hazards arising from quarrying, excavation and pneumatic caisson operations	a	第6條第2項四款：重複性作業促發肌肉骨骼疾病之預防、異常工作負荷促發疾病之預防、執行職務遭受不法侵害之預防、避難急救休息等事項。其餘選項屬第6條第1項。	Article 6(2) lists four items: musculoskeletal disorders from repetitive work, diseases induced by abnormal workloads, unlawful physical or mental harm by others, and evacuation/first aid/rest. The other options fall under Article 6(1).	active	1		
OSH-0012	OSH	OSH-01	職業安全衛生法	第6條	民國114年12月19日	安全衛生設施	2	本法第6條第2項第3款要求雇主對「執行職務因他人行為遭受身體或精神不法侵害之預防」，除採取措施外尚應建立何種程序？	罷工、協商及調解程序	申訴、調查及處理程序	投保、理賠及給付程序	懲戒、解僱及申覆程序	Under Article 6(2)(3), for preventing physical or mental unlawful harm by others during the performance of duties, the employer shall also establish what procedures?	Strike, negotiation and mediation procedures	Complaint, investigation and handling procedures	Insurance, claim and benefit payment procedures	Discipline, dismissal and appeal procedures	b	第6條第2項第3款：執行職務因他人行為遭受身體或精神不法侵害之預防，並建立申訴、調查及處理程序。	Article 6(2)(3): prevention of unlawful physical or mental harm by others while performing duties, and establishment of complaint, investigation and handling procedures.	active	1		
OSH-0013	OSH	OSH-01	職業安全衛生法	第6條	民國114年12月19日	安全衛生設施	1	本法第6條第1項第5款要求雇主應有必要之安全衛生設備及措施，以防止何種作業場所引起之危害？	設有空調及照明設備之辦公室文書作業場所	供勞工用餐及休憩使用之員工餐廳場所	有墜落、物體飛落或崩塌等之虞之作業場所	供訪客及員工停放車輛之地面停車場所	Article 6(1)(5) requires the employer to have necessary safety and health equipment and measures to prevent hazards from what type of operation site?	Office clerical work areas equipped with air conditioning and lighting	Staff cafeterias used by laborers for meals and rest periods	Operation sites with risk of falls, falling objects or collapse	Ground-level parking lots used by employees and visitors	c	第6條第1項第5款：防止有墜落、物體飛落或崩塌等之虞之作業場所引起之危害。	Article 6(1)(5): to prevent hazards from operation sites where there is a risk of falls, falling objects or collapse.	active	1		
OSH-0014	OSH	OSH-01	職業安全衛生法	第7條	民國114年12月19日	機械設備	2	依本法第7條，對於中央主管機關指定之機械、設備或器具，其構造、性能及防護不符安全標準者，下列何種行為是被禁止的？	產製運出廠場、輸入、租賃、供應或設置	進行維修、保養或零件更換等相關作業	出口、轉運或於國外展覽陳列該等產品	於工作場所張貼標示或懸掛使用說明書	Under Article 7, for machinery, equipment or tools designated by the central competent authority whose structure, performance and protection do not meet safety standards, which act is prohibited?	Manufacturing for shipment, importing, leasing, supplying or installing	Carrying out maintenance, servicing or replacement of parts	Exporting, transshipping or displaying them at overseas exhibitions	Posting labels or hanging operating manuals in the workplace	a	第7條第1項：製造者、輸入者、供應者或雇主，對於指定之機械、設備或器具，其構造、性能及防護非符合安全標準者，不得產製運出廠場、輸入、租賃、供應或設置。	Article 7(1): manufacturers, importers, suppliers or employers shall not manufacture for shipment, import, lease, supply or install designated machinery, equipment or tools that do not meet safety standards.	active	1		
OSH-0015	OSH	OSH-01	職業安全衛生法	第7條	民國114年12月19日	機械設備	2	依本法第7條第3項，製造者或輸入者對於符合安全標準之指定機械、設備或器具，應辦理下列何事？	於中央主管機關指定之資訊申報網站登錄，並於產品明顯處張貼安全標示	向地方主管機關申請營業登記，並於產品包裝標示製造廠商名稱	向勞動檢查機構申請竣工檢查，並於產品明顯處張貼檢查合格證	向保險公司投保產品責任保險，並於產品明顯處標示保險期間	Under Article 7(3), for designated machinery, equipment or tools that meet safety standards, the manufacturer or importer shall:	Register on the central competent authority's designated information reporting website and affix a safety label conspicuously on the product	Apply for business registration with the local competent authority and mark the manufacturer's name on the product packaging	Apply to the labor inspection agency for a completion inspection and affix the inspection certificate conspicuously on the product	Take out product liability insurance with an insurer and affix a label showing the insured period conspicuously on the product	a	第7條第3項：符合安全標準者，應於中央主管機關指定之資訊申報網站登錄，並於其產製或輸入之產品明顯處張貼安全標示，以供識別。	Article 7(3): products meeting the safety standards shall be registered on the designated information reporting website and bear a safety label in a conspicuous place for identification.	active	1		
OSH-0016	OSH	OSH-01	職業安全衛生法	第8條	民國114年12月19日	機械設備	2	經中央主管機關公告列入型式驗證之機械、設備或器具，須符合何條件始得產製運出廠場或輸入？	經全國性同業公會實施產品審查合格及核發審查通過證明	經雇主指定之內部品管單位實施自主檢查合格及建檔備查	經中央主管機關認可之驗證機構實施型式驗證合格及張貼合格標章	經地方主管機關實施書面備查合格及公告於機關網站	For machinery, equipment or tools announced as subject to type certification, what condition must be met before manufacturing for shipment or import?	Passing a product review conducted by the national trade association and obtaining its approval certificate	Passing self-inspection by an internal quality unit designated by the employer and keeping the records on file	Passing type certification by a certification body approved by the central competent authority and affixing a conformity mark	Passing a documentary review by the local competent authority and being announced on that authority's official website	c	第8條第1項：非經中央主管機關認可之驗證機構實施型式驗證合格及張貼合格標章，不得產製運出廠場或輸入。	Article 8(1): they shall not be manufactured for shipment or imported unless type-certified by an approved certification body and affixed with a conformity mark.	active	1		
OSH-0017	OSH	OSH-01	職業安全衛生法	第8條	民國114年12月19日	機械設備	3	依本法第8條第2項，下列何種情形得免實施型式驗證？	產品售價低於一定金額，並有會計師出具價格查核報告	已投保產品責任保險，並有保險公司出具承保證明文件	製造者自行評估品質良好，並有內部品管單位出具報告	供國防軍事用途使用，並有國防部或其直屬機關出具證明	Under Article 8(2), which of the following may be exempted from type certification?	Priced below a certain amount with a price verification report issued by a certified public accountant firm	Covered by product liability insurance with a certificate of coverage issued by the underwriting insurance company	Assessed as being of good quality by the manufacturer, with an inspection report issued by its internal quality control unit	Used for national defense purposes with a certificate issued by the Ministry of National Defense or its directly subordinate agency	d	第8條第2項免驗證情形包括：依第16條或其他法律實施檢查驗證認可、供國防軍事用途並有國防部證明、限量製造供研發測試經核准、商業樣品或展覽品經核准、其他特殊情形經核准。	Article 8(2) exemptions include: inspection/certification under Article 16 or other laws; national defense use with MND certificate; limited quantity for R&D/testing with approval; commercial samples or exhibits with approval; other special cases with approval.	active	1		
OSH-0018	OSH	OSH-01	職業安全衛生法	第9條	民國114年12月19日	機械設備	2	依本法第9條，下列何種產品不得使用安全標示或驗證合格標章？	依法免驗證且已完成網站登錄之進口產品	已完成資訊申報網站登錄且標示完整之產品	已取得型式驗證合格並張貼合格標章之產品	資訊申報網站登錄逾期或型式驗證逾期之產品	Under Article 9, which product may NOT bear a safety label or certification mark?	An imported product legally exempt from certification and duly registered	A product that has completed website registration and is fully labeled	A product that has passed type certification and bears a conformity mark	A product whose website registration or type certification has expired	d	第9條第1項：對於未完成資訊申報網站登錄、未取得型式驗證合格、登錄逾期或型式驗證逾期之產品，不得使用安全標示、驗證合格標章或易生混淆之類似標示。	Article 9(1): safety labels, conformity marks or confusingly similar marks shall not be used on products that have not completed registration, have not passed type certification, or whose registration or certification has expired.	active	1		
OSH-0019	OSH	OSH-01	職業安全衛生法	第10條	民國114年12月19日	化學品管理	1	依本法第10條，雇主對於具有危害性之化學品，應辦理下列何者？	集中鎖存於專用倉庫，並由管理員定期清點數量及品項	於員工朝會口頭告知勞工，並請勞工簽名確認已知悉	標示、製備清單及揭示安全資料表，並採取必要之通識措施	全面改用進口化學品，並由供應商代為辦理通識措施	Under Article 10, for hazardous chemicals the employer shall:	Lock them in a dedicated warehouse and have the storekeeper periodically count the quantities and item types	Inform the laborers verbally at the morning assembly and have each of them sign to confirm they are aware	Label them, prepare an inventory, make safety data sheets available and take necessary hazard communication measures	Switch entirely to imported chemicals and let the supplier carry out all the hazard communication measures	c	第10條第1項：雇主對於具有危害性之化學品，應予標示、製備清單及揭示安全資料表，並採取必要之通識措施。	Article 10(1): the employer shall label hazardous chemicals, prepare an inventory, make safety data sheets available and take necessary hazard communication measures.	active	1		
OSH-0020	OSH	OSH-01	職業安全衛生法	第10條	民國114年12月19日	化學品管理	2	製造者、輸入者或供應者提供危害性化學品予事業單位前，應辦理何事？資料異動時如何處理？	僅需檢附出貨發票及型錄；資料異動時免再處理	以電話口頭說明危害特性即可；異動時免通知	予以標示及提供安全資料表；資料異動時亦同	僅需提供產品價格表及規格說明；異動時亦同	Before providing hazardous chemicals to an enterprise, what must manufacturers, importers or suppliers do, and what about when the information changes?	Only attach a shipping invoice and catalogue; no action needed when information changes	Explain the hazards verbally by phone; no notification needed when information changes	Label them and provide safety data sheets; the same applies when information changes	Only provide a price list and specification sheet; the same applies when information changes	c	第10條第2項：製造者、輸入者或供應者，提供化學品與事業單位或自營作業者前，應予標示及提供安全資料表；資料異動時，亦同。	Article 10(2): before providing chemicals to an enterprise or self-employed person, they shall label the chemicals and provide safety data sheets; the same applies when the information changes.	active	1		
OSH-0021	OSH	OSH-01	職業安全衛生法	第11條	民國114年12月19日	化學品管理	2	依本法第11條，雇主對危害性化學品應依何種情形評估風險等級並採取分級管理措施？	保存期限、供應商信用及付款條件	採購價格、品牌知名度及產地	包裝顏色、容器容量及材質	健康危害、散布狀況及使用量	Under Article 11, based on what factors shall the employer assess the risk level of hazardous chemicals and adopt graded management?	Shelf life, supplier credit rating and payment terms	Purchase price, brand reputation and country of origin	Packaging color, container volume and material used	Health hazards, dispersion conditions and quantity used	d	第11條第1項：雇主對於前條之化學品，應依其健康危害、散布狀況及使用量等情形，評估風險等級，並採取分級管理措施。	Article 11(1): the employer shall assess the risk level based on health hazards, dispersion conditions and quantity used, and adopt graded management measures.	active	1		
OSH-0022	OSH	OSH-01	職業安全衛生法	第12條	民國114年12月19日	化學品管理	1	對於中央主管機關定有容許暴露標準之作業場所，雇主應確保勞工之危害暴露如何？	高於標準值亦可	等於標準值	低於標準值	無需管理	For operation sites with permissible exposure limits set by the central competent authority, the employer shall ensure laborers' hazard exposure is:	Above the limit is acceptable	Equal to the limit	Below the limit	Not managed	c	第12條第1項：雇主對於中央主管機關定有容許暴露標準之作業場所，應確保勞工之危害暴露低於標準值。	Article 12(1): the employer shall ensure that laborers' hazard exposure is below the permissible exposure limit.	active	1		
OSH-0023	OSH	OSH-01	職業安全衛生法	第12條	民國114年12月19日	化學品管理	2	依本法第12條第3項，雇主對經中央主管機關指定之作業場所，應訂定何種計畫並由何者實施監測？	緊急應變計畫；由當地消防機關派員前往實施	品質管理計畫；由事業單位品管部門自行實施	年度預算計畫；由事業單位財務部門編列實施	作業環境監測計畫；由認可之作業環境監測機構實施	Under Article 12(3), for operation sites designated by the central competent authority, the employer shall formulate what plan, and who conducts the monitoring?	An emergency response plan; monitoring carried out by personnel of the local fire authority	A quality management plan; monitoring carried out by the enterprise's own quality control unit	An annual budget plan; monitoring carried out by the enterprise's own finance department staff	A workplace environment monitoring plan; monitoring by an approved environment monitoring institution	d	第12條第3項：應訂定作業環境監測計畫，並設置或委託由中央主管機關認可之作業環境監測機構實施監測。指定免經監測機構分析之項目得僱用合格監測人員辦理。	Article 12(3): the employer shall formulate a workplace environment monitoring plan and establish or commission a monitoring institution approved by the central competent authority to conduct the monitoring.	active	1		
OSH-0024	OSH	OSH-01	職業安全衛生法	第12條	民國114年12月19日	化學品管理	2	雇主對作業環境監測計畫及監測結果，應如何處理？	僅交由企業工會存查保管即可	列為機密文件，不得對外公開	於保存三年後銷毀避免資料外洩	公開揭示，並通報中央主管機關	How shall the employer handle the workplace environment monitoring plan and results?	Hand them over to the enterprise union for safekeeping only	Keep them as confidential documents that may not be disclosed	Destroy them after three years of storage to prevent leakage	Publicly disclose them and report to the central competent authority	d	第12條第4項：雇主對於監測計畫及監測結果，應公開揭示，並通報中央主管機關。中央主管機關或勞動檢查機構得實施查核。	Article 12(4): the employer shall publicly disclose the monitoring plan and results and report them to the central competent authority, which may conduct audits.	active	1		
OSH-0025	OSH	OSH-01	職業安全衛生法	第13條	民國114年12月19日	化學品管理	2	製造者或輸入者對於化學物質清單以外之「新化學物質」，於製造或輸入前應完成何事？	於全國性報紙刊登公開廣告，並函知同業公會備查	取得國際標準組織品質管理系統認證，並公告周知	向中央主管機關繳交化學物質安全評估報告，並經核准登記	向海關申報化學物質成分及數量，並取得放行通知	Before manufacturing or importing a 'new chemical substance' not on the chemical substance inventory, a manufacturer or importer shall:	Publish a public advertisement in a national newspaper and notify the trade association for its record	Obtain an ISO quality management system certification and publicly announce that certification to the trade	Submit a chemical substance safety assessment report to the central competent authority and obtain approved registration	Declare the chemical substance's composition and quantity to the customs authority and obtain a release notice	c	第13條第1項：對於中央主管機關公告之化學物質清單以外之新化學物質，未向中央主管機關繳交化學物質安全評估報告，並經核准登記前，不得製造或輸入含有該物質之化學品。	Article 13(1): chemicals containing a new chemical substance shall not be manufactured or imported until a safety assessment report has been submitted and registration approved.	active	1		
OSH-0026	OSH	OSH-01	職業安全衛生法	第14條	民國114年12月19日	化學品管理	2	依本法第14條第1項，對於經中央主管機關指定之「管制性化學品」，原則上如何？	不得製造、輸入、供應或供工作者處置、使用，但經中央主管機關許可者不在此限	僅須依規定標示及提供安全資料表，即得製造、輸入及供工作者使用	僅須將運作資料報請地方主管機關備查，即得製造、輸入及供工作者使用	得自由製造、輸入、供應或供工作者處置使用，無須經中央主管機關許可	Under Article 14(1), what is the rule for 'controlled chemicals' designated by the central competent authority?	They shall not be manufactured, imported, supplied or handled/used by workers, unless permitted by the central competent authority	Labeling them and providing safety data sheets alone allows them to be manufactured, imported and used by workers	Reporting the operation data to the local competent authority alone allows their manufacture, import and use	They may be freely manufactured, imported, supplied or handled and used by workers without any permit from the authority	a	第14條第1項：對於經中央主管機關指定之管制性化學品，不得製造、輸入、供應或供工作者處置、使用。但經中央主管機關許可者，不在此限。	Article 14(1): controlled chemicals shall not be manufactured, imported, supplied or handled/used by workers unless permitted by the central competent authority.	active	1		
OSH-0027	OSH	OSH-01	職業安全衛生法	第14條	民國114年12月19日	化學品管理	2	對於中央主管機關指定之「優先管理化學品」，製造者、輸入者、供應者或雇主應如何辦理？	將相關運作資料報請中央主管機關備查	完全禁止製造使用，無須報請任何機關	將相關運作資料報請地方主管機關核准	將相關運作資料報請勞動檢查機構許可	For 'priority management chemicals' designated by the central competent authority, manufacturers, importers, suppliers or employers shall:	Report the relevant operation data to the central competent authority for record	Stop all manufacture and use entirely, with no report to any authority	Report the relevant operation data to the local competent authority for approval	Report the relevant operation data to the labor inspection agency for a permit	a	第14條第2項：對於中央主管機關指定之優先管理化學品，應將相關運作資料報請中央主管機關備查。	Article 14(2): relevant operation data of priority management chemicals shall be reported to the central competent authority for record.	active	1		
OSH-0028	OSH	OSH-01	職業安全衛生法	第15條	民國114年12月19日	製程安全	2	依本法第15條，下列何種工作場所應定期實施製程安全評估並製作報告？	從事石油裂解之石化工業	餐飲業廚房調理場所	小型零售商店賣場	一般行政辦公大樓場所	Under Article 15, which workplace shall periodically conduct process safety assessment and prepare a report?	Petrochemical industry engaged in petroleum cracking	A restaurant kitchen used for food preparation	A small retail shop with a sales floor	A general administrative office building workplace	a	第15條第1項：從事石油裂解之石化工業，及從事製造、處置或使用危害性化學品數量達規定量以上之工作場所，應依規定期限定期實施製程安全評估，製作報告並採取必要之預防措施；製程修改時亦同。	Article 15(1): petrochemical plants engaged in petroleum cracking, and workplaces manufacturing, handling or using hazardous chemicals above the prescribed quantity, shall periodically conduct process safety assessment, prepare reports and take preventive measures; the same applies when the process is modified.	active	1		
OSH-0029	OSH	OSH-01	職業安全衛生法	第15條	民國114年12月19日	製程安全	2	製程安全評估報告，事業單位應報請何機關備查？	勞動檢查機構	地方消防機關	環保機關	經濟部工業局	To which agency shall the enterprise submit the process safety assessment report for record?	The labor inspection agency	The local fire authority	The environmental protection authority	The Industrial Development Bureau	a	第15條第2項：前項製程安全評估報告，事業單位應報請勞動檢查機構備查。	Article 15(2): the process safety assessment report shall be submitted to the labor inspection agency for record.	active	1		
OSH-0030	OSH	OSH-01	職業安全衛生法	第15-1條	民國114年12月19日	工程安全	3	依本法第15條之1，事業單位將一定規模以上之工程交付規劃、設計時，應辦理下列何者？	分析潛在施工危害，編製安全衛生圖說及規範，量化編列安全衛生費用，並製作工程規劃設計安全分析報告	分析潛在施工成本，編製工程預算書及發包文件，量化編列工程管理費用，並製作工程規劃設計成本分析報告	分析潛在施工進度，編製施工進度網圖及計畫，量化編列趕工獎金費用，並製作工程施工進度管制查核報告	分析潛在營運風險，編製營造綜合保險文件，量化編列保險費用，並製作工程保險理賠處理作業報告	Under Article 15-1, when an enterprise commissions planning and design of a construction project above a certain scale, it shall:	Analyze potential construction hazards, prepare safety and health drawings and specifications, quantify safety and health costs, and prepare a planning and design safety analysis report	Analyze potential construction costs, prepare the project budget and tender documents, quantify project management costs, and prepare a planning and design cost analysis report	Analyze potential schedule risks, prepare the construction schedule network and plan, quantify acceleration bonus costs, and prepare a schedule control audit report	Analyze potential operating risks, prepare contractor's all-risk insurance documents, quantify insurance premium costs, and prepare an insurance claim handling report	a	第15條之1第1項：應依其工程特性，分析潛在施工危害，編製安全衛生圖說及規範，量化編列安全衛生費用，並製作工程規劃設計安全分析報告。	Article 15-1(1): based on the project characteristics, analyze potential construction hazards, prepare safety and health drawings and specifications, quantify safety and health costs, and prepare a planning and design safety analysis report.	active	1		
OSH-0031	OSH	OSH-01	職業安全衛生法	第15-1條	民國114年12月19日	工程安全	3	依本法第15條之1第2項，事業單位將工程交付施工時，應使施工者事前依工程規劃設計安全分析報告做什麼？	轉交報告予監造單位，由監造單位代為評估風險並納入計畫	評估施工風險，採取必要預防設備及措施，納入施工計畫書並確實執行	閱讀報告內容，於報告封面簽名確認，送交監造單位存查即可	評估施工成本，編列必要預備工程費用，納入工程預算書並確實執行	Under Article 15-1(2), when commissioning construction, the enterprise shall require the contractor, based on the safety analysis report, to:	Forward the report to the supervising unit and let that unit assess the risks and incorporate them into the plan	Assess construction risks, adopt necessary preventive equipment and measures, incorporate them into the construction plan and implement them	Read the report, sign the cover page to confirm receipt, and send the signed report to the supervising unit for filing	Assess construction costs, budget the necessary contingency expenses, incorporate them into the project budget and implement them	b	第15條之1第2項：應使該施工者於事前依工程規劃設計安全分析報告，評估施工風險，採取必要之預防設備及措施，納入施工計畫書，並確實執行。第3項：事業單位應指派人員或委託專業機構監督及查證。	Article 15-1(2): the contractor shall assess construction risks in advance based on the report, adopt necessary preventive equipment and measures, incorporate them into the construction plan and implement them; under paragraph 3 the enterprise shall assign personnel or a professional body to supervise and verify.	active	1		
OSH-0032	OSH	OSH-01	職業安全衛生法	第16條	民國114年12月19日	機械設備	1	經中央主管機關指定具有危險性之機械或設備，須經何者檢查合格始得使用？	勞動檢查機構或中央主管機關指定之代行檢查機構	製造廠商依規定自行實施檢查之內部檢查單位	全國性同業公會設置之產品審查委員會	事業單位雇主指定之內部自動檢查人員	Designated dangerous machinery or equipment may be used only after passing inspection by:	The labor inspection agency or an agent inspection institution designated by the central competent authority	The inspection unit of the manufacturer that carries out self-inspection under the relevant regulations	The product review committee established by the national trade association of the industry	The internal automatic inspection personnel designated by the employer of the enterprise	a	第16條第1項：非經勞動檢查機構或中央主管機關指定之代行檢查機構檢查合格，不得使用；其使用超過規定期間者，非經再檢查合格，不得繼續使用。	Article 16(1): they shall not be used unless inspected and passed by the labor inspection agency or a designated agent inspection institution; after the prescribed period, re-inspection is required.	active	1		
OSH-0033	OSH	OSH-01	職業安全衛生法	第17條	民國114年12月19日	安全衛生設施	2	勞工工作場所之建築物，應由何人依建築法規及本法安全衛生規定設計？	職業安全衛生管理員	雇主本人或其指定人員	工地主任或工地負責人	依法登記開業之建築師	Buildings used as laborers' workplaces shall be designed by whom, in accordance with building regulations and the safety and health provisions of the Act?	An occupational safety and health administrator	The employer personally or a designated person	The site director or the site person in charge	A legally registered practicing architect	d	第17條：勞工工作場所之建築物，應由依法登記開業之建築師依建築法規及本法有關安全衛生之規定設計。	Article 17: buildings of laborers' workplaces shall be designed by a legally registered practicing architect in accordance with building regulations and the safety and health provisions of the Act.	active	1		
OSH-0034	OSH	OSH-01	職業安全衛生法	第18條	民國114年12月19日	緊急應變	1	工作場所有立即發生危險之虞時，雇主或工作場所負責人應如何處置？	即令停止作業，並使勞工退避至安全場所	先通報勞動檢查機構，等待檢查員到場處理	要求勞工加快作業，儘速完成後再行退避	以口頭提醒勞工小心，並繼續原有作業	When there is an imminent danger in the workplace, the employer or workplace manager shall:	Immediately order work to stop and have laborers withdraw to a safe place	Notify the labor inspection agency first and wait for an inspector to arrive	Ask laborers to speed up the work and withdraw only after finishing	Verbally remind laborers to be careful and continue the ongoing work	a	第18條第1項：工作場所有立即發生危險之虞時，雇主或工作場所負責人應即令停止作業，並使勞工退避至安全場所。	Article 18(1): when there is an imminent danger in the workplace, the employer or workplace manager shall immediately order work to stop and have laborers withdraw to a safe place.	active	1		
OSH-0035	OSH	OSH-01	職業安全衛生法	第18條	民國114年12月19日	緊急應變	2	勞工執行職務發現有立即發生危險之虞時，得自行停止作業退避，並應如何處理？	逕行離開公司不必通知	先向媒體投訴	三日內以書面通知雇主	立即向直屬主管報告	When a laborer discovers an imminent danger while performing duties and stops work to withdraw, the laborer shall also:	Leave the company without notice	Complain to the media first	Notify the employer in writing within three days	Immediately report to the direct supervisor	d	第18條第2項：勞工執行職務發現有立即發生危險之虞時，得在不危及其他工作者安全情形下，自行停止作業及退避至安全場所，並立即向直屬主管報告。	Article 18(2): the laborer may stop work and withdraw to a safe place without endangering other workers, and shall immediately report to the direct supervisor.	active	1		
OSH-0036	OSH	OSH-01	職業安全衛生法	第18條	民國114年12月19日	緊急應變	2	勞工依法自行停止作業退避後，雇主得否對其解僱、調職或不給付停止作業期間工資？	得，雇主得予以記過及調職，但須經工會同意並報勞動檢查機構備查後為之	得，雇主得扣除停止作業當日工資，但應經勞資會議同意並報主管機關核准	不得，但雇主證明勞工濫用停止作業權，經報主管機關認定並符合勞動法令者不在此限	得，雇主僅需事後將處分結果報請主管機關備查，並符合勞動法令規定即可	After a laborer lawfully stops work and withdraws, may the employer dismiss, transfer or withhold wages for the stoppage period?	Yes, a demerit and a transfer may be imposed after union consent and a filing with the labor inspection agency	Yes, the day's wages may be deducted with the consent of the labor-management conference and authority approval	No, unless the employer proves abuse of the right, confirmed by the competent authority and compliant with labor laws	Yes, the employer need only report the disciplinary outcome to the competent authority for record afterwards	c	第18條第3項：雇主不得對前項勞工予以解僱、調職、不給付停止作業期間工資或其他不利之處分。但雇主證明勞工濫用停止作業權，經報主管機關認定，並符合勞動法令規定者，不在此限。	Article 18(3): the employer shall not dismiss, transfer, withhold wages or impose other adverse treatment, unless the employer proves the laborer abused the right, as confirmed by the competent authority and in compliance with labor laws.	active	1		
OSH-0037	OSH	OSH-01	職業安全衛生法	第19條	民國114年12月19日	工時與健康	1	在高溫場所工作之勞工，雇主不得使其每日工作時間超過幾小時？	十小時	八小時	六小時	四小時	For laborers working in high-temperature workplaces, the employer shall not make them work more than how many hours per day?	Ten hours	Eight hours	Six hours	Four hours	c	第19條第1項：在高溫場所工作之勞工，雇主不得使其每日工作時間超過六小時。	Article 19(1): laborers working in high-temperature workplaces shall not work more than six hours per day.	active	1		
OSH-0038	OSH	OSH-01	職業安全衛生法	第19條	民國114年12月19日	工時與健康	2	依本法第19條，下列何種作業應規定減少勞工工作時間並在工作時間中予以適當休息？	倉庫盤點作業、貨架整理作業、標籤黏貼、單據核對	一般文書作業、資料建檔作業、影印作業、會議紀錄	異常氣壓作業、高架作業、精密作業、重體力勞動	客服電話作業、線上客服作業、簡訊回覆、郵件處理	Under Article 19, which operations require reduced working hours and appropriate rest during working hours?	Warehouse stocktaking, shelf tidying, label affixing, document checking	General clerical work, data filing work, photocopying, meeting minutes	Abnormal pressure work, work at height, precision work, heavy physical labor	Customer service calls, online chat support, text replies, mail handling	c	第19條第1項：異常氣壓作業、高架作業、精密作業、重體力勞動或其他對於勞工具有特殊危害之作業，亦應規定減少勞工工作時間，並在工作時間中予以適當之休息。	Article 19(1): abnormal pressure work, work at height, precision work, heavy physical labor and other work with special hazards shall have reduced working hours and appropriate rest.	active	1		
OSH-0039	OSH	OSH-01	職業安全衛生法	第20條	民國114年12月19日	健康管理	1	依本法第20條，雇主於僱用勞工時應施行何種檢查？	職業病鑑定	特殊健康檢查	體格檢查	心理測驗	Under Article 20, what examination shall the employer conduct when hiring a laborer?	An occupational disease appraisal	A special health examination	A physical examination	A psychological test	c	第20條第1項：雇主於僱用勞工時，應施行體格檢查；對在職勞工應施行一般健康檢查、特別危害健康作業之特殊健康檢查及指定之特定對象與特定項目健康檢查。	Article 20(1): the employer shall conduct a physical examination upon hiring; for in-service laborers, general health examinations, special health examinations for especially hazardous work, and designated examinations for specific groups/items.	active	1		
OSH-0040	OSH	OSH-01	職業安全衛生法	第20條	民國114年12月19日	健康管理	1	勞工體格及健康檢查之費用由何人負擔？檢查紀錄由何人保存？	費用由雇主負擔；紀錄由雇主保存	費用由工會負擔；紀錄由工會保存	費用由勞工負擔；紀錄由勞工保存	費用由政府負擔；紀錄由醫院保存	Who bears the cost of laborers' physical and health examinations, and who keeps the records?	The employer bears the cost; the employer keeps the records	The union bears the cost; the union keeps the records	The laborer bears the cost; the laborer keeps the records	The government bears the cost; the hospital keeps the records	a	第20條第2項：檢查應由認可之醫療機構之醫師為之；檢查紀錄雇主應予保存，並負擔健康檢查費用。	Article 20(2): examinations shall be performed by physicians of approved medical institutions; the employer shall keep the records and bear the cost.	active	1		
OSH-0041	OSH	OSH-01	職業安全衛生法	第20條	民國114年12月19日	健康管理	3	實施特殊健康檢查時，雇主應提供何種資料予醫療機構？	勞工歷年學歷證明及技能訓練證書	勞工三親等內家族病史及遺傳疾病	勞工近三年薪資結構及加班時數明細	勞工作業內容及暴露情形等作業經歷資料	When conducting special health examinations, what information shall the employer provide to the medical institution?	Education certificates such as diplomas and training records	Family medical history such as hereditary disease records	Salary structure details such as overtime hours and bonuses	Work history data such as job content and exposure conditions	d	第20條第2項：實施特殊健康檢查時，雇主應提供勞工作業內容及暴露情形等作業經歷資料予醫療機構。	Article 20(2): when conducting special health examinations, the employer shall provide the medical institution with the laborer's work history data, including job content and exposure conditions.	active	1		
OSH-0042	OSH	OSH-01	職業安全衛生法	第20條	民國114年12月19日	健康管理	3	醫療機構對於健康檢查結果，應通報中央主管機關備查；其中一般健康檢查結果之通報範圍為何？	以指定項目檢查結果正常者為限	以指定項目發現異常者為限	以全部檢查項目之結果為限	以雇主自行決定通報之項目為限	Medical institutions shall report health examination results to the central competent authority; what is the scope of reporting for general health examinations?	Limited to normal findings in designated items	Limited to abnormal findings in designated items	Limited to all findings in every item examined	Limited to items the employer chooses to report	b	第20條第4項：醫療機構對於健康檢查之結果，應通報中央主管機關備查。但一般健康檢查結果之通報，以指定項目發現異常者為限。	Article 20(4): results shall be reported to the central competent authority, but for general health examinations only abnormal findings in designated items are reported.	active	1		
OSH-0043	OSH	OSH-01	職業安全衛生法	第20條	民國114年12月19日	健康管理	1	勞工對於雇主依法安排之體格及健康檢查，有無接受之義務？	僅主管有義務	可自由選擇不接受	有接受之義務	僅新進人員有義務	Is a laborer obliged to undergo the physical and health examinations lawfully arranged by the employer?	Only supervisory laborers are obliged	No, the laborer may freely decline them	Yes, the laborer is obliged to undergo them	Only newly hired laborers are obliged	c	第20條第6項：勞工對於第一項之檢查，有接受之義務。	Article 20(6): laborers are obliged to undergo the examinations under paragraph 1.	active	1		
OSH-0044	OSH	OSH-01	職業安全衛生法	第21條	民國114年12月19日	健康管理	2	健康檢查發現勞工經醫師健康評估不能適應原有工作時，雇主應如何處理？	參採醫師建議，變更其作業場所、更換工作或縮短工作時間，並採取健康管理措施	逕予解僱該勞工，並將解僱事由函報勞動檢查機構備查，不須另採其他措施	扣減其部分薪資作為健康管理費用，並要求勞工簽署工作風險同意書後續任	要求勞工自費治療至康復後始得復工，治療期間之工資由勞工自行負擔	When a health examination shows that a laborer cannot adapt to the original work according to the physician's assessment, the employer shall:	Follow the physician's advice to change the operation site, reassign work or shorten working hours, and adopt health management measures	Dismiss the laborer immediately and report the dismissal to the labor inspection agency for record, without any other measures	Deduct part of the wages as a health management fee and require the laborer to sign a work risk consent form to continue working	Require the laborer to obtain self-paid treatment until recovery before returning, with wages during treatment borne by the laborer	a	第21條第1項：經醫師健康評估結果，不能適應原有工作者，應參採醫師之建議，變更其作業場所、更換工作或縮短工作時間，並採取健康管理措施。	Article 21(1): the employer shall follow the physician's advice to change the operation site, reassign work or shorten working hours, and adopt health management measures.	active	1		
OSH-0045	OSH	OSH-01	職業安全衛生法	第21條	民國114年12月19日	健康管理	2	雇主依健康檢查結果彙編之健康檢查手冊，其使用限制為何？	得提供保險公司作為行銷招攬使用	得作為裁員及資遣人選之參考資料	不得作為健康管理目的以外之用途	得作為年度考績評比及晉升之依據	What is the restriction on the use of the health examination handbook compiled by the employer?	It may be provided to insurance companies for marketing use	It may be used as a reference for selecting laborers to lay off	It shall not be used for purposes other than health management	It may be used for annual performance appraisal and promotion	c	第21條第2項：雇主應依檢查結果及個人健康注意事項，彙編成健康檢查手冊，發給勞工，並不得作為健康管理目的以外之用途。	Article 21(2): the employer shall compile a health examination handbook and issue it to the laborer; it shall not be used for purposes other than health management.	active	1		
OSH-0046	OSH	OSH-01	職業安全衛生法	第22條	民國114年12月19日	健康管理	1	事業單位勞工人數達多少人以上，應置勞工健康服務人員或委託勞工健康服務專業機構？	三百人	三十人	五十人	一百人	An enterprise with how many laborers or more shall appoint labor health service personnel or commission a professional labor health service institution?	300	30	50	100	c	第22條第1項：事業單位勞工人數在五十人以上者，應置勞工健康服務人員或委託勞工健康服務專業機構，辦理健康管理、職業病與工作相關疾病之預防及健康促進等事項。	Article 22(1): enterprises with 50 or more laborers shall appoint labor health service personnel or commission a professional institution for health management, prevention of occupational and work-related diseases, and health promotion.	active	1		
OSH-0047	OSH	OSH-01	職業安全衛生法	第22-1條	民國114年12月19日	職場霸凌	2	本法所稱「職場霸凌」，其行為特徵不包括下列何者？	持續以冒犯、威脅、冷落、孤立、侮辱等言行	逾越業務上必要且合理範圍	利用職務或權勢等關係	依規定進行之正常工作考核	Which of the following is NOT a characteristic of 'workplace bullying' under the Act?	Persistent offensive, threatening, isolating or insulting words or conduct	Exceeding the necessary and reasonable scope of business	Exploiting position or power relationships	Normal work performance evaluation conducted according to rules	d	第22條之1第1項：職場霸凌指勞工於勞動場所執行職務，因其事業單位人員利用職務或權勢等關係，逾越業務上必要且合理範圍，持續以冒犯、威脅、冷落、孤立、侮辱或其他不當之言詞或行為，致其身心健康遭受危害。但情節重大者，不以持續發生為必要。	Article 22-1(1): workplace bullying means enterprise personnel exploiting position or power, exceeding the necessary and reasonable scope of business, persistently harming a laborer's physical or mental health through offensive, threatening, isolating, insulting or other improper conduct; for serious cases persistence is not required.	active	1		
OSH-0048	OSH	OSH-01	職業安全衛生法	第22-1條	民國114年12月19日	職場霸凌	2	僱用勞工人數在幾人以上者，應訂定職場霸凌申訴管道並在工作場所公開揭示？	三十人	十人	五人	五十人	An employer with how many laborers or more shall establish workplace bullying complaint channels and publicly post them in the workplace?	30	10	5	50	b	第22條之1第2項第1款：勞工人數在十人以上者，應訂定職場霸凌申訴管道，並在工作場所公開揭示。	Article 22-1(2)(1): employers with 10 or more laborers shall establish workplace bullying complaint channels and publicly post them in the workplace.	active	1		
OSH-0049	OSH	OSH-01	職業安全衛生法	第22-1條	民國114年12月19日	職場霸凌	2	僱用勞工人數在幾人以上者，應訂定職場霸凌防治措施、申訴及懲處規範並公開揭示？	一百人	十人	三十人	五十人	An employer with how many laborers or more shall formulate workplace bullying prevention measures, complaint and disciplinary rules and publicly post them?	100	10	30	50	c	第22條之1第2項第2款：勞工人數在三十人以上者，應訂定職場霸凌防治措施、申訴及懲處規範，並在工作場所公開揭示。	Article 22-1(2)(2): employers with 30 or more laborers shall formulate workplace bullying prevention measures, complaint and disciplinary rules and publicly post them.	active	1		
OSH-0050	OSH	OSH-01	職業安全衛生法	第22-2條	民國114年12月19日	職場霸凌	3	雇主因接獲被霸凌勞工申訴而知悉時，對申訴事件進行調查；申訴人有意願者得予協調，若協調不成立應如何？	應續行調查	應即行結案不再處理	應由申訴人自行處理	應轉交警察機關處理	When an employer learns of bullying via a complaint and the complainant is willing to mediate, what happens if mediation fails?	The investigation shall continue	The case is closed with no further action	The matter is left to the complainant to pursue	The case is referred to the police station	a	第22條之2第1項第1款第3目：對申訴事件進行調查；申訴人有意願者，得予協調，如協調不成立時，應續行調查。	Article 22-2(1)(1)(iii): the employer shall investigate the complaint; mediation may be conducted if the complainant is willing, and if mediation fails the investigation shall continue.	active	1		
OSH-0051	OSH	OSH-01	職業安全衛生法	第22-2條	民國114年12月19日	職場霸凌	3	雇主僱用勞工人數達一定規模者，處理職場霸凌事件應組成調查小組，其外聘成員比例不得少於多少？	四分之三	二分之一	三分之二	三分之一	For employers of a certain scale, an investigation team for workplace bullying shall include externally appointed members of at least what proportion?	Three quarters	One half	Two thirds	One third	b	第22條之2第2項：雇主僱用勞工人數達一定規模者，應組成調查小組；其調查小組外聘成員比例不得少於二分之一。	Article 22-2(2): employers of a certain scale shall form an investigation team whose externally appointed members shall be no less than one half.	active	1		
OSH-0052	OSH	OSH-01	職業安全衛生法	第22-2條	民國114年12月19日	職場霸凌	3	雇主接獲被霸凌勞工申訴時，應於何處登錄？	中央主管機關指定之網站	勞工保險局指定之網站	所轄地方警察局之網站	事業單位內部公開布告欄	Where shall the employer register upon receiving a workplace bullying complaint?	The website designated by the central competent authority	The website designated by the Bureau of Labor Insurance	The website designated by the local police department	The internal bulletin board of the enterprise premises	a	第22條之2第3項：雇主接獲被霸凌勞工申訴時，應於中央主管機關指定之網站登錄；事件之處理結果，亦應於該網站登錄之。	Article 22-2(3): upon receiving a bullying complaint the employer shall register it on the website designated by the central competent authority, and the handling result shall also be registered there.	active	1		
OSH-0053	OSH	OSH-01	職業安全衛生法	第22-3條	民國114年12月19日	職場霸凌	2	勞工遭受職場霸凌，原則上應向雇主申訴；若被申訴人為最高負責人時，得向何者申訴？	逕向當地勞動檢查機構提出申訴	逕向所屬之企業工會提出申訴	逕向管轄之地方法院提起自訴	逕向直轄市或縣（市）主管機關	A bullied laborer generally complains to the employer; if the respondent is the top person in charge, the laborer may complain to:	The local labor inspection agency having jurisdiction	The enterprise labor union to which the laborer belongs	The competent district court by way of private prosecution	The municipal or county (city) competent authority directly	d	第22條之3第1項：勞工遭受職場霸凌，應向雇主提起申訴。但被申訴人為最高負責人時，得逕向直轄市或縣（市）主管機關提起申訴。	Article 22-3(1): complaints shall be filed with the employer, but when the respondent is the top person in charge, the laborer may file directly with the municipal or county (city) competent authority.	active	1		
OSH-0054	OSH	OSH-01	職業安全衛生法	第22-3條	民國114年12月19日	職場霸凌	3	勞工向直轄市或縣（市）主管機關提起職場霸凌申訴，自霸凌行為終了時起逾幾年者不予受理？	一年	三年	二年	五年	A workplace bullying complaint filed with the municipal or county (city) authority will not be accepted if more than how many years have passed since the bullying ended?	One year	Three years	Two years	Five years	b	第22條之3第2項：自職場霸凌行為終了時起，逾三年者，不予受理；事件發生時在職者，得於離職之日起一年內申訴，但有較長期限者從其規定。	Article 22-3(2): not accepted if more than three years have passed since the bullying ended; a laborer employed at the time may complain within one year of leaving, whichever is longer.	active	1		
OSH-0055	OSH	OSH-01	職業安全衛生法	第23條	民國114年12月19日	安全衛生管理	1	依本法第23條，雇主應依事業單位規模、性質，設置安全衛生組織、人員，並訂定何種計畫？	年度財務預算編列計畫	職業安全衛生管理計畫	全年營業行銷推廣計畫	員工人力招募訓練計畫	Under Article 23, the employer shall establish safety and health organizations and personnel according to the enterprise's scale and nature, and formulate what plan?	An annual financial budget preparation plan	An occupational safety and health management plan	An annual marketing and business promotion plan	An annual personnel recruitment and training plan	b	第23條第1項：雇主應依其事業單位之規模、性質，設置安全衛生組織、人員；並訂定職業安全衛生管理計畫，實施安全衛生管理及自動檢查。	Article 23(1): the employer shall establish safety and health organizations and personnel, formulate an occupational safety and health management plan, and implement safety and health management and self-inspection.	active	1		
OSH-0056	OSH	OSH-01	職業安全衛生法	第23條	民國114年12月19日	安全衛生管理	2	依本法第23條第2項，何種事業單位應建置職業安全衛生管理系統？	達一定規模或有第15條第1項所定工作場所者	僅上市上櫃等公開發行股票之事業單位	僅中央及地方政府所屬之公營事業單位	所有僱用勞工人數在五人以上之事業單位	Under Article 23(2), which enterprises shall establish an occupational safety and health management system?	Those reaching a certain scale or having workplaces defined in Article 15(1)	Only publicly listed companies whose shares are traded on the market	Only government agencies and state-owned enterprises at all levels	All enterprises employing five or more laborers, regardless of scale	a	第23條第2項：事業單位達一定規模或有第十五條第一項所定之工作場所者，應建置職業安全衛生管理系統。	Article 23(2): enterprises reaching a certain scale or having workplaces defined in Article 15(1) shall establish an occupational safety and health management system.	active	1		
OSH-0057	OSH	OSH-01	職業安全衛生法	第23條	民國114年12月19日	安全衛生管理	2	本法第23條所定安全衛生管理，應由何人綜理？	事業單位之職業安全衛生管理員	勞動檢查機構指派之勞動檢查員	企業工會推派之勞工代表或幹部	雇主、雇主代理人或工作場所負責人	Who shall have overall charge of the safety and health management under Article 23?	The occupational safety and health administrator of the unit	The labor inspector assigned by the labor inspection agency	The labor union representative elected by the laborers	The employer, the employer's agent or the workplace manager	d	第23條第4項：安全衛生管理應由雇主、雇主代理人或工作場所負責人綜理，並由事業單位各級主管依其職責指揮、監督所屬人員執行。	Article 23(4): safety and health management shall be under the overall charge of the employer, the employer's agent or the workplace manager, with supervisors at all levels directing and supervising their subordinates.	active	1		
OSH-0058	OSH	OSH-01	職業安全衛生法	第24條	民國114年12月19日	機械設備	1	具有危險性機械或設備之操作人員，雇主應僱用何種人員充任？	由承攬商或人力派遣公司指派之任何現場作業人員	在該事業單位連續任職三年以上之資深現場員工	經中央主管機關認可之教育訓練或經技能檢定之合格人員	領有普通小客車駕駛執照且年滿二十歲之任何人員	Operators of dangerous machinery or equipment shall be:	Any on-site worker assigned to the operating site by the contractor or by a manpower dispatch agency	Any senior on-site employee who has worked continuously at the same enterprise for three years or more	Persons qualified through training approved by the central competent authority or through skills certification	Any person aged twenty or over holding an ordinary motor vehicle driving licence issued by the police	c	第24條第1項：危險性機械或設備及其他特定機械之操作人員，雇主應僱用經中央主管機關認可之教育訓練或經技能檢定之合格人員充任之。	Article 24(1): the employer shall employ persons who have completed approved education and training or passed skills certification to operate dangerous machinery or equipment and other specified machinery.	active	1		
OSH-0059	OSH	OSH-01	職業安全衛生法	第25條	民國114年12月19日	承攬管理	2	事業單位以其事業招人承攬時，承攬人就承攬部分負何種責任？原事業單位就職業災害補償如何？	承攬人負雇主責任；原事業單位與承攬人負連帶責任	承攬人與原事業單位對職業災害補償均不負責任	承攬人單獨負全部責任；原事業單位完全免除責任	承攬人不負任何責任；原事業單位單獨負全部責任	When an enterprise contracts out its business, what responsibility does the contractor bear, and how about the original enterprise regarding occupational accident compensation?	The contractor bears the employer's responsibility; the original enterprise remains jointly and severally liable	Neither the contractor nor the original enterprise bears any liability for occupational accident compensation	The contractor alone bears full responsibility; the original enterprise is completely exempt from liability	The contractor bears no responsibility at all; the original enterprise alone bears full responsibility	a	第25條第1項：承攬人就承攬部分負本法所定雇主之責任；原事業單位就職業災害補償仍應與承攬人負連帶責任。再承攬者亦同。	Article 25(1): the contractor bears the employer's responsibility for the contracted part; the original enterprise remains jointly and severally liable with the contractor for occupational accident compensation; the same applies to subcontractors.	active	1		
OSH-0060	OSH	OSH-01	職業安全衛生法	第25條	民國114年12月19日	承攬管理	2	原事業單位違反本法或安全衛生規定，致承攬人所僱勞工發生職業災害時，應負何種責任？	僅負應給付勞工補償金額之半數	對承攬人所僱勞工不負賠償責任	與承攬人負連帶賠償責任	僅對受災勞工負道義上責任	If the original enterprise violates the Act or safety and health regulations, causing an occupational accident to a contractor's laborer, it shall:	Bear only one half of the compensation payable to the laborer	Bear no liability for damages to the contractor's laborer	Be jointly and severally liable for damages with the contractor	Bear only moral responsibility toward the injured laborer	c	第25條第2項：原事業單位違反本法或有關安全衛生規定，致承攬人所僱勞工發生職業災害時，與承攬人負連帶賠償責任。再承攬者亦同。	Article 25(2): the original enterprise is jointly and severally liable for damages with the contractor; the same applies to subcontractors.	active	1		
OSH-0061	OSH	OSH-01	職業安全衛生法	第26條	民國114年12月19日	承攬管理	1	事業單位以其事業交付承攬時，應於事前辦理何事？	僅需與承攬人簽訂書面承攬契約並依約定期程給付工程款，工作環境之危害因素由承攬人自行查明	僅需於開工前以口頭交代承攬人注意工地安全，相關危害因素及安全衛生設備由承攬人自行決定	僅需將工作場所點交予承攬人使用，事前無須實施風險評估，亦無須告知任何危害因素或注意事項	就交付承攬之事業實施風險評估，將工作環境、危害因素與應採取之安全衛生設備及措施等評估結果告知承攬人	Before contracting out its business, an enterprise shall:	Merely sign a written contract and pay on the agreed schedule, leaving the contractor to identify all hazard factors of the site itself	Merely tell the contractor verbally to be careful before work starts, leaving it to decide what safety and health equipment is needed	Merely hand the workplace over for the contractor to use, with no prior risk assessment and no notice of hazard factors or precautions	Assess risks in advance and inform the contractor of the work environment, hazard factors and required safety and health equipment and measures	d	第26條第1項：應於事前就交付承攬之事業實施風險評估，將有關工作環境、危害因素與應採取之安全衛生設備及措施等評估結果告知該承攬人，並於承攬期間使承攬人依評估結果確實執行。	Article 26(1): the enterprise shall conduct a risk assessment in advance and inform the contractor of the assessment results including work environment, hazard factors and required safety and health equipment and measures, and ensure implementation during the contract period.	active	1		
OSH-0062	OSH	OSH-01	職業安全衛生法	第26條	民國114年12月19日	承攬管理	2	事業單位將其工作場所、設備出租或出借他人使用時，應於事前告知何事？	場所、設備危害因素及安全衛生相關注意事項	每月租金、押金金額及相關費用分擔方式	該事業單位年度營業額及財務報表資料	承保保險公司名稱及保險契約保障範圍	When an enterprise leases or lends its workplace or equipment to others, it shall inform in advance of:	The hazard factors of the site and equipment and related safety and health precautions	The amount of the monthly rent and deposit and how related expenses are shared	The annual revenue of the enterprise and its financial statements for the year	The name of the insurance company and the coverage of the insurance contract	a	第26條第3項：事業單位將其工作場所、設備出租或出借他人使用時，應於事前告知其場所、設備危害因素及安全衛生相關注意事項。	Article 26(3): the enterprise shall inform in advance of the hazard factors of the site and equipment and related safety and health precautions.	active	1		
OSH-0063	OSH	OSH-01	職業安全衛生法	第27條	民國114年12月19日	承攬管理	1	事業單位與承攬人、再承攬人之工作者共同作業時，原事業單位應設置何種組織並指定何人？	設置董事會組織，並指定董事會董事長	設置企業工會組織，並指定工會理事長	設置品質管制圈組織，並指定圈長	設置協議組織，並指定工作場所負責人	When working jointly with contractors' and subcontractors' workers, the original enterprise shall set up what organization and designate whom?	Set up a board of directors and designate the board chairman	Set up an enterprise labor union and designate its chairperson	Set up a quality control circle and designate its circle leader	Set up a coordination organization and designate a workplace manager	d	第27條第1項第1款：設置協議組織，並指定工作場所負責人，擔任指揮、監督及協調之工作。	Article 27(1)(1): set up a coordination organization and designate a workplace manager to direct, supervise and coordinate.	active	1		
OSH-0064	OSH	OSH-01	職業安全衛生法	第27條	民國114年12月19日	承攬管理	2	下列何者不是本法第27條第1項原事業單位於共同作業時應採取之必要措施？	代承攬人投保勞工保險	各承攬人間工作之連繫及調整	作業進行中工作場所之巡視	機械、設備、器具及人員之進場管制	Which of the following is NOT a required measure of the original enterprise during joint operations under Article 27(1)?	Enrolling the contractor's workers in labor insurance	Liaison and adjustment of work between the contractors	Patrol of the workplace where operations are conducted	Entry control of machinery, equipment, tools and personnel	a	第27條第1項六款：設置協議組織並指定工作場所負責人、工作之連繫及調整、工作場所之巡視、相關承攬人安全衛生教育訓練之指導及協助、機械設備器具及人員之進場管制、其他為防止職業災害之必要事項。	Article 27(1) lists six items: coordination organization and workplace manager, liaison and adjustment of work, workplace patrol, guidance on contractors' safety and health training, entry control of machinery/equipment/tools/personnel, and other necessary accident prevention matters.	active	1		
OSH-0065	OSH	OSH-01	職業安全衛生法	第27條	民國114年12月19日	承攬管理	2	事業單位分別交付二個以上承攬人共同作業而未參與共同作業時，應如何處理？	無須指定任何人負原事業單位責任	由勞動檢查機構指定其中一人負責	指定承攬人之一負原事業單位之責任	由各承攬人就其承攬部分自行負責	When an enterprise separately contracts two or more contractors for joint operations without participating itself, it shall:	Designate no one, since the enterprise does not join the joint operations	Have the labor inspection agency designate one contractor as responsible	Designate one of the contractors to bear the original enterprise's responsibilities	Let each contractor bear responsibility only for its own contracted part	c	第27條第2項：事業單位分別交付二個以上承攬人共同作業而未參與共同作業時，應指定承攬人之一負前項原事業單位之責任。	Article 27(2): the enterprise shall designate one of the contractors to bear the responsibilities of the original enterprise.	active	1		
OSH-0066	OSH	OSH-01	職業安全衛生法	第27-1條	民國114年12月19日	工程安全	3	事業單位將一定規模以上之工程交付二個以上施工者施工時，應指定施工者之一負何種責任？	整體工程安全衛生統合管理責任	環境影響評估申報作業責任	工程款項代收代付管理責任	工程品質保固及維修管理責任	When a project above a certain scale is contracted to two or more contractors, the enterprise shall designate one contractor to bear:	Overall project safety and health integrated management responsibility	Responsibility for environmental impact assessment and filing work	Responsibility for collecting and paying the project funds on behalf	Responsibility for project quality warranty and repair management	a	第27條之1第1項：應指定施工者之一負整體工程安全衛生統合管理責任；經指定之施工者應執行整體工程安全衛生統合管理事項。	Article 27-1(1): one of the contractors shall be designated to bear overall project safety and health integrated management responsibility and shall carry out the integrated management matters.	active	1		
OSH-0067	OSH	OSH-01	職業安全衛生法	第28條	民國114年12月19日	承攬管理	2	二個以上之事業單位分別出資共同承攬工程時，應如何處理雇主責任？	由勞動檢查機構指定其中一人為代表人	由出資金額最少之事業單位擔任代表人	互推一人為代表人，視為該工程之事業雇主	各出資單位各自負責，互不承擔他方責任	When two or more enterprises jointly fund and contract a project, how is the employer's responsibility handled?	The labor inspection agency designates one of them as representative	The enterprise investing the smallest amount acts as representative	They elect one representative who is deemed the project's employer	Each enterprise bears its own responsibility and shares nothing	c	第28條：二個以上之事業單位分別出資共同承攬工程時，應互推一人為代表人；該代表人視為該工程之事業雇主，負本法雇主防止職業災害之責任。	Article 28: they shall elect a representative who is deemed the employer of the project and bears the employer's responsibility for preventing occupational accidents.	active	1		
OSH-0068	OSH	OSH-01	職業安全衛生法	第29條	民國114年12月19日	特殊族群保護	2	依本法第29條，雇主不得使未滿十八歲者從事下列何種工作？	餐飲門市之外場點餐服務	賣場商品之陳列及補貨	一般辦公室之文書處理工作	超過二百二十伏特電力線之銜接	Under Article 29, employers shall not assign persons under 18 to which work?	Front-of-house service work in a restaurant	Displaying and restocking goods in a store	General clerical work in an ordinary office	Connecting power lines exceeding 220 volts	d	第29條第1項第7款：超過二百二十伏特電力線之銜接。其他禁止項目包括坑內工作、處理爆炸性易燃性物質、有害物散布場所、鍋爐燒火及操作、起重機運轉等。	Article 29(1)(7): connecting power lines exceeding 220 volts. Other prohibited items include underground work, handling explosive or flammable substances, harmful substance dispersion sites, boiler firing and operation, and crane operation.	active	1		
OSH-0069	OSH	OSH-01	職業安全衛生法	第29條	民國114年12月19日	特殊族群保護	1	下列何者不屬本法第29條禁止未滿十八歲者從事之工作？	鍋爐之燒火及操作	坑內工作	辦公室影印文件	起重機、人字臂起重桿之運轉工作	Which of the following is NOT prohibited for persons under 18 under Article 29?	Boiler firing and operation	Underground work	Photocopying documents in an office	Operating cranes or derricks	c	第29條第1項列舉十五款危險性或有害性工作，包括坑內工作、鍋爐燒火及操作、起重機運轉等；辦公室影印不在其列。	Article 29(1) lists 15 dangerous or harmful jobs including underground work, boiler operation and crane operation; office photocopying is not among them.	active	1		
OSH-0070	OSH	OSH-01	職業安全衛生法	第30條	民國114年12月19日	特殊族群保護	2	依本法第30條第1項，雇主不得使妊娠中之女性勞工從事下列何種工作？	一般行政管理工作	異常氣壓之工作	賣場收銀結帳工作	電話客服接聽工作	Under Article 30(1), employers shall not assign pregnant female laborers to which work?	General administrative management work	Work under abnormal pressure	Cashier and checkout work in a store	Answering telephone customer service calls	b	第30條第1項第3款：異常氣壓之工作。其他包括礦坑工作、鉛及其化合物散布場所、弓形蟲德國麻疹暴露、指定危害性化學品、顯著振動、重物處理、有害輻射等。	Article 30(1)(3): work under abnormal pressure. Others include mining, lead dispersion sites, exposure to toxoplasma or rubella, designated hazardous chemicals, significant vibration, heavy lifting and harmful radiation.	active	1		
OSH-0071	OSH	OSH-01	職業安全衛生法	第30條	民國114年12月19日	特殊族群保護	3	依本法第30條第2項，雇主不得使分娩後未滿一年之女性勞工從事下列何種工作？	一般辦公室之文書處理工作	接待櫃檯之訪客登記工作	公司內部之會計帳務作業	鑿岩機及其他有顯著振動之工作	Under Article 30(2), employers shall not assign female laborers within one year after childbirth to which work?	General clerical work in an ordinary office setting	Visitor registration work at the reception desk	Accounting and bookkeeping work within the company	Rock drilling and other work with significant vibration	d	第30條第2項五款：礦坑工作、鉛及其化合物散布場所之工作、鑿岩機及其他有顯著振動之工作、一定重量以上之重物處理工作、其他經中央主管機關規定之工作。	Article 30(2) lists five items: mining, lead dispersion sites, rock drilling and other significant vibration work, heavy lifting above a certain weight, and other work designated by the central competent authority.	active	1		
OSH-0072	OSH	OSH-01	職業安全衛生法	第30條	民國114年12月19日	特殊族群保護	3	本法第30條第1項第5款至第14款及第2項第3款至第5款所定工作，於何種條件下雇主得使妊娠中或分娩後未滿一年之女性勞工從事？	雇主依第31條採取母性健康保護措施，並經雇主口頭同意	雇主依第31條採取母性健康保護措施，經當事人書面同意	雇主依第31條採取母性健康保護措施，經勞動檢查機構核准	雇主依第31條採取母性健康保護措施，並經企業工會同意	Under what condition may pregnant or postpartum (within one year) female laborers perform the work listed in Article 30(1)(5)-(14) and 30(2)(3)-(5)?	The employer adopts maternal health protection measures under Article 31 and gives its own verbal consent	The employer adopts maternal health protection measures under Article 31 and obtains the laborer's written consent	The employer adopts maternal health protection measures under Article 31 and obtains the inspection agency's approval	The employer adopts maternal health protection measures under Article 31 and obtains the labor union's consent	b	第30條第3項：第一項第五款至第十四款及前項第三款至第五款所定之工作，雇主依第三十一條採取母性健康保護措施，經當事人書面同意者，不在此限。	Article 30(3): such work is allowed if the employer adopts maternal health protection measures under Article 31 and the laborer gives written consent.	active	1		
OSH-0073	OSH	OSH-01	職業安全衛生法	第30條	民國114年12月19日	特殊族群保護	3	雇主未經當事人告知妊娠或分娩事實而違反第30條規定者，處罰如何？	得免予處罰，但雇主明知或可得而知者不在此限	僅處罰勞工，雇主不因此負任何行政責任	一律處罰，雇主明知或可得而知者並加重處罰	應加重處罰，但雇主已投保保險者得減輕處罰	If the employer violates Article 30 without having been informed by the laborer of the pregnancy or childbirth, what is the penalty?	The employer may be exempted, unless the employer knew or could have known	Only the laborer is penalized and the employer bears no responsibility	The employer is always penalized, with a heavier penalty if it knew	The penalty is increased, unless the employer has taken out insurance	a	第30條第5項：雇主未經當事人告知妊娠或分娩事實而違反第一項或第二項規定者，得免予處罰。但雇主明知或可得而知者，不在此限。	Article 30(5): the employer may be exempted from penalty if not informed of the pregnancy or childbirth, unless the employer knew or could have known.	active	1		
OSH-0074	OSH	OSH-01	職業安全衛生法	第31條	民國114年12月19日	特殊族群保護	2	依本法第31條，中央主管機關指定之事業，雇主對有母性健康危害之虞之工作應採取何種措施？	僅需於作業場所張貼母性健康危害警語；並由勞工自行決定是否繼續從事該項工作	一律禁止女性勞工從事該項工作並調離現職，無須實施危害評估及醫師適性評估	僅需為女性勞工加保商業保險；工作內容之調整由勞工與直屬主管自行協商決定	危害評估、控制及分級管理措施；並依醫師適性評估建議採取工作調整或更換等健康保護措施	Under Article 31, for work with potential maternal health hazards in designated enterprises, the employer shall:	Merely post maternal health hazard warnings at the site and let each laborer decide for herself whether to continue performing that work	Prohibit all female laborers from the work and transfer them away from it, with no hazard assessment or physician's fitness assessment	Merely take out commercial insurance for the female laborers and let them negotiate any work adjustment with their own supervisors	Conduct hazard assessment, control and graded management, and adjust or reassign work per the physician's fitness assessment, keeping records	d	第31條第1項：應對有母性健康危害之虞之工作，採取危害評估、控制及分級管理措施；對於妊娠中或分娩後未滿一年之女性勞工，應依醫師適性評估建議，採取工作調整或更換等健康保護措施，並留存紀錄。	Article 31(1): the employer shall conduct hazard assessment, control and graded management; for pregnant or postpartum (within one year) laborers, adjust or reassign work according to the physician's fitness assessment and keep records.	active	1		
OSH-0075	OSH	OSH-01	職業安全衛生法	第32條	民國114年12月19日	教育訓練	1	雇主對勞工應施以何種教育訓練？勞工有無接受義務？	僅需施以外語溝通及基本電腦技能訓練；勞工得自由選擇不接受	從事工作及預防災變所必要之安全衛生教育訓練；勞工有接受之義務	僅需於新進時發給書面工作手冊；無須辦理任何安全衛生教育訓練	僅需施以作業機具之操作技術訓練；勞工得以工作繁忙為由拒絕	What education and training shall the employer provide, and is the laborer obliged to attend?	Only foreign language communication and basic computer skills training; laborers may freely refuse to attend	Safety and health education and training necessary for the work and disaster prevention; laborers are obliged to attend	Only a written work handbook issued on hiring; no safety and health education or training courses need be arranged	Only operating skills training for the machinery used; laborers may refuse when their workload is heavy at the time	b	第32條第1項：雇主對勞工應施以從事工作及預防災變所必要之安全衛生教育訓練。第4項：勞工對於第一項之安全衛生教育訓練，有接受之義務。	Article 32(1): the employer shall provide safety and health education and training necessary for the work and for disaster prevention; paragraph 4: laborers are obliged to attend.	active	1		
OSH-0076	OSH	OSH-01	職業安全衛生法	第32條	民國114年12月19日	教育訓練	2	本法第32條之安全衛生教育訓練，得由何者辦理？	雇主自行辦理或交由中央主管機關認可之機關（構）、學校、團體等訓練單位辦理	僅得由勞動部職業安全衛生署自行辦理，事業單位及民間團體均不得辦理	僅得由事業單位所屬之企業工會辦理，雇主自行辦理者一律不生效力	僅得由設有職業安全衛生相關系所之大學校院辦理，其他單位均不得辦理	Who may conduct the safety and health education and training under Article 32?	The employer itself, or training institutions such as agencies, schools or organizations approved by the central competent authority	Only the Occupational Safety and Health Administration of the Ministry of Labor, and no enterprise or private organization may conduct it	Only the enterprise labor union to which the laborers belong; training conducted by the employer itself has no legal effect	Only universities and colleges having an occupational safety and health department; no other institution may conduct such training	a	第32條第2項：前項安全衛生教育訓練，應由雇主自行辦理或交由中央主管機關認可之機關（構）、學校、團體等訓練單位辦理。	Article 32(2): training shall be conducted by the employer itself or entrusted to training units approved by the central competent authority.	active	1		
OSH-0077	OSH	OSH-01	職業安全衛生法	第33條	民國114年12月19日	教育訓練	1	依本法第33條，雇主應負責宣導本法及有關安全衛生之規定，目的為何？	申請政府補助	增加公司營收	應付勞動檢查	使勞工周知	Under Article 33, the employer shall be responsible for promoting the Act and related safety and health regulations in order to:	Apply for government subsidies	Increase the company's revenue	Cope with labor inspections	Make them known to all laborers	d	第33條：雇主應負責宣導本法及有關安全衛生之規定，使勞工周知。	Article 33: the employer shall promote the Act and related safety and health regulations so that laborers are well informed.	active	1		
OSH-0078	OSH	OSH-01	職業安全衛生法	第34條	民國114年12月19日	教育訓練	1	雇主訂定安全衛生工作守則，應會同何人訂定？並報請何機關備查後公告實施？	會同律師訂定；報經法院備查	會同勞工代表訂定；報經勞動檢查機構備查	會同會計師訂定；報經稅務機關備查	會同股東訂定；報經經濟部備查	With whom shall the employer formulate the safety and health work rules, and to which agency shall they be submitted for record before announcement?	With lawyers; submitted to the court	With laborer representatives; submitted to the labor inspection agency	With accountants; submitted to the tax authority	With shareholders; submitted to the Ministry of Economic Affairs	b	第34條第1項：雇主應依本法及有關規定會同勞工代表訂定適合其需要之安全衛生工作守則，報經勞動檢查機構備查後，公告實施。勞工應切實遵行。	Article 34(1): the employer shall formulate safety and health work rules together with laborer representatives, submit them to the labor inspection agency for record, then announce and implement them; laborers shall comply.	active	1		
OSH-0079	OSH	OSH-01	職業安全衛生法	第35條	民國114年12月19日	總則	3	中央主管機關召開職業安全衛生諮詢會，其成員之任一性別不得少於多少？	三分之一	二分之一	四分之一	三分之二	In the Occupational Safety and Health Advisory Committee convened by the central competent authority, members of either gender shall be no less than:	One third	One half	One quarter	Two thirds	a	第35條：職業安全衛生諮詢會研議國家職業安全衛生政策並提出建議；其成員之任一性別不得少於三分之一。	Article 35: the advisory committee deliberates national OSH policy; members of either gender shall be no less than one third.	active	1		
OSH-0080	OSH	OSH-01	職業安全衛生法	第36條	民國114年12月19日	監督檢查	2	勞動檢查機構檢查發現不合規定，經通知限期改善屆期未改善，得如何處理？停工期間工資如何？	僅得再次以書面勸導改善；不得通知停工亦不影響工資	得通知部分或全部停工；停工期間應由雇主照給工資	得逕行拆除違規之設備；停工期間之工資不予發給	得沒入違規設備並拍賣；停工期間之工資減半發給	If non-compliance is found and not corrected within the deadline, what may the labor inspection agency do, and what about wages during the stoppage?	Only give written advice to improve again; no stoppage may be ordered and wages are unaffected	Order partial or complete work stoppage; the employer shall continue paying wages during the stoppage	Directly demolish the offending equipment; no wages are payable during the stoppage period	Confiscate and auction the offending equipment; wages are paid at half rate during the stoppage	b	第36條第1項：其有不合規定者，應告知違反法令條款，並通知限期改善；屆期未改善或已發生職業災害，或有發生職業災害之虞時，得通知其部分或全部停工。勞工於停工期間應由雇主照給工資。	Article 36(1): the agency may order partial or complete work stoppage if not corrected within the deadline or if an accident has occurred or is likely; the employer shall continue paying wages during the stoppage.	active	1		
OSH-0081	OSH	OSH-01	職業安全衛生法	第37條	民國114年12月19日	災害通報	1	事業單位工作場所發生職業災害，雇主應即採取急救、搶救等措施，並會同何人實施調查、分析及作成紀錄？	當地警察機關	勞工代表	現場媒體記者	承保保險公司	When an occupational accident occurs, the employer shall take first aid and rescue measures and, together with whom, investigate, analyze and record it?	The local police authority	Laborer representatives	Media reporters at the scene	The insurance company	b	第37條第1項：事業單位工作場所發生職業災害，雇主應即採取必要之急救、搶救等措施，並會同勞工代表實施調查、分析及作成紀錄。	Article 37(1): the employer shall immediately take first aid and rescue measures and, together with laborer representatives, investigate, analyze and record the accident.	active	1		
OSH-0082	OSH	OSH-01	職業安全衛生法	第37條	民國114年12月19日	災害通報	1	事業單位勞動場所發生死亡災害時，雇主應於幾小時內通報勞動檢查機構？	四十八小時	二十四小時	八小時	七十二小時	When a fatal accident occurs at the labor site, the employer shall report to the labor inspection agency within how many hours?	48 hours	24 hours	8 hours	72 hours	c	第37條第2項：發生死亡災害、罹災人數三人以上、罹災一人以上且需住院治療、其他指定災害，雇主應於八小時內通報勞動檢查機構。	Article 37(2): for fatal accidents, accidents with three or more victims, accidents with one or more victims requiring hospitalization, or other designated accidents, the employer shall report within 8 hours.	active	1		
OSH-0083	OSH	OSH-01	職業安全衛生法	第37條	民國114年12月19日	災害通報	2	下列何種職業災害不屬於本法第37條第2項雇主應於八小時內通報之情形？	罹災人數一人以上且需住院治療	發生勞工死亡之重大職業災害	罹災人數在三人以上之職業災害	一人輕微擦傷經現場包紮即返回工作	Which of the following is NOT an accident requiring reporting within 8 hours under Article 37(2)?	One or more victims requiring hospitalization for treatment	A major accident causing the death of a laborer	An accident involving three or more victims	One minor abrasion treated on site with return to work	d	第37條第2項四款：死亡災害、罹災人數三人以上、罹災一人以上且需住院治療、其他經中央主管機關指定公告之災害。輕微擦傷不需住院者不在通報範圍。	Article 37(2) lists: fatal accidents, three or more victims, one or more victims requiring hospitalization, and other designated accidents. A minor abrasion not requiring hospitalization is not reportable.	active	1		
OSH-0084	OSH	OSH-01	職業安全衛生法	第37條	民國114年12月19日	災害通報	1	事業單位發生應通報之職業災害，除必要之急救、搶救外，雇主非經何者許可不得移動或破壞現場？	地方環境保護主管機關	承保之商業保險公司	事業單位之企業工會	司法機關或勞動檢查機構	After a reportable accident, apart from necessary first aid and rescue, the employer shall not move or damage the scene without permission from:	The local environmental protection competent authority	The commercial insurance company providing the cover	The enterprise labor union of the workplace concerned	The judicial authority or the labor inspection agency	d	第37條第4項：事業單位發生第二項之災害，除必要之急救、搶救外，雇主非經司法機關或勞動檢查機構許可，不得移動或破壞現場。	Article 37(4): the employer shall not move or damage the scene without permission from the judicial authority or the labor inspection agency, except for necessary first aid and rescue.	active	1		
OSH-0085	OSH	OSH-01	職業安全衛生法	第38條	民國114年12月19日	災害通報	2	中央主管機關指定之事業，雇主應依規定填載職業災害內容及統計，多久報請勞動檢查機構備查一次？	按季	按週	按月	按年	For enterprises designated by the central competent authority, how often shall the employer report occupational accident records and statistics to the labor inspection agency?	Quarterly	Weekly	Monthly	Annually	c	第38條：中央主管機關指定之事業，雇主應依規定填載職業災害內容及統計，按月報請勞動檢查機構備查，並公布於工作場所。	Article 38: designated enterprises shall fill in occupational accident details and statistics, report them monthly to the labor inspection agency for record, and post them in the workplace.	active	1		
OSH-0086	OSH	OSH-01	職業安全衛生法	第39條	民國114年12月19日	申訴保護	2	依本法第39條，工作者發現下列何種情形，得向雇主、主管機關或勞動檢查機構申訴？	公司薪資低於同業平均水準、年終獎金縮減或未依約調薪	直屬主管態度不佳、交辦工作過多或同事間相處不睦	事業單位違反本法、疑似罹患職業病、身體或精神遭受侵害	公司未辦理尾牙、員工旅遊或未提供免費停車位等福利	Under Article 39, a worker may file a complaint with the employer, competent authority or labor inspection agency upon discovering:	Wages below the industry average, a smaller year-end bonus, or no agreed pay raise	A supervisor's poor attitude, an excessive workload, or friction with coworkers	Violations of the Act, suspected occupational disease, or physical or mental harm	No year-end party, no company trip, and no free parking space provided for staff	c	第39條第1項三款：事業單位違反本法或有關安全衛生之規定、疑似罹患職業病、身體或精神遭受侵害。	Article 39(1): violations of the Act or safety and health regulations, suspected occupational disease, or physical or mental harm.	active	1		
OSH-0087	OSH	OSH-01	職業安全衛生法	第39條	民國114年12月19日	申訴保護	3	雇主對依本法申訴之工作者為不利處分，其效力如何？舉證責任由誰負擔？	不利處分有效；勞工就該處分與申訴行為有關之事實負舉證責任	不利處分有效；雇主就該處分與申訴行為無關之事實負舉證責任	不利處分無效；勞工就該處分與申訴行為有關之事實負舉證責任	不利處分無效；雇主就該處分與申訴行為無關之事實負舉證責任	If an employer imposes adverse treatment on a worker who filed a complaint under the Act, what is its effect, and who bears the burden of proof?	The adverse treatment is valid; the laborer must prove it was related to the complaint	The adverse treatment is valid; the employer must prove it was unrelated to the complaint	The adverse treatment is void; the laborer must prove it was related to the complaint	The adverse treatment is void; the employer must prove it was unrelated to the complaint	d	第39條第4至6項：雇主不得對申訴或協助申訴之工作者為解僱、降調、減薪等不利處分；雇主為前項不利處分者無效；雇主對於該不利處分與申訴行為無關之事實，負舉證責任。	Article 39(4)-(6): adverse treatment such as dismissal, demotion or pay cut is prohibited and void; the employer bears the burden of proving the treatment was unrelated to the complaint.	active	1		
OSH-0088	OSH	OSH-01	職業安全衛生法	第40條	民國114年12月19日	罰則	2	違反第6條第1項或第16條第1項規定，致發生死亡災害者，其刑責為何？	一年以下有期徒刑、拘役或科或併科新臺幣三十萬元以下罰金	五年以下有期徒刑、拘役或科或併科新臺幣一百五十萬元以下罰金	三年以下有期徒刑、拘役或科或併科新臺幣一百萬元以下罰金	二年以下有期徒刑、拘役或科或併科新臺幣五十萬元以下罰金	What is the criminal penalty for violating Article 6(1) or 16(1) resulting in a fatal accident?	Imprisonment up to 1 year, detention, and/or a fine up to NT$300,000	Imprisonment up to 5 years, detention, and/or a fine up to NT$1.5 million	Imprisonment up to 3 years, detention, and/or a fine up to NT$1 million	Imprisonment up to 2 years, detention, and/or a fine up to NT$500,000	b	第40條第1項：違反第六條第一項或第十六條第一項之規定，致發生第三十七條第二項第一款（死亡）之災害者，處五年以下有期徒刑、拘役或科或併科新臺幣一百五十萬元以下罰金。法人犯之者，除處罰其負責人外，對該法人亦科以罰金。	Article 40(1): imprisonment for not more than five years, detention, and/or a criminal fine of not more than NT$1,500,000; a legal person is also fined in addition to its responsible person.	active	1		
OSH-0089	OSH	OSH-01	職業安全衛生法	第41條	民國114年12月19日	罰則	3	下列何種情形，處三年以下有期徒刑、拘役或科或併科新臺幣一百萬元以下罰金？	違反勞動檢查機構依第36條所發之停工通知	未依規定對在職勞工實施定期健康檢查	未依規定於工作場所張貼危害物質安全標示	未依規定按月填報職業災害統計並公布	Which of the following is punishable by imprisonment up to 3 years, detention, and/or a fine up to NT$1 million?	Violating a work-stoppage notice issued by the labor inspection agency under Article 36	Failing to arrange periodic health examinations for laborers in employment	Failing to affix hazard safety labels at the workplace as required by regulation	Failing to file monthly occupational accident statistics and post them publicly	a	第41條第1項四款：違反第6條第1項或第16條第1項致罹災三人以上、違反第18條第1項/第29條第1項/第30條第1項第2項、違反第36條第1項停工通知、故意違反第37條第4項移動破壞現場。	Article 41(1): violating Article 6(1)/16(1) causing three or more victims; violating Article 18(1), 29(1) or 30(1)/(2); violating a stoppage notice under Article 36(1); intentionally moving or damaging the scene in violation of Article 37(4).	active	1		
OSH-0090	OSH	OSH-01	職業安全衛生法	第42條	民國114年12月19日	罰則	3	違反第15條製程安全評估規定，其危害性化學品洩漏或引起火災、爆炸致發生應通報之職業災害者，罰鍰額度為何？	新臺幣一萬元以上二十萬元以下	新臺幣三十萬元以上三百萬元以下	新臺幣三萬元以上十五萬元以下	新臺幣三千元以下	For violating Article 15 (process safety assessment) where a hazardous chemical leak, fire or explosion causes a reportable occupational accident, the fine is:	NT$10,000 to NT$200,000	NT$300,000 to NT$3,000,000	NT$30,000 to NT$150,000	Up to NT$3,000	b	第42條第1項：違反第15條第1項、第2項之規定，其危害性化學品洩漏或引起火災、爆炸致發生第37條第2項之職業災害者，處新臺幣三十萬元以上三百萬元以下罰鍰；經通知限期改善屆期未改善，並得按次處罰。	Article 42(1): a fine of NT$300,000 to NT$3,000,000, with consecutive penalties if not corrected within the deadline.	active	1		
OSH-0091	OSH	OSH-01	職業安全衛生法	第42條	民國114年12月19日	罰則	3	雇主依第12條第4項通報之作業環境監測資料，經中央主管機關查核有虛偽不實者，罰鍰額度為何？	新臺幣三十萬元以上一百萬元以下	新臺幣五萬元以上三百萬元以下	新臺幣三萬元以上七十五萬元以下	新臺幣三千元以下	If workplace environment monitoring data reported under Article 12(4) is found to be false, the fine is:	NT$300,000 to NT$1,000,000	NT$50,000 to NT$3,000,000	NT$30,000 to NT$750,000	Up to NT$3,000	a	第42條第2項：雇主依第十二條第四項規定通報之監測資料，經中央主管機關查核有虛偽不實者，處新臺幣三十萬元以上一百萬元以下罰鍰。	Article 42(2): a fine of NT$300,000 to NT$1,000,000 for false monitoring data.	active	1		
OSH-0092	OSH	OSH-01	職業安全衛生法	第43條	民國114年12月19日	罰則	2	規避、妨礙或拒絕本法規定之檢查、調查、抽驗、市場查驗或查核者，罰鍰額度為何？	新臺幣五萬元以上三百萬元以下	新臺幣六萬元以上三十萬元以下	新臺幣一萬元以上二十萬元以下	新臺幣三千元以下	What is the fine for evading, obstructing or refusing inspections, investigations, sampling tests, market surveillance or audits under the Act?	NT$50,000 to NT$3,000,000	NT$60,000 to NT$300,000	NT$10,000 to NT$200,000	Up to NT$3,000	a	第43條第1項第6款：規避、妨礙或拒絕本法規定之檢查、調查、抽驗、市場查驗或查核，處新臺幣五萬元以上三百萬元以下罰鍰。第2項：主管機關得依事業規模、性質或違反情節，加重罰鍰至法定最高額二分之一。	Article 43(1)(6): a fine of NT$50,000 to NT$3,000,000; under paragraph 2 the fine may be increased by up to one half of the statutory maximum depending on scale, nature or severity.	active	1		
OSH-0093	OSH	OSH-01	職業安全衛生法	第44條	民國114年12月19日	罰則	3	違反第7條第1項（不符安全標準之指定機械不得產製運出廠場等）或第8條第1項（型式驗證）規定者，罰鍰額度為何？	新臺幣三萬元以上十五萬元以下，並得限期停止輸入、產製、製造或供應	新臺幣一萬元以上一百萬元以下，並得限期停止輸入、產製、製造或供應	新臺幣二十萬元以上二百萬元以下，並得限期停止輸入、產製、製造或供應	新臺幣三十萬元以上三百萬元以下，並得限期停止輸入、產製、製造或供應	What is the fine for violating Article 7(1) (non-compliant designated machinery) or Article 8(1) (type certification)?	NT$30,000 to NT$150,000, and import, production, manufacture or supply may be ordered to stop within a deadline	NT$10,000 to NT$1,000,000, and import, production, manufacture or supply may be ordered to stop within a deadline	NT$200,000 to NT$2,000,000, and import, production, manufacture or supply may be ordered to stop within a deadline	NT$300,000 to NT$3,000,000, and import, production, manufacture or supply may be ordered to stop within a deadline	c	第44條第2項：違反第七條第一項、第八條第一項、第十三條第一項或第十四條第一項規定者，處新臺幣二十萬元以上二百萬元以下罰鍰，並得限期停止輸入、產製、製造或供應；屆期不停止者，按次處罰。	Article 44(2): a fine of NT$200,000 to NT$2,000,000, with possible orders to stop import, production, manufacture or supply, and consecutive penalties if not stopped.	active	1		
OSH-0094	OSH	OSH-01	職業安全衛生法	第45條	民國114年12月19日	罰則	3	依第36條第1項停工期間應給付工資而不給付者，罰鍰額度為何？	新臺幣五萬元以上三百萬元以下	新臺幣三千元以下	新臺幣三十萬元以上三百萬元以下	新臺幣三萬元以上七十五萬元以下	What is the fine for failing to pay wages that are due during a work stoppage under Article 36(1)?	NT$50,000 to NT$3,000,000	Up to NT$3,000	NT$300,000 to NT$3,000,000	NT$30,000 to NT$750,000	d	第45條第1項第3款：依第三十六條第一項之規定，應給付工資而不給付，處新臺幣三萬元以上七十五萬元以下罰鍰。	Article 45(1)(3): a fine of NT$30,000 to NT$750,000.	active	1		
OSH-0095	OSH	OSH-01	職業安全衛生法	第46條	民國114年12月19日	罰則	2	最高負責人經認定有職場霸凌之行為者，罰鍰額度為何？	新臺幣五萬元以上三百萬元以下	新臺幣三千元以下	新臺幣三十萬元以上一百萬元以下	新臺幣一萬元以上一百萬元以下	If the top person in charge is found to have committed workplace bullying, the fine is:	NT$50,000 to NT$3,000,000	Up to NT$3,000	NT$300,000 to NT$1,000,000	NT$10,000 to NT$1,000,000	d	第46條第1項：最高負責人經認定有職場霸凌之行為者，處新臺幣一萬元以上一百萬元以下罰鍰。	Article 46(1): a fine of NT$10,000 to NT$1,000,000.	active	1		
OSH-0096	OSH	OSH-01	職業安全衛生法	第46條	民國114年12月19日	罰則	2	勞工違反第20條第6項（接受健康檢查義務）、第32條第4項（接受教育訓練義務）或第34條第2項（遵行工作守則）者，罰鍰額度為何？	新臺幣三千元以下	新臺幣三萬元以上十五萬元以下	新臺幣一萬元以上二十萬元以下	新臺幣五萬元以上	A laborer who violates the duty to undergo health examinations (Art. 20(6)), attend training (Art. 32(4)) or comply with work rules (Art. 34(2)) is fined:	Up to NT$3,000	NT$30,000 to NT$150,000	NT$10,000 to NT$200,000	NT$50,000 or more	a	第46條第4項：違反第二十條第六項、第三十二條第四項或第三十四條第二項之規定者，處新臺幣三千元以下罰鍰。	Article 46(4): a fine of not more than NT$3,000.	active	1		
OSH-0111	OSH	OSH-02	職業安全衛生法施行細則	第2條	民國115年6月26日	施行細則	2	施行細則所稱「自營作業者」，指下列何者？	與事業單位訂有僱傭契約，受其指揮監督而獲致報酬之受僱工作者	僱用五人以下有酬人員幫同工作，並因而獲致報酬之小型企業經營者	獨立從事勞動或技藝工作，獲致報酬，且未僱用有酬人員幫同工作者	受公司委任處理事務，並持有公司股份而參與盈餘分配之出資股東	Under the Enforcement Rules, a 'self-employed person' means:	A worker under an employment contract who works for remuneration under the enterprise's direction	A small business operator who obtains remuneration and employs five or fewer paid helpers	A person who independently performs labor or craft work for remuneration without employing paid helpers	A shareholder who is commissioned to handle company affairs and shares in its profits	c	施行細則第2條第1項：自營作業者，指獨立從事勞動或技藝工作，獲致報酬，且未僱用有酬人員幫同工作者。	Enforcement Rules Article 2(1): a self-employed person independently performs labor or craft work for remuneration and does not employ paid personnel to assist.	active	1		
OSH-0112	OSH	OSH-02	職業安全衛生法施行細則	第3條	民國115年6月26日	施行細則	2	施行細則所稱「工作場所負責人」，指下列何者？	由工會會員大會選舉產生，代表全體會員對外行使職權之工會理事長	由中央主管機關指派，於該工作場所執行檢查及調查職務之勞動檢查員	受雇主委託辦理該工作場所建築設計及施工監造業務之開業建築師	雇主或於該工作場所代表雇主從事管理、指揮或監督工作者從事勞動之人	Under the Enforcement Rules, the 'workplace manager' means:	The union chairperson elected by the members' assembly to exercise authority for all members	A labor inspector assigned by the central competent authority to carry out inspections at that workplace	A licensed architect commissioned by the employer to design and supervise construction at that workplace	The employer, or a person representing the employer at the workplace to manage, direct or supervise workers	d	施行細則第3條：工作場所負責人，指雇主或於該工作場所代表雇主從事管理、指揮或監督工作者從事勞動之人。	Enforcement Rules Article 3: the workplace manager is the employer or a person who represents the employer at the workplace to manage, direct or supervise workers performing labor.	active	1		
OSH-0113	OSH	OSH-02	職業安全衛生法施行細則	第4條	民國115年6月26日	施行細則	2	施行細則所稱「工資」是否包括獎金、津貼等經常性給與？	僅包括以現金給付之部分，實物或代金形式之給與均不計入	僅包括延長工時之加班費及假日出勤加給，其餘均不計入	包括，凡因工作獲得之報酬及任何名義之經常性給與均屬之	不包括，僅限勞動契約約定按月給付之本薪，其餘均不計入	Under the Enforcement Rules, does 'wage' include bonuses, allowances and other regular payments?	Only payments made in cash count; payments in kind or in goods are excluded	Only overtime pay for extended hours and holiday work premiums are included	Yes, all remuneration for work and regular payments under any name are included	No, only the base salary agreed in the labor contract and paid monthly counts	c	施行細則第4條：工資指勞工因工作而獲得之報酬，包括工資、薪金及按計時、計日、計月、計件以現金或實物等方式給付之獎金、津貼及其他任何名義之經常性給與均屬之。	Enforcement Rules Article 4: wage means remuneration obtained for work, including wages, salaries, and bonuses, allowances and other regular payments under any name paid in cash or in kind.	active	1		
OSH-0116	OSH	OSH-02	職業安全衛生法施行細則	第8條	民國115年6月26日	施行細則	2	施行細則所稱「風險評估」，指下列何種程序？	編列、審查及執行預算之程序	評估、投保及理賠保險之程序	公告、招標及決標作業之程序	辨識、分析及評量風險之程序	Under the Enforcement Rules, 'risk assessment' means the process of:	Compiling, reviewing and executing budgets	Assessing, purchasing and claiming insurance	Announcing, tendering and awarding contracts	Identifying, analyzing and evaluating risks	d	施行細則第8條第2項：本法第五條第二項及第二十六條第一項所稱風險評估，指辨識、分析及評量風險之程序。	Enforcement Rules Article 8(2): risk assessment means the process of identifying, analyzing and evaluating risks.	active	1		
OSH-0117	OSH	OSH-02	職業安全衛生法施行細則	第8條	民國115年6月26日	施行細則	3	施行細則對本法第5條「合理可行範圍」之定義，其判斷依據不包括下列何者？	指引、實務規範	本法及有關安全衛生法令	雇主之營運成本高低	一般社會通念	Which of the following is NOT a basis for judging the 'reasonably practicable scope' under the Enforcement Rules?	Guidelines and codes of practice	The Act and related safety and health laws	The employer's operating cost	General social norms	c	施行細則第8條第1項：合理可行範圍，指依本法及有關安全衛生法令、指引、實務規範或一般社會通念，雇主明知或可得而知勞工所從事之工作有致其生命、身體及健康受危害之虞，並可採取必要之預防設備或措施者。	Enforcement Rules Article 8(1): the scope is judged by the Act, related laws, guidelines, codes of practice or general social norms, where the employer knew or could have known of hazards and could take preventive measures.	active	1		
OSH-0119	OSH	OSH-02	職業安全衛生法施行細則	第12條	民國115年6月26日	施行細則	2	下列何者不是施行細則第12條所列本法第7條指定之機械、設備或器具？	動力堆高機	防爆電氣設備	研磨機	固定式起重機	Which of the following is NOT a designated machine, equipment or tool under Enforcement Rules Article 12 (Article 7 of the Act)?	Powered forklift	Explosion-proof electrical equipment	Grinder	Fixed crane	d	施行細則第12條列舉：動力衝剪機械、手推刨床、木材加工用圓盤鋸、動力堆高機、研磨機、研磨輪、防爆電氣設備及相關安全裝置等。固定式起重機屬第22條之危險性機械。	Enforcement Rules Article 12 lists power shearing/punching machines, hand-fed planers, woodworking circular saws, powered forklifts, grinders, grinding wheels, explosion-proof electrical equipment and related safety devices. A fixed crane is dangerous machinery under Article 22.	active	1		
OSH-0121	OSH	OSH-02	職業安全衛生法施行細則	第14條	民國115年6月26日	施行細則	2	施行細則第14條所稱危害性化學品，其「危險物」與「有害物」之區分依據為何？	依CNS15030分類，具物理性危害者為危險物、具健康危害者為有害物	依製造產地來源分類，國外進口者為危險物、國內生產者為有害物	依市場售價高低分類，價格昂貴者為危險物、價格低廉者為有害物	依包裝容量大小分類，容量較大者為危險物、容量較小者為有害物	Under Enforcement Rules Article 14, how are 'dangerous substances' and 'harmful substances' distinguished?	By CNS 15030 classification: physical hazards are dangerous substances; health hazards are harmful substances	By country of origin: imported chemicals are dangerous substances; domestic ones are harmful substances	By market price: expensive chemicals are dangerous substances; low-priced ones are harmful substances	By package volume: larger containers hold dangerous substances; smaller ones hold harmful substances	a	施行細則第14條：危險物指符合國家標準CNS15030分類，具有物理性危害者；有害物指符合CNS15030分類，具有健康危害者。	Enforcement Rules Article 14: dangerous substances have physical hazards and harmful substances have health hazards, both classified under national standard CNS 15030.	active	1		
OSH-0123	OSH	OSH-02	職業安全衛生法施行細則	第16條	民國115年6月26日	施行細則	2	施行細則所稱危害性化學品之「安全資料表」，應記載下列何種項目？	採購人員姓名、所屬部門、聯絡電話、請購單編號及核准主管職稱	化學品名稱、製造商或供應商基本資料、危害特性、緊急處理及危害預防措施	化學品售價、經銷商折扣方案、付款條件、交貨期限及退貨處理方式	運送車輛車牌號碼、駕駛人姓名、行車路線、里程數及運費計算方式	Under the Enforcement Rules, a chemical 'safety data sheet' shall record:	Purchaser's name, department, contact telephone number, requisition form number and the approving supervisor's title	Chemical name, manufacturer/supplier information, hazard characteristics, emergency handling and hazard prevention measures	Selling price, distributor discount schemes, payment terms, delivery deadlines and procedures for handling returns	Delivery vehicle plate number, driver's name, transport route, mileage and the method for calculating freight charges	b	施行細則第16條：安全資料表指記載化學品名稱、製造商或供應商基本資料、危害特性、緊急處理及危害預防措施等項目之表單。	Enforcement Rules Article 16: the safety data sheet records the chemical name, manufacturer or supplier information, hazard characteristics, emergency handling and hazard prevention measures.	active	1		
OSH-0124	OSH	OSH-02	職業安全衛生法施行細則	第17條	民國115年6月26日	施行細則	2	施行細則第17條所稱「作業環境監測」，包含下列何種程序？	招募、甄選、訓練、考核及晉升	設計、發包、施工、監造及驗收	採購、詢價、驗收、入庫及領用	規劃、採樣、測定、分析及評估	Under Enforcement Rules Article 17, 'workplace environment monitoring' includes which procedures?	Recruitment, selection, training, appraisal and promotion	Design, tendering, construction, supervision and acceptance	Procurement, quotation, acceptance, storage and issuing	Planning, sampling, measurement, analysis and evaluation	d	施行細則第17條第1項：作業環境監測，指為掌握勞工作業環境實態與評估勞工暴露狀況，所採取之規劃、採樣、測定、分析及評估。	Enforcement Rules Article 17(1): workplace environment monitoring means planning, sampling, measurement, analysis and evaluation to grasp the actual workplace environment and assess laborers' exposure.	active	1		
OSH-0125	OSH	OSH-02	職業安全衛生法施行細則	第17條	民國115年6月26日	施行細則	2	下列何者屬施行細則第17條第2項應訂定作業環境監測計畫並實施監測之作業場所？	露天無遮蔽之戶外停車場	一般開放式辦公室場所	公司一樓接待大廳區域	顯著發生噪音之作業場所	Which of the following is an operation site requiring a monitoring plan and monitoring under Enforcement Rules Article 17(2)?	An unsheltered outdoor parking lot	A general open-plan office work area	The reception lobby on the first floor	An operation site with significant noise	d	施行細則第17條第2項：設置中央管理方式空氣調節設備之建築物室內作業場所、坑內作業場所、顯著發生噪音之作業場所、經指定之高溫/粉塵/鉛/四烷基鉛/有機溶劑/特定化學物質作業場所、其他指定公告之作業場所。	Enforcement Rules Article 17(2): indoor sites with central air-conditioning, underground sites, sites with significant noise, designated high-temperature/dust/lead/tetraalkyl lead/organic solvent/specified chemical sites, and other designated sites.	active	1		
OSH-0126	OSH	OSH-02	職業安全衛生法施行細則	第17條	民國115年6月26日	施行細則	3	施行細則第17條第2項第4款經中央主管機關指定之作業場所，不包括下列何者？	有機溶劑作業場所	高溫作業場所	一般倉儲作業場所	粉塵作業場所	Which of the following is NOT among the designated operation sites in Enforcement Rules Article 17(2)(4)?	Organic solvent operation sites	High-temperature operation sites	General warehousing sites	Dust operation sites	c	施行細則第17條第2項第4款列六類：高溫作業場所、粉塵作業場所、鉛作業場所、四烷基鉛作業場所、有機溶劑作業場所、特定化學物質作業場所。	Enforcement Rules Article 17(2)(4) lists six categories: high-temperature, dust, lead, tetraalkyl lead, organic solvent and specified chemical substance operation sites.	active	1		
OSH-0128	OSH	OSH-02	職業安全衛生法施行細則	第19條	民國115年6月26日	施行細則	3	施行細則第19條所定「管制性化學品」，其分類依據為何？	優先管理化學品中屬皮膚腐蝕性第一級、嚴重眼損傷第一級或吸入性危害第一級，且採購單價昂貴須報備者	優先管理化學品中屬致癌物質第一級、生殖細胞致突變性物質第一級或生殖毒性物質第一級，且經評估具高度暴露風險者	優先管理化學品中屬爆炸物第一級、自反應物質第一級或有機過氧化物第一級，且儲存量達五百公斤以上者	所有核准輸入化學品中屬易燃液體第一級、氧化性固體第一級或急毒性物質第一級，且年輸入量達一公噸者	Under Enforcement Rules Article 19, 'controlled chemicals' are classified as:	Priority management chemicals that are Category 1 skin corrosives, Category 1 serious eye damage agents or Category 1 aspiration hazards under CNS 15030 with a high unit purchase price	Priority management chemicals that are Category 1 carcinogens, Category 1 germ cell mutagens or Category 1 reproductive toxicants under CNS 15030 and assessed as high exposure risk	Priority management chemicals that are Category 1 explosives, Category 1 self-reactive substances or Category 1 organic peroxides under CNS 15030 stored in quantities of 500 kg or more	All approved imported chemicals that are Category 1 flammable liquids, Category 1 oxidizing solids or Category 1 acutely toxic substances imported at one tonne or more a year	b	施行細則第19條：管制性化學品指第20條所定優先管理化學品中，依CNS15030分類屬致癌物質第一級、生殖細胞致突變性物質第一級或生殖毒性物質第一級，且經中央主管機關評估具高度暴露風險者，及其他經指定公告者。	Enforcement Rules Article 19: controlled chemicals are priority management chemicals classified under CNS 15030 as Category 1 carcinogens, germ cell mutagens or reproductive toxicants and assessed by the central competent authority as high exposure risk, plus other designated chemicals.	active	1		
OSH-0131	OSH	OSH-02	職業安全衛生法施行細則	第22條	民國115年6月26日	施行細則	1	下列何者不屬施行細則第22條所列具有危險性之機械？	營建用升降機	固定式起重機	移動式起重機	動力堆高機	Which of the following is NOT dangerous machinery under Enforcement Rules Article 22?	Construction elevator	Fixed crane	Mobile crane	Powered forklift	d	施行細則第22條：危險性機械指一定容量以上之固定式起重機、移動式起重機、人字臂起重桿、營建用升降機、營建用提升機、吊籠及其他指定公告者。動力堆高機屬第12條指定機械。	Enforcement Rules Article 22: dangerous machinery includes fixed cranes, mobile cranes, derricks, construction elevators, construction hoists, gondolas and other designated machinery above a certain capacity. A powered forklift is designated under Article 12.	active	1		
OSH-0132	OSH	OSH-02	職業安全衛生法施行細則	第23條	民國115年6月26日	施行細則	1	下列何者屬施行細則第23條所列具有危險性之設備？	影印機	電腦主機	空氣清淨機	鍋爐	Which of the following is dangerous equipment under Enforcement Rules Article 23?	Photocopier	Computer server	Air purifier	Boiler	d	施行細則第23條：危險性設備指一定容量以上之鍋爐、壓力容器、高壓氣體特定設備、高壓氣體容器及其他指定公告者。	Enforcement Rules Article 23: dangerous equipment includes boilers, pressure vessels, specified high-pressure gas equipment, high-pressure gas containers and other designated equipment above a certain capacity.	active	1		
OSH-0133	OSH	OSH-02	職業安全衛生法施行細則	第24條	民國115年6月26日	施行細則	3	下列何者不是施行細則第24條所列危險性機械設備之檢查項目？	重新檢查	竣工檢查	熔接檢查	年終檢查	Which of the following is NOT an inspection item for dangerous machinery and equipment under Enforcement Rules Article 24?	Re-inspection	Completion inspection	Welding inspection	Year-end inspection	d	施行細則第24條列八項：熔接檢查、構造檢查、竣工檢查、定期檢查、重新檢查、型式檢查、使用檢查、變更檢查。	Enforcement Rules Article 24 lists eight items: welding, structural, completion, periodic, re-inspection, type, use and alteration inspections.	active	1		
OSH-0134	OSH	OSH-02	職業安全衛生法施行細則	第25條	民國115年6月26日	施行細則	2	作業場所有易燃液體之蒸氣或可燃性氣體滯留，達爆炸下限值之百分之多少以上，屬施行細則第25條「有立即發生危險之虞」？	百分之五十	百分之二十	百分之三十	百分之十	Under Enforcement Rules Article 25, flammable vapor or combustible gas accumulating at what percentage of the lower explosive limit constitutes 'imminent danger'?	50%	20%	30%	10%	c	施行細則第25條第4款：於作業場所有易燃液體之蒸氣或可燃性氣體滯留，達爆炸下限值之百分之三十以上，致有發生爆炸、火災危險之虞時。	Enforcement Rules Article 25(4): flammable liquid vapor or combustible gas accumulating at 30% or more of the lower explosive limit, with risk of explosion or fire.	active	1		
OSH-0135	OSH	OSH-02	職業安全衛生法施行細則	第25條	民國115年6月26日	施行細則	1	於高度幾公尺以上作業，未設置防墜設施及未使勞工使用適當個人防護具，屬「有立即發生危險之虞」？	三公尺	二公尺	一公尺	一點五公尺	Working at a height of how many meters or more without fall-prevention facilities and appropriate PPE constitutes 'imminent danger'?	3 m	2 m	1 m	1.5 m	b	施行細則第25條第7款：於高度二公尺以上作業，未設置防墜設施及未使勞工使用適當之個人防護具，致有發生墜落危險之虞時。	Enforcement Rules Article 25(7): work at a height of 2 meters or more without fall-prevention facilities and appropriate personal protective equipment.	active	1		
OSH-0136	OSH	OSH-02	職業安全衛生法施行細則	第25條	民國115年6月26日	施行細則	2	從事河川工程、河堤、海堤或圍堰等作業，因何種情形致有發生危險之虞，屬施行細則第25條之情形？	材料短缺或機具故障	工期延誤或成本超支	人力不足或調度失當	強風、大雨或地震	For river works, embankments, seawalls or cofferdams, which condition creates 'imminent danger' under Enforcement Rules Article 25?	Material shortage or equipment failure	Schedule delay or cost overrun	Labor shortage or poor scheduling	Strong wind, heavy rain or earthquake	d	施行細則第25條第2款：從事河川工程、河堤、海堤或圍堰等作業，因強風、大雨或地震，致有發生危險之虞時。	Enforcement Rules Article 25(2): river works, embankments, seawalls or cofferdam operations where strong wind, heavy rain or earthquake creates a risk of danger.	active	1		
OSH-0138	OSH	OSH-02	職業安全衛生法施行細則	第27條	民國115年6月26日	施行細則	2	施行細則第27條所稱「特殊健康檢查」，其對象為何？	從事特別危害健康作業之勞工	所有新僱用到職之勞工	年滿六十五歲之高齡勞工	職務列為主管級之人員	Under Enforcement Rules Article 27, who is the target of 'special health examinations'?	Laborers engaged in especially health-hazardous work	All newly hired laborers reporting for duty	Laborers who have reached the age of 65	Personnel holding supervisory-level positions	a	施行細則第27條第2項第2款：特殊健康檢查指對從事特別危害健康作業之勞工，為發現健康有無異常，以提供健康指導、適性配工及分級管理等措施，依其作業危害性於一定期間或變更工作時所實施者。	Enforcement Rules Article 27(2)(2): special health examinations target laborers engaged in especially health-hazardous work, conducted periodically or upon job change to provide health guidance, fitness-based assignment and graded management.	active	1		
OSH-0139	OSH	OSH-02	職業安全衛生法施行細則	第29條	民國115年6月26日	施行細則	2	勞工自行於其他符合規定之醫療機構接受相當種類及項目之檢查，並將結果提供雇主者，效力如何？	須先報經勞動檢查機構核可始生效	不予承認，仍應由雇主重新安排檢查	視為已接受本法第20條第1項之檢查	僅承認其中一半之檢查項目效力	If a laborer undergoes equivalent examinations at another qualified medical institution and provides the results to the employer, what is the effect?	Effective only after approval by the labor inspection agency is obtained	Not recognized; the employer must arrange a fresh examination for the laborer	Deemed to have undergone the examination under Article 20(1) of the Act	Only half of the examination items are recognized as having legal effect	c	施行細則第29條第2項：勞工自行於其他符合規定之醫療機構接受相當種類及項目之檢查，並將檢查結果提供予雇主者，視為已接受本法第二十條第一項之檢查。	Enforcement Rules Article 29(2): such examinations are deemed to satisfy Article 20(1) of the Act.	active	1		
OSH-0140	OSH	OSH-02	職業安全衛生法施行細則	第32條	民國115年6月26日	施行細則	2	施行細則第32條所定安全衛生組織中，「職業安全衛生委員會」之功能為何？	執行、督辦、稽查及裁處勞動檢查有關業務	核發、換發、註銷及管理操作證照有關業務	審議、協調、考核及建議職業安全衛生有關業務	擬訂、規劃、推動及督導職業安全衛生有關業務	Under Enforcement Rules Article 32, what is the function of the 'Occupational Safety and Health Committee'?	To conduct, supervise, audit and penalize in labor inspection matters	To issue, renew, revoke and manage operator licensing matters	To deliberate, coordinate, evaluate and advise on OSH matters	To draft, plan, promote and supervise OSH-related matters	c	施行細則第32條：職業安全衛生管理單位為擬訂、規劃、推動及督導之組織；職業安全衛生委員會為審議、協調、考核及建議之組織。	Enforcement Rules Article 32: the OSH management unit drafts, plans, promotes and supervises; the OSH committee deliberates, coordinates, evaluates and advises.	active	1		
OSH-0141	OSH	OSH-02	職業安全衛生法施行細則	第33條	民國115年6月26日	施行細則	2	下列何者不屬施行細則第33條所稱之安全衛生人員？	職業安全衛生業務主管	職業衛生管理師	職業安全管理師	勞動檢查員	Which of the following is NOT 'safety and health personnel' under Enforcement Rules Article 33?	OSH business supervisor	Occupational hygiene management specialist	Occupational safety management specialist	Labor inspector	d	施行細則第33條：安全衛生人員包括職業安全衛生業務主管、職業安全管理師、職業衛生管理師、職業安全衛生管理員。勞動檢查員為政府人員。	Enforcement Rules Article 33: safety and health personnel include the OSH business supervisor, occupational safety management specialist, occupational hygiene management specialist and OSH administrator. A labor inspector is a government official.	active	1		
OSH-0143	OSH	OSH-02	職業安全衛生法施行細則	第36條	民國115年6月26日	施行細則	2	本法第26條所定交付承攬時之事前告知，依施行細則第36條應以何種方式辦理？	由現場主管於開工前向承攬人以口頭告知即可	由承辦人員以電話通知承攬人負責人即可	將應告知事項張貼於事業單位布告欄公告即可	提供書面或電子文件，或召開協商會議並作成紀錄	Under Enforcement Rules Article 36, how shall the prior notification under Article 26 of the Act be made when contracting out?	By the site supervisor verbally informing the contractor before the work begins on site	By a staff member telephoning the person in charge of the contractor firm	By posting the matters to be notified on the enterprise's bulletin board only	By providing written or electronic documents, or by holding a consultation meeting with minutes	d	施行細則第36條：事前告知應依下列方式之一辦理：一、於交付承攬時，提供書面或電子文件。二、召開協商會議，並作成紀錄。	Enforcement Rules Article 36: prior notification shall be made by providing written or electronic documents at the time of contracting, or by holding a consultation meeting with written records.	active	1		
OSH-0145	OSH	OSH-02	職業安全衛生法施行細則	第37條	民國115年6月26日	施行細則	1	施行細則第37條所稱「共同作業」，指下列何者？	不同公司之工作者，於同一期間、不同工作場所各自分別從事工作	承攬人之工作者，於同一期間、其自有廠房場所內單獨從事工作	同一事業單位之工作者，於不同期間、同一工作場所輪班從事工作	事業單位與承攬人、再承攬人之工作者，於同一期間、同一工作場所從事工作	Under Enforcement Rules Article 37, 'joint operation' means:	Workers of different companies each working separately during the same period at different workplaces	Workers of a contractor working alone during the same period inside its own factory premises	Workers of the same enterprise working in shifts during different periods at the same workplace	Workers of the enterprise, contractors and subcontractors working during the same period at the same workplace	d	施行細則第37條：共同作業，指事業單位與承攬人、再承攬人之工作者，於同一期間、同一工作場所從事工作。	Enforcement Rules Article 37: joint operation means workers of the enterprise, contractors and subcontractors working during the same period at the same workplace.	active	1		
OSH-0146	OSH	OSH-02	職業安全衛生法施行細則	第38條	民國115年6月26日	施行細則	2	施行細則第38條協議組織應協議之事項，包括對下列何種危險作業之管制？	文書處理、會計帳務、採購發包等	行銷企劃、客戶服務、廣告宣傳等	動火、高架、開挖、爆破、高壓電活線等	教育訓練、人員招募、績效考核等	Under Enforcement Rules Article 38, the coordination organization shall discuss the control of which dangerous operations?	Document handling, accounting entries, procurement and contracting, etc.	Marketing planning, customer service, advertising and promotion, etc.	Hot work, work at height, excavation, blasting, live high-voltage work, etc.	Education and training, staff recruitment, performance appraisal, etc.	c	施行細則第38條第3款：從事動火、高架、開挖、爆破、高壓電活線等危險作業之管制。其他包括安全衛生管理配合、局限空間及危險物有害物作業環境管制、變更管理、統一信號標示、機械設備使用協調、高低氣溫作業風險預防等。	Enforcement Rules Article 38(3): control of dangerous operations such as hot work, work at height, excavation, blasting and live high-voltage work; other items include coordination of management, confined space and hazardous substance control, change management, unified signals and signage, equipment use coordination, and high/low temperature risk prevention.	active	1		
OSH-0149	OSH	OSH-02	職業安全衛生法施行細則	第41條	民國115年6月26日	施行細則	2	下列何者不是施行細則第41條所定安全衛生工作守則應包含之內容？	事業之安全衛生管理及各級之權責	事故通報及報告	急救及搶救	公司年度營收目標	Which of the following is NOT required content of the safety and health work rules under Enforcement Rules Article 41?	Safety and health management and responsibilities at each level	Accident notification and reporting	First aid and rescue	The company's annual revenue target	d	施行細則第41條列十款：安全衛生管理及各級權責、機械設備器具操作規範與維護檢查、工作安全衛生標準、教育訓練、健康指導及管理、急救及搶救、防護設備之準備維持使用、個人防護具維護使用、事故通報及報告、其他安全衛生事項。	Enforcement Rules Article 41 lists ten items including management responsibilities, equipment operation and maintenance, work safety standards, training, health guidance, first aid and rescue, protective equipment, PPE, accident reporting and other matters.	active	1		
OSH-0151	OSH	OSH-02	職業安全衛生法施行細則	第43條	民國115年6月26日	施行細則	2	事業單位設有工會者，本法第34條及第37條所定「勞工代表」由何者產生？	由雇主指定	由勞動檢查機構指派	由資深員工自動擔任	由工會推派	In an enterprise with a labor union, how are the 'laborer representatives' under Articles 34 and 37 of the Act selected?	Designated by the employer	Assigned by the labor inspection agency	Automatically the most senior employees	Nominated by the union	d	施行細則第43條：勞工代表，事業單位設有工會者，由工會推派之；無工會組織而有勞資會議者，由勞方代表推選之；無工會組織且無勞資會議者，由勞工共同推選之。	Enforcement Rules Article 43: with a union, nominated by the union; without a union but with a labor-management meeting, elected by the labor-side representatives; with neither, elected jointly by the laborers.	active	1		
OSH-0156	OSH	OSH-02	職業安全衛生法施行細則	第47條	民國115年6月26日	施行細則	2	本法第37條第2項「八小時內通報」之起算時點為何？應向何者通報？	自事業單位明知或可得而知已發生職業災害事實起；向事業單位所在轄區之勞動檢查機構通報	自醫療機構開立診斷證明書之日起算；向承保之商業保險公司總機構通報	自災害發生之時起屆滿二十四小時起算；向事業單位所在轄區之警察機關通報	自新聞媒體首次報導該災害之時起算；向勞動部職業安全衛生署通報	When does the 8-hour reporting period under Article 37(2) begin, and to whom is the report made?	From when the enterprise knew or could have known of the accident; to the labor inspection agency of the jurisdiction where the enterprise is located	From the date the medical institution issues the diagnostic certificate; to the head office of the commercial insurer that underwrote the policy	From the moment 24 full hours have elapsed after the accident occurred; to the police agency of the jurisdiction where the enterprise is located	From when the news media first report the accident; to the Occupational Safety and Health Administration of the Ministry of Labor	a	施行細則第47條第1項：應於八小時內通報，指事業單位明知或可得而知已發生規定之職業災害事實起八小時內，應向其事業單位所在轄區之勞動檢查機構通報。	Enforcement Rules Article 47(1): the 8 hours run from when the enterprise knew or could have known that a reportable accident occurred, and the report goes to the labor inspection agency of the jurisdiction where the enterprise is located.	active	1		
OSH-0157	OSH	OSH-02	職業安全衛生法施行細則	第48條	民國115年6月26日	施行細則	3	本法第37條第2項第2款「罹災人數在三人以上」，依施行細則第48條係指哪些失能類型之總人數？	永久全失能及永久部分失能，不含暫時全失能	門診治療之輕傷人數，不含住院或失能個案	死亡及永久全失能，不含部分失能或暫時失能	永久全失能、永久部分失能及暫時全失能	Under Enforcement Rules Article 48, 'three or more victims' in Article 37(2)(2) counts the total of which disability types?	Permanent total disability and permanent partial disability, excluding temporary disability	Minor injuries treated as outpatients, excluding hospitalized or disabled cases	Deaths and permanent total disability, excluding any partial or temporary disability	Permanent total disability, permanent partial disability and temporary total disability	d	施行細則第48條第1項：罹災人數在三人以上者，指於勞動場所同一災害發生工作者永久全失能、永久部分失能及暫時全失能之總人數達三人以上者。	Enforcement Rules Article 48(1): the total number of workers with permanent total disability, permanent partial disability and temporary total disability in the same accident reaching three or more.	active	1		
OSH-0158	OSH	OSH-02	職業安全衛生法施行細則	第49條	民國115年6月26日	施行細則	3	施行細則第49條所稱「重傷之災害」，須住院治療連續達多少小時以上？	四十八小時	二十四小時	十二小時	八小時	Under Enforcement Rules Article 49, a 'serious injury accident' requires continuous hospitalization of at least how many hours?	48 hours	24 hours	12 hours	8 hours	b	施行細則第49條第2項：重傷之災害，指造成罹災者肢體或器官嚴重受損，危及生命或造成其身體機能嚴重喪失，且須住院治療連續達二十四小時以上之災害者。	Enforcement Rules Article 49(2): serious injury means severe damage to limbs or organs that endangers life or causes serious loss of bodily function, requiring continuous hospitalization of 24 hours or more.	active	1		
OSH-0160	OSH	OSH-02	職業安全衛生法施行細則	第51條	民國115年6月26日	施行細則	2	依施行細則第51條，勞工人數在多少人以上之事業，應依本法第38條按月填報職業災害統計？	一百人	十人	三十人	五十人	Under Enforcement Rules Article 51, enterprises with how many laborers or more shall file monthly occupational accident statistics under Article 38?	100	10	30	50	c	施行細則第51條第1項：本法第38條所定中央主管機關指定之事業：一、勞工人數在三十人以上之事業。二、勞工人數未滿三十人之事業，經中央主管機關指定者。	Enforcement Rules Article 51(1): enterprises with 30 or more laborers, and enterprises with fewer than 30 laborers if designated by the central competent authority.	active	1		
OSH-0155	OSH	OSH-02	職業安全衛生法施行細則	第46-1條	民國115年6月26日	施行細則	2	施行細則第46條之1所定發生職業災害時雇主應即採取之急救、搶救措施，包括下列何者？	對發生職業災害之工作場所進行人員清點，及管制現場，禁止其他工作者進入	對發生職業災害之工作場所立即清理現場，並儘速恢復原有作業	對發生職業災害之工作場所先行聯絡保險公司，並辦理理賠申請	對發生職業災害之工作場所先行通知新聞媒體，並安排採訪拍攝	Under Enforcement Rules Article 46-1, the employer's immediate first aid and rescue measures after an occupational accident include:	Conducting a headcount at the accident site and controlling the scene to prohibit entry of other workers	Immediately clearing the accident site and restoring the original operations as quickly as possible	Contacting the insurance company about the accident site first and filing the claim application	Notifying the news media about the accident site first and arranging interviews and filming there	a	施行細則第46條之1：使有立即危險之虞之工作者退避至安全場所；對災害工作場所進行人員清點及管制現場，禁止其他工作者進入；提供緊急應變人員必要之個人防護具與設備及規劃緊急撤離機制；其他必要緊急應變措施。	Enforcement Rules Article 46-1: withdraw workers at imminent risk to safety; conduct headcounts and control the scene to bar other workers; provide PPE and equipment to emergency responders and plan evacuation; other necessary emergency measures.	active	1		
OSH-0163	OSH	OSH-02	職業安全衛生法施行細則	第54條	民國115年6月26日	施行細則	3	職業安全衛生法施行細則於民國115年6月26日修正發布之條文，自何日施行？	116年1月1日	115年12月31日	115年6月26日	115年7月1日	The provisions of the Enforcement Rules amended and promulgated on 26 June 2026 (ROC 115) take effect on:	1 January 2027	31 December 2026	26 June 2026	1 July 2026	d	施行細則第54條：一百十五年六月二十六日修正發布之條文，自一百十五年七月一日施行。	Enforcement Rules Article 54: the provisions amended on 26 June ROC 115 (2026) take effect on 1 July ROC 115 (2026).	active	1		