Q0893	OSH	OSH-39	鉛中毒預防規則	第2條	民國113年6月13日	鉛-適用	2	鉛中毒預防規則所稱鉛作業，下列何者屬之？	一般辦公室影印	木工裁切	鋼筋綁紮	鉛蓄電池製造修理解體中鉛之熔融鑄造研磨、含鉛塗料之剝除、通風不充分場所之鉛合金軟焊、含鉛設備內部作業等	Which is a 'lead operation' under the Lead Poisoning Prevention Rules?	Office photocopying	Wood cutting	Rebar tying	Melting, casting or grinding lead in battery manufacture/repair, stripping lead paint, soft-soldering lead alloy in poorly ventilated places, work inside lead-contaminated equipment, etc.	d	第2條列十八款鉛作業：鉛之冶煉精煉、含鉛百分之三以上銅鋅冶煉、鉛蓄電池製造修理解體、鉛合金及鉛製品製造、電線電纜鉛被覆、鉛快削鋼注鉛、鉛化合物製造、鉛襯墊上光、橡膠塗料釉藥農藥玻璃等含鉛製造、通風不充分場所鉛合金軟焊、含鉛釉藥施釉烘燒、含鉛繪料繪畫烘燒、熔融鉛淬火退火砂浴、含鉛設備塗料之軋碎熔接切斷剝除、含鉛設備內部作業、轉印紙上粉、鉛字檢字排版、前述之清掃作業。	Article 2 lists 18 categories from smelting and battery work to lead paint removal, glazing, quenching in molten lead, typesetting and cleaning of such workplaces.	draft	6		
Q0894	OSH	OSH-39	鉛中毒預防規則	第3條	民國113年6月13日	鉛-定義	3	鉛中毒預防規則所稱「鉛合金」指鉛佔合金重量百分之多少以上者？「通風不充分之場所」指室內對外開口面積未達底面積幾分之一或全面積百分之幾者？	百分之三以上；十分之一或百分之五	百分之十以上；二十分之一或百分之三	百分之一以上；三十分之一或百分之一	百分之五十以上；五分之一或百分之十	A 'lead alloy' contains at least what percentage of lead by weight, and a 'poorly ventilated place' has openings below what fraction of floor area or what percentage of total area?	3%; one tenth or 5%	10%; one twentieth or 3%	1%; one thirtieth or 1%	50%; one fifth or 10%	b	第3條：鉛合金指鉛佔該合金重量百分之十以上；鉛混存物指鉛合金鉛化合物鉛混合物；作業時間短暫指每日作業時間一小時以內；臨時性作業指不超過三個月且一年內不再重覆；通風不充分之場所指室內對外開口面積未達底面積二十分之一以上或全面積百分之三以上者。	Article 3: 10% lead; openings under 1/20 of floor area or 3% of total area.	draft	6		
Q0895	OSH	OSH-39	鉛中毒預防規則	第7條	民國113年6月13日	鉛-設施	2	鉛蓄電池製造過程中，非以濕式作業方法從事鉛之研磨、製粉、混合、篩選、捏合之室內作業場所，應設置何種設備？	不需設備	電風扇	整體換氣裝置即可	密閉設備或局部排氣裝置	In battery manufacturing, indoor dry grinding, powdering, mixing, sieving or kneading of lead requires:	No equipment	An electric fan	General ventilation only	Enclosed equipment or local exhaust ventilation	d	第7條：鉛蓄電池作業之熔融鑄造加工組配熔接熔斷極板切斷之室內場所設局部排氣裝置；非濕式之研磨製粉混合篩選捏合設密閉設備或局部排氣裝置；非濕式倒入取出粉狀鉛設局部排氣裝置及承受溢流設備；解體軋碎場所應與其他作業場所隔離；自動鑄造機防飛散；工作台設承受容器；人工搬運容器裝把手車輪；地面易於真空除塵或水洗；設儲存浮渣容器。第20條：此類氣罩應採包圍型。	Article 7: enclosure or LEV for dry powder operations, LEV for melting/casting/welding, overflow catchers, isolation of crushing areas, splash guards, and easily cleaned floors; Article 20: enclosing hoods.	draft	6		
Q0896	OSH	OSH-39	鉛中毒預防規則	第24條	民國113年6月13日	鉛-免設	3	下列何種鉛作業得免設置局部排氣裝置或整體換氣裝置？	所有鉛作業	與其他作業場所有效隔離且勞工不必經常出入之室內場所、作業時間短暫或臨時性作業、牆壁一半以上開放且四公尺內無障礙物之熔融鑄造場所、設排氣煙囪並以石灰覆蓋熔鉛表面者	鉛化合物製造	鉛蓄電池製造	Which lead operations may omit local exhaust or general ventilation?	All lead operations	Isolated rooms workers seldom enter, short or temporary work, melting areas with over half the walls open and no obstacles within 4 m, or melting with a thermal stack and lime cover	Lead compound manufacturing	Battery manufacturing	b	第24條：與其他作業場所有效隔離而勞工不必經常出入之室內作業場所；作業時間短暫或臨時性作業；熔融鑄造等作業場所牆壁面積一半以上為開放且鄰近四公尺無障礙物者；熔融作業場所設利用溫熱上升氣流之排氣煙囟且以石灰覆蓋熔融鉛表面者；前三款勞工有遭鉛污染之虞時應提供防護具。	Article 24: the four exemptions, with PPE required for the first three when contamination is possible.	draft	6		
Q0897	OSH	OSH-39	鉛中毒預防規則	第27條	民國113年6月13日	鉛-集塵	3	鉛或鉛合金熔融鑄造作業之熔爐或坩堝總容量未滿多少公升者，得免設集塵裝置？	五十公升	一百公升	二百公升	二十公升	Melting or casting furnaces or crucibles with a total capacity below what volume are exempt from dust collectors?	50 liters	100 liters	200 liters	20 liters	a	第27條：鉛作業之密閉設備及局部排氣裝置應設有效污染防制過濾式集塵設備或同等性能以上之集塵設備；熔爐或坩堝等總容量未滿五十公升者得免設集塵裝置。第49條：坩堝爐容量總計不滿五十公升且攝氏四百五十度以下熔融鑄造者僅適用部分條文。	Article 27: filter-type dust collectors required except for furnaces under 50 liters; Article 49: small furnaces below 450°C follow only limited provisions.	draft	6		
Q0898	OSH	OSH-39	鉛中毒預防規則	第31條	民國113年6月13日	鉛-設計	3	雇主設置局部排氣裝置時應由何人設計？原始性能測試報告及相關文件應保存幾年？	作業主管；一年	設備廠商；五年	經中央主管機關訓練合格之專業人員；十年	任何工程師；三年	Local exhaust ventilation must be designed by whom, and how long are the initial performance test reports kept?	The work supervisor; 1 year	The equipment vendor; 5 years	Professionals trained and certified by the central authority; 10 years	Any engineer; 3 years	c	第31條：密閉設備局部排氣裝置整體換氣裝置應由專業人員妥為設計並維持性能；設置局部排氣裝置應指派或委託經中央主管機關訓練合格之專業人員設計並製作設計報告書；設置完成後實施原始性能測試並製作報告書，文件紀錄保存十年；化學排氣櫃型式不受限制；改裝時亦同（性能無顯著影響者除外）。第31條之1：資格訓練準用特定化學物質危害預防標準第38條及第38條之1。	Article 31: certified designers with design and initial performance test reports kept 10 years (fume hoods exempt); Article 31-1 refers to the specified chemical standards for qualifications.	draft	6		
Q0899	OSH	OSH-39	鉛中毒預防規則	第32條	民國113年6月13日	鉛-換氣量	3	於通風不充分場所從事鉛合金軟焊作業設置整體換氣裝置時，其換氣量應為每一從事鉛作業勞工平均每分鐘多少立方公尺以上？	一．六七立方公尺	三立方公尺	十立方公尺	零．五立方公尺	General ventilation for soft-soldering lead alloy in poorly ventilated places must supply per worker at least:	1.67 m³ per minute	3 m³ per minute	10 m³ per minute	0.5 m³ per minute	a	第32條：從事第2條第2項第10款（通風不充分場所鉛合金軟焊）作業設置整體換氣裝置之換氣量，應為每一從事鉛作業勞工平均每分鐘一．六七立方公尺以上。第30條：局部排氣裝置應於作業時間內有效運轉並降低鉛塵濃度至容許暴露標準以下。	Article 32: 1.67 m³/min per lead worker; Article 30: LEV must run during work and keep lead dust below the PEL.	draft	6		
Q0900	OSH	OSH-39	鉛中毒預防規則	第34條	民國113年6月13日	鉛-休息室	2	雇主使勞工從事鉛作業時，應於作業場所外設置休息室，其出入口應如何？	設置沖洗用水管或充分濕潤之墊蓆以清除足部鉛塵，並於入口設置清除鉛塵用毛刷或真空除塵機	不需特別設置	設置門禁卡	設置飲水機	Rest rooms for lead workers must be outside the work area, with entrances fitted with:	Washing hoses or wet mats to remove lead dust from feet, plus brushes or vacuum cleaners at the entrance	Nothing special	Access card readers	Water dispensers	a	第34條：休息室出入口應設沖洗用水管或充分濕潤之墊蓆清除足部鉛塵，入口設毛刷或真空除塵機；地面易於真空除塵或水洗；進入休息室前應清除工作衣上鉛塵並揭示。第35條：處理粉狀鉛者應設淋浴設備；第36條：每日以水沖洗或真空除塵清潔作業場所休息室餐廳一次以上；第37條：備置指甲刷肥皂等盥洗設備；第39條：設專用洗衣設備。	Article 34; Articles 35–39: showers for powder handling, daily washing, nail brushes and soap, and dedicated laundry facilities.	draft	6		
Q0901	OSH	OSH-39	鉛中毒預防規則	第40條	民國113年6月13日	鉛-作業主管	2	鉛作業主管應執行之事項，下列何者正確？	採取措施預防勞工遭受鉛污染、決定作業方法並指揮、保存每月檢點局部排氣裝置一次以上之紀錄、監督防護具使用	僅安排班表	僅簽到	僅發放薪資	The lead work supervisor must:	Prevent lead contamination, decide methods and direct work, keep records of at least monthly LEV checks, and supervise PPE use	Only schedule shifts	Only sign in	Only pay wages	a	第40條：雇主應指派現場作業主管擔任鉛作業主管，執行採取必要措施預防勞工遭受鉛污染、決定作業方法並指揮勞工作業、保存每月檢點局部排氣裝置及其他預防健康危害裝置一次以上之紀錄、監督勞工確實使用防護具。第44條：應公告鉛作業場所禁止飲食或吸菸。	Article 40: the four duties; Article 44: no eating or smoking in lead workplaces.	draft	6		
Q0902	OSH	OSH-39	鉛中毒預防規則	第45條	民國113年6月13日	鉛-防護具	2	從事鉛冶煉、砂浴攪砂、非濕式剝除含鉛塗料、含鉛設備內部作業、乾燥作業、集塵濾布更換等作業時，雇主應如何？	不需防護	置備適當之呼吸防護具並訂定計畫使勞工確實遵守；防護具應專用保管並禁止攜入鉛作業場所以外	僅提供口罩	提供手套即可	For lead smelting, sand-bath stirring, dry stripping of lead paint, work inside lead equipment, drying or filter-bag replacement, the employer must:	Provide nothing	Provide suitable respirators under a written program, stored separately and never taken outside the lead area	Provide masks only	Provide gloves only	b	第45條：對冶煉精煉鉛化合物製造及其清掃、砂浴攪砂換砂、非濕式剝除含鉛塗料、含鉛設備內部作業（並應置備防護衣著）、乾燥作業、集塵裝置濾布更換、鉛之軋碎熔接熔斷噴布、船舶儲槽等通風不充分場所鉛作業，應置備適當呼吸防護具並訂定計畫使勞工遵守；呼吸防護具及防護衣著應設專用保管設備與其他衣物隔離並禁止攜出。第46條：輸氣管面罩連續作業每次不得超過一小時；第47條：面罩入氣口置於新鮮空氣位置。	Article 45: respirators (and protective clothing for equipment interiors) with a compliance plan and dedicated storage; Article 46: air-line masks limited to one hour per session.	draft	6		
Q0903	OSH	OSH-39	鉛中毒預防規則	第48條	民國113年6月13日	鉛-儲存	2	雇主儲存粉狀之鉛、鉛混存物時應如何？漏洩時應如何處理？	使用不致漏洩之密閉容器儲存；漏洩時應即以真空除塵或以水清除	紙袋儲存；吹氣清除	不需處理	散裝堆放；掃帚清掃	Powdered lead must be stored how, and spills cleaned how?	In leak-proof sealed containers; by vacuum or water	Paper bags; blown off	No requirement	Loose piles; swept with brooms	a	第48條：應使用不致漏洩之密閉容器適當儲存粉狀鉛及鉛混存物；漏洩時應即以真空除塵或以水清除；塊狀鉛應適當儲存避免鉛塵污染。第41條：粉狀鉛倒入漏斗有溢漏時應令勞工立即停止作業（臨時性作業且已戴用有效呼吸防護具者除外）。	Article 48: sealed containers, vacuum or wet cleaning; Article 41: stop work immediately on powder spills unless temporary work with effective respirators.	draft	6		
Q0904	OSH	OSH-40	四烷基鉛中毒預防規則	第3條	民國111年6月29日	四烷基鉛-定義	2	四烷基鉛中毒預防規則所稱「四烷基鉛」包括下列何者？	硝酸鉛	氧化鉛	鉛蓄電池	四甲基鉛、四乙基鉛、一甲基三乙基鉛、二甲基二乙基鉛、三甲基一乙基鉛及含有上列物質之抗震劑	'Tetraalkyl lead' under the Rules includes:	Lead nitrate	Lead oxide	Lead-acid batteries	Tetramethyl lead, tetraethyl lead, methyl-triethyl lead, dimethyl-diethyl lead, trimethyl-ethyl lead and anti-knock agents containing them	d	第3條：四烷基鉛指四甲基鉛、四乙基鉛、一甲基三乙基鉛、二甲基二乙基鉛、三甲基一乙基鉛及含有上列物質之抗震劑；加鉛汽油指添加四烷基鉛之汽油；換氣裝置指藉動力輸入外氣置換儲槽地下室船艙坑井等內部空氣之設備。第2條：適用於混入汽油或導入儲槽、裝置修護拆卸、被污染儲槽處理、殘渣廢液處理、容器處理、研究試驗、污染清除等七類作業。	Article 3 definitions; Article 2 lists seven operation types from blending into gasoline to cleaning contaminated sites.	draft	6		
Q0905	OSH	OSH-40	四烷基鉛中毒預防規則	第5條	民國111年6月29日	四烷基鉛-混入作業	3	從事將四烷基鉛混入汽油或導入儲槽之作業時，作業場所建築物之牆壁至少應有幾面為開放且能充分通風？應供給勞工何種防護具？	三面；不滲透性防護圍裙、長統手套、長靴及有機氣體用防毒面罩	二面；一般口罩	四面；安全帽	一面；棉手套	For blending tetraalkyl lead into gasoline, at least how many walls of the building must be open for ventilation, and what PPE is required?	Three; impermeable apron, long gloves, boots and organic-vapor respirator	Two; ordinary mask	Four; helmet	One; cotton gloves	a	第5條：裝置構造應防止污染或吸入蒸氣；作業場所建築物牆壁至少三面開放且充分通風；抽吸四烷基鉛應完全吸盡並以汽油清洗栓密；供給不滲透性防護圍裙長統手套長靴及有機氣體用防毒面罩；作業場所與其他場所隔離；地面不滲透性易清除；設休息室盥洗淋浴設備；每日確認裝置狀況一次以上。	Article 5: three open walls, leak-proof equipment, impermeable PPE with organic-vapor respirators, isolation, impermeable floors, washing and shower facilities, daily equipment checks.	draft	6		
Q0906	OSH	OSH-40	四烷基鉛中毒預防規則	第7條	民國111年6月29日	四烷基鉛-儲槽	3	處理四烷基鉛用儲槽內部作業時，應以何種氧化劑將儲槽內部充分氧化？並應指派幾人以上監視？	適當氧化劑如百分之五過錳酸鉀溶液；一人以上	汽油；二人以上	酒精；三人以上	清水；不需監視	When working inside a tetraalkyl lead tank, which oxidizer is used to treat the interior, and how many watchers are required?	A suitable oxidizer such as 5% potassium permanganate solution; at least one	Gasoline; at least two	Alcohol; at least three	Water; none	a	第7條：自儲槽抽出四烷基鉛後防止倒流；以汽油或煤油洗淨排出；使用適當氧化劑如百分之五過錳酸鉀溶液充分氧化並排出；開放人孔排放閥等開口；以水或水蒸氣清洗（水蒸氣時應接地）；作業前及作業期間以換氣裝置充分換氣；設緊急避難設施；指派監視人員一人以上；供給不滲透性防護衣著長統手套長靴防護帽及輸氣管面罩。第8條：加鉛汽油儲槽作業類似，換氣須將汽油濃度降至容許暴露標準以下。	Article 7: drain and prevent backflow, wash with gasoline/kerosene, oxidize with 5% KMnO4, open all openings, rinse with water or steam (grounded), ventilate, emergency escape equipment, one watcher, impermeable PPE with air-line masks.	draft	6		
Q0907	OSH	OSH-40	四烷基鉛中毒預防規則	第13條	民國111年6月29日	四烷基鉛-清洗劑	2	雇主使勞工從事清洗作業或供給勞工清洗手足身體之清洗劑時，不得使用何物？	溫水	加鉛汽油	清水	肥皂	Employers must not use what as a cleaning agent for workers' hands or bodies?	Warm water	Leaded gasoline	Water	Soap	b	第13條：雇主使勞工從事清洗作業或供給勞工清洗手足、身體之清洗劑時，不得使用加鉛汽油。第17條：作業完畢應供給肥皂洗淨雙手及被污染部分。第25條：作業場所應置備肥皂、洗眼液吸附劑急救藥品、氧化劑活性白土等防止擴散材料、整補材料。	Article 13; Article 17: soap after work; Article 25: soap, eyewash, absorbents, oxidizers and repair materials on site.	draft	6		
Q0908	OSH	OSH-40	四烷基鉛中毒預防規則	第16條	民國111年6月29日	四烷基鉛-作業主管	2	四烷基鉛作業主管應每日確認何事？發現勞工身體或衣服被四烷基鉛污染時應如何？	確認換氣裝置運轉狀況；立即以肥皂或適當清洗劑洗除污染	確認出勤；不需處理	確認產量；下班後處理	確認薪資；記錄即可	The tetraalkyl lead work supervisor must check what daily, and what must be done when a worker's body or clothing is contaminated?	Ventilation equipment operation; wash off immediately with soap or a suitable cleanser	Attendance; nothing	Output; after the shift	Wages; just record it	a	第16條：四烷基鉛作業主管（研究試驗作業免設）應決定作業方法並指揮、預防勞工污染或吸入、每日確認儲槽作業及污染清除作業之換氣裝置運轉狀況、監督防護具使用、有中毒之虞時採取必要措施、發現身體或衣服被污染時立即以肥皂或適當清洗劑洗除。第21條：每週確認通風設備運轉作業情形空氣流通效果及使用情形一次以上。	Article 16: daily ventilation checks, PPE supervision and immediate washing of contamination; Article 21: weekly confirmation of ventilation and work conditions.	draft	6		
Q0909	OSH	OSH-40	四烷基鉛中毒預防規則	第20條	民國111年6月29日	四烷基鉛-緊急	2	四烷基鉛作業發生設備或換氣裝置故障、漏洩溢流或場所被污染致有中毒之虞時，雇主應如何？勞工得否自行退避？	僅通風；不得	即令停止作業並使勞工退避至安全場所；勞工在不危及他人安全下得自行停止作業退避並立即報告主管	等待檢查機構；得	繼續作業；不得	When ventilation fails, tetraalkyl lead leaks or the area is contaminated, the employer must do what, and may workers retreat on their own?	Ventilate only; no	Stop work and evacuate; workers may stop and retreat themselves if it endangers no one else, then report	Wait for inspectors; yes	Continue; no	b	第20條：設備或換氣裝置故障致降低失去效能、四烷基鉛漏洩或溢流、作業場所被污染時，雇主或工作場所負責人應即令停止作業並使勞工退避至安全場所；勞工在不危及其他工作者安全之情形下亦得自行停止作業及退避並立即向直屬主管報告；未確認完全清除前不得使相關勞工進入，但在職業安全衛生管理人員或作業主管指導下之搶救及必要作業者除外。	Article 20: stop-and-evacuate duty, workers' right to retreat, no re-entry until cleared except supervised rescue.	draft	6		
Q0910	OSH	OSH-40	四烷基鉛中毒預防規則	第23條	民國111年6月29日	四烷基鉛-面罩	2	四烷基鉛作業勞工戴用輸氣管面罩之連續作業時間每次不得超過多久？防護具應保管於何處？	三十分鐘；作業場所內	四小時；家中	二小時；置物櫃	一小時；作業場所外之金屬材質保管設備並與其他衣物隔離	Continuous work in an air-line mask is limited to how long, and where must PPE be stored?	30 minutes; inside the work area	4 hours; at home	2 hours; lockers	1 hour; metal storage outside the work area, separated from other clothing	d	第23條：戴用輸氣管面罩之連續作業時間每次不得超過一小時。第22條：面罩空氣入口置於新鮮空氣位置。第24條：每天作業前確認防護具狀況，防毒面罩吸收罐保持有效，作業完畢確認並清除污染；應於作業場所外設置存放防護具工作衣之金屬材質保管設備並與其他衣物隔離。	Article 23: one hour; Article 24: daily PPE checks, effective cartridges, and separate metal storage outside the work area.	draft	6		
Q0911	OSH	OSH-40	四烷基鉛中毒預防規則	第26條	民國111年6月29日	四烷基鉛-儲藏	2	儲藏四烷基鉛或加鉛汽油之容器及場所應如何？曾儲裝四烷基鉛之空容器應如何？	開口桶；室內堆放	任意容器；隨意放置	具栓蓋之牢固容器且桶蓋向上；場所防止無關人員進入並標示、蒸氣排除於室外、防漏洩措施；空容器密閉或置於室外一定場所並標示	塑膠袋；丟棄	Containers and storage areas for tetraalkyl lead must be, and empty containers must be:	Open drums; stacked indoors	Any container; anywhere	Sturdy capped containers stored cap-up; restricted, labeled and vented areas with leak precautions; empties sealed or placed outdoors in a marked area	Plastic bags; discarded	c	第26條：應使用具有栓蓋之牢固容器並使桶蓋向上，儲藏場所應有防止無關人員進入之設施及標示、將蒸氣排除於室外、防止不慎漏洩之措施。第27條：曾儲裝四烷基鉛之空容器應予密閉或放置於室外一定場所並標示。第19條：禁止無關勞工進入作業及儲存場所。	Articles 26–27; Article 19: unauthorized entry prohibited with posted notices.	draft	6		
Q0912	OSH	OSH-45	粉塵危害預防標準	第3條	民國103年6月25日	粉塵-定義	3	粉塵危害預防標準所稱「作業時間短暫」及「作業期間短暫」之定義為何？	每日不超過三十分鐘；不超過一週	每日作業不超過一小時；作業期間不超過一個月且終了後六個月內不再實施	每週不超過一日；不超過一年	每日不超過二小時；不超過三個月	'Short daily work' and 'short-period work' under the Dust Hazard Standards mean:	No more than 30 minutes; no more than a week	No more than 1 hour per day; no more than 1 month and not repeated within 6 months after ending	One day a week; no more than a year	No more than 2 hours; no more than 3 months	b	第3條：作業時間短暫指同一特定粉塵發生源之特定粉塵作業每日不超過一小時；作業期間短暫指作業期間不超過一個月且確知自終了日起六個月內不再實施；臨時性作業指不超過三個月且一年內不再重覆；特定粉塵發生源指附表一乙欄所列處所；礦物等指地殼中土石岩石礦物及性質相同之人工固體物質。	Article 3 definitions; temporary work is under 3 months and not repeated within a year.	draft	6		
Q0913	OSH	OSH-45	粉塵危害預防標準	第6條	民國103年6月25日	粉塵-特定發生源	2	雇主為防止特定粉塵發生源之粉塵發散，應依附表一乙欄所列每一特定粉塵發生源設置何種設備？	空調	不需設備	電風扇	密閉設備、局部排氣裝置或維持濕潤狀態之設備等對應設備之一種或同等以上性能之設備	For each specified dust source in Annex 1 column B, the employer must install:	Air conditioning	Nothing	An electric fan	One of the corresponding controls such as enclosure, local exhaust or wetting equipment, or equipment of equal or better performance	d	第6條：應依附表一乙欄每一特定粉塵發生源分別設置該欄所列設備（密閉設備、局部排氣裝置、維持濕潤狀態、濕式衝擊式鑿岩機等）之任一種或具同等以上性能之設備。第7條：局部排氣裝置應設附表二所列型式以外之氣罩。第9條：磨床鼓式砂磨機等回轉機械應以全部包圍、覆蓋擴散方向或包圍回轉體部分之方式設氣罩。	Article 6; Article 7: hood types per Annex 2; Article 9: hoods for grinders and drum sanders.	draft	6		
Q0914	OSH	OSH-45	粉塵危害預防標準	第10條	民國103年6月25日	粉塵-一般作業	2	對於特定粉塵作業以外之粉塵作業之室內作業場所，雇主應設置何種設備？例外為何？	局部排氣；所有作業	密閉設備；無例外	整體換氣裝置或同等以上性能設備；臨時性作業、作業時間或期間短暫且供給適當呼吸防護具者除外	不需設備；無	For indoor dust work that is not 'specified dust work', the employer must install what, with what exception?	LEV; all work	Enclosure; no exception	General ventilation or equivalent; except temporary or short work where suitable respirators are provided	Nothing; none	c	第10條：非特定粉塵作業之室內作業場所應設整體換氣裝置或同等以上性能設備，但臨時性作業、作業時間短暫或作業期間短暫且供給適當呼吸防護具者不在此限。第11條：坑內作業場所（平水坑除外）應設具動力輸入外氣之換氣裝置。第11條之1：密閉設備局部排氣整體換氣應由專業人員設計並維持性能。	Article 10; Article 11: powered fresh-air ventilation in mines; Article 11-1: professional design.	draft	6		
Q0915	OSH	OSH-45	粉塵危害預防標準	第13條	民國103年6月25日	粉塵-小型設備	3	使用直徑小於幾公分之研磨輪、每小時能力小於幾公斤之粉碎機、篩選面積小於幾平方公分之篩選機、內容積小於幾公升之混合機從事特定粉塵作業，雇主設整體換氣並使勞工使用呼吸防護具時，得不適用第6條？	五十公分；五十公斤；一千平方公分；五十公升	三十公分；二十公斤；七百平方公分；十八公升	一百公分；一百公斤；二千平方公分；一百公升	十公分；十公斤；一百平方公分；五公升	Specified dust work with small equipment is exempt from Article 6 (with general ventilation and respirators) when the grinding wheel is under, crusher capacity under, sieve area under, mixer volume under:	50 cm; 50 kg/h; 1,000 cm²; 50 L	30 cm; 20 kg/h; 700 cm²; 18 L	100 cm; 100 kg/h; 2,000 cm²; 100 L	10 cm; 10 kg/h; 100 cm²; 5 L	b	第13條：使用前直徑小於三十公分之研磨輪、搗碎或粉碎最大能力每小時小於二十公斤之機器、篩選面積小於七百平方公分之篩選機、內容積小於十八公升之混合機從事特定粉塵作業，雇主於室內設整體換氣裝置（坑內設換氣裝置）並使勞工使用適當呼吸防護具者，得不適用第6條。第12條：臨時性作業或作業時間期間短暫且供給呼吸防護具者亦不適用第6條。	Article 13 thresholds; Article 12 exempts temporary and short work with respirators.	draft	6		
Q0916	OSH	OSH-45	粉塵危害預防標準	第14條	民國103年6月25日	粉塵-免除申請	3	設置第6條規定設施顯有困難時，雇主得向何機關申請免除？應檢附何文件？	中央主管機關；營業登記	地方政府；照片	勞動檢查機構；免適用設施許可申請書、比例百分之一以上之作業場所略圖、工作計畫書	衛生局；健檢紀錄	When Article 6 controls are clearly impracticable, the employer may apply for exemption to whom, with what documents?	The central authority; business registration	Local government; photos	The labor inspection agency; exemption application form, site sketch at 1:100 or larger, and work plan	Health bureau; health records	c	第14條：依構造作業性質設置第6條設施顯有困難者，得填具免適用設施許可申請書、比例在百分之一以上之作業場所略圖、工作計畫書向勞動檢查機構申請免除；作業不適於原許可時應書面報告，檢查機構得取銷許可。	Article 14: application to the inspection agency with form, sketch (scale ≥ 1%) and work plan; permits may be revoked if conditions change.	draft	6		
Q0917	OSH	OSH-45	粉塵危害預防標準	第15條	民國103年6月25日	粉塵-局排	2	粉塵作業局部排氣裝置之設置規定，下列何者正確？	導管越長越好	排氣機置於清淨裝置前	排氣口設於室內	氣罩設於每一粉塵發生源且外裝型儘量接近發生源、導管儘量縮短肘管減少並設清潔口測定孔、排氣機置於空氣清淨裝置後、排氣口設於室外	Which is correct for local exhaust ventilation in dust work?	Ducts as long as possible	Fan before the air cleaner	Exhaust outlet indoors	Hoods at every source (exterior hoods close to the source), short ducts with few elbows plus cleanout and test ports, fan after the air cleaner, exhaust outlet outdoors	d	第15條：氣罩宜設於每一粉塵發生源，外裝型儘量接近發生源；導管長度儘量縮短肘管數儘量減少並於適當位置開設清潔口及測定孔；排氣機置於空氣清淨裝置後；排氣口設於室外（移動式或設過濾除塵靜電除塵者除外）。第16條：粉塵作業時間內不得停止運轉且不得阻礙。	Article 15; Article 16: must run throughout dust work without obstruction.	draft	6		
Q0918	OSH	OSH-45	粉塵危害預防標準	第22條	民國103年6月25日	粉塵-清掃	2	雇主對室內粉塵作業場所至少每日應清掃幾次？每月應以何種方法清除地面設備？	每季一次；乾擦	每月一次；吹氣	每週一次；掃帚	每日一次以上；每月以真空吸塵器或水沖洗等不致飛揚之方法	Indoor dust workplaces must be cleaned at least how often, and monthly cleaning must use what method?	Quarterly; dry wiping	Monthly; compressed air	Weekly; brooms	Daily; vacuum cleaners or water flushing that does not raise dust	d	第22條：室內粉塵作業場所至少每日清掃一次以上；至少每月定期使用真空吸塵器或以水沖洗等不致發生粉塵飛揚之方法清除地面設備，顯有困難且已供給呼吸防護具者除外。第21條：公告禁止飲食吸菸。第20條：應指定粉塵作業主管監督。第19條：隨時確認通風設備運轉作業情形空氣流通及粉塵狀況並通告注意事項。	Article 22; Articles 19–21: continuous checks, a dust work supervisor, and no eating or smoking.	draft	6		
Q0919	OSH	OSH-45	粉塵危害預防標準	第23條	民國103年6月25日	粉塵-防護具	2	從事附表一丙欄所列作業（如坑外衝擊式鑿岩、手提式動力工具切斷研磨岩石金屬、內部熔斷電焊等）時，雇主應如何？	僅提供手套	不需防護	提供並令勞工使用適當之呼吸防護具，但發生源已設有效密閉設備局部排氣或維持濕潤者除外	僅提供安全眼鏡	For operations in Annex 1 column C (e.g., outdoor impact rock drilling, handheld power tool cutting/grinding of rock or metal, welding or cutting inside enclosed spaces), the employer must:	Provide gloves only	Provide nothing	Provide and enforce suitable respirators, unless the source has effective enclosure, LEV or wetting	Provide safety glasses only	c	第23條：從事附表一丙欄所列作業應提供並令勞工使用適當呼吸防護具，但粉塵發生源設有效之密閉設備、局部排氣裝置或維持濕潤狀態者不在此限。第24條：輸氣管面罩連續作業每次不得超過一小時。第17、18條：濕式鑿岩機應有效給水，濕潤設備於作業時保持濕潤。	Article 23; Article 24: air-line masks one hour per session; Articles 17–18: wet drills and wetting equipment must be kept working.	draft	6		
Q0920	OSH	OSH-43	危害性化學品評估及分級管理辦法	第2條	民國103年12月31日	化學品分級-定義	2	危害性化學品評估及分級管理辦法所稱「分級管理」係指？	依價格分級採購	依化學品健康危害及暴露評估結果評定風險等級，並分級採取對應之控制或管理措施	依毒性分級標示	依儲存量分級申報	'Tiered (banding) management' under the Regulations means:	Tiered purchasing by price	Rating risk levels from health hazard and exposure assessment and applying corresponding controls by level	Labeling by toxicity class	Reporting by storage quantity	b	第2條：暴露評估指以定性半定量或定量方法評量或估算勞工暴露於化學品之健康危害情形；分級管理指依化學品健康危害及暴露評估結果評定風險等級並分級採取對應之控制或管理措施。第4條：製造處置使用符合 CNS 15030 具健康危害之化學品應評估危害及暴露程度、劃分風險等級並採取分級管理措施。	Article 2; Article 4 requires assessment, risk rating and tiered controls for CNS 15030 health-hazardous chemicals.	draft	6		
Q0921	OSH	OSH-43	危害性化學品評估及分級管理辦法	第3條	民國103年12月31日	化學品分級-優先適用	3	危害性化學品評估及分級管理辦法所定化學品，應優先適用哪些法規之危害控制規定？	建築法	毒性化學物質管理法	特定化學物質危害預防標準、有機溶劑中毒預防規則、四烷基鉛中毒預防規則、鉛中毒預防規則及粉塵危害預防標準	消防法	Chemicals covered by the Regulations first fall under the control provisions of which laws?	The Building Act	The Toxic Chemicals Act	The specified chemical substances standards, organic solvent rules, tetraalkyl lead rules, lead rules and dust hazard standards	The Fire Services Act	c	第3條：優先適用特定化學物質危害預防標準、有機溶劑中毒預防規則、四烷基鉛中毒預防規則、鉛中毒預防規則及粉塵危害預防標準之設置危害控制設備或措施規定；依該等法規仍未能降低暴露風險者，雇主應依本辦法設置控制設備或採取更有效之控制管理措施。第5條：有害事業廢棄物、菸草、食品藥物化粧品、製成品、民生消費商品、滅火器、製程中間產物、僅貯存無暴露之虞者不適用。	Article 3: the five substance-specific regulations take precedence, with the Regulations adding controls where exposure remains high; Article 5 lists exclusions.	draft	6		
Q0922	OSH	OSH-43	危害性化學品評估及分級管理辦法	第6條	民國103年12月31日	化學品分級-頻率	2	雇主之化學品評估及分級管理應至少每幾年執行一次？化學品種類、操作程序或製程條件變更有增加暴露風險之虞時應何時重新評估？	三年；變更前或變更後三個月內	五年；變更後六個月內	一年；變更後一年內	每年；不需重新評估	Chemical assessment and tiered management must be performed at least every how many years, and re-done when after a change that may increase exposure?	3 years; before the change or within 3 months after	5 years; within 6 months after	1 year; within a year after	Yearly; no re-assessment	a	第6條：第4條之評估及分級管理至少每三年執行一次；因化學品種類操作程序或製程條件變更而有增加暴露風險之虞者，應於變更前或變更後三個月內重新評估與分級。第7條：應參照中央主管機關公告之技術指引或同等科學基礎之方法。第11條：紀錄保存三年。	Article 6; Article 7: per the central technical guidance; Article 11: records kept 3 years.	draft	6		
Q0923	OSH	OSH-43	危害性化學品評估及分級管理辦法	第8條	民國103年12月31日	化學品分級-定量評估	3	對於定有容許暴露標準之化學品，何種事業單位應依採樣分析方法或定量推估模式實施暴露評估？	特別危害健康作業勞工一百人以上，或總勞工人數五百人以上者	僅石化業	勞工三十人以上者	所有事業單位	Which enterprises must perform quantitative exposure assessment (sampling or exposure modeling) for chemicals with permissible exposure limits?	Those with 100+ workers in specially hazardous work or 500+ workers in total	Petrochemical plants only	Those with 30+ workers	All enterprises	a	第8條：中央主管機關定有容許暴露標準之化學品，事業單位從事特別危害健康作業勞工一百人以上或總勞工人數五百人以上者，雇主應依有科學根據之採樣分析方法或運用定量推估模式實施暴露評估；游離輻射作業不適用。第9條：應依作業環境監測實施辦法之監測及期程實施，必要時輔以半定量定量模式。	Article 8; Article 9 ties it to the environmental monitoring schedule.	draft	6		
Q0924	OSH	OSH-43	危害性化學品評估及分級管理辦法	第8條	民國103年12月31日	化學品分級-評估頻率	3	暴露評估結果，暴露濃度低於容許暴露標準二分之一者，至少每幾年評估一次？低於標準但高於或等於二分之一者？高於或等於標準者？	五年；三年；每年	一年；六個月；每月	不需；每年；每月	三年；每年；每三個月	Re-assessment frequency when exposure is below half the PEL, between half and the PEL, and at or above the PEL is:	Every 5 years; every 3 years; yearly	Yearly; every 6 months; monthly	Never; yearly; monthly	Every 3 years; yearly; every 3 months	d	第8條第2項：暴露濃度低於容許暴露標準二分之一者至少每三年評估一次；低於標準但高於或等於二分之一者至少每年一次；高於或等於標準者至少每三個月一次；製程變更有增加風險之虞者於變更前或後三個月內重新評估。	Article 8(2): the three tiers of frequency, plus re-assessment within three months of risk-increasing changes.	draft	6		
Q0925	OSH	OSH-43	危害性化學品評估及分級管理辦法	第10條	民國103年12月31日	化學品分級-管理措施	3	暴露濃度高於或等於容許暴露標準者屬第幾級管理？應採取何措施？	第三級；即採取有效控制措施並於完成改善後重新評估確保低於標準	第四級；停工	第一級；維持現狀	第二級；實施檢點	Exposure at or above the PEL is which management level, requiring what?	Level 3; immediate effective controls and re-assessment after improvement to confirm exposure below the PEL	Level 4; stop work	Level 1; maintain status quo	Level 2; inspections	a	第10條：第一級（低於二分之一）持續維持原有控制並於製程變更時採變更管理；第二級（二分之一以上未達標準）就製程設備作業程序方法實施檢點並採必要改善；第三級（高於或等於標準）應即採取有效控制措施並於完成改善後重新評估確保暴露濃度低於容許暴露標準。	Article 10: Level 1 maintain controls with management of change; Level 2 inspect and improve; Level 3 immediate controls and re-assessment.	draft	6		
Q0926	OSH	OSH-44	鍋爐及壓力容器安全規則	第2條	民國103年7月1日	鍋爐-定義	2	鍋爐及壓力容器安全規則所稱「蒸汽鍋爐」係指？	冷凍用壓力容器	儲存高壓氣體之容器	以火焰燃燒氣體高溫氣體或電熱加熱於水或熱媒，使發生超過大氣壓之壓力蒸汽供給他用之裝置及其附屬過熱器與節煤器	加熱有壓力之水供他用之裝置	A 'steam boiler' under the Rules is:	A refrigeration pressure vessel	A container storing high-pressure gas	A device heating water or heat medium by flame, combustion gas, hot gas or electricity to produce steam above atmospheric pressure for external use, including its superheater and economizer	A device heating pressurized water for external use	c	第2條：蒸汽鍋爐指以火焰燃燒氣體其他高溫氣體或電熱加熱於水或熱媒使發生超過大氣壓之壓力蒸汽供給他用之裝置及其附屬過熱器與節煤器；熱水鍋爐指加熱於有壓力之水或熱媒供給他用之裝置。第6條：最高使用壓力指構造上最高容許使用之壓力或水頭壓力。	Article 2 defines steam and hot-water boilers; Article 6 defines maximum allowable working pressure.	draft	6		
Q0927	OSH	OSH-44	鍋爐及壓力容器安全規則	第3條	民國103年7月1日	鍋爐-小型鍋爐	3	下列何者屬鍋爐及壓力容器安全規則所稱小型鍋爐？	傳熱面積五平方公尺之蒸汽鍋爐	最高使用壓力在每平方公分一公斤以下且傳熱面積在一平方公尺以下之蒸汽鍋爐	水頭壓力二十公尺之熱水鍋爐	最高使用壓力每平方公分五公斤之鍋爐	Which is a 'small boiler'?	A steam boiler with 5 m² heating surface	A steam boiler with maximum working pressure of 1 kg/cm² or less and heating surface of 1 m² or less	A hot-water boiler with 20 m head	A boiler at 5 kg/cm²	b	第3條小型鍋爐：最高使用壓力每平方公分一公斤（0.1 MPa）以下且傳熱面積一平方公尺以下之蒸汽鍋爐；壓力一公斤以下且胴體內徑三百毫米以下長度六百毫米以下者；傳熱面積三點五平方公尺以下且裝有內徑二十五毫米以上開放大氣蒸汽管者；傳熱面積三點五平方公尺以下且蒸汽部裝內徑二十五毫米以上U字形豎立管水頭壓力五公尺以下者；水頭壓力十公尺以下且傳熱面積八平方公尺以下之熱水鍋爐；壓力十公斤以下且傳熱面積十平方公尺以下之貫流鍋爐。	Article 3 lists six small-boiler categories including 1 kg/cm² with 1 m², small drum dimensions, open-vent boilers up to 3.5 m², hot-water boilers up to 10 m head and 8 m², and once-through boilers up to 10 kg/cm² and 10 m².	draft	6		
Q0928	OSH	OSH-44	鍋爐及壓力容器安全規則	第4條	民國103年7月1日	鍋爐-壓力容器	3	第二種壓力容器指內存氣體壓力在每平方公分幾公斤以上且合於何條件之容器？	五公斤以上；內容積一立方公尺以上	十公斤以上；任何容積	一公斤以上；內容積零點二立方公尺以上	二公斤以上；內容積零點零四立方公尺以上，或胴體內徑二百毫米以上且長度一千毫米以上	A Class 2 pressure vessel holds gas at a pressure of at least, and meets which condition?	5 kg/cm²; 1 m³ or more	10 kg/cm²; any volume	1 kg/cm²; 0.2 m³ or more	2 kg/cm²; volume of 0.04 m³ or more, or inner diameter 200 mm+ with length 1,000 mm+	d	第4條：第一種壓力容器指接受外來蒸汽或熱媒加熱固體液體、因化學核子反應產生蒸氣、加熱分離液體成分產生蒸氣且壓力超過大氣壓之容器，或保存溫度超過大氣壓沸點之液體之容器；第二種壓力容器指內存氣體壓力每平方公分二公斤（0.2 MPa）以上且內容積零點零四立方公尺以上或胴體內徑二百毫米以上長度一千毫米以上之容器；屬高壓氣體設備者依高壓氣體法規。	Article 4: Class 1 vessels are heated/reaction vessels above atmospheric pressure; Class 2 are gas vessels at 2 kg/cm²+ with the stated size thresholds.	draft	6		
Q0929	OSH	OSH-44	鍋爐及壓力容器安全規則	第5條	民國103年7月1日	鍋爐-小型壓力容器	3	小型壓力容器係指第一種壓力容器合於下列何者？	第二種壓力容器	最高使用壓力每平方公分一公斤以下且內容積零點二立方公尺以下，或壓力（kg/cm²）與內容積（m³）之乘積在零點二以下等	內容積一立方公尺以下之容器	壓力十公斤以下之任何容器	A 'small pressure vessel' is a Class 1 vessel with:	A Class 2 vessel	Max pressure 1 kg/cm² or less and volume 0.2 m³ or less, or pressure (kg/cm²) × volume (m³) of 0.2 or less, etc.	Any vessel under 1 m³	Any vessel under 10 kg/cm²	b	第5條：小型壓力容器指第一種壓力容器合於最高使用壓力一公斤（0.1 MPa）以下且內容積零點二立方公尺以下；壓力一公斤以下且胴體內徑五百毫米以下長度一千毫米以下；或以 kg/cm² 表示之最高使用壓力與以 m³ 表示之內容積乘積在零點二以下（MPa 者零點零二以下）。第32條：小型壓力容器構造應合於 CNS 14967。	Article 5 gives three criteria; Article 32 requires CNS 14967 construction.	draft	6		
Q0930	OSH	OSH-44	鍋爐及壓力容器安全規則	第8條	民國103年7月1日	鍋爐-鍋爐房	2	雇主應將鍋爐安裝於專用建築物或以障壁分隔之鍋爐房內，但下列何者不在此限？	熱水鍋爐	移動式鍋爐、屋外式鍋爐或傳熱面積在三平方公尺以下之鍋爐	所有小型鍋爐	貫流鍋爐	Boilers must be installed in a dedicated building or partitioned boiler room, except:	Hot-water boilers	Mobile boilers, outdoor boilers or boilers with heating surface of 3 m² or less	All small boilers	Once-through boilers	b	第8條：鍋爐應安裝於專用建築物內或建築物內以障壁分隔之鍋爐房，但移動式鍋爐、屋外式鍋爐或傳熱面積三平方公尺以下之鍋爐不在此限。第10條：鍋爐房應設二個以上出入口（無礙緊急避難者除外）。第9條：基礎構架應穩固防止沉陷扭曲。	Article 8; Article 10: at least two exits for boiler rooms.	draft	6		
Q0931	OSH	OSH-44	鍋爐及壓力容器安全規則	第11條	民國103年7月1日	鍋爐-淨距	3	鍋爐最頂端至鍋爐房頂部天花板樑配管等上方構造物之間應維持多少公尺以上淨距？豎型鍋爐外壁至牆壁等側方構造物應維持幾公分以上？	零點五公尺；三十公分	三公尺；一公尺	二公尺；六十公分	一點二公尺；四十五公分	The clearance from the boiler top to the ceiling or overhead structures must be at least, and from a vertical boiler's shell to side walls at least:	0.5 m; 30 cm	3 m; 1 m	2 m; 60 cm	1.2 m; 45 cm	d	第11條：鍋爐最頂端至鍋爐房頂部天花板樑配管或其他上方構造物間應維持一點二公尺以上淨距（安全閥附屬品檢查調整操作無礙者除外）；豎型鍋爐或本體外側未加被覆之鍋爐由外壁至牆壁配管或側方構造物間應維持四十五公分以上，胴體內徑五百毫米以下且長度一千毫米以下者得為三十公分以上。	Article 11: 1.2 m overhead; 45 cm at the sides (30 cm for small drums up to 500 mm × 1,000 mm).	draft	6		
Q0932	OSH	OSH-44	鍋爐及壓力容器安全規則	第12條	民國103年7月1日	鍋爐-可燃物	3	鍋爐及其金屬製煙囪或煙道未裝設厚度十公分以上非金屬不燃材料被覆者，其外側幾公分內不得堆置可燃性物料？鍋爐房儲存固體燃料及液體氣體燃料應各距離鍋爐外側幾公尺以上？	一公尺；五公尺及十公尺	三十公分；三公尺及五公尺	五公分；零點五公尺及一公尺	十五公分；一點二公尺及二公尺	Combustibles may not be placed within what distance of an uninsulated boiler or metal flue, and solid fuel and liquid/gas fuel must be stored at least how far from the boiler?	1 m; 5 m and 10 m	30 cm; 3 m and 5 m	5 cm; 0.5 m and 1 m	15 cm; 1.2 m and 2 m	d	第12條：未裝設厚度十公分以上非金屬不燃性材料被覆者，其外側十五公分內不得堆置可燃性物料（以不燃材料被覆者除外）。第13條：固體燃料應距鍋爐外側一點二公尺以上，液體或氣體燃料二公尺以上，設有適當防火障壁者得縮減。	Article 12: 15 cm unless insulated with 10 cm non-combustible covering; Article 13: 1.2 m for solid fuel, 2 m for liquid or gas fuel, reducible with fire barriers.	draft	6		
Q0933	OSH	OSH-44	鍋爐及壓力容器安全規則	第14條	民國103年7月1日	鍋爐-操作人員	2	雇主對鍋爐之操作管理應僱用何種人員？運轉中得否使其從事其他工作？	經相當等級以上鍋爐操作人員訓練合格或技能檢定合格之專任操作人員；不得從事與鍋爐操作無關之工作	任何員工；得	工讀生；得	保全人員；得	Boiler operation requires what personnel, and may they do other work during operation?	Full-time operators trained or certified at the appropriate grade; no unrelated work during operation	Any employee; yes	Part-timers; yes	Security guards; yes	a	第14條：應僱用專任操作人員，於鍋爐運轉中不得使其從事與鍋爐操作無關之工作；操作人員應經相當等級以上之鍋爐操作人員訓練合格或鍋爐操作技能檢定合格。第21條：沖放鍋爐水時不得使其從事其他作業，不得單獨一人同時沖放二座以上鍋爐。	Article 14; Article 21: no other tasks during blowdown, and one person may not blow down two boilers at once.	draft	6		
Q0934	OSH	OSH-44	鍋爐及壓力容器安全規則	第15條	民國103年7月1日	鍋爐-作業主管	3	同一鍋爐房設有二座以上鍋爐，各鍋爐傳熱面積合計在多少平方公尺以上者，應指派具甲級鍋爐操作人員資格者擔任鍋爐作業主管？五十以上未滿五百者？	五百平方公尺以上；乙級以上	五十平方公尺以上；甲級	一千平方公尺以上；乙級以上	一百平方公尺以上；丙級以上	With two or more boilers in one room, a Class A boiler operator must be the boiler work supervisor when the total heating surface is at least, and Class B or above when between 50 m² and:	500 m²; under 500 m²	50 m²; Class A	1,000 m²; Class B	100 m²; Class C	a	第15條：合計五百平方公尺以上指派甲級（均為貫流式者得乙級以上）；五十以上未滿五百指派乙級以上（均為貫流式者得丙級以上）；未滿五十指派丙級以上。傳熱面積合計得減列：貫流鍋爐乘十分之一、廢熱鍋爐乘二分之一、具安全停止自動控制之鍋爐乘五分之一。	Article 15: 500 m²+ → Class A (Class B if all once-through); 50–499 m² → Class B (Class C if all once-through); under 50 m² → Class C; reduced counting for once-through, waste-heat and auto-safety boilers.	draft	6		
Q0935	OSH	OSH-44	鍋爐及壓力容器安全規則	第16條	民國103年7月1日	鍋爐-操作事項	2	鍋爐操作人員應實施之事項，下列何者正確？	僅加燃料	監視壓力水位燃燒狀態、避免急劇負荷變動、防止超過最高使用壓力、每日檢點水位測定裝置一次以上、確保水質並適當沖放、檢點低水位燃燒遮斷及火焰檢出裝置；紀錄保存三年	僅開關機	僅記錄用電	Boiler operators must:	Only add fuel	Monitor pressure, water level and combustion, avoid sudden load changes, prevent over-pressure, check water level gauges daily, maintain water quality with blowdown, and check low-water cutoffs and flame detectors; records kept 3 years	Only switch on and off	Only log electricity	b	第16條：監視壓力水位燃燒狀態等運轉動態；避免急劇負荷變動；防止壓力上升超過最高使用壓力；保持壓力表安全閥等安全裝置機能正常；每日檢點水位測定裝置機能一次以上；確保水質適時化驗並適當沖放防止濃縮；保持給水裝置正常；檢點調整低水位燃燒遮斷裝置火焰檢出裝置等自動控制裝置；異狀時採取必要措施；業務執行紀錄及簽認表單保存三年。	Article 16: nine duties, supervised by the boiler work supervisor where appointed; records kept three years.	draft	6		
Q0936	OSH	OSH-44	鍋爐及壓力容器安全規則	第17條	民國103年7月1日	鍋爐-安全閥	3	鍋爐設有二具以上安全閥者，其中至少一具應調整於最高使用壓力以下吹洩，其他安全閥可調整於最高使用壓力之幾倍以下吹洩？具釋壓裝置之貫流鍋爐得調整於幾倍以下？	一倍；一倍	一點零三倍；一點一六倍	一點一倍；一點二倍	一點五倍；二倍	With two or more safety valves, others may be set to blow at up to what multiple of the maximum working pressure, and once-through boilers with relief devices up to:	1×; 1×	1.03×; 1.16×	1.1×; 1.2×	1.5×; 2×	b	第17條：安全閥應調整於最高使用壓力以下吹洩；設二具以上者至少一具調整於最高使用壓力以下，其他可調整於超過最高使用壓力至一點零三倍以下；具釋壓裝置之貫流鍋爐得調整於一點一六倍以下；檢查後固定設定壓力不得變動；過熱器安全閥應在本體安全閥吹洩前吹洩；壓力表應防振動凍結及溫度超過攝氏八十度並標示最高使用壓力；水位計標示常用水位。	Article 17: at least one valve at or below MAWP, others up to 1.03×, once-through with relief up to 1.16×; settings fixed after inspection; superheater valves lift first.	draft	6		
Q0937	OSH	OSH-44	鍋爐及壓力容器安全規則	第18條	民國103年7月1日	鍋爐-鍋爐房管理	2	鍋爐房之安全管理，下列何者正確？	任何人可進入	可堆放油料	入口設禁止進入標示、禁止攜入無關危險物易燃物、置備水位計玻璃及修繕工具、揭示檢查合格證及操作人員資格證件影本、砌磚裂縫儘速修補	不需揭示證件	Which is correct for boiler room management?	Anyone may enter	Oil may be stored inside	No-entry signs, no unrelated dangerous or flammable items, spare gauge glass and repair tools, posted inspection certificate and operator credentials, prompt repair of brickwork cracks	Credentials need not be posted	c	第18條：禁止無關人員擅自進入；入口明顯處設禁止進入標示；非有必要禁止攜入無關危險物及易燃物；置備水位計玻璃管填料修繕工具等必備品；將鍋爐檢查合格證及操作人員資格證件影本揭示於明顯處（移動式鍋爐由操作人員隨身攜帶）；燃燒室煙道砌磚裂縫或與爐磚間隙縫應儘速修補。第19條：點火前確認節氣閘門開放並充分換氣。	Article 18; Article 19: open the damper and purge the furnace and flue before ignition.	draft	6		
Q0938	OSH	OSH-44	鍋爐及壓力容器安全規則	第23條	民國103年7月1日	鍋爐-內部作業	2	勞工進入鍋爐、燃燒室或煙道內部從事清掃修繕保養時，雇主應如何？	直接進入	僅冷卻	僅戴口罩	適當冷卻、通風換氣、移動電線用可撓性雙重絕緣電纜且電燈裝護罩、與其他使用中鍋爐或壓力容器連通之管確實隔斷、置監視人員保持連絡	Before workers enter a boiler, furnace or flue for cleaning or repair, the employer must:	Let them enter directly	Only cool it	Provide masks only	Cool it, ventilate, use double-insulated flexible cables and guarded lamps, isolate pipes connected to boilers or vessels in service, and station a watcher in contact	d	第23條：將鍋爐燃燒室煙道適當冷卻；實施內部通風換氣；移動電線應為可撓性雙重絕緣電纜或同等以上者且移動電燈裝適當護罩；與其他使用中鍋爐或壓力容器有管連通者應確實隔斷或阻斷；置監視人員隨時連絡，有災害之虞立即採取防止通報應變搶救措施。第31條：壓力容器內部作業亦同。	Article 23; Article 31 applies the same to pressure vessels.	draft	6		
Q0939	OSH	OSH-44	鍋爐及壓力容器安全規則	第25條	民國103年7月1日	鍋爐-小型鍋爐安全閥	2	小型鍋爐之安全閥應調整於每平方公分幾公斤以下之壓力吹洩？小型貫流鍋爐則如何？	三公斤以下；一點一六倍以下	二公斤以下；一點零三倍以下	十公斤以下；不限	一公斤以下；最高使用壓力以下	Safety valves on small boilers must be set to blow at or below, and on small once-through boilers:	3 kg/cm²; 1.16×	2 kg/cm²; 1.03×	10 kg/cm²; no limit	1 kg/cm²; the maximum working pressure	d	第25條：小型鍋爐之安全閥應調整於每平方公分一公斤（0.1 MPa）以下之壓力吹洩，但小型貫流鍋爐應調整於最高使用壓力以下吹洩。第24條：小型鍋爐構造應合於 CNS 10897。第33條：小型壓力容器（第5條第1、2款）安全閥一公斤以下，第3款者最高使用壓力以下。	Article 25; Article 24: CNS 10897 construction; Article 33: similar settings for small pressure vessels.	draft	6		
Q0940	OSH	OSH-44	鍋爐及壓力容器安全規則	第26條	民國103年7月1日	壓力容器-操作	2	第一種壓力容器之操作管理應僱用何種人員？同一場所設有二座以上者應指派何人？	任何員工；主管	鍋爐操作人員；廠長	經第一種壓力容器操作人員訓練合格或技能檢定合格之專任操作人員；具資格及專業知識經驗者擔任第一種壓力容器作業主管	保全；工程師	Class 1 pressure vessels require what operators, and with two or more in one place who must be appointed?	Any employee; a manager	Boiler operators; the plant manager	Full-time operators trained or certified for Class 1 vessels; a qualified, experienced Class 1 pressure vessel work supervisor	Security; an engineer	c	第26條：應僱用專任操作人員，運轉中不得從事無關工作，應經第一種壓力容器操作人員訓練合格或壓力容器操作技能檢定合格。第27條：同一作業場所設二座以上第一種壓力容器者應指派具資格及相當專業知識經驗者擔任作業主管，紀錄保存三年。第29條：初次使用變更操作方法或內容物時應事前告知作業方法並由作業主管或專人指揮監督。	Articles 26–27; Article 29: briefing and supervision at first use or change of method or contents.	draft	6		
Q0941	OSH	OSH-44	鍋爐及壓力容器安全規則	第34條	民國103年7月1日	鍋爐-事故報告	2	鍋爐或壓力容器發生破裂、爆炸等事故致構造損傷、爐筒壓潰、胴體膨出時，雇主應如何？	不需報告	三十日內報告	迅即向檢查機構報告，檢查機構派員調查並報中央主管機關備查	自行修復	When a boiler or pressure vessel ruptures, explodes or suffers structural damage, the employer must:	Not report	Report within 30 days	Report immediately to the inspection agency, which investigates and reports to the central authority	Repair it themselves	c	第34條：鍋爐或壓力容器發生破裂爆炸等事故致構造損傷、爐筒壓潰、胴體膨出等時，應迅即向檢查機構報告；檢查機構接獲報告後應即派員調查並將結果報請中央主管機關備查。第36條之1：自營作業者準用雇主義務。	Article 34; Article 36-1 extends duties to self-employed persons.	draft	6		
Q0942	OSH	OSH-47	有機溶劑中毒預防規則	第3條	民國114年5月14日	有機溶劑-定義	3	有機溶劑中毒預防規則所稱「有機溶劑混存物」，指有機溶劑佔其重量百分之多少以上者？	百分之十以上	百分之五以上	百分之一以上	百分之五十以上	An 'organic solvent mixture' under the Rules contains organic solvent at what minimum share by weight?	10%	5%	1%	50%	b	第3條：有機溶劑分第一種第二種第三種（附表一）；有機溶劑混存物指有機溶劑與其他物質混合時所含有機溶劑佔其重量百分之五以上者；第一種混存物含第一種有機溶劑百分之五以上；第二種混存物含第二種或第一二種之和百分之五以上而非第一種混存物；第三種混存物為其餘者。通風不充分之室內作業場所指對外開口面積未達底面積二十分之一或全面積百分之三。	Article 3: 5% by weight; mixtures are classed 1–3 by their solvent content; poorly ventilated rooms have openings under 1/20 of floor area or 3% of total area.	draft	6		
Q0943	OSH	OSH-47	有機溶劑中毒預防規則	第3條	民國114年5月14日	有機溶劑-儲槽等	2	有機溶劑中毒預防規則所稱「儲槽等」之作業場所包括下列何者？	倉庫走道	露天工地	一般辦公室	儲槽、貨櫃、船艙、凹窪、坑、隧道、暗溝或人孔、涵箱、導管、水管之內部	'Tanks etc.' workplaces under the Rules include the interiors of:	Warehouse aisles	Open-air sites	Ordinary offices	Tanks, containers, ship holds, pits, shafts, tunnels, culverts or manholes, caissons, ducts and water pipes	d	第3條第7款：儲槽等指儲槽、貨櫃、船艙、凹窪、坑、隧道、暗溝或人孔、涵箱、導管、水管之內部及其他指定者。作業時間短暫指每日一小時以內；臨時性作業指不超過三個月且一年內不再重覆。	Article 3(7): ten enclosed workplace types plus others designated.	draft	6		
Q0944	OSH	OSH-47	有機溶劑中毒預防規則	第6條	民國114年5月14日	有機溶劑-控制設備	2	於室內作業場所從事第一種有機溶劑作業，應設置何種控制設備？第二種有機溶劑作業？	密閉設備或局部排氣裝置；密閉設備、局部排氣裝置或整體換氣裝置	不需設備；密閉設備	電風扇；電風扇	整體換氣即可；不需設備	Indoor work with Class 1 organic solvents requires which controls, and Class 2 solvents?	Enclosure or local exhaust; enclosure, local exhaust or general ventilation	None; enclosure	A fan; a fan	General ventilation only; none	a	第6條：室內或儲槽等作業場所從事第一種有機溶劑作業應設密閉設備或局部排氣裝置；第二種有機溶劑作業應設密閉設備局部排氣裝置或整體換氣裝置；儲槽等或通風不充分室內從事第三種有機溶劑作業應設密閉局排或整體換氣；控制設備應依健康危害分類散布狀況使用量評估風險等級選擇。第7條：噴布方式使用第二種（室內）或第三種（儲槽等或通風不充分室內）者應設密閉設備或局部排氣裝置。	Article 6: Class 1 → enclosure or LEV; Class 2 → enclosure, LEV or general ventilation; Class 3 in tanks or poorly ventilated rooms → any of the three; Article 7: spraying requires enclosure or LEV.	draft	6		
Q0945	OSH	OSH-47	有機溶劑中毒預防規則	第11條	民國114年5月14日	有機溶劑-免除	3	於室內作業場所從事有機溶劑作業其作業時間短暫，而已設置整體換氣裝置者，得免除設置何種設備？	呼吸防護具	整體換氣裝置	密閉設備或局部排氣裝置	所有設備	Short-duration indoor organic solvent work with general ventilation installed may omit:	Respirators	General ventilation	Enclosure or local exhaust ventilation	All equipment	c	第11條第1款：儲槽等或通風不充分室內之臨時性作業、室內作業時間短暫、反應槽隔離無須常駐、內壁地板頂板作業擴散面廣泛者，設置整體換氣裝置時得免除密閉設備或局部排氣裝置；第2款：儲槽等或通風不充分室內作業勞工已使用輸氣管面罩且作業時間短暫者得免除全部控制設備；第3款：紅外線乾燥爐設排氣煙囪、以水覆蓋或逆流凝縮機者；第4款：大型物件外表設吹吸型換氣裝置者。第8條：室內臨時性作業免設密閉局排。	Article 11(1): general ventilation substitutes for enclosure/LEV in listed cases; 11(2): air-line masks for short tank work; 11(3)–(4): thermal stacks, water covers, condensers or push-pull for large objects.	draft	6		
Q0946	OSH	OSH-47	有機溶劑中毒預防規則	第15條	民國114年5月14日	有機溶劑-換氣量	3	整體換氣裝置之換氣能力，應依何者計算每分鐘所需換氣量？	勞工人數	作業場所面積	有機溶劑或其混存物之種類及一小時作業時間內之消費量（附表四）	作業時間長短	The required capacity of general ventilation is calculated from:	Number of workers	Floor area	The type of solvent or mixture and the hourly consumption (Annex 4)	Length of work	c	第15條：整體換氣裝置應依有機溶劑或混存物之種類及一小時作業時間內之消費量計算每分鐘所需換氣量（附表四）；同時使用種類相異者分別計算後合計；消費量依作業類別為蒸發量或消費量乘有機溶劑重量百分比。第14條：局部排氣及吹吸型換氣應於作業時間內有效運轉降低濃度至容許暴露標準以下。第16條：作業時不得停止運轉。	Article 15: per solvent class and hourly consumption, summed for mixed solvents; Article 14: LEV must keep concentrations below the PEL.	draft	6		
Q0947	OSH	OSH-47	有機溶劑中毒預防規則	第17條	民國114年5月14日	有機溶劑-設計報告	3	有機溶劑作業設置局部排氣裝置時，應由何人設計並製作何種文件？文件保存幾年？	主管；檢點表；一年	經中央主管機關訓練合格之專業人員；局部排氣裝置設計報告書及原始性能測試報告書；十年	廠商；發票；五年	任何人；無；三年	Who must design local exhaust ventilation for organic solvent work, what documents are required, and how long are they kept?	The supervisor; a checklist; 1 year	Professionals certified by the central authority; a design report and an initial performance test report; 10 years	The vendor; an invoice; 5 years	Anyone; none; 3 years	b	第17條：密閉局排吹吸型整體換氣裝置應由專業人員設計並維持性能；設置局部排氣裝置應指派或委託經中央主管機關訓練合格之專業人員設計並依附表五製作設計報告書；設置完成後實施原始性能測試並依附表六製作報告書，文件紀錄保存十年；改裝時亦同；化學排氣櫃型式不受限制。第18條：專業人員資格依特定化學物質危害預防標準第38條之1。	Article 17; Article 18 refers to the specified chemical standards for designer qualifications.	draft	6		
Q0948	OSH	OSH-47	有機溶劑中毒預防規則	第22條	民國114年5月14日	有機溶劑-儲槽內部	2	勞工於儲槽內部從事有機溶劑作業時，應送入或吸出幾倍於儲槽容積之空氣？或以何方法替代？	三倍；以水灌滿儲槽後予以全部排出	十倍；以蒸氣清洗	一倍；不需替代	五倍；以氮氣置換	For work inside tanks holding organic solvents, ventilation must move how many tank volumes of air, or alternatively:	Three; fill the tank with water and drain it completely	Ten; steam cleaning	One; no alternative	Five; nitrogen purge	a	第22條：派遣作業主管監督；事前告知方法順序；確實排出有機溶劑並防止配管流入；閥旋塞加鎖或設盲板；開放人孔等開口；以水水蒸氣或化學藥品清洗內壁並排出；送入或吸出三倍於儲槽容積之空氣或以水灌滿儲槽後全部排出；以測定方法確認濃度未超過容許濃度；置備救難設施；被污染時即離開並清洗。	Article 22: the ten-step procedure including isolation with locked valves or blinds, cleaning, three volumes of air or water fill, concentration measurement and rescue equipment.	draft	6		
Q0949	OSH	OSH-47	有機溶劑中毒預防規則	第24條	民國114年5月14日	有機溶劑-輸氣管面罩	2	從事曾裝儲有機溶劑之儲槽內部作業時，雇主應供給勞工何種防護具？連續作業時間限制為何？	防塵口罩；二小時	一般口罩；不限	輸氣管面罩；每次不得超過一小時並給予適當休息	活性碳口罩；四小時	For work inside tanks that held organic solvents, the employer must provide what respirator, with what time limit?	A dust mask; 2 hours	An ordinary mask; no limit	An air-line mask; no more than one hour per session with adequate rest	An activated-carbon mask; 4 hours	c	第24條：從事儲槽內部作業或依第11條第2款未設控制設備之儲槽等或通風不充分室內短暫作業，應供給輸氣管面罩並使確實佩戴，面罩應具不使勞工吸入蒸氣之性能。第25條：以整體換氣代替密閉局排之作業、儲槽等設整體換氣之作業、臨時性作業未設設備、開啟未清除之密閉設備、吹吸型換氣受擾亂者應佩戴輸氣管面罩或適當有機氣體用防毒面罩；輸氣管面罩連續作業每次不得超過一小時並給予休息。第26條：防護具數量應與作業勞工人數相同以上。	Article 24; Article 25 lists cases requiring air-line or organic-vapor respirators; Article 26: enough respirators for all workers.	draft	6		
Q0950	OSH	OSH-47	有機溶劑中毒預防規則	第27條	民國114年5月14日	有機溶劑-儲藏	2	室內儲藏有機溶劑或其混存物之容器及場所應如何？曾儲存有機溶劑之容器有發散蒸氣之虞者應如何？	開口桶；走道；室內堆放	備有栓蓋之堅固容器；場所防止無關人員進入並將蒸氣排除於室外；容器予以密閉或堆積於室外一定場所	任意容器；任意場所；隨意放置	塑膠袋；辦公室；丟棄	Indoor storage of organic solvents requires what containers and conditions, and what must be done with emptied containers that may still emit vapor?	Open drums; corridors; stacked indoors	Sturdy capped containers; restricted access and vapor vented outdoors; empties sealed or stacked outdoors in a set area	Any container; anywhere; left as is	Plastic bags; the office; discarded	b	第27條：室內儲藏應使用備有栓蓋之堅固容器以免溢出漏洩滲洩或擴散，儲藏場所應防止與作業無關人員進入並將蒸氣排除於室外。第28條：曾儲存有機溶劑之容器有發散蒸氣之虞者應予密閉或堆積於室外一定場所。第23條：禁止在作業場所吸菸飲食並揭示。	Articles 27–28; Article 23: no smoking or eating in solvent work areas.	draft	6		
Q0951	OSH	OSH-46	碼頭裝卸安全衛生設施標準	第3條	民國114年9月10日	碼頭-定義	2	碼頭裝卸安全衛生設施標準所稱「裝卸作業」及「船方」係指？	僅船上作業；港務公司	倉儲作業；碼頭經營者	在港區之船上或陸上從事貨物之裝卸搬運及處理等作業；船舶所有人、運送人、船長或其代理人	僅陸上搬運；貨物託運人	'Loading/unloading work' and 'the ship's side' under the Wharf Standards mean:	Onboard work only; the port company	Warehousing; the wharf operator	Cargo handling on board or ashore within the port area; the shipowner, carrier, master or their agent	Land transport only; the shipper	c	第3條：裝卸作業指在港區之船上或陸上從事貨物之裝卸搬運及處理等作業；艙口指船舶甲板上為裝卸或供人員進出之開口；裝卸機具包括起重機堆高機吸穀機抓斗跨載機拖車貨櫃裝卸機門式移載機等；貨方指託運人受貨人或其代理人；船方指船舶所有人運送人船長或其代理人；碼頭經營者指取得碼頭設施經營權之公民營事業機構。	Article 3 definitions of operations, hatches, handling equipment, cargo owner, ship's side and wharf operator.	draft	6		
Q0952	OSH	OSH-46	碼頭裝卸安全衛生設施標準	第8條	民國114年9月10日	碼頭-欄柵	3	港區裝卸作業場所及陸上通道接近開口邊緣斷裂處等危險部分，應設置高度幾公分以上之欄柵或繩柵？沿碼頭設置之通道寬度應保持幾公尺以上？	七十五公分；一公尺	一百公分；二公尺	六十公分；零點八公尺	九十公分；一點五公尺	Dangerous edges of wharf work areas and passages need guardrails or rope barriers at least how high, and wharfside passages must be at least how wide?	75 cm; 1 m	100 cm; 2 m	60 cm; 0.8 m	90 cm; 1.5 m	a	第8條：接近開口邊緣斷裂處穿越轉角便橋船渠走道等危險部分應設高度七十五公分以上之穩固欄柵或適當強度之繩柵並設警告標示。第9條：沿碼頭或岸邊通道應保持一條自碼頭至船上暢通無阻之通道，寬度一公尺以上。第10條：便橋寬度不小於五十五公分、自岸邊或船舷延長一點五公尺以上、兩旁圍七十五公分以上欄柵。	Article 8: 75 cm barriers with warning signs; Article 9: 1 m clear passage; Article 10: gangplanks at least 55 cm wide extending 1.5 m with 75 cm rails.	draft	6		
Q0953	OSH	OSH-46	碼頭裝卸安全衛生設施標準	第18條	民國114年9月10日	碼頭-舷梯	3	船方設置之舷梯寬度應在幾公分以上？梯之欄柵上下欄桿之桿距應在幾公分以下？	四十公分；五十公分	七十公分；一百公分	三十公分；六十公分	五十五公分；七十五公分	Ship gangways must be at least how wide, and the spacing between upper and lower rails of ladder guardrails at most:	40 cm; 50 cm	70 cm; 100 cm	30 cm; 60 cm	55 cm; 75 cm	d	第18條：舷梯應穩妥固定寬度五十五公分以上材料堅韌構造牢固並加設安全護網；梯二側設欄柵直達兩端，上下欄桿桿距七十五公分以下並加設扶繩扶索；一側緊靠船舷有穩固措施者得僅外側設欄柵；岸上至船舷高度一點五公尺以下者得設寬五十五公分以上圍七十五公分欄柵之便梯。第20條：繩梯腳踏板間距二十五至三十五公分。第22條：艙口梯踏條間距不大於三十三公分梯寬不小於二十五公分。	Article 18; Article 20: rope ladder rungs 25–35 cm apart; Article 22: hatch ladders with rungs no more than 33 cm apart and at least 25 cm wide.	draft	6		
Q0954	OSH	OSH-46	碼頭裝卸安全衛生設施標準	第24條	民國114年9月10日	碼頭-艙口防護	2	自貨艙甲板至艙底深逾多少公尺且艙口周圍未設圍柵之艙口，未供貨物進出期間船方應如何？	二公尺；張貼標語	一點五公尺；圍以七十五公分以上欄柵、設護蓋、安全網或其他防墜設備	一公尺；派人看守	三公尺；不需防護	Hatches deeper than what without surrounding barriers must be fenced with 75 cm rails, covers or nets when not in use for cargo?	2 m	1.5 m	1 m	3 m	b	第24條：船方不得使工作者使用航政機關准許以外之設備進出艙口；艙口自貨艙甲板至艙底深逾一點五公尺且周圍未設圍柵圍板或防護設備者，未供貨物進出之作業期間應圍以七十五公分以上欄柵、設護蓋、安全網或其他防墜設備。第21條：甲板至艙底深逾一點五公尺應設安全通道。	Article 24; Article 21: safe access required where the hold is deeper than 1.5 m.	draft	6		
Q0955	OSH	OSH-46	碼頭裝卸安全衛生設施標準	第40條	民國114年9月10日	碼頭-起重	2	以起重機具吊載貨櫃或散裝貨物時，雇主應如何？得否吊載勞工？	檢視所吊物件重量及吊掛點標示並對照艙單過磅單不得超載；不得吊載勞工或使勞工隨貨物起卸（起重升降機具安全規則另有規定者除外）	估計重量即可；得	僅看外觀；不得	不需檢視；得	When lifting containers or bulk cargo, the employer must, and may workers be lifted?	Check the marked weight and lifting points against manifests and weigh slips without overloading; workers may not be lifted or ride the load, except as allowed by the crane safety rules	Estimate the weight; yes	Look only; no	Skip checks; yes	a	第40條：應檢視所吊物件重量及吊掛點之標示並對照船方貨方提供之艙單過磅單登載物重不得超載；不得吊載勞工或使勞工隨貨物起卸，但起重升降機具安全規則另有規定者從其規定。第36條：自貨艙捲升捲卸前應檢點艙口樑及有開啟合葉之艙口蓋板固定狀態。第41條：艙口正下方以外之貨物應先移至正下方。	Article 40; Article 36: check hatch beam and cover fixings before hoisting from the hold; Article 41: move cargo under the hatch first.	draft	6		
Q0956	OSH	OSH-46	碼頭裝卸安全衛生設施標準	第43條	民國114年9月10日	碼頭-上下層作業	2	艙口上層進行裝卸作業有物體飛落之虞時，雇主得否使勞工同時在同一艙口之下層貨艙或甲板作業？	得	不得，但設有防護網或防護帆布等足以防止物體飛落者不在此限	得，若戴安全帽	得，若有監視人員	May workers work in the lower hold or deck under a hatch while cargo is being handled above with a risk of falling objects?	Yes	No, unless protective nets or tarpaulins prevent falling objects	Yes, with helmets	Yes, with a watcher	b	第43條：艙口上層裝卸作業有物體飛落之虞時不得使勞工同時在同一艙口之下層貨艙或甲板作業，但設有防護網或防護帆布等足以防止物體飛落者不在此限。第44條：禁止勞工進入吊舉物下方及有危害之虞區域。第45條：不得使勞工進入艙口蓋板開閉艙口樑安裝拆卸下方及起重機伸臂吊桿起伏有傾倒之虞區域。	Article 43; Articles 44–45 bar entry under suspended loads, hatch cover/beam operations and boom luffing zones.	draft	6		
Q0957	OSH	OSH-46	碼頭裝卸安全衛生設施標準	第49條	民國114年9月10日	碼頭-危險物	3	待裝卸貨物有氯、氰酸、四烷基鉛等急性中毒物質、腐蝕性物質、火藥類或危險物時，船方貨方應如何？雇主應採取何措施？	不需告知；直接作業	告知雇主及碼頭經營者並協調貨方指派現場人員；雇主應擬具裝卸安全作業方法及標準作業程序、飛散漏洩之處置及應變方法	口頭告知船員；不需措施	告知港警；停止作業	When cargo includes acutely toxic substances (chlorine, cyanic acid, tetraalkyl lead), corrosives, explosives or dangerous goods, the ship and cargo owners must, and the employer must:	Not notify; work directly	Notify the employer and wharf operator and assign on-site liaison personnel; the employer prepares safe handling methods, SOPs and spill/leak response procedures	Tell the crew verbally; nothing	Notify port police; stop work	b	第49條：貨艙甲板或陸上待裝卸貨物有引起急性中毒之虞物質（氯氰酸四烷基鉛等）、腐蝕性物質、火藥類物質、危險物者，船方貨方應告知雇主及碼頭經營者；船方及碼頭經營者應協調貨方指派現場人員負責異常聯繫及應變；雇主應擬具裝卸安全作業方法及標準作業程序、危險有害物飛散漏洩之處置及應變方法，依物質種類性質數量妥為規劃。第48條：作業前船方應填具船舶裝卸設施及作業環境詢問書。	Article 49; Article 48: the ship completes a facilities and environment questionnaire before work.	draft	6		
Q0958	OSH	OSH-46	碼頭裝卸安全衛生設施標準	第54條	民國114年9月10日	碼頭-重物	2	待裝卸之貨物每單件重量在幾公斤以上者，應以機械手推車或其他方法代替人力運搬，不得強迫勞工背負？	五十公斤	四十公斤	二十公斤	六十公斤	Single cargo items weighing at least how much must be moved mechanically rather than carried by workers?	50 kg	40 kg	20 kg	60 kg	b	第54條：待裝卸貨物每單件重量在四十公斤以上者應以機械手推車或其他方法代替人力運搬，不得強迫勞工背負。第53條：以起重機具或吊索由艙口裝卸貨物應指派人員指揮，同一艙口二組以上作業者各指派指揮。	Article 54; Article 53: designated signallers for hatch lifting, one per crew when two crews share a hatch.	draft	6		
Q0959	OSH	OSH-46	碼頭裝卸安全衛生設施標準	第56條	民國114年9月10日	碼頭-貨艙通風	2	勞工於貨艙內或自然通風不充分之場所作業時，雇主應確認氧氣濃度在百分之多少以上？貨艙內得否使用內燃機機械？	百分之十八；不得，但艙口蓋板全開充分通風且無危害之虞者除外	百分之十六；得	百分之二十一；得	百分之十九點五；不得	In holds or poorly ventilated places, oxygen must be confirmed at or above what level, and may internal-combustion machinery be used inside?	18%; no, unless hatch covers are fully open with adequate ventilation and no hazard	16%; yes	21%; yes	19.5%; no	a	第56條：應置備測定儀器確認氧氣濃度在百分之十八以上，有未滿之虞時設置通風換氣設施並確認連續有效運轉；不得使用內燃機之機械以避免廢氣危害，但艙口蓋板全開並已充分通風換氣且無危害之虞者不在此限。第55條：裝卸車輛進貨艙前應經船方確認空間配置行車動線及作業流程無危險。	Article 56; Article 55: ship confirms layout and traffic routes before vehicles enter the hold.	draft	6		
Q0960	OSH	OSH-46	碼頭裝卸安全衛生設施標準	第57條	民國114年9月10日	碼頭-散裝開挖	3	船舶散裝貨物卸載時，開挖面傾斜度達六十度以上未滿九十度者，開挖深度不得超過幾公尺？傾斜度達九十度者？	五公尺；二公尺	三公尺；一公尺	十公尺；五公尺	二公尺；一公尺	During bulk cargo discharge, excavation faces sloped 60° to under 90° may be at most how deep, and vertical (90°) faces at most:	5 m; 2 m	3 m; 1 m	10 m; 5 m	2 m; 1 m	a	第57條：散裝貨物卸載作業，開挖面傾斜度達六十度以上未滿九十度者開挖深度不得超過五公尺；傾斜度達九十度者不得超過二公尺。第58條：起重吊掛前檢點吊鏈鋼索纜繩等吊具；第59條：不得以打結縮短鋼索鏈條長度，避免與尖銳邊緣接觸或使用襯墊。	Article 57; Articles 58–59: inspect lifting gear beforehand and never shorten ropes or chains by knotting.	draft	6		
Q0961	OSH	OSH-46	碼頭裝卸安全衛生設施標準	第64條	民國114年9月10日	碼頭-作業主管	3	總噸位在幾公噸以上之船舶使用起重裝置從事貨物裝卸搬移作業時，雇主應指派船舶裝卸作業主管？該主管應具幾年以上經驗？	一千公噸以上；五年以上	一百公噸以上；一年以上	五百公噸以上；三年以上	三千公噸以上；十年以上	For ships of what gross tonnage or more using lifting gear, must a ship cargo-handling supervisor be assigned, with how many years of experience?	1,000 tonnes; 5 years	100 tonnes; 1 year	500 tonnes; 3 years	3,000 tonnes; 10 years	c	第64條：總噸位五百公噸以上之船舶使用起重裝置從事貨物裝載卸載或搬移作業時應指派船舶裝卸作業主管，辦理決定作業方法直接指揮、通行設備裝卸機具防護具器具之檢點整備及督導、與周邊作業者連絡調整、其他必要事項；應自具有從事船舶裝卸作業三年以上經驗者選任。第62條：強風大雨雷電等惡劣天候致有危險之虞時不得使勞工作業，得由港口管理機關統一規定。	Article 64; Article 62: no work in strong wind, heavy rain or lightning, per port authority rules.	draft	6		
Q0962	OSH	OSH-46	碼頭裝卸安全衛生設施標準	第66條	民國114年9月10日	碼頭-防護具	2	從事碼頭裝卸作業時，雇主應依作業危害性質使勞工使用何種防護具？為防止落水應如何？	僅手套；救生圈	僅安全帽；不需措施	不需；游泳訓練	安全帽、安全帶、反光背心或其他必要個人防護具；於各作業艙碼頭舷側加掛護網或採其他安全措施	For wharf cargo handling, the employer must provide PPE such as, and to prevent falls into the water must:	Gloves only; life rings	Helmets only; nothing	Nothing; swimming training	Helmets, harnesses, reflective vests and other necessary PPE; hang safety nets at the wharf side of each working hatch or take other measures	d	第66條：應依作業危害性質使勞工戴用安全帽、使用安全帶、穿著反光背心或選用其他必要個人防護具或防護衣物。第65條：應於各作業艙碼頭舷側加掛護網或採取其他安全措施防止作業人員落水。第67條：處理毒性有害易飛散粉塵飛揚物質時應佩戴適當防護具及防護衣物。	Articles 65–67.	draft	6		
Q0963	OSH	OSH-42	起重升降機具安全規則	第2條	民國109年8月20日	起重-定義	2	起重升降機具安全規則所稱「簡易提升機」係指？	僅以搬運貨物為目的之升降機，其搬器底面積在一平方公尺以下或頂高在一點二公尺以下者（營建用提升機除外）	專供人員升降施工之吊籠	土木建築工程搬運貨物之升降機	乘載人員之升降機	A 'simple hoist' under the crane rules is:	A goods-only lift whose car floor area is 1 m² or less or whose height is 1.2 m or less (excluding construction hoists)	A gondola for personnel	A construction-site goods lift	A passenger lift	a	第2條：固定式起重機、移動式起重機、人字臂起重桿、升降機（乘載人員或貨物順沿軌道鉛直升降）、營建用提升機（土木建築工程僅搬運貨物之升降機，導軌角度未滿八十度之吊斗捲揚機除外）、吊籠（懸吊式施工架升降裝置支撐裝置工作台構成專供人員升降施工）、簡易提升機（僅搬運貨物、搬器底面積一平方公尺以下或頂高一點二公尺以下）。	Article 2 defines the seven types of lifting equipment covered.	draft	6		
Q0964	OSH	OSH-42	起重升降機具安全規則	第3條	民國109年8月20日	起重-中型	3	中型固定式起重機及中型移動式起重機之吊升荷重範圍為何？中型升降機之積載荷重？	一公噸以上未滿五公噸；零點五公噸以上未滿二公噸	三公噸以上未滿十公噸；一公噸以上	未滿零點五公噸；未滿零點二五公噸	零點五公噸以上未滿三公噸；零點二五公噸以上未滿一公噸	Medium-sized fixed and mobile cranes have lifting capacities in what range, and medium lifts what rated load?	1 t to under 5 t; 0.5 t to under 2 t	3 t to under 10 t; 1 t or more	Under 0.5 t; under 0.25 t	0.5 t to under 3 t; 0.25 t to under 1 t	d	第3條：中型固定式起重機指吊升荷重零點五公噸以上未滿三公噸（斯達卡式未滿一公噸）；中型移動式起重機及人字臂起重桿零點五公噸以上未滿三公噸；中型升降機積載荷重零點二五公噸以上未滿一公噸；中型營建用提升機導軌高度十公尺以上未滿二十公尺。第4條：吊升荷重未滿零點五公噸之起重機、積載荷重未滿零點二五公噸之升降機、導軌高度未滿十公尺之營建用提升機依設施規則辦理。	Article 3; Article 4: smaller equipment falls under the OSH Facilities Rules instead.	draft	6		
Q0965	OSH	OSH-42	起重升降機具安全規則	第5條	民國109年8月20日	起重-荷重定義	3	起重升降機具安全規則所稱「額定荷重」在未具伸臂之固定式起重機係指？	搬器上乘載之最大荷重	依構造材質所能吊升之最大荷重	額定速率下之荷重	自吊升荷重扣除吊鉤、抓斗等吊具重量所得之荷重	'Rated load' for a fixed crane without a boom means:	The maximum load on the car	The maximum load the structure can lift	The load at rated speed	The lifting capacity minus the weight of the hook, grab or other lifting attachments	d	第5條：吊升荷重指依構造材質所能吊升之最大荷重（伸臂起重機依最大傾斜角最短長度計算）。第6條：額定荷重在未具伸臂之固定式起重機指自吊升荷重扣除吊鉤抓斗等吊具重量所得之荷重；具伸臂者依傾斜角長度吊運車位置決定最大荷重後扣除吊具重量。第7條：積載荷重指升降機提升機吊籠搬器上乘載人員或荷物上升之最大荷重。	Article 6; Article 5 defines lifting capacity; Article 7 defines rated load for lifts and gondolas.	draft	6		
Q0966	OSH	OSH-42	起重升降機具安全規則	第11條	民國109年8月20日	起重-荷重試驗	3	中型固定式起重機設置完成時應實施荷重試驗及安定性試驗，荷重試驗及安定性試驗之荷重各為額定荷重之幾倍？紀錄保存幾年？	一點五倍；二倍；五年	一點二五倍；一點二七倍；三年	一倍；一點一倍；一年	一點二倍；一點二五倍；三年	Load tests and stability tests for medium fixed cranes use what multiples of rated load, and records are kept for:	1.5×; 2×; 5 years	1.25×; 1.27×; 3 years	1×; 1.1×; 1 year	1.2×; 1.25×; 3 years	b	第11條：中型固定式起重機設置完成時應實施荷重試驗（額定荷重一點二五倍實施吊升直行旋轉橫行）及安定性試驗（逸走防止裝置停止作用且最不利條件下額定荷重一點二七倍），架空式橋型式無翻覆之虞者免安定性試驗；紀錄保存三年。第10條：超過額定荷重使用須事先荷重試驗指定監督人員並報經檢查機構放寬至荷重試驗值（額定荷重超過二百公噸者為額定荷重加五十公噸）。第24條：中型移動式起重機亦同。第84條：中型營建用提升機荷重試驗為積載荷重一點二倍。	Article 11; Article 24 applies the same to medium mobile cranes; Article 84: 1.2× for construction hoists.	draft	6		
Q0967	OSH	OSH-42	起重升降機具安全規則	第12條	民國109年8月20日	起重-結構空間	3	設置於建築物內之走行固定式起重機，其最高部與建築物樑等上方構造物之間隔應在多少公尺以上？起重機桁架人行道與上方構造物之間隔？	一公尺；二公尺	零點四公尺；一點八公尺	零點二公尺；一公尺	零點六公尺；一點五公尺	For traveling cranes inside buildings, clearance between the crane top and overhead structures must be at least, and between the girder walkway and overhead structures:	1 m; 2 m	0.4 m; 1.8 m	0.2 m; 1 m	0.6 m; 1.5 m	b	第12條：走行固定式起重機最高部（集電裝置除外）與建築物水平支撐樑橫樑配管等上方物間隔零點四公尺以上；桁架人行道與上方物間隔一點八公尺以上；起重機與建築物間人行道寬度零點六公尺以上（支柱接觸部分零點四公尺以上）；駕駛室端邊與人行道端邊間隔零點三公尺以下。	Article 12: 0.4 m and 1.8 m clearances, 0.6 m walkways (0.4 m at columns), and gaps to cab walkways of 0.3 m or less.	draft	6		
Q0968	OSH	OSH-42	起重升降機具安全規則	第19條	民國109年8月20日	起重-載人	2	固定式起重機及移動式起重機之使用原則上以吊物為限，於貨櫃裝卸、船舶維修等無替代方法時得吊升勞工，其搭乘設備之荷重限制為何？	不限	不得超過額定荷重百分之八十	搭乘設備自重加搭乘者及積載物之最大荷重不得超過作業半徑所對應額定荷重之百分之五十	不得超過額定荷重	When cranes exceptionally lift workers (container handling, ship repair, etc.), the personnel platform's total weight is limited to:	No limit	80% of the rated load	50% of the rated load at that working radius	The rated load	c	第19、35條：使用以吊物為限，但貨櫃裝卸船舶維修高煙囪施工等無其他安全替代方法或臨時性小規模短時間特殊作業經採防墜措施者得吊升勞工：以搭乘設備乘載並防翻轉脫落、設安全母索並佩戴安全帽及CNS 14253-1全身背負式安全帶、不得超過限載員額、搭乘設備自重加搭乘者積載物不得超過作業半徑對應額定荷重百分之五十、下降採動力下降；移動式起重機垂直高度超過二十公尺禁用直結式搭乘設備（有無線電通訊及監視或防撞警報者除外）。	Articles 19 and 35: platform with fall protection, helmets and full-body harnesses, capacity limits, 50% of rated load, powered descent; Article 35 bars direct-attached platforms above 20 m without radio and monitoring.	draft	6		
Q0969	OSH	OSH-42	起重升降機具安全規則	第20條	民國109年8月20日	起重-搭乘設備	3	起重機吊升勞工用之搭乘設備，周圍扶手高度應在幾公分以上？懸吊用鋼索之安全係數應在多少以上？吊鏈吊帶？	一百公分；八以上；六以上	九十公分；十以上；五以上	六十公分；五以上；三以上	七十五公分；六以上；四以上	Personnel platforms lifted by cranes need guardrails at least how high, and safety factors of at least what for suspension wire ropes and for chains or slings?	100 cm; 8; 6	90 cm; 10; 5	60 cm; 5; 3	75 cm; 6; 4	b	第20、36條：搭乘設備應有足夠強度，周圍設高度九十公分以上扶手並設中欄杆及腳趾板；懸吊用鋼索或鋼線安全係數十以上，吊鏈吊帶及其支點五以上；依構造材質計算最大荷重並標示自重及最大荷重。第38條：搭乘設備及懸掛裝置應委託認可專業機構簽認（效期最長二年）、載人前以預期最大荷重試吊至最大高度保持五分鐘、外伸撐座全部伸出、載人期間不得走行、指派指揮人員。	Articles 20 and 36; Article 38: certified design (2-year validity), 5-minute trial lift at maximum height, outriggers fully extended, no travel, designated signaller.	draft	6		
Q0970	OSH	OSH-42	起重升降機具安全規則	第22條	民國109年8月20日	起重-屋外走行	3	設置於屋外之走行起重機，其原動機馬力應能在風速每秒幾公尺時仍能安全駛至防止逸走裝置處？瞬間風速有超過每秒幾公尺之虞時應使防止逸走裝置作用？	二十公尺；四十公尺	十公尺；二十公尺	十六公尺；三十公尺	三十公尺；五十公尺	Outdoor traveling cranes must be able to drive to their anti-runaway devices at wind speeds of, and those devices must be engaged when gusts may exceed:	20 m/s; 40 m/s	10 m/s; 20 m/s	16 m/s; 30 m/s	30 m/s; 50 m/s	c	第22條：屋外走行起重機應設固定基礎與軌夾等防止逸走裝置，原動機馬力應能在風速每秒十六公尺時安全駛至防止逸走裝置處，瞬間風速有超過每秒三十公尺之虞時應採取使防止逸走裝置作用之措施；檢修調整應指定監督人員；吊有荷重時不得擅離操作位置；組配拆卸爬升應選派適當人員並禁止無關人員；塔式起重機爬升應擬妥安全作業方法；惡劣氣候禁止工作；不得以伸臂搖撼拖拉。	Article 22: 16 m/s and 30 m/s, plus supervision, no leaving the controls with a load, safe erection procedures for tower cranes, and no work in severe weather.	draft	6		
Q0971	OSH	OSH-42	起重升降機具安全規則	第29條	民國109年8月20日	起重-移動式事前調查	2	移動式起重機作業前，雇主應事前調查何事並決定何事項？	地形地質狀況、作業空間、運搬物重量與起重機種類型式性能；決定作業方法吊掛方法運搬路徑、軟弱地盤補強、人員職務與指揮體系	僅天氣	僅油量	僅駕駛證照	Before mobile crane work, the employer must survey and decide:	Terrain, ground conditions, working space, load weight and crane type/performance; work and rigging methods, routes, ground reinforcement, and personnel roles and command structure	Weather only	Fuel only	Driver's license only	a	第29條：為防止翻倒被夾感電，應事前調查地形地質狀況作業空間運搬物重量與起重機種類型式性能，決定作業方法吊掛方法運搬路徑、對軟弱地盤採鋪設鐵板墊料使用外伸撐座等補強、配置操作者吊掛者指揮者職務及指揮體系；作業開始前告知勞工、確認起重機符合需求、查核執行情形；事前以檢點表確認現場危害因素，檢點表派車文件留存備查。第30條：地盤軟弱埋設脆弱地下物路肩崩塌有翻倒之虞者不得作業（鋪設足夠強度鐵板墊料者除外）。	Article 29; Article 30 bars work on soft ground or near weak buried objects unless adequate mats are laid.	draft	6		
Q0972	OSH	OSH-42	起重升降機具安全規則	第32條	民國109年8月20日	起重-外伸撐座	3	使用具外伸撐座之移動式起重機作業時，外伸撐座應如何？無法伸至最大極限時之例外條件為何？	不需伸出；無	伸出一半；有指揮者即可	可任意伸出；無例外	伸至最大極限位置；過負荷預防裝置能因應外伸寬度自動降低額定荷重、可輸入外伸寬度演算、或明細表載有未全伸之較低額定荷重表，且確認吊掛荷重較對應額定荷重為輕者	Outriggers on mobile cranes must be, and the exception when full extension is impossible requires:	Not needed; none	Half extended; a signaller	Extended as desired; none	Fully extended; a load-moment device that derates automatically or accepts outrigger width input, or a published reduced-capacity chart, plus confirmation the load is below the corresponding rated load	d	第32條：具外伸撐座或擴寬式履帶起重機應將外伸撐座或履帶伸至最大極限位置；作業場所狹窄或有障礙物致無法伸至最大時，過負荷預防裝置有因應外伸寬度自動降低設定額定荷重機能、有可輸入外伸寬度演算要素之機能、或明細表使用說明書載有未全伸對應之較低額定荷重表者之一，且能確認吊掛荷重較作業半徑對應額定荷重為輕者不在此限。第31條：外伸撐座應置於鐵板墊料中央範圍。	Article 32; Article 31: outrigger pads centered on mats.	draft	6		
Q0973	OSH	OSH-42	起重升降機具安全規則	第40條	民國109年8月20日	起重-行駛	2	移動式起重機行駛時，其吊桿應如何？	伸至最長	保持作業角度	不需處理	縮至最短、傾斜角降為最小並固定吊鉤	When a mobile crane travels, its boom must be:	Fully extended	Kept at the working angle	Left as is	Retracted to the shortest length, lowered to the minimum angle, with the hook secured	d	第40條：檢修調整應指定監督人員；吊有荷重不得擅離操作位置或駕駛室；組配拆卸選用適當人員禁止無關人員；惡劣氣候禁止工作；不得搖撼伸臂拖拉物件；行駛時應將吊桿長度縮至最短、傾斜角降為最小及固定吊鉤，積載型卡車起重機得採吊桿定位警示裝置。第39條：防止人員進入吊舉物下方及上部旋轉體碰撞範圍。	Article 40; Article 39: keep people out from under loads and the slewing zone.	draft	6		
Q0974	OSH	OSH-42	起重升降機具安全規則	第44條	民國109年8月20日	起重-人字臂	3	調整人字臂起重桿之過捲預防裝置時，吊具上方與吊桿前端槽輪下方之間距應在多少公尺以上？直動式過捲預防裝置？	一公尺；零點二公尺	零點一公尺；零點零二公尺	零點五公尺；零點一公尺	零點二五公尺；零點零五公尺	For derrick over-hoist limiters, the gap between the hook block and the boom tip sheave must be at least, and for direct-acting limiters:	1 m; 0.2 m	0.1 m; 0.02 m	0.5 m; 0.1 m	0.25 m; 0.05 m	d	第44條：吊鉤抓斗等吊具或捲揚用槽輪上方與吊桿前端槽輪下方間距零點二五公尺以上，直動式過捲預防裝置零點零五公尺以上。第43條：吊升及起伏裝置應設過捲預防裝置（絞車動力者除外）。第50條：牽索人字臂起重桿拉條六條以上、單索三條以上。第54條：捲揚及起伏用鋼索於最低位置時應留二捲以上於捲胴。第51條：主柱超過二十公尺應設攀登梯。	Article 44; Article 50: guy derricks need 6+ guys, stiff-leg 3+; Article 54: at least two turns of rope on drums at lowest position; Article 51: climbing ladders on masts over 20 m.	draft	6		
Q0975	OSH	OSH-42	起重升降機具安全規則	第62條	民國109年8月20日	起重-吊掛人員	2	使用起重機具從事吊掛作業之勞工應具何資格？地面按鍵操作之固定式起重機或積載型卡車起重機得如何？	操作人員；不得兼任	曾受吊掛作業訓練合格者（三公噸以上起重機操作人員訓練合格或技術士者除外）；起重及吊掛作業得由操作者一人兼任	主管指定即可；得兼任	任何人；不得兼任	Rigging (slinging) work must be done by whom, and for ground-pendant fixed cranes or truck-loader cranes:	The crane operator; no combining	Workers who passed rigging training (or crane operators certified for 3 t+); the operator may also do the rigging	Anyone the supervisor picks; combining allowed	Anyone; no combining	b	第62條：吊掛作業勞工應僱用曾受吊掛作業訓練合格者，已受三公噸以上起重機具操作人員訓練合格或具操作技能檢定技術士資格者除外；操作及吊掛作業應分別指派具法定資格之勞工，但地面按鍵方式操作之固定式起重機或積載型卡車起重機得由操作者一人兼任；吊掛作業指用鋼索吊鏈鉤環等使荷物懸掛於吊具引導吊升移動卸放堆置等一連串作業。第64條：應規定運轉指揮信號並指派專人指揮（操作者單獨作業除外）。	Article 62; Article 64: set signals and appoint a signaller unless the operator works alone.	draft	6		
Q0976	OSH	OSH-42	起重升降機具安全規則	第63條	民國109年8月20日	起重-吊掛作業	2	從事吊掛作業之勞工於荷物剛離地面時應如何？	以手扶正荷物	繼續快速吊升	引導起重機具暫停動作，確認荷物懸掛有無傾斜鬆脫等異狀，且不得以手碰觸荷物	站在荷物下方觀察	When a load just leaves the ground, the rigger must:	Steady the load by hand	Continue hoisting quickly	Have the crane pause to check for tilting or slipping, without touching the load by hand	Watch from under the load	c	第63條：確認額定荷重、估算或查明荷物重量並選用適當吊掛用具、估測重心、確認鋼索吊鏈強度規格安全率並檢點汰換、穩妥固定後通知操作者起吊、荷物離地後不得以手碰觸並於剛離地時暫停確認傾斜鬆脫、確認吊運路線清空無關人員、確認指揮手勢、確認放置場所及堆疊方法、引導下降確認安定後卸離吊具。	Article 63 lists eleven rigging duties from load verification to safe landing.	draft	6		
Q0977	OSH	OSH-42	起重升降機具安全規則	第65條	民國109年8月20日	起重-安全係數	3	起重機具吊掛用鋼索之安全係數應在多少以上？吊鉤？馬鞍環？	三以上；二以上；三以上	四以上；三以上；四以上	六以上；四以上；五以上	十以上；五以上；六以上	Minimum safety factors for crane wire rope slings, hooks and shackles are:	3; 2; 3	4; 3; 4	6; 4; 5	10; 5; 6	c	第65條：吊掛用鋼索安全係數六以上（斷裂荷重除以最大荷重）。第66條：吊鏈安全係數符合伸長率條件者四以上，其他五以上。第67條：吊鉤四以上，馬鞍環五以上。	Articles 65–67; Article 66: chains 4 (with elongation criteria) or 5.	draft	6		
Q0978	OSH	OSH-42	起重升降機具安全規則	第68條	民國109年8月20日	起重-鋼索汰換	3	下列何種鋼索不得供起重吊掛作業使用？	直徑減少百分之三者	一撚間有百分之十以上素線截斷、直徑減少達公稱直徑百分之七以上、顯著變形腐蝕、已扭結者	新品	一撚間有百分之一素線截斷者	Which wire ropes may not be used for lifting?	3% diameter reduction	Those with 10%+ broken wires in one lay, diameter reduced 7%+ from nominal, marked deformation or corrosion, or kinks	New rope	1% broken wires in one lay	b	第68條：鋼索一撚間有百分之十以上素線截斷、直徑減少達公稱直徑百分之七以上、有顯著變形或腐蝕、已扭結者不得使用。第69條：吊鏈延伸長度超過製造時百分之五、斷面直徑減少超過百分之十、有龜裂者不得使用。第70條：變形龜裂之吊鉤馬鞍環鉤環鏈環不得使用。第71條：纖維索已斷一股子索或顯著損傷腐蝕者不得使用。第72條：兩端未設吊鉤鉤環編結環首等者不得使用。	Article 68; Article 69: chains stretched over 5% or thinned over 10% or cracked; Articles 70–72 cover hooks, fiber ropes and end fittings.	draft	6		
Q0979	OSH	OSH-42	起重升降機具安全規則	第77條	民國109年8月20日	起重-升降機	2	雇主對升降機之出入門扉，得否使勞工擅自以鎖匙自外面開啟？鎖匙上應如何？	得；貼標籤	不得（維修人員搶救維護保養檢查者除外）；懸掛標示牌以文字載明墜落危險警語	得；不需標示	不得；不需標示	May workers open lift landing doors from outside with a key, and what must be attached to the key?	Yes; a label	No (except maintenance staff for rescue or servicing); a tag warning of the fall hazard	Yes; nothing	No; nothing	b	第77條：應維持終點極限開關緊急停止裝置等安全裝置效能；不得使勞工擅自使用鎖匙或工具自外面開啟出入門扉（維修人員搶救維護保養檢查者除外）；鎖匙上應懸掛標示牌以文字載明警語告知開啟者有墜落之危險。第78條：專供載貨用之升降機不得搭載人員。第74條：不得超過積載荷重。	Article 77; Article 78: goods-only lifts must not carry people.	draft	6		
Q0980	OSH	OSH-42	起重升降機具安全規則	第82條	民國109年8月20日	起重-風災地震	3	設置室外之升降機、營建用提升機發生瞬間風速達每秒幾公尺以上或幾級以上地震後，應於再使用前確認安全裝置鋼索導軌等無異狀？	三十公尺；四級	十五公尺；四級	四十公尺；五級	二十公尺；三級	Outdoor lifts and construction hoists must be checked before reuse after gusts of at least, or earthquakes of intensity:	30 m/s; 4	15 m/s; 4	40 m/s; 5	20 m/s; 3	a	第82條：室外升降機於瞬間風速達每秒三十公尺以上或四級以上地震後，再使用前應確認終點極限開關緊急停止裝置制動裝置控制裝置鋼索吊鏈導軌導索結頭等無異狀。第80、90條：瞬間風速有超過每秒三十公尺之虞時應增設拉索防止倒塌。第92條：營建用提升機同樣情形應確認制動裝置離合器鋼索通過部分。	Article 82 and 92; Articles 80 and 90: add guy lines when gusts over 30 m/s are expected.	draft	6		
Q0981	OSH	OSH-42	起重升降機具安全規則	第87條	民國109年8月20日	起重-營建用提升機	2	營建用提升機及簡易提升機得否乘載人員？	得，經主管同意	得，限二人	得	不得，但實施檢修或調整經採取防墜落飛落措施者不在此限	May construction hoists and simple hoists carry people?	Yes, with approval	Yes, up to two	Yes	No, except during inspection or adjustment with fall and falling-object protection	d	第87條：營建用提升機不得乘載人員，但實施檢修或調整等作業經採取足以防範人員墜落或物體飛落措施者不在此限。第96條：簡易提升機亦同。第88條：禁止進入搬器升降危及之場所、鋼索內角側及槽輪飛落危及之場所。第89條：豎坑基底打掃時應於搬器下方橫置角材原木並以制動裝置防止落下。第86條：應於捲揚鋼索加註標識或設警報裝置防過捲。	Articles 87 and 96; Articles 88–89: restricted zones and blocking the car during pit cleaning.	draft	6		
Q0982	OSH	OSH-42	起重升降機具安全規則	第102條	民國109年8月20日	起重-吊籠	2	勞工於吊籠工作台上作業時應佩戴何種防護具？工作台上得否放置腳墊梯子？	僅安全帶；得	僅安全帽；得	安全帽及 CNS 14253-1 全身背負式安全帶；不得	反光背心；不得	Workers on gondola platforms must wear, and may footstools or ladders be placed on the platform?	A harness only; yes	A helmet only; yes	A helmet and a CNS 14253-1 full-body harness; no	A reflective vest; no	c	第102條：應使勞工佩戴安全帽及符合CNS 14253-1同等以上之全身背負式安全帶。第100條：工作台上不得設置或放置腳墊梯子等供勞工使用。第99條：可搬式吊籠懸吊應考量自重積載荷重風力妥為固定於足夠支撐強度處並確認結構圖面。第101條：運轉中操作人員不得擅離。第103條：禁止無關人員進入下方危險區域。第105條：夜間應提供必要照度。	Articles 100–105.	draft	6		
Q0983	OSH	OSH-50	特定化學物質危害預防標準	第2條	民國110年9月16日	特化-分類	2	特定化學物質危害預防標準將特定化學物質分為哪幾類？	第一種、第二種、第三種	甲類、乙類、丙類（第一種、第二種、第三種）、丁類	有機、無機	A、B、C 類	Specified chemical substances are classified as:	Types 1, 2 and 3	Class A, Class B, Class C (types 1, 2 and 3) and Class D	Organic and inorganic	A, B, C	b	第2條：甲類物質（附表一第一款）、乙類物質（第二款）、丙類物質分丙類第一種第二種第三種、丁類物質（第四款）；屬製成品者不適用。第3條：特定管理物質包括二氯聯苯胺類、次乙亞胺、氯乙烯、四羰化鎳、環氧乙烷、石綿、鉻酸、砷、鎳、重鉻酸、1,3-丁二烯、甲醛（重量比超過百分之一）、鈹（百分之一，合金百分之三）、三氯甲苯（百分之零點五）、苯（體積比百分之一）、煤焦油（百分之五）。	Article 2; Article 3 defines 'specified management substances' with their concentration thresholds.	draft	6		
Q0984	OSH	OSH-50	特定化學物質危害預防標準	第7條	民國110年9月16日	特化-甲類	2	雇主得否使勞工從事製造、處置或使用甲類物質？	得，限十公斤以下	得	得，經勞檢機構同意	不得，但供試驗或研究者不在此限（應依管制性化學品辦法申請許可）	May employers have workers manufacture, handle or use Class A substances?	Yes, under 10 kg	Yes	Yes, with inspection agency consent	No, except for testing or research with a permit under the controlled chemicals regulations	d	第7條：不得使勞工製造處置或使用甲類物質，但供試驗或研究者不在此限，應依管制性化學品之指定及運作許可管理辦法向中央主管機關申請許可。第8條：試驗研究甲類物質時製造設備應為密閉設備（氣櫃內者除外）、地板牆壁不浸透性易水洗、勞工具必要知識、堅固容器並標示、保管於一定場所、供給不浸透性防護具、禁止無關人員進入。	Article 7; Article 8 sets conditions for research use.	draft	6		
Q0985	OSH	OSH-50	特定化學物質危害預防標準	第10條	民國110年9月16日	特化-乙類	3	製造鈹以外之乙類物質時，處置該物質應由作業人員於何處操作？例外為何？	現場直接操作；無例外	任何地方；戴口罩即可	隔離室遙控操作；粉狀物質充分濕潤成泥狀或溶解於溶劑中者除外	戶外操作；無	When manufacturing Class B substances (other than beryllium), handling must be done by remote control from an isolated room, except when:	No exception	Anywhere with a mask	Powders are thoroughly wetted into a slurry or dissolved in solvent	Outdoors	c	第10條：製造場所隔離且地板牆壁不浸透性、製造設備密閉且不直接接觸、反應槽接合部墊圈密接、冷凝器充分注入冷卻水、篩選機真空過濾機密閉可觀察並加鎖、處置應由作業人員於隔離室遙控操作（充分濕潤成泥狀或溶解於溶劑者除外）、計量投入取出裝袋困難時採不直接接觸方法並設包圍型氣罩局部排氣裝置及除塵裝置、訂定操作程序、試料採取用專用容器、穿戴工作衣不浸透性手套圍巾。第9條：指定為管制性化學品之乙類物質另需申請許可。	Article 10 lists ten requirements including isolation, enclosed equipment, remote handling, enclosing hoods with dust collection, and written operating procedures.	draft	6		
Q0986	OSH	OSH-50	特定化學物質危害預防標準	第16條	民國110年9月16日	特化-丙類	2	散布有丙類物質氣體蒸氣或粉塵之室內作業場所，應於發生源設置何種設備？未設置時應如何？	不需設備；不需	整體換氣；不需	電風扇；不需	密閉設備或局部排氣裝置；仍應設整體換氣裝置或將物質充分濕潤成泥狀或溶解於溶劑中	Indoor workplaces where Class C gases, vapors or dusts disperse must have what at each source, and if that is impracticable:	Nothing; nothing	General ventilation; nothing	A fan; nothing	Enclosure or local exhaust ventilation; general ventilation or wetting/dissolving the substance is still required	d	第16條：散布丙類物質之室內作業場所應於各發生源設密閉設備或局部排氣裝置，設置顯有困難或臨時性作業者除外，但仍應設整體換氣裝置或將物質充分濕潤成泥狀或溶解於溶劑中；丙類第一種物質製造場所處置時、燻蒸作業處置氰化氫溴甲烷時、苯等供為溶劑時不包括。第16條之1：控制設備應依健康危害分類散布狀況使用量評估風險等級選擇。第15條：製造丙類第一種第二種物質之設備應採密閉型於隔離室遙控操作。	Article 16; Article 16-1: risk-based selection of controls; Article 15: enclosed remote-controlled manufacture of Class C-1 and C-2 substances.	draft	6		
Q0987	OSH	OSH-50	特定化學物質危害預防標準	第17條	民國110年9月16日	特化-局排	2	特定化學物質作業之局部排氣裝置，設置除塵裝置或廢氣處理裝置者，其排氣機應置於何處？排氣口應置於何處？	任意；室內	裝置之前；室外	除塵或廢氣處理裝置之後（無爆炸之虞且不腐蝕排氣機者除外）；室外	裝置之前；室內	For LEV with dust or gas treatment devices, the fan goes where, and the exhaust outlet where?	Anywhere; indoors	Before the device; outdoors	After the treatment device (unless no explosion risk and non-corrosive); outdoors	Before the device; indoors	c	第17條：氣罩置於每一發生源（外裝型接受型儘量接近）；縮短導管減少彎曲並設清潔口測定孔；設除塵或廢氣處理裝置者排氣機置於該裝置之後（無爆炸之虞且不腐蝕者除外）；排氣口置於室外；作業時間內有效運轉降低濃度；依第38條第2項設置者應設監測靜壓流速等裝置。	Article 17: hood placement, short ducts with ports, fan after treatment, outdoor outlets, continuous operation and monitoring devices.	draft	6		
Q0988	OSH	OSH-50	特定化學物質危害預防標準	第18條	民國110年9月16日	特化-廢液	2	排水系統或槽桶中，含鹽酸硝酸硫酸之酸性廢液與含氰化物硫化物之廢液接觸混合有何危險？雇主應如何？	生成氰化氫或硫化氫；不得使此等廢液接觸或混合	產生氧氣；可混合	無危險；可混合	產生泡沫；稀釋即可	Mixing acidic waste (HCl, HNO3, H2SO4) with cyanide or sulfide waste in drains or tanks risks what, and the employer must:	Generation of hydrogen cyanide or hydrogen sulfide; prevent such wastes from contacting or mixing	Oxygen release; mixing is fine	Nothing; mixing is fine	Foaming; just dilute	a	第18條：排水系統坑或槽桶等有因含鹽酸硝酸硫酸等酸性廢液與含氰化物硫化物或多硫化物等廢液接觸或混合致生成氰化氫或硫化氫之虞時，不得使此等廢液接觸或混合。第19條：受污染之破布紙屑應收存於不浸透性容器並加栓蓋。	Article 18; Article 19: contaminated rags and paper in sealed impermeable containers.	draft	6		
Q0989	OSH	OSH-50	特定化學物質危害預防標準	第22條	民國110年9月16日	特化-避難	3	設置特定化學設備之室內作業場所及其建築物，應有幾處以上直接通達地面之避難梯或斜坡道？	二處以上，其中之一應置於室外（僅能設一處者另一部分得以滑梯避難橋救助袋等代替）	不需設置	一處	三處以上	Indoor workplaces with specified chemical equipment need how many escape stairs or ramps to ground level?	Two or more, one of them outdoors (or one stair plus a slide, escape bridge, rescue chute, etc.)	None	One	Three or more	a	第22條：應有二處以上直接通達地面之避難梯斜坡道，僅能設置一處避難梯者另一部分得以滑梯避難用梯避難橋救助袋或避難用升降梯等代替；避難梯或斜坡道之一應置於室外（設有前述代替者除外）。第23條：處置使用丙類第一種或丁類物質合計一百公升以上時應置備漏洩警報器具及除卻危害之藥劑器具。	Article 22; Article 23: leak alarms and neutralizing agents when 100 L+ of Class C-1 or D substances are handled.	draft	6		
Q0990	OSH	OSH-50	特定化學物質危害預防標準	第27條	民國110年9月16日	特化-管理設備	3	製造處置或使用丙類第一種或丁類物質合計在多少公升以上之特定化學管理設備，應設置溫度壓力流量異常之自動警報裝置？設置顯有困難時如何？	五十公升；不需監視	十公升；每小時巡檢	一百公升（氣體以一立方公尺換算為二公升）；置監視人於運轉中監視	一千公升；停止運轉	Specified chemical management equipment handling at least what quantity of Class C-1 or D substances must have automatic abnormality alarms, and if impracticable:	50 liters; no watcher	10 liters; hourly rounds	100 liters (gases: 1 m³ counted as 2 L); station a watcher during operation	1,000 liters; stop operation	c	第27條：製造處置使用丙類第一種或丁類物質合計一百公升以上（氣體以容積一立方公尺換算為二公升）之特定化學管理設備應設溫度壓力流量發生異常之自動警報裝置，顯有困難時應置監視人於運轉中監視。第26條：管理設備應設溫度計流量計壓力計。第28條：應設遮斷原料供輸或卸放製品、供輸惰性氣體冷卻水等因應異常反應之裝置，閥旋塞應確實動作圓潤安全。第29條：應置備用動力源，不常用之閥開關應加鎖鉛封。	Articles 26–29: instruments, alarms, shut-off/inert-gas/cooling devices, backup power and locked valves.	draft	6		
Q0991	OSH	OSH-50	特定化學物質危害預防標準	第30條	民國110年9月16日	特化-入槽	2	勞工進入製造處置乙丙丁類物質之設備內部作業時，應以何種方法確認安全？在確認前應告知勞工何事？	不需確認；快速作業	目視確認；無	嗅聞確認；戴口罩	以測定方法確認設備內該物質濃度未超過容許濃度；「不得將頭部伸入設備內」	Before workers enter equipment that handled Class B, C or D substances, safety is confirmed how, and what must workers be told beforehand?	No check; work quickly	Visual check; nothing	Smell test; wear a mask	Measure that the concentration inside is below the permissible limit; 'do not put your head inside the equipment'	d	第30條：派遣特定化學物質作業主管監督、事前告知方法順序、確實排出該物質、配管閥旋塞設計為雙重開關或設盲板並加鎖標示「不得開啟」、開放開口部、換氣裝置充分換氣、以測定方法確認濃度未超過容許濃度、拆卸盲板時確認滯留、設置緊急避難設備、供給不浸透性防護衣手套長鞋呼吸防護具；未確認前應告知勞工「不得將頭部伸入設備內」。	Article 30: supervisor, isolation with double valves or blinds locked and tagged, ventilation, measurement, escape equipment and impermeable PPE.	draft	6		
Q0992	OSH	OSH-50	特定化學物質危害預防標準	第31條	民國110年9月16日	特化-漏洩	2	丙類第一種或丁類物質發生漏洩致有危害勞工之虞時，雇主應如何？	關閉門窗	僅通知主管	立即使勞工避難，確認安全前揭示「禁止進入」，但使用防護具及作業主管指導下之搶救及必要作業除外	繼續作業並通風	When Class C-1 or D substances leak and endanger workers, the employer must:	Close doors and windows	Only notify a manager	Evacuate immediately and post 'no entry' until safety is confirmed, except supervised rescue with PPE	Continue with ventilation	c	第31條：應立即使勞工自作業場所避難，未確認不危害前應於顯明處揭示「禁止進入」，但在使用防護具及特定化學物質作業主管指導下搶救人命及處理現場之必要作業者不在此限。第32條：禁止無關人員進入乙丙類物質作業場所及處置丙類第一種丁類物質合計一百公升以上之場所。第34條：設置特定化學設備之場所應設搶救組織並每年實施急救避難訓練，紀錄保存三年。第49條：勞工吸入或遭污染應迅即接受醫師診治。	Article 31; Article 34: rescue organization with annual training (records 3 years); Article 49: immediate medical care for exposed workers.	draft	6		
Q0993	OSH	OSH-50	特定化學物質危害預防標準	第36條	民國110年9月16日	特化-洗眼	2	丙類第一種物質、丁類物質、鉻酸及其鹽類或重鉻酸及其鹽類之作業場所，應另設置何種設備？	更衣室	淋浴間	休息室	緊急洗眼及沖淋設備	Workplaces handling Class C-1 or D substances, chromic acid or dichromates must additionally have:	A changing room	A shower room	A rest room	Emergency eyewash and shower equipment	d	第36條：製造處置使用特定化學物質身體或衣著有被污染之虞時應設洗眼洗澡漱口更衣及洗濯設備；丙類第一種物質丁類物質鉻酸及其鹽類或重鉻酸及其鹽類之作業場所應另設緊急洗眼及沖淋設備。第35條：乙丙類物質作業場所以外應設休息室，粉狀者入口設清潔用水或濕潤墊席及衣服用刷、地面易吸塵水洗並每日清掃。第40條：禁止吸菸飲食。	Article 36; Article 35: rest rooms outside the work area with dust-removal provisions; Article 40: no smoking or eating.	draft	6		
Q0994	OSH	OSH-50	特定化學物質危害預防標準	第37條	民國110年9月16日	特化-作業主管	2	特定化學物質作業主管應執行之事項，下列何者正確？	僅排班	僅簽核	預防勞工遭受污染或吸入、決定作業方法並指揮、保存每月檢點局部排氣裝置一次以上之紀錄、監督防護具使用	僅採購	The specified chemical work supervisor must:	Only schedule shifts	Only sign off	Prevent contamination or inhalation, decide methods and direct work, keep records of at least monthly LEV checks, and supervise PPE use	Only purchase	c	第37條：應指定現場主管擔任特定化學物質作業主管實際監督，執行預防從事作業之勞工遭受污染或吸入該物質、決定作業方法並指揮勞工作業、保存每月檢點局部排氣裝置及其他預防健康危害裝置一次以上之紀錄、監督勞工確實使用防護具。第39條：使用特定化學設備應就閥旋塞操作冷卻加熱攪拌壓縮裝置操作計測控制監視安全閥調整接合部檢點試料採取中斷再運轉緊急措施等訂定操作程序。	Article 37; Article 39: written operating procedures for specified chemical equipment.	draft	6		
Q0995	OSH	OSH-50	特定化學物質危害預防標準	第38條	民國110年9月16日	特化-設計人員	3	特定化學物質作業局部排氣裝置設計之專業人員，應接受在職教育訓練每三年不得低於幾小時？設計報告書及原始性能測試報告書應保存幾年？	六小時；三年	三小時；一年	二十四小時；五年	十二小時；十年	LEV designers for specified chemical work need at least how many hours of in-service training every 3 years, and design and initial performance test reports are kept:	6 hours; 3 years	3 hours; 1 year	24 hours; 5 years	12 hours; 10 years	d	第38條：密閉設備局部排氣裝置整體換氣裝置應由專業人員設計並維持性能；設置局部排氣裝置應指派或委託經中央主管機關訓練合格之專業人員設計並依附表二製作設計報告書；完成後實施原始性能測試並依附表三製作報告書，文件紀錄保存十年；改裝時亦同。第38條之1：設計專業人員應具附表四資格並依附表五課程訓練合格，在職教育訓練每三年不得低於十二小時。	Articles 38 and 38-1.	draft	6		
Q0996	OSH	OSH-50	特定化學物質危害預防標準	第41條	民國110年9月16日	特化-紀錄	3	製造處置或使用特定管理物質之作業，雇主應記錄勞工姓名、作業概況期間及污染經過等，並自作業之日起保存幾年？	七年	三十年	十年	三年	Records of work with 'specified management substances' (names, work details, contamination events) must be kept for:	7 years	30 years	10 years	3 years	b	第41條：對製造處置或使用特定管理物質之作業，應就勞工姓名、從事作業概況及作業期間、勞工顯著遭受特定管理物質污染時之經過概況及雇主採取之緊急措施記錄，並自該作業勞工從事作業之日起保存三十年。	Article 41: 30 years from the date the worker began the work.	draft	6		
Q0997	OSH	OSH-50	特定化學物質危害預防標準	第43條	民國110年9月16日	特化-石綿	3	雇主得否使勞工使用石綿（含重量超過百分之一之混合物）從事吹噴作業？	得	得，於室外	不得，但建築物隔熱防火需要之樑柱鋼架石綿吹噴，於隔離作業室投入混合並使勞工用輸氣管面罩或空氣呼吸器及防護衣者除外	得，戴口罩即可	May workers spray asbestos (or mixtures over 1% asbestos)?	Yes	Yes, outdoors	No, except fireproofing of building steel frames done from an isolated mixing room with air-line masks or SCBA and protective clothing	Yes, with a mask	c	第43條：不得使勞工使用石綿等從事吹噴作業，但建築物隔熱防火需要之樑柱等鋼架石綿吹噴作業，將吹噴用石綿等投入取出或混合之場所於隔離之作業室實施、並使勞工使用輸氣管面罩或空氣呼吸器及防護衣者不在此限。第44條：石綿之截斷鑽孔研磨、含石綿物之破碎解體、粉狀石綿投入取出及混合作業應加以濕潤並設有蓋容器收容切屑。	Article 43; Article 44: wet methods and covered containers for cutting, drilling, demolition and mixing of asbestos.	draft	6		
Q0998	OSH	OSH-50	特定化學物質危害預防標準	第46條	民國110年9月16日	特化-燻蒸	3	燻蒸作業後使勞工進入燻蒸場所前，測定之氰化氫或溴甲烷濃度超過規定值時應禁止進入；其規定值各為多少 ppm？	氰化氫二十 ppm；溴甲烷三十 ppm	氰化氫十 ppm；溴甲烷十五 ppm	氰化氫五 ppm；溴甲烷五 ppm	氰化氫一 ppm；溴甲烷一 ppm	After fumigation, entry is prohibited when hydrogen cyanide or methyl bromide exceeds:	HCN 20 ppm; MeBr 30 ppm	HCN 10 ppm; methyl bromide 15 ppm	HCN 5 ppm; MeBr 5 ppm	HCN 1 ppm; MeBr 1 ppm	b	第46條：燻蒸作業場所濃度測定應可於場所外操作；投藥於場所外實施（佩戴輸氣防護具者除外）；檢點漏洩並糊縫；禁止進入並揭示；開啟門扉艙蓋應確認風向；倉庫貨櫃帳幕穀倉駁船輪船燻蒸各有規定；進入前測定氰化氫或溴甲烷濃度，超過氰化氫十 ppm（11 mg/m³）或溴甲烷十五 ppm（60 mg/m³）應禁止進入。	Article 46: remote measurement, external dosing, sealing checks, ventilation on opening, and the 10/15 ppm entry limits.	draft	6		
Q0999	OSH	OSH-50	特定化學物質危害預防標準	第50條	民國110年9月16日	特化-防護具	2	特定化學物質作業場所應置備之防護具數量為何？包括哪些？	每二人一套；僅口罩	與同一工作時間作業勞工人數相同數量以上；呼吸用防護具、不浸透性防護衣手套鞋及塗敷劑、防護眼鏡	不需置備	一套備用；僅手套	How many protective sets must be provided in specified chemical workplaces, and which items?	One per two workers; masks only	At least one per worker on the same shift; respirators, impermeable clothing/gloves/footwear and barrier creams, and protective goggles	None	One spare set; gloves only	b	第50條：應置備與同一工作時間作業勞工人數相同數量以上之適當必要防護具並保持性能及清潔：防止吸入之呼吸用防護具、防止皮膚障害或吸收之不浸透性防護衣防護手套防護鞋及塗敷劑、防止視機能影響之防護眼鏡。第47條：不得使勞工從事以苯等為溶劑之作業（密閉設備或包圍型局部排氣且不直接接觸者除外）。	Article 50; Article 47 bans benzene as a solvent except in enclosed or enclosing-hood systems.	draft	6		
Q1000	OSH	OSH-48	勞動基準法	第2條	民國113年7月31日	勞基法-定義	2	勞動基準法所稱「平均工資」係指？	一年工資之平均	基本工資	計算事由發生之當日前六個月內所得工資總額除以該期間總日數之金額（未滿六個月者以工作期間計）	最近一個月工資	'Average wage' under the Labor Standards Act means:	The yearly average	The minimum wage	Total wages in the six months before the triggering event divided by the total days in that period (or the actual employment period if shorter)	The most recent month's wage	c	第2條：工資指因工作獲得之報酬含獎金津貼及經常性給與；平均工資指計算事由發生當日前六個月內工資總額除以該期間總日數，未滿六個月者以工作期間計；按日時件計算者若少於工資總額除以實際工作日數之百分之六十，以百分之六十計。細則第2條：職災醫療中、產假減半、留職停薪、普通傷病假等期間不計入。	Article 2; Enforcement Rules Article 2 excludes periods such as occupational injury treatment, half-pay maternity leave and unpaid leave.	draft	6		
Q1001	OSH	OSH-48	勞動基準法	第9條	民國113年7月31日	勞基法-契約	2	勞動契約分為定期契約及不定期契約，何種工作應為不定期契約？派遣事業單位與派遣勞工之契約應為何種？	所有工作皆得定期；定期	有繼續性工作應為不定期契約；應為不定期契約	特定性工作；定期	季節性工作；定期	Which work requires an open-ended contract, and what type must dispatch agencies sign with dispatched workers?	All work may be fixed-term; fixed-term	Continuous work must be open-ended; open-ended	Specific work; fixed-term	Seasonal work; fixed-term	b	第9條：臨時性短期性季節性及特定性工作得為定期契約，有繼續性工作應為不定期契約；派遣事業單位與派遣勞工之契約應為不定期契約；定期契約屆滿後勞工繼續工作雇主不即反對，或另訂新約但前後期間超過九十日且間斷未超過三十日者視為不定期契約（特定性季節性除外）。細則第6條：臨時性六個月以內、短期性可預期六個月內完成、季節性九個月以內、特定性超過一年應報備。	Article 9; Enforcement Rules Article 6 defines temporary (≤6 months), short-term, seasonal (≤9 months) and specific work.	draft	6		
Q1002	OSH	OSH-48	勞動基準法	第9-1條	民國113年7月31日	勞基法-競業禁止	3	雇主與勞工為離職後競業禁止約定，其期間最長不得逾幾年？依施行細則合理補償每月不得低於離職時一個月平均工資百分之多少？	二年；百分之五十	一年；百分之三十	五年；百分之七十	三年；百分之百	Post-employment non-compete clauses may last at most, and reasonable compensation per month must be at least what share of the final average monthly wage?	2 years; 50%	1 year; 30%	5 years; 70%	3 years; 100%	a	第9條之1：須雇主有應受保護之正當營業利益、勞工能接觸營業秘密、期間區域範圍對象未逾合理範疇、雇主有合理補償（不包括工作期間之給付），違反者無效；期間最長不得逾二年。細則第7條之3：每月補償金額不低於離職時一個月平均工資百分之五十並足以維持生活；細則第7條之1：應以書面為之各執一份。	Article 9-1 and Enforcement Rules Articles 7-1 to 7-3.	draft	6		
Q1003	OSH	OSH-48	勞動基準法	第11條	民國113年7月31日	勞基法-預告終止	2	雇主僅於下列何種情形得預告勞工終止勞動契約？	勞工結婚	勞工懷孕	歇業或轉讓、虧損或業務緊縮、不可抗力暫停工作一個月以上、業務性質變更有減少勞工必要又無適當工作可安置、勞工確不能勝任工作	勞工申訴	An employer may terminate with notice only in cases of:	Marriage	Pregnancy	Closure or transfer, losses or business contraction, force majeure stoppage over one month, business change with no suitable position, or the worker being incapable of the job	Filing a complaint	c	第11條：歇業或轉讓時；虧損或業務緊縮時；不可抗力暫停工作一個月以上時；業務性質變更有減少勞工之必要又無適當工作可供安置時；勞工對於所擔任之工作確不能勝任時。第13條：勞工在產假停止工作期間或職災醫療期間雇主不得終止契約（天災事變不可抗力經核定者除外）。	Article 11; Article 13 bars termination during maternity leave or occupational injury treatment.	draft	6		
Q1004	OSH	OSH-48	勞動基準法	第12條	民國113年7月31日	勞基法-不經預告終止	2	勞工無正當理由繼續曠工幾日或一個月內曠工達幾日者，雇主得不經預告終止契約？雇主應於知悉後幾日內為之？	三日；六日；三十日內	一日；三日；十日內	七日；十四日；九十日內	五日；十日；六十日內	An employer may dismiss without notice a worker absent without cause for how many consecutive days or how many days in a month, and must act within:	3 days; 6 days; 30 days of learning of it	1 day; 3 days; 10 days	7 days; 14 days; 90 days	5 days; 10 days; 60 days	a	第12條：訂約時虛偽意思表示、對雇主家屬代理人或同事實施暴行重大侮辱、受有期徒刑宣告確定未緩刑或易科罰金、違反契約或工作規則情節重大、故意損耗機器原料或洩漏營業秘密致損害、無正當理由繼續曠工三日或一個月內曠工達六日者，雇主得不經預告終止；除徒刑宣告外應自知悉之日起三十日內為之。第18條：依第12條終止者不得請求預告工資及資遣費。	Article 12; Article 18: no severance in such cases.	draft	6		
Q1005	OSH	OSH-48	勞動基準法	第14條	民國113年7月31日	勞基法-勞工終止	2	下列何種情形勞工得不經預告終止契約？	主管態度不佳	勞工想換工作	契約所訂工作對健康有危害之虞經通知雇主改善而無效果、雇主不依契約給付報酬、雇主違反契約或勞工法令致有損害勞工權益之虞等	薪水太低	In which case may a worker terminate without notice?	A rude manager	Wanting a new job	Work threatens health and the employer fails to improve after notice, the employer withholds pay, or the employer violates the contract or labor laws to the worker's detriment	Low pay	c	第14條：雇主訂約時虛偽意思表示、雇主家屬代理人實施暴行重大侮辱、工作對健康有危害之虞經通知改善無效、雇主或其他勞工患法定傳染病有傳染之虞、雇主不依契約給付報酬或按件計酬不供給充分工作、雇主違反契約或勞工法令致有損害之虞；第1、6款應自知悉起三十日內（第6款得自知悉損害結果起）；準用第17條發給資遣費。	Article 14: six grounds, 30-day window for some, with severance under Article 17.	draft	6		
Q1006	OSH	OSH-48	勞動基準法	第16條	民國113年7月31日	勞基法-預告期間	2	雇主依第11條終止契約，繼續工作三個月以上一年未滿者應於幾日前預告？一年以上三年未滿？三年以上？	十五日；三十日；六十日	七日；十四日；三十日	三日；十日；二十日	十日；二十日；三十日	Notice periods for employer termination under Article 11 are, by length of service (3 months–1 year / 1–3 years / 3 years+):	15 days; 30 days; 60 days	7 days; 14 days; 30 days	3 days; 10 days; 20 days	10 days; 20 days; 30 days	d	第16條：三個月以上一年未滿十日前，一年以上三年未滿二十日前，三年以上三十日前預告；勞工接到預告後為另謀工作得請假外出每週不超過二日工作時間且工資照給；未依期間預告者應給付預告期間工資。第15條：不定期契約勞工終止時準用預告期間；特定性定期契約逾三年者屆滿三年後勞工得終止但應三十日前預告。	Article 16, with paid job-search leave up to two working days per week and pay in lieu of notice.	draft	6		
Q1007	OSH	OSH-48	勞動基準法	第17條	民國113年7月31日	勞基法-資遣費	2	依勞動基準法之資遣費計算標準為何？應於終止契約後幾日內發給？	每滿一年半個月；十五日內	每滿一年發給一個月平均工資，剩餘月數或未滿一年者按比例計給（未滿一個月以一個月計）；三十日內	一律三個月；不限	每滿一年二個月；六十日內	Severance pay under the Act is calculated how, and paid within:	Half a month per year; 15 days	One month's average wage per full year of service, pro-rated for partial years (partial months count as a month); 30 days of termination	Three months flat; no deadline	Two months per year; 60 days	b	第17條：在同一雇主之事業單位繼續工作每滿一年發給相當於一個月平均工資之資遣費，剩餘月數或未滿一年者以比例計給，未滿一個月以一個月計；應於終止勞動契約三十日內發給。第78條：未依標準或期限給付者處三十萬元以上一百五十萬元以下罰鍰並限期給付。第20條：改組轉讓時除留用者外應預告終止並發資遣費，留用者年資由新雇主承認。	Article 17; Article 78: NT$300,000–1.5 million fine for non-compliance.	draft	6		
Q1008	OSH	OSH-48	勞動基準法	第21條	民國113年7月31日	勞基法-基本工資	2	工資由勞雇雙方議定但不得低於何者？基本工資由何機關擬訂後報請何者核定？	市場行情；地方政府	最低生活費；立法院	基本工資；中央主管機關設基本工資審議委員會擬訂，報請行政院核定	平均工資；監察院	Wages may not fall below what, and who drafts and approves it?	Market rates; local governments	The minimum living cost; the Legislative Yuan	The basic (minimum) wage; drafted by the Basic Wage Deliberation Committee under the central authority and approved by the Executive Yuan	The average wage; the Control Yuan	c	第21條：工資由勞雇雙方議定但不得低於基本工資；基本工資由中央主管機關設基本工資審議委員會擬訂後報請行政院核定。細則第11條：基本工資指正常工作時間內所得報酬不包括延長工時及休息日休假日例假工作加給。第22條：工資以法定通用貨幣全額直接給付。第23條：每月至少定期發給二次並提供各項目計算方式明細，工資清冊保存五年。	Article 21; Enforcement Rules Article 11; Articles 22–23 on payment in currency, twice-monthly payment with itemized statements, and 5-year payroll records.	draft	6		
Q1009	OSH	OSH-48	勞動基準法	第24條	民國113年7月31日	勞基法-加班費	3	延長工作時間在二小時以內者，加班費按平日每小時工資額加給多少以上？再延長二小時以內者？休息日工作二小時以內者另再加給多少以上？	三分之一；三分之二；一又三分之一	四分之一；二分之一；一又二分之一	三分之一；三分之一；一倍	二分之一；一倍；二倍	Overtime pay for the first two hours is at least what fraction above the regular hourly wage, the next two hours, and rest-day work within two hours:	1/3; 2/3; 1 and 1/3	1/4; 1/2; 1 and 1/2	1/3; 1/3; 1×	1/2; 1×; 2×	a	第24條：延長工作時間在二小時以內按平日每小時工資額加給三分之一以上；再延長二小時以內加給三分之二以上；依第32條第4項天災事變延長者加倍發給；休息日工作二小時以內另再加給一又三分之一以上，二小時後再繼續工作另再加給一又三分之二以上。	Article 24: +1/3, +2/3, double pay for emergency overtime, and rest-day rates of +1 1/3 and +1 2/3.	draft	6		
Q1010	OSH	OSH-48	勞動基準法	第28條	民國113年7月31日	勞基法-積欠工資	3	雇主歇業清算或破產時，勞工積欠工資未滿幾個月部分與第一順位抵押權等擔保債權受償順序相同？積欠工資墊償基金費率上限為何？	一個月；萬分之五	三個月；萬分之十	六個月；萬分之十五	十二個月；千分之一	On closure, liquidation or bankruptcy, unpaid wages for less than how many months rank equally with first-priority secured claims, and the wage arrears fund rate is capped at:	1 month; 0.05%	3 months; 0.1%	6 months; 0.15%	12 months; 0.1%	c	第28條：積欠工資未滿六個月部分、未依本法給付之退休金、未依本法或勞退條例給付之資遣費，與第一順位抵押權質權留置權擔保之債權受償順序相同並按比例受清償，未獲清償部分有最優先受清償之權；雇主應按投保薪資總額及費率繳納積欠工資墊償基金，墊償六個月內積欠工資及合計以六個月平均工資為限之退休金資遣費；費率由中央主管機關於萬分之十五範圍內擬訂報行政院核定。	Article 28: wages under 6 months, pensions and severance rank with first secured creditors; the Arrear Wage Payment Fund covers them with a rate up to 15/10,000.	draft	6		
Q1011	OSH	OSH-48	勞動基準法	第30條	民國113年7月31日	勞基法-工時	2	勞工正常工作時間每日不得超過幾小時，每週不得超過幾小時？出勤紀錄應保存幾年？	十小時；四十小時；一年	八小時；四十八小時；三年	八小時；四十四小時；五年	八小時；四十小時；五年	Regular working hours may not exceed how many per day and per week, and attendance records are kept for:	10 hours; 40 hours; 1 year	8 hours; 48 hours; 3 years	8 hours; 44 hours; 5 years	8 hours; 40 hours; 5 years	d	第30條：正常工作時間每日不得超過八小時每週不得超過四十小時；經工會或勞資會議同意得將二週內二日之正常工時分配於其他工作日（每日不超過二小時每週不超過四十八小時）或八週內分配（每日不超過八小時每週不超過四十八小時），僅適用指定行業；雇主應置備出勤紀錄逐日記載至分鐘並保存五年，勞工申請副本不得拒絕；得允許勞工於一小時範圍內彈性調整起迄時間。第30條之1：四週變形工時。	Article 30: 8/40 with two-week and eight-week flexible schedules for designated industries (max 48 h/week), minute-level attendance records kept 5 years.	draft	6		
Q1012	OSH	OSH-48	勞動基準法	第32條	民國113年7月31日	勞基法-延長工時	3	雇主經工會或勞資會議同意延長工時，連同正常工時一日不得超過幾小時？延長工時一個月不得超過幾小時？經同意得放寬至每月幾小時、每三個月幾小時？	十四小時；六十小時；七十小時、二百小時	十小時；四十小時；五十小時、一百二十小時	十二小時；四十六小時；五十四小時、一百三十八小時	十二小時；三十六小時；四十八小時、一百小時	With union or labor-management consent, daily hours including overtime may not exceed, monthly overtime may not exceed, and the relaxed limits are:	14 hours; 60 hours; 70 and 200	10 hours; 40 hours; 50 and 120	12 hours; 46 hours; 54 per month and 138 per 3 months	12 hours; 36 hours; 48 and 100	c	第32條：經工會（無工會經勞資會議）同意得延長工時；連同正常工時一日不得超過十二小時；延長工時一個月不得超過四十六小時，經工會或勞資會議同意得為每月五十四小時、每三個月一百三十八小時，僱用三十人以上者應報當地主管機關備查；天災事變突發事件得延長但應於二十四小時內通知工會或報備查並事後補給休息；坑內工作不得延長（監視為主或天災者除外）。第32條之1：加班得依勞工意願換補休，未補休者依原標準發給工資。	Article 32; Article 32-1 allows compensatory leave at the worker's choice.	draft	6		
Q1013	OSH	OSH-48	勞動基準法	第34條	民國113年7月31日	勞基法-輪班	3	採輪班制之勞工更換班次時，至少應有連續幾小時之休息？經公告得變更為不少於連續幾小時？	八小時；六小時	十一小時；八小時	十小時；八小時	十二小時；十小時	Shift workers changing shifts must have at least how many consecutive hours of rest, reducible by announcement to no less than:	8 hours; 6 hours	11 hours; 8 hours	10 hours; 8 hours	12 hours; 10 hours	b	第34條：輪班制工作班次每週更換一次（勞工同意者除外）；更換班次時至少應有連續十一小時之休息，因工作特性或特殊原因經中央目的事業主管機關商請中央主管機關公告者得變更為不少於連續八小時，並應經工會或勞資會議同意，三十人以上應報備查。第35條：繼續工作四小時至少應有三十分鐘休息。	Article 34; Article 35: 30 minutes' rest after four hours of continuous work.	draft	6		
Q1014	OSH	OSH-48	勞動基準法	第36條	民國113年7月31日	勞基法-例假休息日	2	勞工每七日中應有幾日休息？其中例假與休息日各幾日？依施行細則不得使勞工連續工作逾幾日？	二日；例假一日、休息日一日；六日	三日；例假一日休息日二日；四日	一日；例假一日；六日	二日；例假二日；十二日	Workers get how many rest days per seven days, split how, and per the Enforcement Rules may not work more than how many consecutive days?	2; one regular day off and one rest day; 6	3; one regular and two rest days; 4	1; one regular day off; 6	2; two regular days off; 12	a	第36條：每七日中應有二日休息，一日為例假一日為休息日；變形工時者例假及休息日另有規定；休息日工作時數計入延長工時總數（天災事變除外）；指定行業經同意得於每七日週期內調整例假，三十人以上應報備查。細則第22條之3：例假以每七日為一週期依曆計算，除調整者外不得使勞工連續工作逾六日。第37條：紀念日節日勞動節應休假。	Article 36; Enforcement Rules Article 22-3.	draft	6		
Q1015	OSH	OSH-48	勞動基準法	第38條	民國113年7月31日	勞基法-特別休假	2	勞工繼續工作六個月以上一年未滿者特別休假幾日？一年以上二年未滿？三年以上五年未滿每年幾日？十年以上每年加給一日加至幾日為止？	七日；十日；十四日；三十日	三日；七日；十四日；三十日	三日；七日；十日；二十日	五日；十日；十五日；三十日	Annual leave for service of 6 months–1 year, 1–2 years, 3–5 years, and the cap for 10+ years is:	7; 10; 14; 30	3 days; 7 days; 14 days; up to 30 days	3; 7; 10; 20	5; 10; 15; 30	b	第38條：六個月以上一年未滿三日；一年以上二年未滿七日；二年以上三年未滿十日；三年以上五年未滿每年十四日；五年以上十年未滿每年十五日；十年以上每一年加給一日加至三十日為止；期日由勞工排定，雇主得基於急迫需求協商調整；年度終結或契約終止未休日數應發給工資（得協商遞延一年）；應記載於工資清冊並每年書面通知；勞工主張權利時雇主負舉證責任。	Article 38: the leave schedule, worker-scheduled dates, pay for unused days, written annual notice, and employer burden of proof.	draft	6		
Q1016	OSH	OSH-48	勞動基準法	第39條	民國113年7月31日	勞基法-假日工資	2	例假、休息日、休假及特別休假之工資應如何？雇主徵得勞工同意於休假日工作者工資如何？	由雇主照給；加倍發給	減半；加倍	不給；照給	照給；照給	Wages for regular days off, rest days, holidays and annual leave are, and for agreed holiday work:	Paid in full by the employer; double pay	Half pay; double pay	Unpaid; regular pay	Regular; regular	a	第39條：例假休息日休假及特別休假工資由雇主照給；經徵得勞工同意於休假日工作者工資應加倍發給，季節性趕工經同意照常工作者亦同。第40條：天災事變突發事件得停止假期但工資加倍並事後補假，二十四小時內報請核備。第41條：公用事業經主管機關認有必要得停止特別休假，工資加倍。	Article 39; Article 40: suspended holidays in emergencies require double pay and make-up leave.	draft	6		
Q1017	OSH	OSH-48	勞動基準法	第44條	民國113年7月31日	勞基法-童工	2	勞動基準法所稱童工係指幾歲之受僱者？童工及十六歲以上未滿十八歲之人得否從事危險性或有害性工作？	十五歲以上未滿十六歲；不得	未滿十五歲；不得	十六歲以上未滿十八歲；得	十二歲以上未滿十五歲；得	A 'child worker' under the Act is aged, and may child workers and those aged 16 to under 18 do dangerous or harmful work?	15 to under 16; no	Under 15; no	16 to under 18; yes	12 to under 15; yes	a	第44條：十五歲以上未滿十六歲之受僱從事工作者為童工；童工及十六歲以上未滿十八歲之人不得從事危險性或有害性之工作（細則第25條：依職業安全衛生法令）。第45條：不得僱用未滿十五歲之人（國中畢業或經認定許可者除外）。第46條：未滿十八歲受僱應置備法定代理人同意書及年齡證明。第47條：童工每日不超過八小時每週不超過四十小時例假日不得工作。第48條：童工不得於午後八時至翌晨六時工作。	Articles 44–48: no work under 15 (with exceptions), guardian consent and age proof for minors, 8/40 hour limits and no night work (8 p.m.–6 a.m.) for child workers.	draft	6		
Q1018	OSH	OSH-48	勞動基準法	第49條	民國113年7月31日	勞基法-女工夜間	2	雇主使女工於午後十時至翌晨六時工作，須經工會或勞資會議同意並符合何條件？妊娠或哺乳期間女工是否適用該例外？	提供必要安全衛生設施，無大眾運輸時提供交通工具或宿舍；不適用（不得使其夜間工作）	給付加班費；適用	僅需同意；適用	勞工書面同意；不適用	Female night work (10 p.m.–6 a.m.) requires union or labor-management consent plus what conditions, and do the exceptions apply to pregnant or nursing women?	Necessary safety and health facilities, and transport or dormitories where no public transit exists; no, they may not work at night	Overtime pay; yes	Consent only; yes	Written consent; no	a	第49條：不得使女工於午後十時至翌晨六時工作，但經工會或勞資會議同意且提供必要之安全衛生設施（標準由中央主管機關定）、無大眾運輸工具時提供交通工具或安排宿舍者不在此限；女工因健康或正當理由不能夜間工作者不得強制；天災事變突發事件不適用限制；但書及天災例外於妊娠或哺乳期間之女工不適用。	Article 49; the facilities standard is the Standards for Safety and Health Facilities for Female Night Workers.	draft	6		
Q1019	OSH	OSH-48	勞動基準法	第50條	民國113年7月31日	勞基法-產假	2	女工分娩前後應給予產假幾星期？受僱工作在六個月以上者停止工作期間工資如何？未滿六個月者？	六星期；照給；不給	八星期；減半；不給	八星期；照給；減半發給	十二星期；照給；照給	Maternity leave is how many weeks, with what pay for workers employed six months or more, and for less than six months?	6 weeks; full pay; unpaid	8 weeks; half pay; unpaid	8 weeks; full pay; half pay	12 weeks; full pay; full pay	c	第50條：分娩前後產假八星期，妊娠三個月以上流產者四星期；受僱工作六個月以上者停止工作期間工資照給，未滿六個月者減半發給。第51條：妊娠期間有較輕易之工作得申請改調雇主不得拒絕並不得減少工資。第52條：子女未滿一歲須親自哺乳者每日另給哺乳時間二次每次三十分鐘視為工作時間。	Article 50; Article 51: lighter duties on request during pregnancy; Article 52: two 30-minute nursing breaks daily counted as work time.	draft	6		
Q1020	OSH	OSH-48	勞動基準法	第53條	民國113年7月31日	勞基法-自請退休	2	勞工於何種情形得自請退休？	工作十年以上年滿五十歲	工作十五年以上年滿五十五歲、工作二十五年以上、工作十年以上年滿六十歲	年滿六十五歲	工作二十年以上	A worker may apply for voluntary retirement when:	10+ years and age 50	15+ years of service and age 55, or 25+ years of service, or 10+ years of service and age 60	Age 65	20+ years of service	b	第53條：工作十五年以上年滿五十五歲者、工作二十五年以上者、工作十年以上年滿六十歲者得自請退休。第54條：非年滿六十五歲或身心障礙不堪勝任工作者雇主不得強制退休；年齡得協商延後，危險或堅強體力等特殊工作得報請調整但不得少於五十五歲。	Article 53; Article 54: mandatory retirement only at 65 or for disability, adjustable but not below 55 for hazardous jobs.	draft	6		
Q1021	OSH	OSH-48	勞動基準法	第55條	民國113年7月31日	勞基法-退休金	3	依勞基法退休金給與標準，工作年資每滿一年給與幾個基數？超過十五年部分每滿一年幾個基數？最高總數幾個基數？因執行職務致身心障礙強制退休者加給多少？	二個；一個；四十五個；百分之二十	一個；二個；三十個；百分之十	一個；一個；四十五個；百分之二十	二個；二個；六十個；百分之五十	Under the Act's pension formula, each year of service earns how many units, years beyond 15 earn how many, the cap is, and the supplement for work-caused disability retirement is:	2; 1; 45 units; 20%	1; 2; 30; 10%	1; 1; 45; 20%	2; 2; 60; 50%	a	第55條：每滿一年給與二個基數，超過十五年之年資每滿一年一個基數，最高四十五個基數，未滿半年以半年計滿半年以一年計；因執行職務致身心障礙強制退休者加給百分之二十；基數指核准退休時一個月平均工資；應於退休之日起三十日內給付，無法一次發給得報經核定分期。第56條：雇主應按月提撥薪資總額百分之二至十五之退休準備金專戶存儲，勞工代表不得少於三分之二之監督委員會監督。第58條：請領權五年不行使消滅。	Article 55; Article 56: monthly reserve contributions of 2–15% of payroll; Article 58: 5-year claim period.	draft	6		
Q1022	OSH	OSH-48	勞動基準法	第59條	民國113年7月31日	勞基法-職災補償	2	勞工因職業災害死亡時，雇主應給與幾個月平均工資之喪葬費及幾個月平均工資之死亡補償？醫療中不能工作者按何標準補償？	五個月；四十個月；原領工資	十個月；六十個月；平均工資	五個月；二十個月；半薪	三個月；三十個月；基本工資	For death from an occupational accident, the employer pays how many months' average wage as funeral expenses and as death compensation, and wage compensation during treatment is based on:	5 months; 40 months; the original wage	10 months; 60 months; the average wage	5 months; 20 months; half pay	3 months; 30 months; the minimum wage	a	第59條：受傷或罹患職業病補償必需醫療費用；醫療中不能工作者按原領工資補償，醫療屆滿二年未痊癒經審定喪失原有工作能力且不合失能給付標準者得一次給付四十個月平均工資免除工資補償；治療終止遺存障害者按平均工資及失能程度一次給予失能補償；死亡者給與五個月平均工資喪葬費及四十個月平均工資死亡補償，遺屬順位為配偶及子女、父母、祖父母、孫子女、兄弟姐妹；同一事故已由雇主支付費用補償者得抵充。細則第33條：喪葬費三日內、死亡補償十五日內給付。第61條：受領補償權二年不行使消滅。	Article 59; Enforcement Rules Article 33: funeral expenses within 3 days, death compensation within 15 days; Article 61: 2-year limitation.	draft	6		
Q1023	OSH	OSH-48	勞動基準法	第62條	民國113年7月31日	勞基法-承攬連帶	2	事業單位以其事業招人承攬有再承攬時，承攬人或中間承攬人就各該承攬部分所使用之勞工，職業災害補償責任為何？	均應與最後承攬人連帶負雇主應負之職災補償責任，補償後得向最後承攬人求償	僅事業單位負責	勞工自負	僅最後承攬人負責	When work is subcontracted, contractors and intermediate contractors bear what liability for accident compensation to workers of the subcontracted portions?	Joint liability with the final subcontractor, with recourse against the final subcontractor after paying	Only the principal is liable	Workers bear it	Only the final subcontractor is liable	a	第62條：承攬人或中間承攬人就各該承攬部分所使用之勞工均應與最後承攬人連帶負本章所定雇主應負職災補償責任，補償後得向最後承攬人求償。第63條：原事業單位應督促承攬人勞動條件符合法令；違背職安法對承攬人應負責任之規定致承攬人勞工職災者應負連帶補償責任。第63條之1：要派單位與派遣事業單位連帶負職災補償責任。	Article 62; Article 63: principal jointly liable if it breached OSH contractor duties; Article 63-1: user and dispatch enterprises jointly liable.	draft	6		
Q1024	OSH	OSH-48	勞動基準法	第70條	民國113年7月31日	勞基法-工作規則	2	雇主僱用勞工人數在幾人以上者，應訂立工作規則報請主管機關核備並公開揭示？依施行細則應於幾日內報請核備？	五十人以上；六十日內	三十人以上；三十日內	十人以上；十五日內	一百人以上；三十日內	Employers with at least how many workers must adopt work rules for approval and posting, and file them within:	50; 60 days	30; 30 days	10; 15 days	100; 30 days	b	第70條：僱用勞工三十人以上者應就工作時間休息休假、工資標準計算發放、延長工時、津貼獎金、紀律、考勤請假獎懲升遷、受僱解僱資遣離職退休、災害傷病補償撫卹、福利、安全衛生規定、勞雇溝通等事項訂立工作規則報請主管機關核備後公開揭示。第71條：違反法令強制禁止規定或團體協約者無效。細則第37條：僱用滿三十人時應即訂立並於三十日內報請當地主管機關核備；細則第38條：核備後應公告並印發各勞工。	Article 70 (twelve subjects); Article 71: rules contrary to mandatory law are void; Enforcement Rules Articles 37–38.	draft	6		
Q1025	OSH	OSH-48	勞動基準法	第74條	民國113年7月31日	勞基法-申訴	2	勞工發現事業單位違反勞工法令向主管機關或檢查機構申訴後，機關應於幾日內書面通知處理情形？雇主得否因申訴為不利處分？	六十日內；不得，為之者無效	三十日內；得	十四日內；不得，但得調職	九十日內；得	After a worker complains to the authority or inspection agency, results must be notified in writing within, and may the employer retaliate?	60 days; no, any such action is void	30 days; yes	14 days; no, but transfer is allowed	90 days; yes	a	第74條：勞工得向雇主主管機關或檢查機構申訴；雇主不得因申訴予以解僱降調減薪損害權益或其他不利處分，為之者無效；主管機關或檢查機構應為必要調查並於六十日內書面通知處理情形；應對申訴人身分嚴守秘密，違反者追究責任並負損害賠償。細則第46條：申訴得以口頭或書面為之。第79條：違反第74條第2項處二萬元以上三十萬元以下罰鍰。	Article 74; Article 79: NT$20,000–300,000 fine for retaliation.	draft	6		
Q1026	OSH	OSH-48	勞動基準法	第75條	民國113年7月31日	勞基法-罰則	3	雇主以強暴脅迫拘禁或其他非法方法強制勞工從事勞動者，處罰為何？介入他人勞動契約抽取不法利益者？	罰鍰二萬元；警告	五年以下有期徒刑、拘役或科或併科七十五萬元以下罰金；三年以下有期徒刑或四十五萬元以下罰金	十年以下有期徒刑；五年以下	一年以下有期徒刑；罰鍰	Forcing labor by violence, threats or confinement is punishable by, and taking illegal profit by intervening in others' labor contracts by:	NT$20,000 fine; a warning	Up to 5 years' imprisonment and/or fine up to NT$750,000; up to 3 years and/or fine up to NT$450,000	Up to 10 years; up to 5 years	Up to 1 year; an administrative fine	b	第75條：違反第5條（強制勞動）處五年以下有期徒刑拘役或科或併科七十五萬元以下罰金。第76條：違反第6條（介入契約抽取不法利益）處三年以下有期徒刑拘役或科或併科四十五萬元以下罰金。第77條：違反童工女工保護等規定處六個月以下有期徒刑或三十萬元以下罰金。第81條：法人代表人代理人受僱人因執行業務違反者對法人亦科罰金罰鍰。	Articles 75–77 and 81.	draft	6		
Q1027	OSH	OSH-48	勞動基準法	第79條	民國113年7月31日	勞基法-罰鍰	3	違反工時、加班、例假休息日、女工夜間工作或職災補償等規定者，處新臺幣多少罰鍰？未依規定備置出勤紀錄者？	一萬元以上五萬元以下；二萬元以上	五千元；一萬元	三十萬元以上一百五十萬元以下；十萬元	二萬元以上一百萬元以下；九萬元以上四十五萬元以下	Violations of hours, overtime, rest day, female night work or accident compensation rules are fined, and failure to keep attendance records:	NT$10,000–50,000; NT$20,000+	NT$5,000; NT$10,000	NT$300,000–1,500,000; NT$100,000	NT$20,000–1,000,000; NT$90,000–450,000	d	第79條：違反第21條第1項、第22至25條、第30條第1至3項第6項第7項、第32條、第34至41條、第49條第1項或第59條等處二萬元以上一百萬元以下罰鍰；違反第30條第5項（出勤紀錄）或第49條第5項處九萬元以上四十五萬元以下；違反第7、9條第1項、第16、19條、第28條第2項、第46、56條第1項、第65至68、70條或第74條第2項處二萬元以上三十萬元以下；得依規模人數情節加重至最高額二分之一。第80條之1：受罰者公布名稱負責人姓名處分日期條文金額並限期改善。	Article 79 tiers, increasable by half; Article 80-1: public naming of penalized employers.	draft	6		
Q1028	OSH	OSH-48	勞動基準法	第84-1條	民國113年7月31日	勞基法-責任制	3	經中央主管機關核定公告之監督管理人員或責任制專業人員、監視性或間歇性工作等，得由勞雇雙方另行約定工時例假休假女性夜間工作，其約定應如何？	口頭約定即可	由雇主單方決定	不需報備	以書面為之，參考本法基準且不得損及勞工健康福祉，並報請當地主管機關核備	For approved supervisory/managerial, responsibility-based professional, monitoring or intermittent work, hours and rest may be separately agreed provided the agreement is:	Verbal	Set unilaterally by the employer	Not filed	In writing, referencing the Act's standards without harming workers' health, and filed with the local authority	d	第84條之1：經核定公告之監督管理人員或責任制專業人員、監視性或間歇性工作、其他性質特殊之工作，得由勞雇雙方另行約定工作時間例假休假女性夜間工作並報請當地主管機關核備，不受第30、32、36、37、49條限制；約定應以書面為之並參考本法基準且不得損及勞工之健康及福祉。細則第50條之1：定義監督管理人員責任制專業人員監視性間歇性工作；第50條之2：核備內容應包括職稱工作項目權責工時例假休假女性夜間工作。	Article 84-1; Enforcement Rules Articles 50-1 and 50-2.	draft	6		
Q1029	OSH	OSH-49	勞動基準法施行細則	第10條	民國113年3月27日	勞基細則-經常性給與	3	依勞動基準法施行細則，下列何者不屬工資之「經常性給與」？	按月給付之伙食津貼	計件獎金	全勤獎金	紅利、年終獎金、三節節金、差旅費、工作服代金、婚喪喜慶賀禮、職災補償費等	Under the Enforcement Rules, which are NOT 'regular payments' counted as wages?	Monthly meal allowances	Piece-rate bonuses	Attendance bonuses	Dividends, year-end bonuses, festival bonuses, travel expenses, uniform allowances, wedding/funeral gifts, accident compensation, etc.	d	細則第10條：其他任何名義之經常性給與指下列以外之給與：紅利；年終獎金競賽獎金研究發明獎金特殊功績獎金久任獎金節約燃料物料獎金等非經常性獎金；春節端午中秋節金；醫療補助費勞工及子女教育補助費；勞工直接受自顧客之服務費；婚喪喜慶賀禮慰問金奠儀；職業災害補償費；勞保及商業保險費；差旅費差旅津貼交際費；工作服作業用品及代金；其他指定者。	Enforcement Rules Article 10 lists the eleven non-wage categories.	draft	6		
Q1030	OSH	OSH-49	勞動基準法施行細則	第20-1條	民國113年3月27日	勞基細則-延長工時定義	2	依施行細則，雇主延長勞工工作之時間包括哪些？	僅夜間工作	僅例假日工作	僅每日超過十小時部分	每日超過八小時或每週超過四十小時之部分（變形工時者為超過變更後工時之部分），及休息日工作之時間	Per the Enforcement Rules, 'extended working hours' include:	Only night work	Only regular-day-off work	Only hours beyond 10 per day	Hours beyond 8 per day or 40 per week (or beyond adjusted flexible hours), plus work on rest days	d	細則第20條之1：延長工作時間指每日工作時間超過八小時或每週總時數超過四十小時之部分（依第30條第2、3項或第30條之1變更者為超過變更後工時之部分），及勞工於第36條所定休息日工作之時間。細則第17條：正常工時跨越二曆日者合併計算；第18條：出差不易計算者以平時工時計；第19條：不同場所工時合併並加計交通時間。	Article 20-1; Articles 17–19 on cross-day, off-site and multi-site hours.	draft	6		
Q1031	OSH	OSH-49	勞動基準法施行細則	第24條	民國113年3月27日	勞基細則-特休年度	3	依施行細則，勞工得於勞雇雙方協商之何種期間內行使特別休假權利？雇主應於勞工符合特休條件之日起幾日內告知排定？	任意；不需告知	僅受僱週年；十五日內	受僱當日起算每一週年、曆年、學年度或會計年度或約定年度；三十日內	僅曆年；六十日內	Annual leave may be taken within which agreed periods, and the employer must notify the worker to schedule leave within how many days of eligibility?	Any time; no notice	Anniversary year only; 15 days	The employment anniversary year, calendar year, academic/fiscal year or an agreed year; 30 days	Calendar year only; 60 days	c	細則第24條：特別休假得於協商之下列期間行使：以受僱當日起算每一週年（六個月以上一年未滿者為取得權利後六個月）、每年一月一日至十二月三十一日、學年度會計年度或約定年度；雇主應於勞工符合特休條件之日起三十日內告知排定。細則第24條之1：未休日數乘一日工資計發，於年度終結後三十日內或工資給付日發給；遞延者次年度優先扣除。第24條之2：每年書面通知得以紙本或電子方式。	Enforcement Rules Articles 24 to 24-2.	draft	6		
Q1032	OSH	OSH-49	勞動基準法施行細則	第31條	民國113年3月27日	勞基細則-原領工資	3	勞基法第59條所稱「原領工資」係指？	遭遇職業災害前一日正常工作時間所得之工資；計月者以前最近一個月正常工時工資除以三十	前六個月平均	基本工資	平均工資	'Original wage' under Article 59 of the Act means:	The wage for regular hours on the day before the accident; for monthly pay, the last month's regular-hour wage divided by 30	The six-month average	The minimum wage	The average wage	a	細則第31條：原領工資指勞工遭遇職業災害前一日正常工作時間所得之工資，計月者以遭遇職災前最近一個月正常工作時間所得工資除以三十為一日工資；罹患職業病者低於平均工資時以平均工資為準。細則第30條：工資補償應於發給工資之日給與。細則第32條：第59條第2款但書之四十個月補償應於決定後十五日內給與。細則第34條之1：已投保勞保經核定者補償以平均工資與平均投保薪資之差額計算。	Enforcement Rules Article 31 (average wage applies if higher for occupational disease); Articles 30, 32 and 34-1 on timing and offsets.	draft	6		
Q1033	OSH	OSH-49	勞動基準法施行細則	第45條	民國113年3月27日	勞基細則-檢查異議	2	事業單位對勞基法檢查結果有異議時，應於通知送達後幾日內向檢查機構書面提出？中央主管機關應何時發布次年度勞工檢查方針？	六十日內；每二年	三十日內；每季	七日內；每月	十日內；每年定期發布	Objections to Labor Standards inspection results must be filed in writing within, and the central authority issues the next year's inspection policy:	60 days; every two years	30 days; quarterly	7 days; monthly	10 days; annually	d	細則第45條：事業單位對檢查結果有異議時應於通知送達後十日內向檢查機構以書面提出。細則第41條：中央主管機關應每年定期發布次年度勞工檢查方針，檢查機構於發布之日起五十日內擬定檢查計畫報請核定。第73條：檢查員應出示檢查證，事業單位拒絕時得會同主管機關或警察強制檢查；抽取樣品應事先通知並掣給收據。第80條：拒絕規避阻撓檢查處三萬元以上十五萬元以下罰鍰。	Enforcement Rules Articles 41 and 45; Act Articles 73 and 80 on inspection powers and obstruction fines.	draft	6		
Q1034	OSH	OSH-41	高壓氣體勞工安全規則	第2條	民國111年9月14日	高壓氣體-定義	2	高壓氣體勞工安全規則所稱高壓氣體，壓縮氣體在常用溫度下表壓力達每平方公分幾公斤以上？液化氣體達幾公斤以上？	二公斤；十公斤	二十公斤；五公斤	五公斤；一公斤	十公斤以上（或攝氏三十五度時可達十公斤）；二公斤以上（或達二公斤時溫度在三十五度以下）	Under the High-Pressure Gas Rules, compressed gas is 'high-pressure' at a gauge pressure of at least what at normal temperature, and liquefied gas at least:	2; 10	20; 5	5; 1	10 kg/cm² (or reaching 10 at 35°C); 2 kg/cm² (or reaching 2 at 35°C or below)	d	第2條：壓縮氣體在常用溫度下表壓力達每平方公分十公斤以上或攝氏三十五度時可達十公斤以上者（不含壓縮乙炔）；壓縮乙炔氣達二公斤以上或攝氏十五度時可達二公斤以上者；液化氣體達二公斤以上或達二公斤時之溫度在攝氏三十五度以下者；攝氏三十五度時壓力超過零公斤之液化氰化氫、液化溴甲烷、液化環氧乙烷等。第3條：特定高壓氣體指壓縮氫氣、壓縮天然氣、液氧、液氨、液氯、液化石油氣。	Article 2; compressed acetylene counts from 2 kg/cm²; Article 3 defines specified HP gases (hydrogen, natural gas, liquid oxygen, ammonia, chlorine, LPG).	draft	6		
Q1035	OSH	OSH-41	高壓氣體勞工安全規則	第4條	民國111年9月14日	高壓氣體-可燃性	3	高壓氣體勞工安全規則所稱可燃性氣體，除列舉者外，指爆炸下限在百分之多少以下或爆炸上下限之差在百分之多少以上之氣體？毒性氣體指容許濃度在百萬分之多少以下者？	百分之二十以下或差百分之三十以上；五百 ppm 以下	百分之一以下或差百分之五以上；五十 ppm 以下	百分之十以下或差百分之二十以上；二百 ppm 以下	百分之五以下或差百分之十以上；一百 ppm 以下	Beyond the listed gases, 'flammable gas' means gases with an LEL of at most, or an explosive range of at least, and 'toxic gas' means gases with a permissible concentration at or below:	20%; 30 points; 500 ppm	1%; 5 points; 50 ppm	10%; 20 percentage points; 200 ppm	5%; 10 points; 100 ppm	c	第4條：可燃性氣體指丙烯腈丙烯醛乙炔乙醛氨一氧化碳乙烷乙烯氯乙烯環氧乙烷氰化氫氫二硫化碳丁二烯丁烷丙烷丙烯溴甲烷苯甲烷硫化氫等及其他爆炸下限在百分之十以下或爆炸上限與下限之差在百分之二十以上之氣體。第6條：毒性氣體指丙烯腈丙烯醛二氧化硫氨一氧化碳氯氯甲烷環氧乙烷氰化氫氟溴甲烷苯光氣硫化氫等及其他容許濃度在百萬分之二百以下之氣體。第5條：原料氣體指可燃性氣體及氧氣。	Articles 4–6.	draft	6		
Q1036	OSH	OSH-41	高壓氣體勞工安全規則	第8條	民國111年9月14日	高壓氣體-容器	2	高壓氣體勞工安全規則所稱「灌氣容器」與「殘氣容器」如何區分？	灌氣容器全滿；殘氣容器全空	以容積區分	灌氣容器內氣體質量在灌裝時質量之二分之一以上；殘氣容器未滿二分之一	以壓力區分	How are 'filled cylinders' and 'residual-gas cylinders' distinguished?	Filled: completely full; residual: empty	By volume	Filled: gas mass at least half the mass when filled; residual: less than half	By pressure	c	第7條：容器指純供灌裝高壓氣體之移動式壓力容器。第8條：灌氣容器指灌裝有高壓氣體之容器而該氣體質量在灌裝時質量之二分之一以上者；第9條：殘氣容器指未滿灌裝時質量二分之一者。第10條：超低溫容器可灌裝攝氏零下五十度以下之液化氣體並以絕熱材料被覆；第12條：儲槽指固定於地盤之高壓氣體儲存設備。	Articles 7–12: definitions of containers, filled and residual cylinders, ultra-low-temperature containers and storage tanks.	draft	6		
Q1037	OSH	OSH-41	高壓氣體勞工安全規則	第27條	民國111年9月14日	高壓氣體-製造事業單位	3	甲類製造事業單位係指一日處理氣體容積在多少立方公尺以上，或一日冷凍能力在多少公噸以上之設備從事高壓氣體製造者？	三百立方公尺；一百公噸	三十立方公尺以上；二十公噸以上	一百立方公尺；五十公噸	十立方公尺；三公噸	A 'Class A manufacturing enterprise' processes at least how many cubic meters of gas per day, or has daily refrigeration capacity of at least:	300 m³; 100 tonnes	30 m³; 20 tonnes	100 m³; 50 tonnes	10 m³; 3 tonnes	b	第27條：甲類製造事業單位指使用壓縮液化或其他方法處理之氣體容積（換算為攝氏零度零公斤時）一日在三十立方公尺以上或一日冷凍能力在二十公噸以上之設備從事高壓氣體製造（含灌裝於容器）者；乙類指前款以外之製造者但冷凍能力以三公噸以上者為限。第26條：冷凍機器指一日冷凍能力三公噸以上者。	Article 27; Class B covers other manufacturers with refrigeration capacity of 3 tonnes or more.	draft	6		
Q1038	OSH	OSH-41	高壓氣體勞工安全規則	第28條	民國111年9月14日	高壓氣體-消費事業單位	3	特定高壓氣體消費事業單位之儲存能力門檻，壓縮氫氣或壓縮天然氣為多少立方公尺以上？液氧或液氨多少公斤以上？液氯多少公斤以上？	三百立方公尺；三千公斤；一千公斤	五百立方公尺；五千公斤；三千公斤	一千立方公尺；一萬公斤；五千公斤	一百立方公尺；一千公斤；五百公斤	Thresholds for 'specified HP gas consuming enterprises' are: compressed hydrogen or natural gas at least, liquid oxygen or ammonia at least, liquid chlorine at least:	300 m³; 3,000 kg; 1,000 kg	500 m³; 5,000 kg; 3,000 kg	1,000 m³; 10,000 kg; 5,000 kg	100 m³; 1,000 kg; 500 kg	a	第28條：壓縮氫氣容積三百立方公尺以上、壓縮天然氣三百立方公尺以上、液氧質量三千公斤以上、液氨三千公斤以上、液氯一千公斤以上，或使用導管自其他事業單位導入特定高壓氣體者。第29條：特定液化石油氣消費事業單位指儲存能力三千公斤以上或導管導入者。	Article 28; Article 29: LPG consuming enterprises from 3,000 kg or pipeline supply.	draft	6		
Q1039	OSH	OSH-41	高壓氣體勞工安全規則	第33條	民國111年9月14日	高壓氣體-距離	3	可燃性氣體製造設備外面至處理煙火之設備應保持幾公尺以上距離？可燃性氣體高壓氣體設備與氧氣製造設備之高壓氣體設備應保持幾公尺以上？	五公尺；五公尺	三公尺；五公尺	八公尺；十公尺	十公尺；二十公尺	Flammable gas manufacturing equipment must be at least how far from fire-handling equipment, and from oxygen manufacturing HP equipment:	5 m; 5 m	3 m; 5 m	8 m; 10 m	10 m; 20 m	c	第33條：可燃性氣體製造設備外面至處理煙火設備應保持八公尺以上距離或設置防止漏洩氣體流竄之措施。第34條：可燃性氣體高壓氣體設備與其他可燃性氣體高壓氣體設備保持五公尺以上，與氧氣製造設備之高壓氣體設備保持十公尺以上。第35條：儲存能力三百立方公尺或三千公斤以上之可燃性氣體儲槽與其他可燃性氣體或氧氣儲槽間保持一公尺或最大直徑和四分之一以上較大者（設水噴霧者除外）。	Articles 33–35: 8 m from fire sources, 5 m between flammable gas units, 10 m from oxygen units, and 1 m or a quarter of combined diameters between large tanks.	draft	6		
Q1040	OSH	OSH-41	高壓氣體勞工安全規則	第36條	民國111年9月14日	高壓氣體-標示	2	可燃性氣體儲槽應塗以何種顏色或如何標示？	塗以藍色	塗以黃色	塗以紅色或在槽壁明顯部分以紅字書明該氣體名稱	不需標示	Flammable gas storage tanks must be:	Painted blue	Painted yellow	Painted red or marked with the gas name in red on a visible part of the shell	Unmarked	c	第36條：可燃性氣體儲槽應塗以紅色或在槽壁明顯部分以紅字書明該氣體名稱；地下儲槽埋設覆土式等得採標示牌或其他易識別方式。第31條：事業場所應有明確境界線並設警戒標示。第63條：毒性氣體製造設施應設易辨識措施並於泵閥接頭等有漏洩之虞處標示毒性危害。	Article 36; Article 63: toxic gas facilities need identification and hazard labels at pumps, valves and joints.	draft	6		
Q1041	OSH	OSH-41	高壓氣體勞工安全規則	第37條	民國111年9月14日	高壓氣體-防液堤	3	儲存能力在多少公噸以上之液化可燃性氣體儲槽及液化氧氣儲槽應設防液堤？液化毒性氣體儲槽？	五百公噸；十公噸	一百公噸；一公噸	一千公噸；五公噸	一萬公噸；一百公噸	Dikes (bunds) are required around liquefied flammable gas or liquid oxygen tanks with storage capacity of at least, and liquefied toxic gas tanks of at least:	500 tonnes; 10 tonnes	100 tonnes; 1 tonne	1,000 tonnes; 5 tonnes	10,000 tonnes; 100 tonnes	c	第37條：儲存能力一千公噸以上之液化可燃性氣體儲槽、一千公噸以上之液化氧氣儲槽、五公噸以上之液化毒性氣體儲槽、以毒性氣體為冷媒承液器內容積一萬公升以上者，四周應設防止液化氣體漏洩流竄之防液堤或同等設施。第37條之1：防液堤內側及堤外十公尺內除規定設備外不得設其他設備。第37條之2：液化毒性氣體儲槽防液堤外距離依儲存能力公式計算（可燃性毒性氣體 6–10 公尺，其他毒性氣體 4–8 公尺）。	Article 37; Article 37-1: restricted equipment inside and within 10 m of the dike; Article 37-2: formula-based distances for toxic gas tanks.	draft	6		
Q1042	OSH	OSH-41	高壓氣體勞工安全規則	第41條	民國111年9月14日	高壓氣體-試驗	3	高壓氣體設備應以常用壓力幾倍以上之壓力實施耐壓試驗？氣密試驗以何壓力實施？應具有以常用壓力幾倍加壓不致降伏變形之厚度？	二倍；常用壓力以上；三倍	一倍；一點五倍；一點五倍	一點五倍；常用壓力以上；二倍	三倍；二倍；五倍	HP gas equipment must pass a pressure test at how many times the working pressure, a leak test at what pressure, and have wall thickness withstanding what pressure without yielding?	2×; at least working; 3×	1×; 1.5×; 1.5×	1.5×; at least the working pressure; 2×	3×; 2×; 5×	c	第41條：高壓氣體設備應以常用壓力一點五倍以上之壓力實施耐壓試驗並以常用壓力以上壓力實施氣密試驗合格（容器、經重新檢查或構造檢查之特定設備除外）。第43條：應具有以常用壓力二倍以上壓力加壓時不致引起降伏變形之厚度。第42條：冷媒設備以最高使用壓力以上氣密試驗及一點五倍耐壓試驗。第80條：導管亦同。	Articles 41–43; Article 42 for refrigerant systems; Article 80 for pipelines.	draft	6		
Q1043	OSH	OSH-41	高壓氣體勞工安全規則	第46條	民國111年9月14日	高壓氣體-耐震	3	下列何種高壓氣體設備及其支持構築物應為耐震構造？	正切線間長度五公尺以上之塔、儲存能力三百立方公尺或三公噸以上之儲槽、胴長五公尺以上之豎式冷凝器、內容積五千公升以上之承液器	所有配管	所有容器	所有泵	Which HP gas equipment and its supports must be earthquake-resistant?	Columns 5 m+ between tangent lines, tanks of 300 m³ or 3 t+, vertical condensers with shells 5 m+, and receivers of 5,000 L+	All piping	All cylinders	All pumps	a	第46條：塔（最高位正切線至最低位正切線長度五公尺以上）、儲槽（儲存能力三百立方公尺或三公噸以上）、豎式圓胴型冷凝器（胴部長度五公尺以上）、承液器（內容積五千公升以上）及支撐各該設備之支持構築物與基礎應能承受地震影響之耐震構造。第45條：儲存能力一百立方公尺或一公噸以上儲槽之支柱應置於同一基礎。	Article 46; Article 45: tank supports on a common foundation.	draft	6		
Q1044	OSH	OSH-41	高壓氣體勞工安全規則	第49條	民國111年9月14日	高壓氣體-釋放管	3	可燃性氣體儲槽之安全閥或破裂板釋放管開口部，應置於何位置？毒性氣體高壓氣體設備之釋放管？	地面；室外	距地面五公尺或距槽頂二公尺較高者以上且四周無著火源之安全位置；置於該氣體之除毒設備內	槽頂；煙囪	任意；任意	Relief valve discharge pipes on flammable gas tanks must open where, and those on toxic gas equipment:	At ground level; outdoors	At least 5 m above ground or 2 m above the tank top (whichever is higher), away from ignition sources; into the gas's detoxification equipment	At the tank top; a chimney	Anywhere; anywhere	b	第48條：高壓氣體設備儲存設備冷媒設備應設壓力表及超壓時可迅速恢復至最高使用壓力以下之安全裝置。第49條：安全閥或破裂板應置釋放管；可燃性氣體儲槽者置於距地面五公尺或距槽頂二公尺較高者以上且四周無著火源之安全位置；毒性氣體設備者置於該氣體之除毒設備內；其他者高過鄰近建築物工作物且四周無著火源。	Articles 48–49.	draft	6		
Q1045	OSH	OSH-41	高壓氣體勞工安全規則	第53條	民國111年9月14日	高壓氣體-緊急遮斷	3	內容積在多少公升以上之可燃性氣體、毒性氣體或氧氣液化氣體儲槽之配管，應於距儲槽外側幾公尺以上之安全處所設置緊急遮斷裝置？	五千公升；五公尺	一千公升；三公尺	五百公升；二公尺	一萬公升；十公尺	Piping on liquefied flammable, toxic or oxygen tanks with a volume of at least what must have an emergency shut-off operable from at least how far outside the tank?	5,000 L; 5 m	1,000 L; 3 m	500 L; 2 m	10,000 L; 10 m	a	第53條：內容積五千公升以上之可燃性氣體毒性氣體或氧氣液化氣體儲槽之配管（輸出或接受用，含連接部分），應於距儲槽外側五公尺以上安全處所設可操作之緊急遮斷裝置，僅用於接受者得以逆止閥代替；醫療用液氧儲槽得另裝旁通閥但應經常關閉並鉛封上鎖。第52條：儲槽配管除緊急遮斷裝置外應設二具以上之閥，其一置於儲槽近接處並經常關閉。	Article 53; Article 52: two or more valves on tank piping, one near the tank normally closed.	draft	6		
Q1046	OSH	OSH-41	高壓氣體勞工安全規則	第54條	民國111年9月14日	高壓氣體-防爆	2	可燃性氣體（氨及溴甲烷以外）之高壓氣體設備或冷媒設備使用之電氣設備，應具有何種構造？	適應設置場所及氣體種類之防爆性能構造	一般構造	防水構造即可	不需特別構造	Electrical equipment used with flammable gas (other than ammonia or methyl bromide) HP or refrigerant systems must be:	Explosion-proof, suited to the location and gas type	Ordinary construction	Merely waterproof	No special construction	a	第54條：可燃性氣體（氨及溴甲烷以外）之高壓氣體設備或冷媒設備使用之電氣設備應具有適應其設置場所及該氣體種類之防爆性能構造。第55條：自動控制裝置撒水裝置消防設備冷卻水泵緊急照明等應設不因停電失卻安全功能之緊急電源。第66條：可燃性氣體製造設備應採取除卻靜電措施。第60條：有漏洩積滯之虞之場所應設氣體漏洩檢知警報設備。	Article 54; Article 55: emergency power for safety systems; Article 60: gas leak detectors and alarms; Article 66: static elimination.	draft	6		
Q1047	OSH	OSH-41	高壓氣體勞工安全規則	第58條	民國111年9月14日	高壓氣體-防護牆	3	壓縮機與灌裝壓縮乙炔氣於容器之場所或灌氣容器放置場間，應分設厚度幾公分以上之鋼筋混凝土防護牆？使用每平方公分幾公斤以上壓力灌注壓縮氣體者亦同？	五公分；十公斤	九公分；五十公斤	二十公分；二百公斤	十二公分；一百公斤	Protective walls between compressors and acetylene filling areas or cylinder storage must be reinforced concrete at least how thick, likewise for filling at pressures of at least:	5 cm; 10 kg/cm²	9 cm; 50 kg/cm²	20 cm; 200 kg/cm²	12 cm; 100 kg/cm²	d	第58條：放置壓縮機或灌裝壓縮乙炔氣於容器之場所與灌氣容器放置場間應分設厚度十二公分以上鋼筋混凝土造或同等強度之防護牆。第59條：壓縮機與使用每平方公分一百公斤以上壓力灌注壓縮氣體於容器之場所或灌氣容器放置場間亦同。第56條：灌裝壓縮乙炔氣場所及灌氣容器放置場應設撒水裝置。第57條：地上液化石油氣儲槽及支柱應為耐熱性構造或設冷卻撒水設備。	Articles 58–59; Article 56: sprinklers at acetylene filling and cylinder storage; Article 57: heat-resistant LPG tanks or cooling sprays.	draft	6		
Q1048	OSH	OSH-41	高壓氣體勞工安全規則	第64條	民國111年9月14日	高壓氣體-毒性配管	3	毒性氣體之氣體設備之配管、管接頭及閥之接合應採用何種方式？並應在必要處所採用何種構造？	螺紋接合；單管	熔接接合（不適於熔接者得以凸緣接合代替）；二重管構造	任意；任意	黏接；軟管	Piping, fittings and valves for toxic gases must be joined how, and where necessary use what construction?	Threaded; single wall	Welded (flanged joints of adequate strength where welding is unsuitable); double-wall piping	Any; any	Glued; hoses	b	第64條：毒性氣體之氣體設備之配管管接頭及閥之接合應採用熔接接合，不適於熔接者得以安全上具必要強度之凸緣接合代替。第65條：毒性氣體配管應依氣體種類性狀壓力及鄰近狀況在必要處所採用二重管構造。第61條：毒性氣體製造設備應設防止漏洩氣體擴散之裝置、吸收設備及吸收劑、防毒面罩保管於安全場所。第164、165條：液氨液氯消費設備亦同。	Articles 64–65; Article 61: dispersion prevention, absorbers and stored respirators; Articles 164–165 for ammonia and chlorine consumers.	draft	6		
Q1049	OSH	OSH-41	高壓氣體勞工安全規則	第70條	民國111年9月14日	高壓氣體-壓縮限制	3	下列何種氣體不得予以壓縮？	純氮氣	乾燥空氣	乙炔乙烯氫以外之可燃性氣體含氧百分之四以上、乙炔乙烯或氫含氧百分之二以上、氧氣中乙炔乙烯氫合計百分之二以上、氧氣中其他可燃性氣體百分之四以上者	純氬氣	Which gases must not be compressed?	Pure nitrogen	Dry air	Flammable gases (other than acetylene, ethylene, hydrogen) with 4%+ oxygen; acetylene/ethylene/hydrogen with 2%+ oxygen; oxygen with 2%+ acetylene/ethylene/hydrogen combined; oxygen with 4%+ other flammables	Pure argon	c	第70條：安全閥或釋放閥之停止閥應經常全開；空氣液化分離裝置液氧中乙炔超過一毫克、甲烷碳超過二百毫克、其他碳氫化合物碳超過一百毫克或合計超過二百毫克時應停止運轉排放液氧；不得壓縮之氣體：乙炔乙烯氫以外之可燃性氣體含氧容量百分之四以上、乙炔乙烯或氫含氧百分之二以上、氧氣中乙炔乙烯氫合計百分之二以上、氧氣中其他可燃性氣體百分之四以上；製造壓力超過二十五公斤之壓縮乙炔應添加稀釋劑。第101條：導管供應之原料氣體亦不得製造此類混合氣。	Article 70: also requires relief-valve block valves open, liquid oxygen hydrocarbon limits, and diluent for acetylene over 25 kg/cm².	draft	6		
Q1050	OSH	OSH-41	高壓氣體勞工安全規則	第71條	民國111年9月14日	高壓氣體-灌裝	3	將液化氣體灌注於儲槽時，其容量不得超過常用溫度下槽內容積之百分之多少？乙炔灌裝壓力應維持在每平方公分幾公斤以下，靜置後攝氏十五度時幾公斤以下？	百分之百；十公斤；五公斤	百分之八十；二十公斤；十公斤	百分之九十五；三十公斤；二十公斤	百分之九十；二十五公斤；十五點五公斤	Liquefied gas filled into tanks may not exceed what share of tank volume at normal temperature, and acetylene must be filled at no more than, settling to no more than at 15°C:	100%; 10; 5	80%; 20; 10	95%; 30; 20	90%; 25 kg/cm²; 15.5 kg/cm²	d	第71條：液化氣體灌注儲槽不得超過常用溫度下槽內容積百分之九十（液化毒性氣體儲槽應有自動探測及超過百分之九十之警報）；乙炔以外壓縮氣體及液氨液化二氧化碳液氯灌注無縫容器前應實施音響檢查；固定於車輛五千公升以上容器灌裝時應設輪擋；乙炔灌裝壓力二十五公斤以下且靜置後攝氏十五度時十五點五公斤以下；環氧乙烷灌注前以氮氣或二氧化碳置換；應使用合格容器或儲槽。	Article 71; Article 92–93 apply the 90% rule to mobile equipment and LPG.	draft	6		
Q1051	OSH	OSH-41	高壓氣體勞工安全規則	第72條	民國111年9月14日	高壓氣體-特殊灌裝	3	氰化氫之灌氣容器應於灌裝後靜置多久確認無漏洩？儲存環氧乙烷之儲槽應維持溫度在攝氏幾度以下？	二十四小時以上；五度以下	四十八小時；二十度	一小時；十度	十二小時；零度	Filled hydrogen cyanide cylinders must stand how long to confirm no leaks, and ethylene oxide storage tanks must be kept below:	At least 24 hours; 5°C	48 hours; 20°C	1 hour; 10°C	12 hours; 0°C	a	第72條：乙炔應灌注於浸潤有丙酮或二甲基甲醯胺之多孔性物質容器；氰化氫應在純度百分之九十八以上中添加穩定劑，灌裝後靜置二十四小時以上確認無漏洩並張貼製造年月日貼籤；環氧乙烷儲槽應經常以氮或二氧化碳置換並維持攝氏五度以下；環氧乙烷灌氣容器應灌注氮或二氧化碳使攝氏四十五度時內壓達四公斤以上。第74條：工業用液化石油氣應貼「未添加臭劑」紅字貼籤，其他應添加漏洩千分之一即可察覺之臭劑。	Article 72; Article 74: odorant requirements for LPG.	draft	6		
Q1052	OSH	OSH-41	高壓氣體勞工安全規則	第75條	民國111年9月14日	高壓氣體-修理	2	從事氣體設備之修理清掃作業時，關閉之閥旋塞或盲板應如何？作業終了後如何？	貼紙條；不需確認	不需標示；立即使用	懸掛「禁止操作」標示牌並予以加鎖；非經確認可安全正常動作前不得供製造作業使用	口頭告知；立即使用	During repair or cleaning of gas equipment, closed valves or blinds must be, and after completion:	Paper-noted; no confirmation	Unmarked; used immediately	Tagged 'do not operate' and locked; not returned to service until confirmed safe	Verbally noted; used immediately	c	第75條：事前訂定作業計畫並指定作業負責人監督；可燃性毒性氣體或氧氣設備應先以不易反應之氣體或液體置換，勞工進入者再以空氣置換；開放部分前後之閥旋塞應關閉並設盲板阻隔；關閉之閥旋塞或盲板應懸掛「禁止操作」標示牌並加鎖；終了後非經確認可安全正常動作前不得使用。第187條：消費設備修理清掃亦應先置換。	Article 75: work plan, supervisor, inert then air purge, isolation, lock-and-tag and verification; Article 187 for consumer equipment.	draft	6		
Q1053	OSH	OSH-41	高壓氣體勞工安全規則	第79條	民國111年9月14日	高壓氣體-容器放置場	2	灌氣容器及殘氣容器之容器放置場，其四周幾公尺以內不得有煙火或危險性物質？灌氣容器溫度應保持在攝氏幾度以下？	一公尺；五十度	五公尺；三十度	十公尺；六十度	二公尺；四十度	Cylinder storage areas must be free of fire and dangerous substances within what distance, and filled cylinders kept below:	1 m; 50°C	5 m; 30°C	10 m; 60°C	2 m; 40°C	d	第79條：容器放置場應明確標示並設警戒標示；可燃性或氧氣容器放置場應以不燃性難燃性材料構築輕質屋頂；可燃性氣體場所應使漏洩不滯留；二氧化硫氨氯氯甲烷環氧乙烷氰化氫光氣硫化氫應設除毒設備；設滅火設備；灌氣與殘氣容器分別放置；不得放置無關物品；四周二公尺內不得有煙火或危險性物質（設九公分以上鋼筋混凝土防護牆者除外）；溫度保持攝氏四十度以下；五公升以上容器應防翻倒掉落；可燃性氣體放置場不得攜帶火源機具。	Article 79: marked areas, non-combustible roofs, separation of filled and residual cylinders, detoxification equipment for toxic gases, no ignition sources.	draft	6		
Q1054	OSH	OSH-41	高壓氣體勞工安全規則	第80條	民國111年9月14日	高壓氣體-導管	3	高壓氣體導管埋設於地盤下時，埋設深度應距離地面幾公分以上？	六十公分	一百公分	三十公分	二十公分	Buried HP gas pipelines must be at least how deep below ground?	60 cm	100 cm	30 cm	20 cm	a	第80條：導管不得設於地塌山崩不均勻沈陷場所或建築物內部及基礎下面；設於地盤上應距地面安裝並設標示；埋設地盤下深度應距地面六十公分以上並設標示；設於水中應置於不受船舶波浪影響之深度；耐壓試驗一點五倍氣密試驗常用壓力以上；厚度耐二倍壓力；防蝕及吸收應力；防止超溫超壓；輸送氧氣或天然甲烷導管與壓縮機間應設除水設備。	Article 80: siting restrictions, 60 cm burial, marking, 1.5× pressure test, corrosion and stress protection, water removal for oxygen and methane lines.	draft	6		
Q1055	OSH	OSH-41	高壓氣體勞工安全規則	第82條	民國111年9月14日	高壓氣體-地下儲槽	3	埋設於地盤內之液化石油氣儲槽，其儲槽室頂蓋牆壁及底板厚度應在幾公分以上？頂部至少距離地面幾公分？併設二個以上儲槽時面間距？	三十公分；六十公分；一公尺以上	十公分；二十公分；零點三公尺	五十公分；一百公分；二公尺	二十公分；三十公分；零點五公尺	For underground LPG tanks, the vault walls must be at least how thick, the tank top at least how far below ground, and spacing between adjacent tanks at least:	30 cm; 60 cm; 1 m	10 cm; 20 cm; 0.3 m	50 cm; 100 cm; 2 m	20 cm; 30 cm; 0.5 m	a	第81條：經認定對公共具有危險之液化石油氣儲槽應埋設於地盤內。第82條：儲槽應設於厚度三十公分以上混凝土造或同等強度之頂蓋牆壁底板構築之儲槽室內並填足乾砂、埋設水中或強制換氣之一（施防鏽固定且頂部耐荷重者得直接埋設）；頂部至少距地面六十公分；併設二個以上儲槽面間距一公尺以上；外應設警戒標示。第83條：一部埋於地盤者該部分應施防鏽。	Articles 81–83.	draft	6		
Q1056	OSH	OSH-41	高壓氣體勞工安全規則	第85條	民國111年9月14日	高壓氣體-加氣站	3	加氣站承受灌裝之車輛應距離地面上儲槽外面幾公尺以上？液化石油氣灌裝時應於何時始得移動車輛？	五公尺；灌裝中	十公尺；引擎熄火即可	一公尺；隨時	三公尺以上（設防護柵者除外）；拆卸容器與裝卸設備之連接部分後	At LPG filling stations, vehicles being filled must be at least how far from above-ground tanks, and may move only after:	5 m; during filling	10 m; the engine is off	1 m; any time	3 m (unless a guard fence is provided); the hose connection is disconnected	d	第85條：承受灌裝之車輛應距離設置在地面上之儲槽外面三公尺以上，儲槽與車輛間設防護柵者除外。第86條：應拆卸容器與裝卸設備之連接部分後始得移動車輛；應添加漏洩千分之一即可察覺臭味之臭劑。第25條：加氣站指直接將液化石油氣灌裝於固定在使用該氣體為燃料之車輛容器之固定式製造設備。	Articles 85–86; Article 25 defines filling stations.	draft	6		
Q1057	OSH	OSH-41	高壓氣體勞工安全規則	第93條	民國111年9月14日	高壓氣體-移動式液化石油氣	3	以移動式製造設備從事液化石油氣灌裝時，不得灌注於內容積在多少公升以下之容器？	五百公升以下	五千公升以下	一千公升以下	一百公升以下	Mobile LPG filling equipment may not fill containers with a volume of at most:	500 liters	5,000 liters	1,000 liters	100 liters	c	第93條：不得灌注於內容積一千公升以下之容器；應使用經檢查合格之容器或儲槽；事前確認承注容器或儲槽已設液面計或過裝防止裝置；不超過槽內容積百分之九十；防止原動機火花；事前確認配管連接部無漏洩且灌注後微量排放剩餘氣體後始得拆卸；除卻靜電；五千公升以上車載容器設輪擋。第92條：移動式製造設備灌裝之一般規定。	Article 93; Article 92 general rules for mobile manufacturing equipment.	draft	6		
Q1058	OSH	OSH-41	高壓氣體勞工安全規則	第97條	民國111年9月14日	高壓氣體-乙類製造	3	乙類製造事業單位灌注高壓氣體於容器時，應距離處置煙火場所、多數人聚集場所或堆置危險性物質場所幾公尺以上？灌注氧氣前應除卻何物？	一公尺；標籤	十公尺；水分	五公尺以上；附著於閥及容器之石油類或油脂類，且不得使用可燃性墊圈	二公尺；灰塵	Class B manufacturers filling cylinders must keep at least what distance from fire, crowds or dangerous substances, and before filling oxygen must remove:	1 m; labels	10 m; moisture	5 m; petroleum or grease on valves and cylinders, with no combustible gaskets	2 m; dust	c	第97條：灌注高壓氣體於容器應距處置煙火場所、多數人聚集場所或堆置危險性物質場所五公尺以上；灌注氧氣前應除卻附著於閥及容器之石油類或油脂類，容器與閥間不得使用可燃性墊圈；加熱容器閥配管應用熱濕布或攝氏四十度以下溫水；灌裝之氰化氫移注於其他容器應於灌裝之日起六十日內（純度百分之九十八以上未著色者除外）。	Article 97; also 40°C warm-water heating limits and 60-day transfer limit for hydrogen cyanide.	draft	6		
Q1059	OSH	OSH-41	高壓氣體勞工安全規則	第109條	民國111年9月14日	高壓氣體-消費設備	3	壓縮天然氣或液化石油氣供燃料使用之消費設備，內容積在幾公升以上之灌氣容器應放置於室外並於四周幾公尺內設遮斷火源措施？調整器高壓側耐壓試驗及氣密試驗壓力各為多少？	五十公升；五公尺；五十公斤及三十公斤	五公升；三公尺；二十公斤及十公斤	十公升；一公尺；十公斤及五公斤	二十公升；二公尺；二十六公斤及十六公斤	For CNG/LPG fuel consumers, cylinders of at least what volume must be outdoors with fire cut-off measures within what radius, and regulators' high-pressure side must pass pressure and leak tests at:	50 L; 5 m; 50 and 30	5 L; 3 m; 20 and 10	10 L; 1 m; 10 and 5	20 L; 2 m; 26 kg/cm² and 16 kg/cm²	d	第109條：內容積二十公升以上之灌氣容器應放置於室外並於四周二公尺內設可遮斷火源之措施（室外困難且漏洩不滯留者除外）；容器及鋼裙應防濕氣生鏽；溫度保持攝氏四十度以下；超過五公升之容器應防翻倒損傷閥；容器與停止閥間設調整器，調整器高壓側應經每平方公分二十六公斤耐壓試驗及十六公斤氣密試驗合格；容器與調整器間配管以二十六公斤、調整器與停止閥間以八公斤（未滿零點三公尺者二公斤）耐壓試驗；軟管與硬管或調整器連接應以管帶鎖緊。第107條：壓縮天然氣灌氣容器應標示使用期間不超過有效期限六月。	Article 109; Article 107: CNG cylinders marked with use not exceeding six months past the validity period.	draft	6		
Q1060	OSH	OSH-41	高壓氣體勞工安全規則	第113條	民國111年9月14日	高壓氣體-儲槽儲存	2	以儲槽儲存高壓氣體時，儲槽四周幾公尺以內不得有煙火或危險物質？液化氣體儲存不得超過槽內容積百分之多少？	一公尺；百分之九十五	十公尺；百分之百	五公尺；百分之八十	二公尺；百分之九十	Tank storage of HP gas requires no fire or dangerous substances within what distance, and liquefied gas not exceeding what share of tank volume?	1 m; 95%	10 m; 100%	5 m; 80%	2 m; 90%	d	第113條：儲存可燃性或毒性氣體之儲槽應設於通風良好場所；四周二公尺以內不得有煙火或危險物質；液化氣體儲存不得超過常用溫度下槽內容積百分之九十；修理準用第75條；一百立方公尺或一公噸以上儲槽應注意沈陷；操作閥應防止過巨之力。第118條：儲存容積三百立方公尺或三千公斤以上之事業單位應設專用高壓氣體儲存場。第117條：容積零點一五立方公尺以下之儲槽或容器不受限制。	Article 113; Article 118: dedicated storage yards from 300 m³ or 3,000 kg; Article 117: exemption below 0.15 m³.	draft	6		
Q1061	OSH	OSH-41	高壓氣體勞工安全規則	第116條	民國111年9月14日	高壓氣體-容器儲存	3	以容器儲存氰化氫時應多久檢點一次？氰化氫之儲存自灌裝之日起不得超過幾日？	每月一次；九十日	每年一次；一年	每日一次以上；六十日	每週一次；三十日	Stored hydrogen cyanide cylinders must be checked how often, and HCN may be stored for at most how long after filling?	Monthly; 90 days	Yearly; 1 year	At least daily; 60 days	Weekly; 30 days	c	第116條：儲存可燃性或毒性氣體之容器應放置於通風良好場所；儲存氰化氫之容器應每日檢點一次以上；氰化氫之儲存自灌裝之日起不得超過六十日（純度百分之九十八以上且未著色者除外）；不得固定或積載於船舶車輛鐵路車輛（滅火用二氧化碳氮氣、消防救護車救急用等除外）；準用第79條第6至11款。第182條：氰化氫之消費應使用灌裝後不超過六十日者。	Article 116; Article 182 applies the 60-day rule to consumption.	draft	6		
Q1062	OSH	OSH-41	高壓氣體勞工安全規則	第125條	民國111年9月14日	高壓氣體-車輛運輸	3	固定於車輛運輸之灌氣容器應經常保持溫度於攝氏幾度以下？後方卸出式容器之容器原閥與車輛後保險桿後面間之水平距離應保持幾公分以上？	三十度；五十公分	五十度；三十公分	四十度；四十公分	六十度；二十公分	Cylinders fixed on vehicles must be kept below what temperature, and for rear-discharge tanks the valve must be at least how far forward of the rear bumper?	30°C; 50 cm	50°C; 30 cm	40°C; 40 cm	60°C; 20 cm	c	第125條：固定於車輛運輸之灌氣容器應保持攝氏四十度以下，內存液化氣體者應設溫度計。第126條：液化氣體容器應設防波板（ISO Tank 及無縫容器除外）。第127條：超過車輛最高點者應設高度檢知桿。第128條：後方卸出式容器原閥及緊急遮斷閥與後保險桿後面水平距離四十公分以上；第129條：其他容器後面與後保險桿三十公分以上；第130條：突出零件收容於車輛左側以外之工作箱且距後保險桿二十公分以上。第132條：液化可燃性毒性氣體或液氧容器不得使用玻璃液面計。第134條：運輸開始或終止時應檢點漏氣。	Articles 125–134: temperature, baffles, height indicators, bumper clearances (40/30/20 cm), no glass gauges, leak checks at start and end of transport.	draft	6		
Q1063	OSH	OSH-41	高壓氣體勞工安全規則	第124條	民國111年9月14日	高壓氣體-集合容器	2	同一車輛上固定二個以上容器連成一體之集合容器，應設置何種裝置？	僅一個總閥	容器相互間及與車輛緊結措施、每一容器設容器原閥、灌裝管上設安全閥壓力表及緊急洩壓閥	僅繩索固定	不需壓力表	Manifolded cylinder assemblies fixed on one vehicle must have:	Only one master valve	Secure fastening between cylinders and to the vehicle, a main valve on each cylinder, and a safety valve, pressure gauge and emergency relief valve on the filling line	Rope tie-downs only	No pressure gauge	b	第124條：集合容器應設可使容器相互間及集合容器與車輛間緊結之措施；每一容器應設供氣體輸出輸入用之容器原閥；灌裝管上應設安全閥壓力表及緊急洩壓閥。第133條：容器之閥或旋塞應採取自外面易識別開閉方向及狀態之措施。	Article 124; Article 133: valve open/close status visible from outside.	draft	6		
Q1064	OSH	OSH-41	高壓氣體勞工安全規則	第169條	民國111年9月14日	高壓氣體-消費禁火	2	特定高壓氣體消費設備之儲存相關設備四周幾公尺以內應嚴禁煙火？特定液化石油氣消費設備儲存相關設備至處理煙火設備應保持幾公尺以上？	二公尺；五公尺	十公尺；十五公尺	五公尺；八公尺	三公尺；六公尺	Fire is banned within what distance of specified HP gas consumer storage equipment, and LPG consumer storage equipment must be at least how far from fire-handling equipment?	2 m; 5 m	10 m; 15 m	5 m; 8 m	3 m; 6 m	c	第169條：儲存相關設備四周五公尺以內應嚴禁煙火且不得置放危險性物質。第176條：特定液化石油氣消費設備儲存相關設備外面至處理煙火設備應保持八公尺以上或設防止流竄措施。第184條：可燃性氣體或氧氣消費設備五公尺以內嚴禁煙火。第181條：可燃性或毒性氣體之消費應在通風良好場所並保持容器攝氏四十度以下。第170、185條：液氧或氧氣使用之閥器具應除卻石油類油脂類。	Articles 169, 176, 181, 184; oxygen equipment must be free of oil and grease.	draft	6		
Q1065	OSH	OSH-41	高壓氣體勞工安全規則	第191-1條	民國111年9月14日	高壓氣體-容器串接	3	消費事業單位將液化石油氣容器串接供廠場使用，使用及備用容器串接總容量不得超過多少公斤？應設置何種自動緊急遮斷裝置？	一百公斤；不需	一千公斤；漏洩及地震偵測自動緊急遮斷裝置	三千公斤；壓力偵測	五百公斤；溫度偵測	When consumers manifold LPG cylinders for plant use, the total capacity in use and standby may not exceed, and what automatic shut-off is required?	100 kg; none	1,000 kg; leak and earthquake detection automatic emergency shut-off	3,000 kg; pressure detection	500 kg; temperature detection	b	第191條之1：串接總容量不得超過一千公斤並訂定容器串接供應使用管理計畫；容器及氣化器設於室外；防止液封；撓管連結容器處加裝防止噴洩裝置；配管設逆止閥；撓管配管符合 CNS 或 ISO；設漏洩及地震偵測自動緊急遮斷裝置；標示緊急聯絡人及電話；依消防法設消防設備（自 112 年 9 月 14 日施行）。	Article 191-1: management plan, outdoor siting, anti-liquid-lock, excess-flow devices, check valves, CNS/ISO hoses, automatic shut-off, emergency contacts, fire equipment.	draft	6		
Q1066	OSH	OSH-41	高壓氣體勞工安全規則	第210條	民國111年9月14日	高壓氣體-廢棄	2	可燃性氣體之廢棄應如何？可燃性氣體等得否併同容器廢棄？	可任意排放；得	集中燃燒；得	埋入地下；不得	不得近接煙火或危險性物質場所，排放於大氣時應於通風良好場所緩緩排放；不得併同容器廢棄	Flammable gases must be disposed of how, and may gases be discarded together with their cylinders?	Vented anywhere; yes	Burned in bulk; yes	Buried; no	Away from fire or dangerous substances, vented slowly in a well-ventilated place; no	d	第210條：可燃性氣體等不得併同容器廢棄。第211條：可燃性氣體廢棄不得近接煙火處置場所或危險性物質場所，排放於大氣中應於通風良好場所緩緩排放。第212條：毒性氣體排放應依環保規定。第213條：連續廢棄應檢測滯留濃度。第214條：氧氣廢棄之閥器具應除卻油脂。第215條：廢棄後嚴閉其閥並防翻倒。第217條：加熱應用熱濕布或四十度以下溫水。	Articles 210–217.	draft	6		
Q1067	OSH	OSH-41	高壓氣體勞工安全規則	第218條	民國111年9月14日	高壓氣體-災害防止規章	2	甲類製造事業單位應訂定災害防止規章，其內容包括下列何者？	僅薪資制度	僅獎懲	安全衛生管理體制及職責、製造設備安全運轉操作、安全巡視檢點檢查、設施新設增設變更與維護保養檢修汰換、緊急應變及演練、承攬人管理協調等	僅出勤規定	Class A manufacturing enterprises must adopt disaster prevention rules covering:	Pay systems only	Rewards and penalties only	Management structure and duties, safe operation of equipment, patrols and inspections, management of new/expanded/modified facilities and maintenance, emergency response and drills, contractor coordination	Attendance only	c	第218條：安全衛生管理體制及各層級職責、製造設備之安全運轉及操作、安全巡視檢點檢查、製造設施新設增設變更之管理與設備管線維護保養檢修汰換、緊急狀態應變措施及演練、承攬人再承攬人之管理協調、其他防災必要事項。第239條：應對管理監督指揮及操作人員施予安全知識教育訓練。第240條：定期安全維護保養檢點並補修汰換，於安全主任作業主管督導下實施，紀錄留存三年。	Article 218; Article 239: training; Article 240: periodic maintenance under supervisors with records kept 3 years.	draft	6		
Q1068	OSH	OSH-41	高壓氣體勞工安全規則	第219條	民國111年9月14日	高壓氣體-安全負責人	2	甲類製造事業單位應於製造開始之日指派何人綜理高壓氣體製造安全業務並向勞動檢查機構報備？	任何員工	製造事業單位實際負責人為高壓氣體製造安全負責人	安全衛生管理員	作業主管	On the first day of manufacturing, a Class A enterprise must designate whom as HP gas manufacturing safety officer and report to the inspection agency?	Any employee	The actual person in charge of the manufacturing enterprise	The OSH administrator	A work supervisor	b	第219條：應就製造事業單位實際負責人指派為高壓氣體製造安全負責人綜理製造安全業務並向勞動檢查機構報備（非可燃性毒性冷媒之單元型自動控制冷凍設備、氟氯冷114製造設備、經核准之試驗研究設備除外）。第220條：液化石油氣及冷凍用以外之甲類製造事業單位應選任高壓氣體製造安全主任輔助之，並依教育訓練規則受訓。第221條：應依製造種類選任高壓氣體製造安全作業主管並受訓。	Article 219; Articles 220–221: safety chiefs and safety work supervisors with statutory training.	draft	6		
Q1069	OSH	OSH-41	高壓氣體勞工安全規則	第224條	民國111年9月14日	高壓氣體-作業主管職責	2	高壓氣體製造安全作業主管應擔負之技術事項，下列何者正確？	僅採購設備	僅安排班表	維持製造設備及作業方法符合法令基準、監督實施自動檢查、實施巡視與檢點、對安全作業標準設備管理承攬管理提供建議、災害時採取必要措施	僅管理薪資	The HP gas manufacturing safety work supervisor is responsible for:	Purchasing equipment only	Scheduling shifts only	Keeping equipment and methods to legal standards, supervising self-inspections, patrols and checks, advising on work standards/equipment/contractor management, and acting on accidents	Managing payroll only	c	第224條：維持製造設備符合法令規定基準、維持作業方法符合基準、監督實施自動檢查、實施巡視與檢點、對安全作業標準設備管理基準承攬管理基準及災害防止措施提供建議、發生災害或有虞時採取必要措施，並監督指揮勞工作業。第229、233條：液化石油氣及冷凍用高壓氣體之作業主管職責相同。第238條：平時應選任製造安全管理人員之代理人。	Article 224 (mirrored in Articles 229 and 233); Article 238: deputies must be pre-designated.	draft	6		
Q1070	OSH	OSH-41	高壓氣體勞工安全規則	第225條	民國111年9月14日	高壓氣體-規劃人員	3	一日製造高壓氣體容積在多少立方公尺以上之甲類製造事業單位，應選任高壓氣體製造安全規劃人員？其資格為何？	十萬立方公尺；高中畢業	一千萬立方公尺；博士	一百萬立方公尺以上；大專理工科系畢業且擔任製造安全主任五年以上或作業主管及安全主任合計七年以上	一萬立方公尺；任何資格	Class A enterprises producing at least how much HP gas per day must appoint a manufacturing safety planner, qualified as:	100,000 m³; high school graduate	10,000,000 m³; PhD	1,000,000 m³; science/engineering graduate with 5+ years as safety chief or 7+ years combined as work supervisor and safety chief	10,000 m³; any qualification	c	第225條：一日製造高壓氣體容積一百萬立方公尺以上（純供灌裝之儲槽事業單位二百萬立方公尺以上）者應就大專校院理工科系畢業並擔任製造安全主任五年以上或擔任製造安全作業主管及安全主任合計七年以上者選任高壓氣體製造安全規劃人員並報備（製造安全負責人具同等資格者除外）；空氣或非保安用不活性氣體四分之三容積及保安用不活性氣體全部不列入。第226條：規劃人員輔導規劃安全工作守則、安全教育計畫、基本對策、作業標準建議、防災訓練、災害原因調查、資料蒐集。第227、230條：液化石油氣處理能力一百萬立方公尺以上者亦同。	Article 225 (2,000,000 m³ for filling-only tank operations); Article 226 duties; Articles 227 and 230 for LPG.	draft	6		
Q1071	OSH	OSH-41	高壓氣體勞工安全規則	第234條	民國111年9月14日	高壓氣體-供應消費主管	3	供應氨、氯甲烷、氰化氫、乙炔、氯、氫、氧、丁烷等高壓氣體之事業場所，應於供應開始之日選任何人？特定高壓氣體消費事業單位應選任何人？	保全；保全	高壓氣體供應安全作業主管；高壓氣體消費作業主管，均應接受高壓氣體供應及消費作業主管教育訓練	廠長；廠長	職業安全衛生管理員；不需	Suppliers of ammonia, methyl chloride, HCN, acetylene, chlorine, hydrogen, oxygen or butane must appoint whom, and specified HP gas consumers whom?	Security; security	An HP gas supply safety work supervisor; an HP gas consumption work supervisor, both trained under the training rules	The plant manager; the plant manager	An OSH administrator; nobody	b	第234條：供應氨氯甲烷或氰化氫、乙炔丁二烯丁烯丙烯或甲烷、氯、氫、氧、丁烷之事業場所應依供應場所分類分別選任高壓氣體供應安全作業主管。第235條：液化石油氣供應事業單位亦同。第236條：特定高壓氣體消費事業單位應選任高壓氣體消費作業主管；第237條：特定液化石油氣消費事業單位亦同；均應依教育訓練規則接受高壓氣體供應及消費作業主管教育訓練。	Articles 234–237.	draft	6		
Q1072	OSH	OSH-41	高壓氣體勞工安全規則	第241條	民國111年9月14日	高壓氣體-不適用	3	下列何者不適用高壓氣體勞工安全規則？	液化石油氣加氣站	高壓鍋爐內之高壓蒸氣、船舶航空器內使用之高壓氣體、冷凍能力未滿三公噸之冷凍設備、內燃機起動輪胎充氣鑽岩用壓縮裝置內之壓縮氣體等	液氯儲槽	氧氣製造設備	Which is NOT covered by the High-Pressure Gas Labor Safety Rules?	LPG filling stations	High-pressure steam in boilers, HP gas on ships or aircraft, refrigeration under 3 tonnes capacity, compressed air in engine starters, tire inflation or rock drills, etc.	Liquid chlorine tanks	Oxygen manufacturing equipment	b	第241條不適用：高壓鍋爐及導管內之高壓蒸氣、鐵路車輛冷氣設備、船舶設備、礦場設施、航空器、電力設備內、原子能設施、內燃機起動輪胎充氣打鉚鑽岩土木工程用壓縮裝置、冷凍能力未滿三公噸之冷凍設備、液化溴甲烷製造設備外之溴甲烷、高壓蒸氣鍋內（氫乙炔氯乙烯除外）、飲料啤酒用高壓氣體（液化氣體質量百分之十五以下且三十五度時六公斤以下）、質量五百公克以下且三十五度時八公斤以下經指定之液化氣體。	Article 241 lists thirteen exclusions.	draft	6		