Q3220	OSH	OSH-07	職業安全衛生設施規則	第1條	民國115年6月30日	設施規則-總則	1	職業安全衛生設施規則係依據下列何項規定訂定？	職業安全衛生法第二十三條第四項	職業安全衛生法第五條第二項	勞動檢查法第二十六條第二項	職業安全衛生法第六條第三項	The OSH Facilities Rules are promulgated under which provision?	Article 23, Paragraph 4 of the OSH Act	Article 5, Paragraph 2 of the OSH Act	Article 26, Paragraph 2 of the Labor Inspection Act	Article 6, Paragraph 3 of the OSH Act	d	第1條：本規則依職業安全衛生法第六條第三項規定訂定之。該項授權中央主管機關就雇主應有之安全衛生設備及措施訂定規則。第2條並定明本規則為最低標準。	Article 1: the Rules are issued under Article 6-3 of the Occupational Safety and Health Act.	draft	11		
Q3221	OSH	OSH-07	職業安全衛生設施規則	第2條	民國115年6月30日	設施規則-總則	1	職業安全衛生設施規則就雇主之安全衛生設備及措施，具有何種地位？	係僅適用於製造業之特別安全衛生技術規範	係雇主得自行選擇是否採行之建議性參考基準	係雇主使勞工從事工作之安全衛生設備及措施之最低標準	係雇主應達成之最高標準，超出者即屬違法	What is the legal status of the OSH Facilities Rules?	A special technical standard applicable only to manufacturing plants	A voluntary reference guideline employers may choose to adopt or not	The minimum standard for employers safety and health equipment and measures	The maximum standard that employers must never exceed in a workplace	c	第2條：本規則為雇主使勞工從事工作之安全衛生設備及措施之最低標準。雇主仍得採取優於本規則之措施；第20條並要求依中央主管機關指定公告之國家標準等辦理。	Article 2: the Rules set the minimum standard, not a ceiling.	draft	11		
Q3222	OSH	OSH-07	職業安全衛生設施規則	第4條	民國115年6月30日	設施規則-定義	2	本規則所稱離心機械，係指下列何種利用迴轉離心力之機械？	離心分離機、離心脫水機、離心鑄造機等分離、脫水及鑄造機械	以高壓熱風將內裝物乾燥之乾燥機、烘乾爐等機械	以電磁力使內裝物分層之磁選機、電解槽等處理機械	利用真空吸力將內裝物抽出之抽風機、吸塵機械	What are centrifugal machines under the Rules?	Centrifugal separators, dehydrators and casting machines using rotational force	Dryers and drying ovens that remove moisture with high pressure hot air	Magnetic separators and electrolytic cells that split contents by magnetism	Exhaust fans and vacuum machines that draw out contents by suction	a	第4條：離心機械係指離心分離機、離心脫水機、離心鑄造機等之利用迴轉離心力將內裝物分離、脫水及鑄造者。第73條並要求裝置覆蓋及連鎖裝置。	Article 4 defines centrifugal machines by their use of rotational centrifugal force.	draft	11		
Q3223	OSH	OSH-07	職業安全衛生設施規則	第5條	民國115年6月30日	設施規則-定義	2	本規則所稱過負荷防止裝置，其定義與範圍為何？	起重機中防止吊升物超越額定負荷之警報、自動停止裝置，不含荷重計	起重機中顯示吊升物實際重量之一般荷重計及其附屬指示儀表	防止吊鉤過度捲揚而與捲揚胴接觸之過捲預防裝置及警報器	防止起重機因強風傾覆之逸走防止裝置與軌道夾鉗等裝置	What is an overload prevention device under the Rules?	An alarm or auto stop device preventing loads over rated capacity, not load meters	An ordinary load meter showing the actual weight of the lifted load and its dials	An overwinding prevention device stopping the hook from hitting the winding drum	A device preventing crane overturning in strong wind, together with rail clamps	a	第5條：過負荷防止裝置係指起重機中，為防止吊升物不致超越額定負荷之警報、自動停止裝置，不含一般之荷重計。過捲預防裝置則規定於第91條。	Article 5: ordinary load meters are expressly excluded.	draft	11		
Q3224	OSH	OSH-07	職業安全衛生設施規則	第7條	民國115年6月30日	設施規則-定義	2	本規則所稱軌道機械，係指下列何者？	供人員與貨物於建築物各樓層間垂直運送之升降機及其搬器	於工作場所軌道上藉人力行駛，供搬運貨物之各式手推車輛及裝置	於非特定場所能以動力自行活動之車輛及各式車輛系營建機械	於工作場所軌道上供載運勞工或貨物之動力驅動車輛、動力車、捲揚機	What are track machines under the Rules?	Elevators that carry persons and goods vertically between floors of a building	Hand pushed carts moved by human power on workplace rails for carrying goods	Power driven vehicles and construction machinery moving in non specific places	Power driven vehicles, locomotives and winches carrying persons or goods on rails	d	第7條：軌道機械係指於工作場所軌道上供載運勞工或貨物之藉動力驅動之車輛、動力車、捲揚機等一切裝置。藉人力行駛者為第9條之軌道手推車。	Article 7 covers power driven devices running on workplace tracks.	draft	11		
Q3225	OSH	OSH-07	職業安全衛生設施規則	第8條	民國115年6月30日	設施規則-定義	1	本規則所稱手推車之定義為何？	藉人力行駛於工作場所，供搬運貨物之車輛	藉動力行駛於工作場所軌道上之載貨車輛	能以動力自行活動於非特定場所之車輛	藉人力行駛於工作場所軌道上之搬運車輛	What is a handcart under the Rules?	A human powered vehicle used in the workplace to carry goods	A power driven vehicle running on workplace rails to carry goods	A power driven vehicle moving freely in non specific places	A human powered vehicle running on workplace rails to carry goods	a	第8條：手推車係指藉人力行駛於工作場所，供搬運貨物之車輛。行駛於軌道者則為第9條之軌道手推車；動力驅動者屬第6條車輛機械。	Article 8: handcarts are human powered and not on rails.	draft	11		
Q3226	OSH	OSH-07	職業安全衛生設施規則	第9條	民國115年6月30日	設施規則-定義	1	本規則所稱軌道手推車，係指下列何者？	藉人力行駛於工作場所之地面，供搬運貨物之車輛	藉動力驅動於非特定場所自行活動之搬運用車輛	藉人力行駛於工作場所之軌道，供搬運貨物之車輛	藉動力行駛於工作場所之軌道，供載運勞工之車輛	What is a rail handcart under the Rules?	A human powered vehicle running on the workplace floor to carry goods	A power driven vehicle moving by itself in non specific work places	A human powered vehicle running on workplace rails to carry goods	A power driven vehicle running on workplace rails to carry workers	c	第9條：軌道手推車係指藉人力行駛於工作場所之軌道，供搬運貨物之車輛。與第7條動力驅動之軌道機械、第8條非軌道之手推車均有區別。	Article 9: human powered and running on workplace tracks.	draft	11		
Q3227	OSH	OSH-07	職業安全衛生設施規則	第10條	民國115年6月30日	設施規則-總則	1	職業安全衛生設施規則第10條之現行條文內容為何？	規定低壓係指六百伏特以下之電壓而言	本條業經刪除，現行規則已無規定內容	規定雇主應於每一具機械設動力遮斷裝置	規定手推車係指藉人力行駛之搬運車輛	What does Article 10 of the Rules currently provide?	It defines low voltage as voltage of 600 volts or less	The article has been deleted and now contains no provision	It requires a power cutoff device to be fitted on each machine	It defines a handcart as a human powered goods carrying vehicle	b	第10條業經刪除，現行條文已無規定內容。手推車定義見第8條，動力遮斷裝置見第44條，低壓定義見第3條。	Article 10 has been deleted.	draft	11		
Q3228	OSH	OSH-07	職業安全衛生設施規則	第11條	民國115年6月30日	設施規則-危險物	2	下列何者屬本規則所稱之爆炸性物質？	氯酸鉀	三硝基甲苯	過氧化鈉	金屬鈉	Which is an explosive substance under the Rules?	Potassium chlorate	Trinitrotoluene (TNT)	Sodium peroxide	Metallic sodium	b	第11條爆炸性物質包括硝酸酯類、硝基化合物（如三硝基苯、三硝基甲苯、三硝基酚）及過氧化有機物。過氧化鈉、氯酸鉀屬第14條氧化性物質，金屬鈉屬第12條著火性物質。	Article 11 lists nitric esters, nitro compounds and organic peroxides.	draft	11		
Q3229	OSH	OSH-07	職業安全衛生設施規則	第14條	民國115年6月30日	設施規則-危險物	2	下列何者屬本規則第14條所列之氧化性物質？	硝化纖維等硝酸酯類	乙醚等易燃液體物質	氯酸鉀等氯酸鹽類	金屬鉀等禁水性物質	Which is an oxidizing substance under Article 14?	Nitrocellulose and other nitric acid esters	Ether and other flammable liquid substances	Potassium chlorate and other chlorates	Metallic potassium and other water reactive substances	c	第14條氧化性物質包括氯酸鹽類、過氯酸鹽類、無機過氧化物、硝酸鹽類、固體亞氯酸鹽類及固體次氯酸鹽類。硝化纖維屬第11條爆炸性物質。	Article 14 lists chlorates, perchlorates, inorganic peroxides and nitrates.	draft	11		
Q3230	OSH	OSH-07	職業安全衛生設施規則	第15條	民國115年6月30日	設施規則-危險物	2	本規則所稱可燃性氣體，其概括定義之條件為何？	於二大氣壓下、攝氏十五度時具有可燃性之氣體	於一大氣壓下、攝氏三十五度時具可燃性之氣體	於一大氣壓下、攝氏零度時具有爆炸性之氣體	於一大氣壓下、攝氏十五度時具有可燃性之氣體	How does Article 15 define flammable gases in general terms?	Gases that are flammable at two atmospheres and 15 degrees Celsius	Gases that are flammable at one atmosphere and 35 degrees Celsius	Gases that are explosive at one atmosphere and zero degrees Celsius	Gases that are flammable at one atmosphere and 15 degrees Celsius	d	第15條：可燃性氣體包括氫，乙炔、乙烯，甲烷、乙烷、丙烷、丁烷，及其他於一大氣壓下、攝氏十五度時具有可燃性之氣體。	Article 15: one atmosphere and 15 degrees Celsius.	draft	11		
Q3231	OSH	OSH-07	職業安全衛生設施規則	第16條	民國115年6月30日	設施規則-定義	2	本規則所稱乙炔熔接裝置，其構成與用途為何？	由電源裝置、電極夾、導線等所構成之金屬電弧熔接加熱設備	由乙炔及氧氣容器、導管、吹管等構成，供金屬之熔接、熔斷或加熱	由氣體集合裝置、安全器、壓力調整器、導管等所構成之熔接設備	由乙炔發生器、導管、吹管等構成，使用乙炔及氧氣供金屬熔接、熔斷或加熱	What constitutes an acetylene welding apparatus under the Rules?	A power source, electrode holder and cables forming an arc welding apparatus	Acetylene and oxygen cylinders with hoses and torches used for welding or cutting	A gas manifold, safety device, pressure regulator and hoses forming a welding set	An acetylene generator with hoses and torches using acetylene and oxygen for welding	d	第16條：乙炔熔接裝置係由乙炔發生器、導管、吹管等構成，使用乙炔（溶解性乙炔除外）及氧氣供金屬之熔接、熔斷或加熱。以容器供氣者為第16條之1氧乙炔熔接裝置。	Article 16: it is built around an acetylene generator; dissolved acetylene is excluded.	draft	11		
Q3232	OSH	OSH-07	職業安全衛生設施規則	第16條之1	民國115年6月30日	設施規則-定義	2	本規則所稱氧乙炔熔接裝置，其構成為何？	由乙炔發生器、導管、吹管等所構成之熔接、熔斷或加熱設備	由乙炔發生器與電石反應槽所構成之可燃性氣體製造供應設備	由乙炔及氧氣容器、導管、吹管等所構成之熔接、熔斷或加熱設備	由氣體集合裝置、安全器、壓力調整器等所構成之熔接加熱設備	What constitutes an oxy acetylene welding apparatus?	An acetylene generator with hoses and torches for welding, cutting or heating	An acetylene generator and carbide reaction tank producing flammable gas	Acetylene and oxygen cylinders with hoses and torches for welding or cutting	A gas manifold, safety device and pressure regulator forming a welding set	c	第16條之1：氧乙炔熔接裝置指由乙炔及氧氣容器、導管、吹管等所構成，供金屬之熔接、熔斷或加熱之設備。以乙炔發生器供氣者為第16條乙炔熔接裝置。	Article 16-1: it is supplied from cylinders rather than a generator.	draft	11		
Q3233	OSH	OSH-07	職業安全衛生設施規則	第17條	民國115年6月30日	設施規則-定義	3	氣體集合裝置以導管連結九個以下可燃性氣體容器者，其容器容積合計須達多少以上始屬之？	氫氣或溶解性乙炔為一千公升以上，其他可燃性氣體為四百公升以上	氫氣或溶解性乙炔為二百公升以上，其他可燃性氣體為五百公升以上	氫氣或溶解性乙炔為四百公升以上，其他可燃性氣體為一千公升以上	氫氣或溶解性乙炔為五百公升以上，其他可燃性氣體為二千公升以上	For nine or fewer cylinders, what total volume makes a gas manifold assembly?	1,000 litres or more for hydrogen or dissolved acetylene, 400 litres for others	200 litres or more for hydrogen or dissolved acetylene, 500 litres for others	400 litres or more for hydrogen or dissolved acetylene, 1,000 litres for others	500 litres or more for hydrogen or dissolved acetylene, 2,000 litres for others	c	第17條第2項：氣體集合裝置指以導管連接十個以上可燃性氣體容器者；或連結九個以下容器而容積合計在氫氣或溶解性乙炔為四百公升以上、其他可燃性氣體為一千公升以上者。	Article 17: ten or more cylinders always qualify; otherwise these volume thresholds apply.	draft	11		
Q3234	OSH	OSH-07	職業安全衛生設施規則	第19條	民國115年6月30日	設施規則-總則	1	職業安全衛生設施規則第19條之現行條文內容為何？	規定安全門及安全梯於工作期間內不得上鎖	本條已刪除，現行規則未有任何規定內容	規定局限空間指非供勞工經常性作業之空間	規定工作室樓地板至天花板淨高應二．一公尺	What does Article 19 of the Rules currently provide?	It bars locking of emergency doors and stairs during work hours	The article is deleted and carries no provision at present	It defines a confined space as one not used for routine work	It requires workrooms to be at least 2.1 metres in clear height	b	第19條業經刪除。局限空間之定義移列於第19條之1，安全門不得上鎖見第27條，工作室淨高規定見第25條。	Article 19 has been deleted; the confined space definition sits in Article 19-1.	draft	11		
Q3235	OSH	OSH-07	職業安全衛生設施規則	第20條	民國115年6月30日	設施規則-總則	2	雇主設置之安全衛生設備及措施，除職業安全衛生法規外，尚應依何者辦理？	事業單位自行訂定並報請當地主管機關備查之內部作業標準	勞動檢查機構於檢查時個案指定之改善建議事項內容	中央主管機關指定公告之國家標準、國際標準或團體標準之全部或部分	各該工程委託之技師公會所出具之設計審查意見書內容	Besides OSH laws, what must an employer follow for safety equipment?	Internal operating standards drafted by the firm and filed with the local authority	Improvement suggestions specified case by case by the labor inspection agency	National, international or group standards designated and announced by the authority	Design review opinions issued by the engineers association for the project	c	第20條：雇主設置之安全衛生設備及措施，應依職業安全衛生法規及中央主管機關指定公告之國家標準、國際標準或團體標準之全部或部分內容規定辦理。	Article 20 incorporates designated national, international or group standards.	draft	11		
Q3236	OSH	OSH-07	職業安全衛生設施規則	第21條	民國115年6月30日	設施規則-工作場所	2	對於勞工工作場所之通道、地板、階梯、坡道、工作台等踩踏場所，雇主應如何辦理？	應保持不致使勞工跌倒、滑倒、踩傷、滾落之安全狀態或採必要預防措施	應於每日作業前實施檢點，並將檢點結果作成紀錄保存三年備查	應全面設置符合國家標準之防滑地磚，並於每年定期辦理更換	應由專任工程人員每月檢查一次，並就結構安全簽證後對外公告	How must an employer manage walkways, floors, stairs and platforms?	Keep them safe against tripping, slipping, injury and falls, or take preventive steps	Inspect them before work each day and keep the inspection records for three years	Lay slip resistant tiles meeting national standards and replace them every year	Have a full time engineer inspect monthly and certify the structure in public	a	第21條：雇主對於勞工工作場所之通道、地板、階梯、坡道、工作台或其他勞工踩踏場所，應保持不致使勞工跌倒、滑倒、踩傷、滾落等之安全狀態，或採取必要之預防措施。	Article 21 requires a safe walking condition or necessary preventive measures.	draft	11		
Q3237	OSH	OSH-07	職業安全衛生設施規則	第21條之1	民國115年6月30日	設施規則-交通號誌	3	對於有車輛出入或鄰接道路作業之工作場所設置交通號誌、標示或柵欄，下列何者正確？	信號燈應樹立在道路之右側清晰明顯處，夜間之柵欄應設照明或反光片	信號燈應樹立在道路之左側較高處，夜間使用之柵欄得免設照明	號誌與柵欄之控制處得由現場勞工輪流管理，不必指定專人負責	新設道路或施工道路，得於通車後一個月內補設號誌及照明設施	Which statement on traffic signals and barriers at such worksites is correct?	Signal lights go on the right side of the road; night barriers need lights or reflectors	Signal lights go high on the left side; night barriers need no lighting at all	Workers may take turns manning the control point, with no designated person	Signals and lighting may be added within a month after the road opens	a	第21條之1：信號燈應樹立在道路之右側清晰明顯處；夜間使用之柵欄應設照明或反光片；控制處須指定專人負責管理；新設或施工道路應於通車前設置號誌、標示、柵欄等；設施不足以警告時應置交通引導人員。	Article 21-1 sets eight requirements, including right side signal lights.	draft	11		
Q3238	OSH	OSH-07	職業安全衛生設施規則	第22條	民國115年6月30日	設施規則-工作場所	2	勞工於機械操作、修理、調整過程中，有接觸高溫熱表面引起灼燙傷之虞時，應如何辦理？	應設置警示標誌、適當之隔熱等必要之安全設施	應僅於作業前對勞工實施口頭告知即得免設設施	應將該機械之熱表面塗以紅色油漆並加註溫度值	應限制勞工每次作業時間不得超過三十分鐘為限	What is required where hot surfaces may cause burns during machine work?	Warning signs, suitable heat insulation and other necessary safety facilities	Only a verbal briefing to workers before the work starts, with no facilities	Painting the hot surface red and marking its operating temperature value	Limiting each worker to no more than thirty minutes of work at a time	a	第22條：雇主應使勞工於機械、器具或設備之操作、修理、調整等過程中有足夠之活動空間；有接觸高溫熱表面引起灼燙傷之虞時，應設置警示標誌、適當之隔熱等必要之安全設施。	Article 22 requires warning signs and insulation, plus adequate working space.	draft	11		
Q3239	OSH	OSH-07	職業安全衛生設施規則	第23條	民國115年6月30日	設施規則-工作場所	1	雇主對於建築構造物及其附置物，應如何辦理以防止危害？	應於構造物外部設置防墜網及警示帶	應由工作場所負責人每週檢點一次以上	應每三年委託專業機構辦理耐震評估	應保持安全穩固，以防止崩塌等危害	How must building structures and attachments be maintained?	Fitted with fall nets and warning tape around the outside of the structure	Inspected by the workplace supervisor at least once every week	Assessed for seismic resistance by an expert body every three years	Kept safe and firm so as to prevent collapse and similar hazards	d	第23條：雇主對於建築構造物及其附置物，應保持安全穩固，以防止崩塌等危害。第24條另要求基礎及地面應有足夠強度，使用時不得超過設計荷重。	Article 23 requires structures to be kept safe and stable.	draft	11		
Q3240	OSH	OSH-07	職業安全衛生設施規則	第24條	民國115年6月30日	設施規則-工作場所	2	對於建築構造物之基礎及地面，本規則有何要求？	應鋪設厚度十公分以上混凝土並每年檢測一次強度	應有足夠之強度，使用時不得超過其設計之荷重	應有足夠之強度，使用時得超過設計荷重百分之十	應於每次使用前由勞工目視確認地面無明顯裂縫	What does the rule require of foundations and ground surfaces?	Concrete at least ten centimetres thick, strength tested once a year	Sufficient strength, and use must never exceed the designed load	Sufficient strength, with use allowed to exceed the design load by ten percent	A visual check by workers before each use to confirm no visible cracks	b	第24條：雇主對於建築構造物之基礎及地面，應有足夠之強度，使用時不得超過其設計之荷重，以防止崩塌。	Article 24 bars loading beyond the design load.	draft	11		
Q3241	OSH	OSH-07	職業安全衛生設施規則	第26條	民國115年6月30日	設施規則-工作場所	1	職業安全衛生設施規則第26條之現行條文內容為何？	規定車輛通行道寬度應為最大車輛寬度二倍	規定緊急避難用出口之門應為外開式設置	本條經修正刪除，現行條文並無規定內容	規定工作用階梯之寬度不得小於五十六公分	What does Article 26 of the Rules currently provide?	It requires vehicle lanes to be twice the widest vehicle width	It requires doors at emergency exits to open outward	The article was deleted and now sets out no requirement	It requires work stairs to be at least 56 centimetres wide	c	第26條業經刪除。工作用階梯規定見第29條，車輛通行道寬度見第33條，緊急避難出口門應為外開式見第34條。	Article 26 has been deleted.	draft	11		
Q3242	OSH	OSH-07	職業安全衛生設施規則	第26條之1	民國115年6月30日	設施規則-工作場所	3	使勞工於獅、虎、熊等具攻擊性動物飼養區作業，人獸隔離設備與措施之規定為何？	從獸舍出入口無法透視內部情況者，得免設置監視裝置以節省成本	勞工打開獸欄應於安全處以電動控制，特殊情況經雇主或主管現場監督得手動	勞工打開獸欄應一律以手動為之，並由另一名勞工在旁協助確認	勞工與危險動物接近作業時，由勞工自行決定是否使用電擊防護具	Which rule applies to keeper work in enclosures of dangerous animals?	Where the entrance gives no view inside, monitoring devices may be omitted	Cages are opened by electric control from a safe place; manual only under supervision	Cages must always be opened manually with a second worker assisting nearby	Workers themselves decide whether to use stun batons near dangerous animals	b	第26條之1：勞工打開獸欄時，應於安全處以電動控制為之；但停電、開關故障、維修保養或其他特殊情況，經雇主或主管在現場監督者，得以手動為之。另應設監視裝置、指定專人監督並置備電擊棒等防護具。	Article 26-1 requires electric control, monitoring devices and designated supervision.	draft	11		
Q3243	OSH	OSH-07	職業安全衛生設施規則	第27條	民國115年6月30日	設施規則-工作場所	1	雇主設置之安全門及安全梯，於勞工工作期間內應如何管理？	得堆置物品但應保持一公尺淨寬	應每日上鎖並於下班後始行開啟	得上鎖但應由警衛人員保管鑰匙	不得上鎖，其通道不得堆置物品	How must emergency doors and stairs be managed during working hours?	Goods may be stored if one metre of clear width remains	They must be locked daily and opened only after work ends	They may be locked provided a security guard keeps the key	They must not be locked and their passages must be kept clear	d	第27條：雇主設置之安全門及安全梯於勞工工作期間內不得上鎖，其通道不得堆置物品。第34條另規定緊急避難用出口之門應為外開式。	Article 27 forbids locking and obstruction during working hours.	draft	11		
Q3244	OSH	OSH-07	職業安全衛生設施規則	第28條	民國115年6月30日	設施規則-工作場所	1	職業安全衛生設施規則第28條之現行條文內容為何？	本條業已刪除，目前並無任何規定內容	規定固定梯踏條與牆壁應保持淨距十六點五公分	規定通道傾斜應保持在三十度以下為原則	規定室內通道主要人行道不得小於一公尺	What does Article 28 of the Rules currently provide?	The article has been deleted and holds no content now	It requires 16.5 cm clearance between fixed ladder rungs and walls	It requires passageways to keep a slope of thirty degrees or less	It requires indoor main walkways to be at least one metre wide	a	第28條業經刪除。室內通道寬度見第31條，通道傾斜度見第36條，固定梯踏條淨距見第37條。	Article 28 has been deleted.	draft	11		
Q3245	OSH	OSH-07	職業安全衛生設施規則	第29條之3	民國115年6月30日	設施規則-局限空間	2	對於局限空間作業場所之人員管制，本規則規定為何？	僅需於作業期間設置警戒繩，非作業期間由監視人員留守看管	應禁止無關人員進入並於入口公告，非作業期間另採上鎖或阻隔等管制	應禁止無關人員進入並於入口公告，非作業期間得免除任何管制	得允許相關承攬人自由進出，僅需於作業結束後清點人數即可	What access control applies to confined space worksites?	A warning rope during work suffices, with a watcher staying on outside hours	Bar unrelated persons, post a notice, and lock or block access when not working	Bar unrelated persons and post a notice, with no control needed outside work hours	Contractors may enter freely, with a head count taken after work ends	b	第29條之3：雇主應禁止作業無關人員進入局限空間之作業場所，並於入口顯而易見處所公告禁止進入之規定；於非作業期間，另採取上鎖或阻隔人員進入等管制措施。	Article 29-3 requires locking or blocking access during non working periods.	draft	11		
Q3246	OSH	OSH-07	職業安全衛生設施規則	第29條之4	民國115年6月30日	設施規則-局限空間	2	使勞工從事局限空間作業有缺氧空氣或危害物質致危害之虞者，應如何辦理？	應於作業前後各測定一次濃度，並將測定結果保存一年備查即可	得以自然通風替代濃度測定，並由監視人員以目視判斷空氣品質	應置備測定儀器，作業前確認氧氣及危害物質濃度，作業期間連續確認	應置備測定儀器，僅需於作業前確認一次濃度，作業期間免再確認	What monitoring is required for confined space work with oxygen or toxic risk?	Measure once before and once after work and keep the records for one year	Replace measurement with natural ventilation and let the watcher judge by eye	Provide meters, verify oxygen and hazard levels before work, and monitor continuously	Provide meters and check concentrations once before work, with no further checks	c	第29條之4：雇主應置備測定儀器；於作業前確認氧氣及危害物質濃度，並於作業期間採取連續確認之措施。第29條之5並規定確認應由專人辦理，紀錄保存三年。	Article 29-4 requires continuous confirmation during the work.	draft	11		
Q3247	OSH	OSH-07	職業安全衛生設施規則	第30條	民國115年6月30日	設施規則-通路	2	對於工作場所出入口、樓梯、通道、安全門、安全梯之採光照明，本規則規定為何？	應依第三百十三條規定設置適當採光或照明，必要時設置緊急照明系統	應依第三百十三條規定設置適當採光或照明，並一律免設緊急照明	得以自然採光為主，夜間作業時再由勞工自備照明器具使用	應維持照度一千米燭光以上，並每半年委外檢測照度一次	What lighting is required at exits, stairs, passages and emergency doors?	Lighting under Article 313, plus emergency lighting where this is necessary	Lighting under Article 313, with emergency lighting never being required	Mainly natural light, with workers bringing their own lamps for night work	Illumination kept above 1,000 lux and measured by an outside body twice a year	a	第30條：雇主對於工作場所出入口、樓梯、通道、安全門、安全梯等，應依第313條規定設置適當之採光或照明；必要時並應視需要設置平常照明系統失效時使用之緊急照明系統。	Article 30 cross refers to Article 313 and adds emergency lighting where needed.	draft	11		
Q3248	OSH	OSH-07	職業安全衛生設施規則	第32條	民國115年6月30日	設施規則-通路	2	對於工作場所之人行道、車行道與鐵道，本規則規定為何？	應一律禁止交叉；設置警告標誌或反光錐者始得例外交叉通行	得任意交叉，僅需於交叉處漆設斑馬線並設置照明設備即可	應儘量避免交叉；設天橋或地下道、派專人看守或設自動信號器者除外	應儘量避免交叉；但經工作場所負責人口頭同意者不在此限	What does the rule provide about crossings of walkways, roads and railways?	Crossings are wholly prohibited unless warning signs or reflective cones are set	Crossings are free provided a zebra marking and lighting are installed there	Avoid crossings, unless an overpass, underpass, watchman or auto signal is provided	Avoid crossings, unless the workplace supervisor gives verbal consent	c	第32條：雇主對於工作場所之人行道、車行道與鐵道，應儘量避免交叉；但設置天橋或地下道，或派專人看守，或設自動信號器者，不在此限。	Article 32 allows crossings only with the listed safeguards.	draft	11		
Q3249	OSH	OSH-07	職業安全衛生設施規則	第35條	民國115年6月30日	設施規則-通路	2	勞工於橫隔兩地之通行時，雇主應如何辦理？	應設置扶手、踏板、梯等適當之通行設備，且不得有任何例外	應設置扶手、踏板、梯等適當之通行設備，已置安全側踏梯者除外	應指派監視人員在旁全程戒護，並得免設任何通行設備	應設置寬度一公尺以上之固定式鋼構天橋並加設安全防護網	What must be provided for passage between two separated places?	Handrails, treads or ladders in every case, with no exception being allowed	Handrails, treads, ladders or similar passage equipment, unless a side step exists	A watcher stationed alongside, so that no passage equipment is needed	A fixed steel overpass at least one metre wide fitted with a safety net	b	第35條：雇主對勞工於橫隔兩地之通行時，應設置扶手、踏板、梯等適當之通行設備；但已置有安全側踏梯者，不在此限。	Article 35 exempts places already fitted with a safety side step ladder.	draft	11		
Q3250	OSH	OSH-07	職業安全衛生設施規則	第39條	民國115年6月30日	設施規則-通路	2	設置於坑內之通道或階梯，為防止捲揚裝置與勞工接觸危險，應採何措施？	應指派專人於捲揚裝置旁全程監視作業	應於各該場所設置隔板或隔牆等防護措施	應於通道兩側設置高度九十公分之扶手	應於各該場所設置警告標誌及照明設備	How must contact with hoisting gear in pit passages be prevented?	By assigning a person to watch beside the hoist during all the work	By installing partition boards or partition walls at those places	By fitting handrails ninety centimetres high on both sides	By installing warning signs and lighting equipment at those places	b	第39條：雇主設置於坑內之通道或階梯，為防止捲揚裝置與勞工有接觸危險之虞，應於各該場所設置隔板或隔牆等防護措施。	Article 39 requires partitions or partition walls.	draft	11		
Q3251	OSH	OSH-07	職業安全衛生設施規則	第40條	民國115年6月30日	設施規則-通路	2	勞工於軌道上或接近軌道之場所作業，車輛有觸撞勞工之虞時，應如何辦理？	應於軌道兩側設置高度一公尺之圍籬	應配置監視人員或設置警告裝置等措施	應全面停止軌道車輛通行始得進行作業	應使勞工佩戴反光背心後即可繼續作業	What is required when track vehicles may strike workers on or near tracks?	Erecting a one metre high fence along both sides of the track	Assigning watch personnel or providing warning devices at the site	Halting all rail traffic entirely before the work may be carried out	Having workers wear reflective vests and then continue the work	b	第40條：雇主僱用勞工於軌道上或接近軌道之場所從事作業時，若通行於軌道上之車輛有觸撞勞工之虞時，應配置監視人員或警告裝置等措施。	Article 40 requires watchers or warning devices.	draft	11		
Q3252	OSH	OSH-07	職業安全衛生設施規則	第42條	民國115年6月30日	設施規則-機械一般	2	雇主對於機械之設置，關於振動力應如何規劃？	振動力大小由機械製造廠商認定，雇主僅需保存出廠證明文件備查	振動力得超過設計負荷百分之二十，但應加設防振基座並定期檢查	不得使振動力超過廠房設計安全負荷能力，振動力過大者以置於樓下為原則	不得使振動力超過廠房設計安全負荷能力，振動力過大者以置於頂樓為原則	How must vibration be considered when installing machinery?	The maker decides the vibration level and the employer merely keeps the certificate	Vibration may exceed the design load by 20 percent if anti vibration mounts are used	Vibration must not exceed the plants design safe load; heavy vibrators go downstairs	Vibration must not exceed the plants design safe load; heavy vibrators go on the roof	c	第42條：雇主對於機械之設置，應事先妥為規劃，不得使其振動力超過廠房設計安全負荷能力；振動力過大之機械以置於樓下為原則。	Article 42: machines with excessive vibration should in principle be placed on lower floors.	draft	11		
Q3253	OSH	OSH-07	職業安全衛生設施規則	第45條	民國115年6月30日	設施規則-機械一般	2	使用動力運轉之機械具有顯著危險者，應設置何種裝置？	於適當位置設置有明顯標誌之緊急制動裝置，立即遮斷動力並與制動系統連動	於操作盤設置指示燈與蜂鳴器，於異常時通知現場作業主管處理	於機械外部設置防護罩與防塵設備，並每三個月檢點一次其性能	於適當位置設置有明顯標誌之過負荷防止裝置，並與警報系統連動運作	What device is required on power driven machines posing marked danger?	A clearly marked emergency stop that cuts power and links with the braking system	Indicator lamps and a buzzer on the panel to notify the site supervisor	External guards and dust proof equipment, checked once every three months	A clearly marked overload prevention device linked with the alarm system	a	第45條：雇主對於使用動力運轉之機械，具有顯著危險者，應於適當位置設置有明顯標誌之緊急制動裝置，立即遮斷動力並與制動系統連動，能於緊急時快速停止機械之運轉。	Article 45 requires a clearly marked emergency braking device interlocked with the brake.	draft	11		
Q3254	OSH	OSH-07	職業安全衛生設施規則	第47條	民國115年6月30日	設施規則-機械一般	2	對於原動機或動力傳動裝置，為防止意外開動應有何裝置？	應有於啟動前十秒先行鳴笛示警之自動延時啟動控制裝置	應有防止運轉中因超速而自動加壓之定速控制及調節裝置	應有於停止時自動切斷電源並發出聲光警報之遠端監控裝置	應有防止於停止時因振動接觸或其他意外原因驟然開動之裝置	What device prevents prime movers from starting unexpectedly?	A timer that sounds a horn ten seconds before the machine starts running	A constant speed control that pressurises automatically when overspeed occurs	A remote monitor that cuts power on stopping and gives audible and light alarms	A device preventing sudden start from vibration, contact or other accidental causes	d	第47條：雇主對於原動機或動力傳動裝置，應有防止於停止時，因振動接觸，或其他意外原因驟然開動之裝置。第48條另要求顯著危險者設緊急制動裝置。	Article 47 targets sudden starting while the machine is stopped.	draft	11		
Q3255	OSH	OSH-07	職業安全衛生設施規則	第48條	民國115年6月30日	設施規則-機械一般	2	對於具有顯著危險之原動機或動力傳動裝置，應於適當位置設置何種裝置？	定速控制裝置，使轉速維持於額定值之範圍	自動潤滑裝置，於運轉中持續對軸承注油者	緊急制動裝置，立即遮斷動力並與剎車系統連動	過負荷防止裝置，於超載時發出警報並記錄之	What device must be fitted to markedly dangerous prime movers?	A constant speed control keeping revolutions within the rated range	An automatic lubricator that keeps oiling the bearings while running	An emergency brake cutting power and linked with the braking system	An overload prevention device that alarms and records when overloaded	c	第48條：對於具有顯著危險之原動機或動力傳動裝置，應於適當位置設置緊急制動裝置，立即遮斷動力並與剎車系統連動，於緊急時能立即停止轉動。	Article 48 requires an emergency braking device interlocked with the brake.	draft	11		
Q3256	OSH	OSH-07	職業安全衛生設施規則	第50條	民國115年6月30日	設施規則-機械一般	2	動力傳動裝置之轉軸裝設防護物，下列規定何者正確？	轉軸離地高度在三公尺以下者，僅需於地面漆設黃黑警示線	離地二公尺以內之轉軸有接觸危險者，應有圍柵、掩蓋護網或套管	勞工通行必須跨越轉軸者，得以口頭告知代替跨橋或掩蓋設置	離地五公尺以內之轉軸有接觸危險者，應有圍柵或掩蓋護網設備	Which guarding rule applies to shafts of power transmission devices?	Shafts under three metres high need only a yellow and black line on the floor	Shafts within two metres of the floor with contact risk need fences, nets or sleeves	Where workers must step over a shaft, a verbal warning may replace a bridge	Shafts within five metres of the floor with contact risk need fences or cover nets	b	第50條：離地二公尺以內之轉軸或附近有勞工工作或通行而有接觸危險者，應有適當之圍柵、掩蓋護網或套管；勞工通行必須跨越轉軸者，應於跨越部分裝置適當之跨橋或掩蓋。	Article 50: two metres is the threshold, and crossing points need bridges or covers.	draft	11		
Q3257	OSH	OSH-07	職業安全衛生設施規則	第51條	民國115年6月30日	設施規則-機械一般	2	動力傳動裝置有定輪及遊輪者，下列設置規定何者正確？	應設置防止傳動帶自行移入遊輪之裝置，並每月檢點其性能一次	移帶裝置之把柄應設於通道上便於操作處，開關方向由操作者自定	移帶裝置之把柄不得設於通道上，開關方向應一律向左或向右並加標示	移帶裝置之把柄應漆為紅色，並於把柄旁設置緊急停止按鈕開關	Which requirement applies where fast and loose pulleys are used?	A device must stop the belt sliding onto the loose pulley, checked once a month	Belt shifter handles go in walkways for easy use; the direction is left to the user	Belt shifter handles must not be in walkways; handles open one way and are marked	Belt shifter handles are painted red with an emergency stop button beside them	c	第51條：移帶裝置之把柄不得設於通道上；把柄之開關方向應一律向左或向右並加標示；並應有防止傳動帶自行移入定輪之裝置。	Article 51: the device must prevent the belt from moving onto the fast pulley by itself.	draft	11		
Q3258	OSH	OSH-07	職業安全衛生設施規則	第52條	民國115年6月30日	設施規則-機械一般	1	動力傳動裝置未裝遊輪者，雇主應裝置何種設備？	應裝置轉速顯示儀表	應裝置自動注油裝置	應裝置傳動帶上卸桿	應裝置過負荷警報器	What must be fitted where a power transmission has no loose pulley?	A speed indicator must be installed	An automatic oiler must be installed	A belt shipping pole must be installed	An overload alarm must be installed	c	第52條：雇主對於動力傳動裝置之未裝遊輪者，應裝置傳動帶上卸桿。第51條則規定裝有定輪及遊輪者之移帶裝置要求。	Article 52 requires a belt shipping (mounting and removal) pole.	draft	11		
Q3259	OSH	OSH-07	職業安全衛生設施規則	第53條	民國115年6月30日	設施規則-機械一般	1	對於傳動帶於不使用時，雇主應如何規定？	應指定掛於動力傳動裝置之轉軸上，以免佔用地面空間	應保持張緊狀態懸掛於原機械上，並於旁設置警示標誌	應拆卸後平放於地面並覆蓋防塵布，每季檢查其磨損	應指定掛於適當之支架，不得掛於動力傳動裝置之轉軸	How must belts be stored when not in use?	Hung on the transmission shaft so that floor space is not taken up	Left tensioned on the machine with a warning sign placed beside it	Removed, laid flat on the floor under a dust sheet and checked quarterly	Hung on a suitable rack, and never hung on the transmission shaft	d	第53條：雇主對於傳動帶，除應指定在不用時應掛於適當之支架外，並應規定不用時不得掛於動力傳動裝置之轉軸。	Article 53 forbids hanging idle belts on the shaft.	draft	11		
Q3260	OSH	OSH-07	職業安全衛生設施規則	第54條	民國115年6月30日	設施規則-機械一般	1	機械開始運轉有危害勞工之虞者，雇主應如何辦理？	應由現場勞工以口頭相互提醒後即可逕行運轉	應規定固定信號，由操作勞工自行判斷指揮	應規定固定信號，並指定指揮人員負責指揮	應設置聲光警報，並於運轉後補行通知勞工	What is required before starting machines that may endanger workers?	Workers may simply remind one another verbally and then start up	Fixed signals must be set, with operators deciding direction themselves	Fixed signals must be set and a designated person must direct the work	An audible and visual alarm, with workers notified after start up	c	第54條：雇主對於機械開始運轉有危害勞工之虞者，應規定固定信號，並指定指揮人員負責指揮。第88條就起重機具亦有運轉指揮信號之規定。	Article 54 requires fixed signals and a designated signaller.	draft	11		
Q3261	OSH	OSH-07	職業安全衛生設施規則	第55條	民國115年6月30日	設施規則-機械一般	2	加工物、切削工具、模具等於加工時有飛散物致危害勞工之虞者，應如何辦理？	應於加工機械上設置護罩或護圍，大尺寸工件等作業應於適當位置設置	應降低機械轉速至額定值之半數以下，並縮短連續作業之時間	應於加工機械上設置護罩或護圍，大尺寸工件等作業得免設置護圍	應使勞工佩戴防護面罩及安全眼鏡，即得免設護罩或護圍設備	What is required where flying fragments may occur during machining?	Guards on the machine; for oversized workpieces guards at a suitable location	Cutting the speed to half the rated value and shortening continuous work	Guards on the machine; for oversized workpieces guards may be omitted	Face shields and safety glasses for workers, so guards are not required	a	第55條：加工物、切削工具、模具等因截斷、切削、鍛造或本身缺損，於加工時有飛散物致危害勞工之虞者，應於加工機械上設置護罩或護圍；但大尺寸工件等作業，應於適當位置設置護罩或護圍。	Article 55 still requires guards at a suitable position for large workpieces.	draft	11		
Q3262	OSH	OSH-07	職業安全衛生設施規則	第58條	民國115年6月30日	設施規則-一般工作機械	2	下列機械部分作業有危害之虞者，應設護罩、護圍或具連鎖性能之安全門，何者屬之？	空氣壓縮機之儲氣桶及其安全閥、壓力表等部分	磨床或龍門刨床之刨盤、牛頭刨床之滑板等之衝程部分	木材加工用帶鋸之鋸切所需鋸齒部分及其導送滾輪	一般手工具之握把部分及可攜式電動工具之外殼	Which part must be guarded or fitted with an interlocked safety door?	Air compressor receivers together with their relief valves and gauges	The stroke area of grinder or planer tables and shaper slide plates	The cutting teeth of a woodworking band saw and its feed rollers	The grips of hand tools and the casings of portable power tools	b	第58條列舉應設護罩、護圍或連鎖安全門者，包括捲胴作業機械、磨床或龍門刨床之刨盤與牛頭刨床滑板之衝程部分、直立式車床突出旋轉加工物、帶鋸鋸切所需以外之鋸齒及帶輪、電腦數值控制等自動化機械危險部分。	Article 58 lists five categories including planer and shaper stroke parts.	draft	11		
Q3263	OSH	OSH-07	職業安全衛生設施規則	第59條	民國115年6月30日	設施規則-一般工作機械	1	車床、滾齒機械等之高度超過從事作業勞工之身高時，應如何辦理？	應設置活動梯供勞工於操作時攀登並置監視人員	應將該機械之基座降低至勞工身高以下始得使用	應指派身高足夠之勞工操作並每兩小時輪換一次	應設置供勞工能安全使用且為適當高度之工作台	What if a lathe or gear cutter is taller than the operating worker?	A movable ladder must be provided and a watcher assigned	The machine base must be lowered below the workers height first	Only taller workers may operate it, rotating every two hours	A work platform of suitable height must be provided for safe use	d	第59條：雇主對車床、滾齒機械等之高度，超過從事作業勞工之身高時，應設置供勞工能安全使用，且為適當高度之工作台。	Article 59 requires a work platform of appropriate height.	draft	11		
Q3264	OSH	OSH-07	職業安全衛生設施規則	第60條	民國115年6月30日	設施規則-一般工作機械	2	對於運轉中之立式車床、龍門刨床等之床台，本規則規定為何？	應禁止勞工攀登；但置有緊急制動裝置能立即停止運轉者不在此限	得由勞工攀登，惟應先將機械轉速降至每分鐘三十轉以下操作	得由勞工攀登，惟應佩戴安全帶並將另一端固定於機械本體上	應禁止勞工攀登；但經現場作業主管口頭同意並在旁監督者除外	What rule applies to climbing onto tables of running vertical lathes?	Climbing is prohibited unless an emergency brake allows an immediate stop	Climbing is allowed if the speed is first lowered below thirty revolutions	Climbing is allowed if a harness is worn and anchored to the machine body	Climbing is prohibited unless the site supervisor verbally agrees and watches	a	第60條：雇主應禁止勞工攀登運轉中之立式車床、龍門刨床等之床台；但置有緊急制動裝置，使搭乘於床台或配置於操作盤之勞工能立即停止機器運轉者，不在此限。	Article 60 allows the exception only where an emergency stop is available.	draft	11		
Q3265	OSH	OSH-07	職業安全衛生設施規則	第61條	民國115年6月30日	設施規則-一般工作機械	1	對於金屬、塑膠等加工用之圓盤鋸，雇主應設置何種安全裝置？	鋸齒接觸預防裝置	感應式光電安全裝置	反撥預防之楔子裝置	雙手操作式安全裝置	What device must be fitted to circular saws for metal or plastics?	A saw blade contact prevention device	A photoelectric sensing safety device	An anti kickback riving knife device	A two hand control safety device	a	第61條：雇主對於金屬、塑膠等加工用之圓盤鋸，應設置鋸齒接觸預防裝置。木材加工用圓盤鋸另依機械設備器具安全標準辦理（第41條）。	Article 61 requires a blade contact prevention device.	draft	11		
Q3266	OSH	OSH-07	職業安全衛生設施規則	第63條	民國115年6月30日	設施規則-一般工作機械	2	對於棉紡機、絲紡機等機械之高速迴轉部分易發生危險者，應如何辦理？	應裝置護罩、護蓋或其他適當之安全裝置	應由作業管理人員於運轉中全程在旁監視	應每三個月測定其迴轉數並作成紀錄備查	應限制其最高迴轉數不得超過每分鐘百轉	What is required for dangerous high speed rotating parts of spinning machines?	Guards, covers or other suitable safety devices must be installed	A designated manager must watch beside them throughout operation	Their speed must be measured quarterly and recorded for inspection	Their maximum speed must be capped at one hundred revolutions a minute	a	第63條：雇主對於棉紡機、絲紡機、手紡式或其他各種機械之高速迴轉部分易發生危險者，應裝置護罩、護蓋或其他適當之安全裝置。	Article 63 requires guards, covers or other suitable safety devices.	draft	11		
Q3267	OSH	OSH-07	職業安全衛生設施規則	第64條	民國115年6月30日	設施規則-木材加工機械	2	對於木材加工用帶鋸之鋸齒及帶輪，本規則規定應如何處理？	應每日作業前試轉三分鐘以上並確認鋸齒無裂痕情形	除鋸切所需部分外，應以透明壓克力板完全密閉包覆	應於帶鋸兩側設置警告標示，並由專人於作業中監看	除鋸切所需部分及鋸床外，應設置護罩或護圍等設備	How must the teeth and wheels of a woodworking band saw be handled?	A three minute trial run each day to check the teeth for cracks	The whole saw must be fully enclosed in transparent acrylic panels	Warning signs on both sides plus a dedicated watcher during the work	Guards or fences are required, except the cutting part and the saw bed	d	第64條：雇主對於木材加工用帶鋸鋸齒（鋸切所需之部分及鋸床除外）及帶輪，應設置護罩或護圍等設備。第65條另規定導送滾輪之接觸預防裝置。	Article 64 exempts only the cutting portion and the saw bed.	draft	11		
Q3268	OSH	OSH-07	職業安全衛生設施規則	第65條	民國115年6月30日	設施規則-木材加工機械	2	木材加工用帶鋸之突釘型或鋸齒型導送滾輪，應如何防護？	應於滾輪外部包覆橡膠並降低轉速至每分鐘二十轉以下使用	除導送面外應設接觸預防裝置或護蓋，且不得有任何例外之情形	除導送面外應設接觸預防裝置或護蓋，設緊急制動裝置能停止轉動者除外	應由勞工佩戴防割手套後操作，並於作業前實施口頭告知	How must spiked or toothed feed rollers of a band saw be protected?	The rollers must be rubber wrapped and run below twenty revolutions a minute	Contact prevention devices or covers except the feed face, with no exception	Contact prevention devices or covers except the feed face, unless an e stop exists	Workers wear cut resistant gloves and receive a verbal briefing beforehand	c	第65條：突釘型導送滾輪或鋸齒型導送滾輪，除導送面外，應設接觸預防裝置或護蓋；但設有緊急制動裝置，使勞工能停止該滾輪轉動者，不在此限。	Article 65 exempts rollers with an emergency stop that halts rotation.	draft	11		
Q3269	OSH	OSH-07	職業安全衛生設施規則	第66條	民國115年6月30日	設施規則-木材加工機械	2	對於有自動輸送裝置以外之截角機，本規則規定應如何辦理？	應裝置刃部接觸預防裝置，於任何情形下均不得免除其設置	應由作業管理人員逐次啟動，勞工不得自行操作該機械	應設置雙手操作式安全裝置，並禁止使用任何送料之工具	應裝置刃部接觸預防裝置，但妨礙工作且勞工使用送料工具者除外	What applies to mitre saws without an automatic feed device?	A blade contact prevention device that may never be omitted in any case	Only the designated manager may start it; workers may not operate it	A two hand control device, with the use of any feeding tool prohibited	A blade contact prevention device, unless it hinders work and feed tools are used	d	第66條：雇主對於有自動輸送裝置以外之截角機，應裝置刃部接觸預防裝置；但設置接觸預防裝置有阻礙工作，且勞工使用送料工具時，不在此限。	Article 66 allows the exemption only where the device hinders work and feed tools are used.	draft	11		
Q3270	OSH	OSH-07	職業安全衛生設施規則	第67條	民國115年6月30日	設施規則-木材加工機械	1	對於自動輸材台或帶鋸輸材台與鋸齒之間，雇主應如何辦理？	應鋪設止滑踏板供勞工站立作業	應禁止勞工進入，並加以標示	應設置監視器並保存影像三年	應設置高度九十公分以上之扶手	What applies to the space between a saw carriage and the saw teeth?	Anti slip treads must be laid so workers can stand and work there	Workers must be barred from entering, and a notice must be posted	A camera must be installed and the footage kept for three years	A handrail at least ninety centimetres high must be installed	b	第67條：雇主應禁止勞工進入自動輸材台或帶鋸輸材台與鋸齒之間，並加以標示。第68條另規定木材加工機械合計五台以上應指定作業管理人員。	Article 67 forbids entry and requires marking.	draft	11		
Q3271	OSH	OSH-07	職業安全衛生設施規則	第70條	民國115年6月30日	設施規則-衝剪機械	3	調整衝剪機械之金屬模使滑塊等動作時，本規則規定之作法為何？	具寸動機構者應採連續運轉；未具者得於飛輪旋轉中直接以手調整之	一律應切斷動力電源，並於飛輪停止前即可開始進行金屬模之調整	一律應採用連續行程，並由二名勞工同時按壓雙手操作開關進行	具寸動機構者應採用寸動；未具者應切斷動力電源，待飛輪停止後以手旋動調整	How must the slide be moved when adjusting dies on a press?	Use continuous running if inching exists; otherwise adjust by hand while spinning	Always cut the power, and adjustment may begin before the flywheel stops	Always use a continuous stroke with two workers pressing the two hand controls	Use inching if available; otherwise cut power and turn the flywheel by hand when stopped	d	第70條：對具有寸動機構或滑塊調整裝置者，應採用寸動；未具寸動機構者，應切斷衝剪機械之動力電源，於飛輪等之旋轉停止後，用手旋動飛輪調整之。	Article 70: inching where available, otherwise power off and hand turning after the flywheel stops.	draft	11		
Q3272	OSH	OSH-07	職業安全衛生設施規則	第71條	民國115年6月30日	設施規則-衝剪機械	2	下列何者屬本規則第71條規定衝剪機械應保持應有性能之機件或機構？	機台照明用之防眩燈具及其固定支架與配線	進料用之輸送帶及其張力調整用之惰輪組件	一行程一停止機構、連動停止機構或緊急停止機構	冷卻潤滑油之循環泵浦及其過濾器等零組件	Which is listed in Article 71 as a part whose function must be maintained?	Anti glare lamps for the machine table with brackets and wiring	The feeding conveyor belt and the idler set adjusting its tension	The single stroke stop, interlocked stop or emergency stop mechanism	Coolant circulation pumps together with their filters and fittings	c	第71條列舉應保持性能之機件：離合器及制動裝置、附屬於離合器與制動之螺絲彈簧及梢、連結機構部分、滑塊機構、一行程一停止機構與連動停止機械或緊急停止機構。	Article 71 lists clutch, brake, linkage, slide and stop mechanisms.	draft	11		
Q3273	OSH	OSH-07	職業安全衛生設施規則	第72條	民國115年6月30日	設施規則-衝剪機械	2	雇主設置衝剪機械達幾台以上時，應指定作業管理人員負責法定職務？	五台	三台	八台	十台	From how many press machines must a designated operations manager be assigned?	Five units	Three units	Eight units	Ten units	a	第72條：設置衝剪機械五台以上時，應指定作業管理人員負責檢查機械及安全裝置、發現異狀採必要措施、保管鎖式換回開關鎖匙、直接指揮金屬模之裝置拆卸及調整作業。第68條木材加工機械亦為五台。	Article 72: five or more press machines.	draft	11		
Q3274	OSH	OSH-07	職業安全衛生設施規則	第74條	民國115年6月30日	設施規則-離心機械	1	自離心機械取出內裝物時，除置有自動取出機械外，本規則規定為何？	應規定將回轉數降至半數以下後再取出	應規定勞工於操作前使該機械停止運轉	應規定勞工使用長柄工具於運轉中取出	應規定由二名以上勞工共同操作始得取出	How must contents be removed from a centrifugal machine?	The speed must first be reduced to less than half the rated	Workers must stop the machine before starting the operation	Workers must use long handled tools while it is still running	At least two workers must carry out the removal together	b	第74條：雇主對於自離心機械取出內裝物時，除置有自動取出內裝物之機械外，應規定勞工操作前，應使該機械停止運轉。第73條另要求裝置覆蓋及連鎖裝置。	Article 74 requires stopping the machine unless automatic removal is provided.	draft	11		
Q3275	OSH	OSH-07	職業安全衛生設施規則	第75條	民國115年6月30日	設施規則-離心機械	1	對於離心機械之使用，本規則就轉速有何規定？	應規定每半年委外檢測回轉數一次並紀錄	應規定不得超越該機械之最高使用回轉數	應規定每日作業前試轉一分鐘以上再使用	應規定不得超越該機械額定回轉數之八成	What speed limit applies to the use of centrifugal machines?	Speed must be measured by an outside body twice a year	Use must never exceed the machines maximum permitted speed	A one minute trial run is required before work each day	Use must not exceed eighty percent of the rated speed	b	第75條：雇主對於離心機械之使用，應規定不得超越該機械之最高使用回轉數。研磨輪之最高使用周速度限制則見第62條。	Article 75 bars exceeding the maximum permitted rotational speed.	draft	11		
Q3276	OSH	OSH-07	職業安全衛生設施規則	第77條	民國115年6月30日	設施規則-粉碎機混合機	2	自粉碎機或混合機取出內裝物時，本規則之規定為何？	應使機械停止運轉，但作業需要不能停止且以工具取出不致危及安全者除外	應先將開口部以護蓋封閉，再由勞工自側面之檢修門取出	得於運轉中直接以手取出，惟應由監視人員在旁全程戒護	應使機械停止運轉，且不得有任何得於運轉中取出之例外情形	How must contents be taken from a crusher or mixer?	Stop the machine, unless work needs prevent it and tools make removal safe	Close the opening with a cover and remove through the side access door	Contents may be taken by hand while running if a watcher stands by	Stop the machine, with no exception permitting removal while running	a	第77條：除置有自動取出內裝物之機械外，應規定勞工操作前使機械停止運轉；但基於作業需要該機械不能停止運轉，且使勞工使用工具取出內裝物時不致危及安全者，不在此限。	Article 77 allows the exception only where tools make the removal safe.	draft	11		
Q3277	OSH	OSH-07	職業安全衛生設施規則	第78條	民國115年6月30日	設施規則-滾軋機	2	對於滾輾紙、布、金屬箔等具有捲入點之滾軋機，有危害之虞時應如何辦理？	應將滾輪轉速調降至每分鐘十公尺以下始得以操作	應指派勞工二人一組作業，其中一人專責緊急按鈕	應設置防塵罩並於機台旁張貼禁止伸手之警告標示	應設護圍、導輪或具有連鎖性能之安全防護裝置等設備	What is required for rolling machines with in running nip points?	The roller speed must be cut to under ten metres a minute before use	Workers must work in pairs, one taking charge of the emergency button	A dust cover and a warning sign forbidding reaching in must be posted	Fences, guide rollers or interlocked safety guarding devices must be fitted	d	第78條：雇主對於滾輾紙、布、金屬箔等或其他具有捲入點之滾軋機，有危害勞工之虞時，應設護圍、導輪或具有連鎖性能之安全防護裝置等設備。	Article 78 requires fences, guide rollers or interlocked guards.	draft	11		
Q3278	OSH	OSH-07	職業安全衛生設施規則	第79條	民國115年6月30日	設施規則-滾軋機	2	對於滾輾橡膠、合成樹脂之滾輾機，本規則要求設置何種裝置？	於災害發生時被害者能自己易於操縱之緊急制動裝置	可自動偵測異物並反向退出之感應式安全防護裝置	可於超載時自動卸除動力之過負荷防止與警報裝置	於災害發生時由現場作業主管遠端操作之停止按鈕	What device must rubber or resin rolling machines have?	An emergency brake the victim can easily operate when an accident happens	A sensing guard that detects foreign objects and reverses the rollers	An overload prevention device that cuts power and alarms when overloaded	A stop button the site supervisor operates remotely when an accident happens	a	第79條：雇主對於滾輾橡膠、橡膠化合物、合成樹脂之滾輾機或其他具有危害之滾輾機，應設置於災害發生時，被害者能自己易於操縱之緊急制動裝置。	Article 79 stresses that the victim can operate it easily.	draft	11		
Q3279	OSH	OSH-07	職業安全衛生設施規則	第80條	民國115年6月30日	設施規則-滾軋機	1	對於置有紗梭之織機，雇主應裝置何種設備？	制動器	護網	跨橋	導梭	What must be fitted to looms equipped with a shuttle?	A braking device	A protective net	A crossing bridge	A shuttle guard	d	第80條：雇主對於置有紗梭之織機，應裝置導梭，以防止紗梭飛出傷害勞工。	Article 80 requires a shuttle guard.	draft	11		
Q3280	OSH	OSH-07	職業安全衛生設施規則	第81條	民國115年6月30日	設施規則-滾軋機	1	對於引線機之引線滑車或撚線機之籠車，有危害勞工之虞者應如何辦理？	應設自動注油潤滑裝置	應設接地與漏電斷路器	應設護罩、護圍等設備	應設轉速與張力顯示器	What is required for wire drawing sheaves or stranding machine cages?	An automatic lubricating oiler device	Earthing and an earth leakage breaker	Guards or protective fences must be provided	A speed and tension indicating meter	c	第81條：雇主對於引線機之引線滑車或撚線機之籠車，有危害勞工之虞者，應設護罩、護圍等設備。	Article 81 requires guards or fences.	draft	11		
Q3281	OSH	OSH-07	職業安全衛生設施規則	第82條	民國115年6月30日	設施規則-成型機械	3	對於射出成型機、打模機、輪胎成型機等加壓成型機械之安全門，本規則有何要求？	應於每次開啟後由專人簽名確認並紀錄	應具有非關閉狀態即無法起動機械之性能	應以透明材質製造並標示最大成型壓力	應具有於開啟時自動噴灑冷卻液之性能	What must the safety door of a moulding press provide?	A designated person must sign a record after each opening of the door	The machine cannot start unless the door is in the closed state	It must be transparent and marked with the maximum forming pressure	Coolant must be sprayed automatically whenever the door opens	b	第82條：射出成型機、鑄鋼造形機、打模機、橡膠加硫成型機、輪胎成型機等，應設安全門、雙手操作式安全裝置、感應式安全裝置或其他安全裝置；前項安全門應具有非關閉狀態即無法起動機械之性能。	Article 82: the machine must be unable to start while the door is open.	draft	11		
Q3282	OSH	OSH-07	職業安全衛生設施規則	第83條	民國115年6月30日	設施規則-機械一般	1	對於扇風機之葉片有危害勞工之虞者，雇主應設置何種設備？	定時自動停止裝置	接地與漏電斷路器	護網或護圍等設備	風速指示及警報器	What must be fitted where fan blades may endanger workers?	A timer that stops it automatically	Earthing and a leakage breaker	Protective nets or guarding fences	A wind speed gauge with alarm	c	第83條：雇主對於扇風機之葉片，有危害勞工之虞者，應設護網或護圍等設備。	Article 83 requires nets or fences.	draft	11		
Q3283	OSH	OSH-07	職業安全衛生設施規則	第85條	民國115年6月30日	設施規則-高速回轉體	3	施行高速回轉體試驗前應先實施非破壞檢查者，其轉軸條件為何？	重量超越十公噸，且週邊速率在每秒一百公尺以上者	重量超越一公噸，且週邊速率在每秒一百二十公尺以上	重量超越五公噸，且週邊速率在每秒二十五公尺以上	重量超越一公噸，且週邊速率在每秒六十公尺以上者	Which rotor requires non destructive testing before a spin test?	Shaft weight over ten tonnes with peripheral speed of 100 m/s or more	Shaft weight over one tonne with peripheral speed of 120 m/s or more	Shaft weight over five tonnes with peripheral speed of 25 m/s or more	Shaft weight over one tonne with peripheral speed of 60 m/s or more	b	第85條：轉軸之重量超越一公噸，且轉軸之週邊速率在每秒一百二十公尺以上之高速回轉體試驗，應事先就該軸材質、形狀等施行非破壞檢查，確認無破壞原因存在時始得為之。第84條之隔離規定門檻則為每秒二十五公尺。	Article 85: over one tonne and 120 metres per second.	draft	11		
Q3284	OSH	OSH-07	職業安全衛生設施規則	第86條	民國115年6月30日	設施規則-高速回轉體	2	施行第85條所定高速回轉體試驗時，本規則要求之操作方式為何？	應先以額定轉速之半數試轉十分鐘後再逐步加速	應以遙控操作等方法控制，使破壞時不致傷及勞工	應由二名以上勞工於現場共同操作並相互監督之	應於試驗中全程錄影並保存紀錄三年以上備查用	How must the spin test under Article 85 be operated?	By first running at half rated speed for ten minutes and then speeding up	By remote control or similar means so a burst cannot injure workers	By two or more workers operating together on site and watching each other	By recording the whole test on video and keeping it for three years	b	第86條：雇主於施行前條規定高速回轉試驗時，應以遙控操作等方法控制；使試驗中即使該高速回轉體破壞時，亦不致傷及勞工。	Article 86 requires remote control operation.	draft	11		
Q3285	OSH	OSH-07	職業安全衛生設施規則	第87條	民國115年6月30日	設施規則-起重升降機具	1	起重升降機具之設備及有關措施，本規則規定應依何者辦理？	鍋爐及壓力容器安全規則	機械設備器具安全標準	起重升降機具有關安全規則	高壓氣體設備安全規則	Which rules govern lifting appliance equipment and measures?	The boiler and pressure vessel rules	The safety standards for machinery	The safety rules on lifting appliances	The high pressure gas equipment rules	c	第87條：雇主對於起重升降機具之設備及有關措施，應依起重升降機具有關安全規則辦理。第103條並規定除本節外並應依其他相關職業安全衛生法規辦理。	Article 87 refers to the safety rules for lifting appliances.	draft	11		
Q3286	OSH	OSH-07	職業安全衛生設施規則	第89條	民國115年6月30日	設施規則-起重升降機具	1	對於各種起重機具，本規則就負荷標示有何規定？	應標示自重與空重，使用時得超過最高負荷一成	應標示操作人員姓名，並由該人員負責保管鑰匙	應標示製造年份與廠牌，並每年重新噴漆一次以上	應標示最高負荷，並規定使用時不得超過該項限制	What marking is required on lifting appliances?	The dead weight must be marked and the load may exceed it by ten percent	The operators name must be marked and that person keeps the key	The year and brand must be marked and repainted at least once a year	The maximum load must be marked and use must never exceed it	d	第89條：雇主對於各種起重機具，應標示最高負荷，並規定使用時不得超過此項限制。第94條就升降機另規定標示積載荷重或乘載最高人數。	Article 89 requires marking of the maximum load.	draft	11		
Q3287	OSH	OSH-07	職業安全衛生設施規則	第90條	民國115年6月30日	設施規則-起重升降機具	1	對於起重機具之吊鉤或吊具，本規則要求應有何種裝置？	自動調整吊掛角度之平衡裝置者	於超載時自動釋放吊物之洩壓閥	顯示實際吊掛重量之荷重計裝置	防止吊舉中所吊物體脫落之裝置	What device must hooks or lifting gear have?	A balancing device that adjusts the sling angle automatically	A relief valve that releases the load automatically when overloaded	A load meter showing the actual weight of the hanging load	A device preventing the load from slipping off while being lifted	d	第90條：雇主對於起重機具之吊鉤或吊具，應有防止吊舉中所吊物體脫落之裝置。第91條另規定過捲預防裝置之距離要求。	Article 90 requires a device preventing the load dropping off the hook.	draft	11		
Q3288	OSH	OSH-07	職業安全衛生設施規則	第92條	民國115年6月30日	設施規則-起重升降機具	2	起重機具運轉時為防止吊掛物掉落，下列規定何者正確？	吊索、吊籃等吊掛用具之強度得低於吊掛物重量之二分之一	吊耳設置位置及數量應能確保吊掛物之平衡，並能承受整體重量	吊掛物通過人員上方時，僅需鳴笛示警即可繼續進行吊運	吊耳數量由操作人員視現場情況決定，不必考慮平衡之問題	Which rule prevents suspended loads from falling during crane operation?	Slings and baskets may have strength below half the weight of the load	Lifting lug position and number must ensure balance and bear the whole weight	Loads may pass over persons provided a warning horn is first sounded	The operator alone decides the number of lugs without regard to balance	b	第92條：應採取防止吊掛物通過人員上方及人員進入吊掛物下方之設備或措施；使用吊耳時，其設置位置及數量應確保吊掛物之平衡，結合方式應能承受整體重量，吊索吊籃等應有足夠強度。	Article 92 also bars loads passing above people or people going under loads.	draft	11		
Q3289	OSH	OSH-07	職業安全衛生設施規則	第93條	民國115年6月30日	設施規則-起重升降機具	2	對於升降機之升降路各樓出入口，本規則規定應具備何種安全裝置？	各樓出入口門得以布簾或活動柵欄替代，但應標示警告文字	任一門開啟時升降機不能開動，開動中任一門開啟能停止上下	出入口門應於營業時間內全部開啟，以利勞工進出及避難用	任一門開啟時升降機得低速開動，並由管理員在旁監視操作	What safety device is required at each landing door of an elevator?	Curtains or movable gates may replace doors if a warning sign is posted	The lift cannot start with any door open, and stops if a door opens in motion	All landing doors must stay open during business hours for easy escape	The lift may run slowly with a door open while an attendant watches it	b	第93條：升降路各樓出入口應裝置構造堅固平滑之門，並應有安全裝置，使升降搬器及升降路出入口之任一門開啟時，升降機不能開動；及升降機在開動中任一門開啟時，能停止上下。	Article 93 requires interlocking of all landing and car doors.	draft	11		
Q3290	OSH	OSH-07	職業安全衛生設施規則	第94條	民國115年6月30日	設施規則-起重升降機具	1	對於升降機各樓出入口及搬器內，本規則規定應明顯標示何者？	積載荷重或乘載之最高人數，並規定不得超過限制	緊急聯絡電話與管理員姓名，供故障時聯繫使用之	製造廠商名稱與出廠年份，並每三年重新標示一次	最近一次定期檢查日期，並由檢查人員簽名確認之	What must be clearly marked at elevator landings and inside the car?	The load capacity or maximum number of persons, which must not be exceeded	An emergency phone number and the name of the building administrator	The makers name and year of manufacture, re marked every three years	The date of the most recent periodic inspection, signed by the inspector	a	第94條：雇主對於升降機各樓出入口及搬器內，應明顯標示其積載荷重或乘載之最高人數，並規定使用時不得超過限制。第89條就起重機具標示最高負荷亦同旨。	Article 94 requires marking of capacity and bars exceeding it.	draft	11		
Q3291	OSH	OSH-07	職業安全衛生設施規則	第96條	民國115年6月30日	設施規則-起重升降機具	1	對於升降機，本規則規定應設置下列何種安全裝置？	逸走防止裝置及軌道夾鉗等固定用裝置	警報式風速計及自動收捲之防風纜索	過負荷防止裝置及吊掛物平衡指示裝置	終點極限開關、緊急剎車及其他安全裝置	Which safety devices must an elevator have?	A runaway prevention device with rail clamps for anchoring	An alarming anemometer with automatically retracting guy ropes	An overload prevention device and a load balance indicator	Terminal limit switches, an emergency brake and other safety devices	d	第96條：雇主對於升降機，應設置終點極限開關、緊急剎車及其他安全裝置。第93條、第95條並就出入口門之連鎖裝置有規定。	Article 96 requires limit switches and an emergency brake.	draft	11		
Q3292	OSH	OSH-07	職業安全衛生設施規則	第100條	民國115年6月30日	設施規則-起重升降機具	1	下列何種吊鉤、鉤環或鏈環，不得作為起重升降機具之吊掛用具？	已變形或已龜裂者	表面有輕微鏽斑者	未標示製造廠商者	使用逾三年未換新者	Which hooks, shackles or links may not be used as lifting gear?	Those that are deformed or cracked	Those with slight surface rust spots	Those without a makers name marked	Those used for more than three years	a	第100條：雇主不得使用已變形或已龜裂之吊鉤、鉤環、鏈環，作為起重升降機具之吊掛用具。第98條、第99條另就吊鏈與鋼索之汰換基準規定。	Article 100 bars deformed or cracked hooks, shackles and links.	draft	11		
Q3293	OSH	OSH-07	職業安全衛生設施規則	第102條	民國115年6月30日	設施規則-起重升降機具	2	吊鏈或未設環結之鋼索，須具備何種端末處理始得作為吊掛用具？	兩端以電焊直接熔接成閉合環狀並經目視確認者	兩端設有吊鉤、鉤環、鏈環或編結環首、壓縮環首	兩端以塑膠套管包覆並加註使用荷重標籤標示者	兩端以鐵絲纏繞十圈以上並塗覆防鏽油脂處理者	What end fittings must chains or unlooped wire ropes have to be used as slings?	Both ends welded directly into a closed loop and checked by eye	Hooks, shackles, links, spliced eyes or compressed eyes at both ends	Both ends sleeved in plastic tubing with a working load label attached	At least ten turns of iron wire at both ends coated with rust proof grease	b	第102條：吊鏈或未設環結之鋼索，其兩端非設有吊鉤、鉤環、鏈環或編結環首、壓縮環首者，不能作為起重機具之吊掛用具。	Article 102 lists the acceptable end terminations.	draft	11		
Q3294	OSH	OSH-07	職業安全衛生設施規則	第103條	民國115年6月30日	設施規則-起重升降機具	1	起重升降機具設備及有關措施，除本節規定外，尚應依何者辦理？	事業單位自訂之內部作業標準規定	勞動檢查機構個案核定之替代方案	製造廠商所附使用說明書之建議值	其他相關職業安全衛生法規之規定	Besides this section, what else governs lifting appliances?	Internal operating standards set by the enterprise itself	Alternatives approved case by case by the inspection agency	Recommended values in the makers instruction manual	Other relevant occupational safety and health regulations	d	第103條：起重升降機具設備及有關措施，除依本節之規定外，並應依其他相關職業安全衛生法規規定辦理。第113條就高壓氣體設備亦有相同體例之規定。	Article 103 preserves the application of other OSH regulations.	draft	11		
Q3295	OSH	OSH-07	職業安全衛生設施規則	第104條	民國115年6月30日	設施規則-鍋爐壓力容器	1	鍋爐及壓力容器之設備及有關措施，應依何種規則辦理？	缺氧症預防規則之相關規定	高壓氣體設備及容器安全規則	起重升降機具有關安全規則	鍋爐及壓力容器有關安全規則	Which rules govern boilers and pressure vessels?	The rules on the prevention of oxygen deficiency	The safety rules on high pressure gas equipment	The safety rules on lifting appliances and hoists	The safety rules on boilers and pressure vessels	d	第104條：雇主對於鍋爐及壓力容器設備及有關措施，應依鍋爐及壓力容器有關安全規則之規定辦理。	Article 104 refers to the boiler and pressure vessel safety rules.	draft	11		
Q3296	OSH	OSH-07	職業安全衛生設施規則	第105條	民國115年6月30日	設施規則-高壓氣體	1	高壓氣體之製造、儲存、消費等，本規則規定應依何者辦理？	特定化學物質危害預防標準	起重升降機具有關之安全規則	鍋爐及壓力容器有關安全規則	高壓氣體設備及容器有關安全規則	Which rules govern the making, storage and use of high pressure gas?	The standards on the prevention of specified chemical hazards	The safety rules on lifting appliances and hoisting gear	The safety rules on boilers and on pressure vessels in use	The safety rules on high pressure gas equipment and containers	d	第105條：雇主對於高壓氣體之製造、儲存、消費等，應依高壓氣體設備及容器有關安全規則之規定辦理。	Article 105 refers to the high pressure gas equipment and container rules.	draft	11		
Q3297	OSH	OSH-07	職業安全衛生設施規則	第106條	民國115年6月30日	設施規則-高壓氣體	2	使用儲存高壓氣體之容器，不論盛裝或空容器，下列辦理方式何者正確？	容器焊接前應先於容器本體上試焊，確認電流適當後再行施作	容器應標明所裝氣體品名，不得任意灌裝或轉裝，外表顏色不得擅自變更	容器外表顏色得由事業單位自行統一變更，以利現場辨識與管理	空容器因無殘壓之虞，得不予固定並任意橫置堆疊於通道旁邊	Which practice for high pressure gas containers is correct?	Test welding may be done on the container body to check the current first	Mark the gas name, never refill or transfer freely, and never change the colour	The enterprise may repaint containers in its own colours for easier handling	Empty containers need no securing and may be stacked flat beside passages	b	第106條：確知容器用途無誤方得使用；應標明所裝氣體品名，不得任意灌裝或轉裝；外表顏色不得擅自變更或擦掉；使用時應加固定；搬動不得粗莽或衝擊；焊接時不得在容器上試焊。	Article 106 forbids arbitrary refilling, colour changes and test welding on containers.	draft	11		
Q3298	OSH	OSH-07	職業安全衛生設施規則	第109條	民國115年6月30日	設施規則-高壓氣體	2	高壓可燃性氣體之貯存，除一般貯存規定外，另有何特別要求？	貯存處周圍五公尺內應設置圍籬，並由警衛人員全日看守之	貯存處應置備吸收劑、中和劑及適用之防毒面罩或呼吸防護具	電氣設備得採一般型，惟應加裝漏電斷路器並每月檢點一次	電氣設備應採防爆型，不得帶用防爆型攜帶式電筒以外之燈火	What extra rule applies to storing flammable high pressure gas?	A fence within five metres of the store guarded around the clock by security	Absorbents, neutralisers and suitable respirators must be kept at the store	Ordinary electrical equipment with a leakage breaker checked once a month	Explosion proof electrical equipment; no lamps except explosion proof torches	d	第109條：高壓可燃性氣體之貯存，除第108條規定外，電氣設備應採用防爆型，不得帶用防爆型攜帶式電筒以外之其他燈火，並應有適當之滅火機具。吸收劑、中和劑係第110條毒性高壓氣體之規定。	Article 109 requires explosion proof equipment and suitable fire extinguishers.	draft	11		
Q3299	OSH	OSH-07	職業安全衛生設施規則	第110條	民國115年6月30日	設施規則-高壓氣體	2	對於毒性高壓氣體之儲存，下列辦理方式何者符合本規則規定？	具腐蝕性之毒性氣體應密閉存放，並儘量減少換氣以避免擴散	貯存處得設於腐蝕性化學藥品或煙囪附近，以集中管理危險物	貯存處應置備吸收劑、中和劑及適用之防毒面罩或呼吸用防護具	容器溫度得保持在攝氏六十度以下，並每週測定溫度一次以上	Which practice complies with the rule on storing toxic high pressure gas?	Corrosive toxic gases must be sealed with ventilation kept to a minimum	The store may sit near corrosive chemicals or chimneys to centralise risk	Absorbents, neutralisers and suitable respirators must be kept at the store	Containers may be kept below 60 degrees Celsius with weekly temperature checks	c	第110條：毒性高壓氣體之儲存，應於貯存處置備吸收劑、中和劑及適用之防毒面罩或呼吸用防護具；具腐蝕性之毒性氣體應充分換氣保持通風良好；不得在腐蝕化學藥品或煙囪附近貯藏；並預防異物混入。	Article 110 requires absorbents, neutralisers and respiratory protection at the store.	draft	11		
Q3300	OSH	OSH-07	職業安全衛生設施規則	第111條	民國115年6月30日	設施規則-高壓氣體	2	對於毒性高壓氣體之使用，下列規定何者正確？	使用場所得採密閉方式操作，不必保持通風良好之作業環境	非對該氣體有實地瞭解之人員不准進入，空氣中濃度不得超過容許濃度	工作場所空氣中毒性氣體濃度得為容許濃度之二倍以下使用	經現場作業主管同意者，未受訓練人員亦得單獨進入使用場所	Which rule governs the use of toxic high pressure gas?	The area may be operated fully closed without maintaining good ventilation	Only persons with practical knowledge may enter; concentration must stay below the limit	Airborne concentration may reach up to twice the permissible exposure limit	With the site supervisors consent, untrained persons may enter the area alone	b	第111條：非對該氣體有實地瞭解之人員不准進入；工作場所空氣中之毒性氣體濃度不得超過容許濃度；應置備充分及適用之防護具；並保持通風良好。	Article 111 restricts entry and caps airborne concentration at the permissible limit.	draft	11		
Q3301	OSH	OSH-07	職業安全衛生設施規則	第112條	民國115年6月30日	設施規則-高壓氣體	1	對於高壓氣體之廢棄，本規則規定雇主應防止何種危害？	感電及被夾捲之危害	墜落及倒塌之危害者	火災爆炸或中毒之危害	高溫灼燙及凍傷危害	What hazards must be prevented when disposing of high pressure gas?	Electric shock and entanglement hazards	Falling and structural collapse hazards	Fire, explosion or poisoning hazards	High temperature burn and frostbite risks	c	第112條：雇主對於高壓氣體之廢棄，應防止火災爆炸或中毒之危害。第109條至第111條並就可燃性與毒性高壓氣體之貯存使用另有規定。	Article 112 targets fire, explosion and poisoning.	draft	11		
Q3302	OSH	OSH-07	職業安全衛生設施規則	第113條	民國115年6月30日	設施規則-高壓氣體	1	有關高壓氣體設備及必要措施，除本節規定外尚應依何者辦理？	事業單位報請備查之內部作業標準	其他相關職業安全衛生法規之規定	當地消防機關核定之防火管理計畫	高壓氣體容器製造廠商建議事項	Besides this section, what else applies to high pressure gas equipment?	Internal standards filed by the enterprise for the record	Other relevant occupational safety and health regulations	A fire management plan approved by the local fire agency	Recommendations given by the container manufacturer	b	第113條：有關高壓氣體設備及必要措施，除本節之規定外，並應依其他相關職業安全衛生法規規定辦理，與第103條起重升降機具之規定體例相同。	Article 113 preserves other OSH regulations.	draft	11		
Q3303	OSH	OSH-07	職業安全衛生設施規則	第114條	民國115年6月30日	設施規則-車輛機械	1	職業安全衛生設施規則第114條之現行條文內容為何？	本條業經刪除，現行規則並無規定內容	規定車輛機械應裝置名牌指出額定荷重	規定自設道路應能承受車輛機械之荷重	規定堆高機非置備後扶架者不得使用之	What does Article 114 of the Rules currently provide?	The article has been deleted and states no requirement	It requires vehicles to carry a plate showing rated load	It requires site roads to bear the load of the vehicles	It bars use of forklifts without a load backrest fitted	a	第114條業經刪除。車輛機械之名牌標示規定見第115條，自設道路規定見第118條，堆高機後扶架規定見第124條。	Article 114 has been deleted.	draft	11		
Q3304	OSH	OSH-07	職業安全衛生設施規則	第115條	民國115年6月30日	設施規則-車輛機械	2	對於車輛機械，本規則就馬力、強度及標示有何規定？	應有足夠馬力及強度承受規定荷重，惟得免標示空重與額定荷重	應每半年測定其馬力一次，並將測定紀錄保存一年以上備查	應有足夠馬力及強度承受規定荷重，並裝置名牌指出空重、載重、額定荷重	應由製造廠商出具強度計算書，並免於機體上為任何之標示	What does the rule require of vehicle type machines?	Enough power and strength for the load, but dead and rated loads need no marking	Power output measured twice a year with records kept for at least one year	Enough power and strength for the load, plus a plate showing dead and rated loads	A strength calculation from the maker, with no marking required on the machine	c	第115條：雇主對於車輛機械應有足夠之馬力及強度，承受其規定之荷重；並應裝置名牌或相等之標示指出空重、載重、額定荷重等。	Article 115 requires a name plate showing dead weight, load and rated load.	draft	11		
Q3305	OSH	OSH-07	職業安全衛生設施規則	第118條	民國115年6月30日	設施規則-車輛機械	2	對於勞工工作場所之自設道路，下列辦理方式何者符合本規則規定？	橋梁及涵洞非屬道路範圍，得免納入定期檢查之項目辦理	道路坡度得依現地條件放寬，縱有滑下可能亦得先行使用之	道路之邊緣及開口部分，應設置足以防止車輛機械翻落之設施	危險區域僅需於地面漆設標線，不必設標誌杆或防禦物者	Which practice complies with the rule on employer built site roads?	Bridges and culverts are outside the road and need no periodic inspection	Gradients may be relaxed on site even where machines might slide down them	Road edges and openings must have facilities preventing vehicles from falling off	Danger zones need only painted floor lines, not posts or protective barriers	c	第118條：自設道路應能承受車輛機械之荷重；危險區應設標誌杆或防禦物；道路包括橋梁及涵洞應定期檢查；坡度須適當不得有滑下可能之斜度；應設行車安全設備；邊緣及開口部分應設防止翻落設施。	Article 118 lists six requirements including fall prevention at edges and openings.	draft	11		
Q3306	OSH	OSH-07	職業安全衛生設施規則	第121條	民國115年6月30日	設施規則-車輛機械	2	車輛系營建機械之修理或附屬裝置安裝、拆卸作業，應指定專人負責何事項？	決定作業順序並指揮作業，監視安全支柱、絞車等之使用狀況	代為保管機械鑰匙，並於作業完成後填具自動檢查紀錄表件	申請勞動檢查機構派員到場監督，並於作業後函報檢查結果	決定作業順序並指揮作業，惟安全支柱之使用由勞工自行判斷	What must the designated person do during repair of construction vehicles?	Decide the work sequence, direct the work, and watch safety props and winches	Keep the machine key and fill in the self inspection form once work is done	Ask the inspection agency to send an officer and report the result afterwards	Decide the sequence and direct work, leaving prop use to the workers judgement	a	第121條：雇主對於車輛系營建機械之修理或附屬裝置之安裝、拆卸等作業時，應就該作業指定專人負責決定作業順序並指揮作業，及監視於機臂、突樑下作業之勞工所使用安全支柱、絞車等之狀況。	Article 121 requires sequencing, direction and monitoring of safety props.	draft	11		
Q3307	OSH	OSH-07	職業安全衛生設施規則	第122條	民國115年6月30日	設施規則-車輛機械	2	以自行行駛或牽引拖曳方式將車輛系營建機械裝卸於貨車時，應採何措施？	應以起重機吊掛方式裝卸，不得使用道板、填土或臨時架台方式	應先卸除機械之制動裝置以利滑行，並由二人於兩側徒手扶持之	應於任何空地為之，道板僅需具足夠長度，斜度由駕駛人自行斟酌	應於平坦堅固地點為之，道板須具足夠長寬強度並穩固固定於適當斜度	What measures apply when loading construction vehicles onto a truck?	Loading must use a crane; ramps, earth fill and temporary stands are barred	Release the brakes first to help it slide, with two people steadying by hand	Any open ground will do; only ramp length matters and the driver judges slope	Choose flat firm ground; ramps must be long, wide, strong and firmly fixed	d	第122條：裝卸時應選擇平坦堅固地點；使用道板應具足夠長度、寬度及強度，並穩固固定於適當之斜度；使用填土或臨時架台時，應確認具足夠寬度、強度並保持適當斜度。	Article 122 requires flat firm ground and properly fixed ramps.	draft	11		
Q3308	OSH	OSH-07	職業安全衛生設施規則	第123條	民國115年6月30日	設施規則-車輛機械	1	職業安全衛生設施規則第123條之現行條文內容為何？	規定堆高機托板應無顯著損傷或腐蝕者	規定荷重一公噸以上堆高機應由受訓者操作	規定車輛系營建機械應裝置前照燈具設備	本條已刪除，目前並無任何規定之內容	What does Article 123 of the Rules currently provide?	It requires forklift pallets to be free of damage or decay	It requires trained operators for forklifts of one tonne or more	It requires construction vehicles to be fitted with headlights	The article is deleted and holds no provision at present	d	第123條業經刪除。堆高機托板規定見第125條，一公噸以上堆高機操作人員資格見第126條，前照燈具規定見第119條。	Article 123 has been deleted.	draft	11		
Q3309	OSH	OSH-07	職業安全衛生設施規則	第125條	民國115年6月30日	設施規則-堆高機	2	雇主使用堆高機之托板或撬板時，本規則規定應符合何種條件？	具有承受積載貨物重量二分之一之強度，輕微變形者仍得使用	應為金屬材質製造，木質托板一律不得使用於任何堆高作業	應標示製造日期並於使用滿三年後一律汰換，不得繼續使用	具有充分能承受積載貨物重量之強度，且無顯著損傷、變形或腐蝕	What conditions must forklift pallets or skids meet?	Strength of half the loaded weight, and slight deformation is acceptable	They must be metal; wooden pallets may never be used for stacking work	They must show a date of manufacture and be scrapped after three years	Strength enough to bear the loaded goods, with no marked damage or decay	d	第125條：雇主使用堆高機之托板或撬板時，應具有充分能承受積載之貨物重量之強度，且無顯著之損傷、變形或腐蝕者。第126條並規定一公噸以上堆高機應由受特殊作業安全衛生教育訓練人員操作。	Article 125 requires adequate strength and freedom from notable damage.	draft	11		
Q3310	OSH	OSH-07	職業安全衛生設施規則	第127條	民國115年6月30日	設施規則-堆高機	1	對於堆高機之操作，本規則就荷重與貨物狀態有何規定？	荷重限制由駕駛人員依經驗自行判斷，並於作業後填具紀錄表	不得超過最大荷重之一點二倍，載運貨物得視現場狀況酌予傾斜	得於短時間內超過最大荷重，惟應由二名勞工在旁協助扶持貨物	不得超過該機械所能承受之最大荷重，且載運貨物應保持穩固防止翻倒	What does the rule require when operating a forklift?	The driver judges the load limit by experience and records it afterwards	The maximum load may be exceeded by 1.2 times if the goods are tilted	The load may be exceeded briefly if two workers steady the goods by hand	Never exceed the maximum load, and keep the goods stable against overturning	d	第127條：雇主對於堆高機之操作，不得超過該機械所能承受之最大荷重，且其載運之貨物應保持穩固狀態，防止翻倒。第125條並就托板與撬板之強度有規定。	Article 127 bars exceeding the maximum load and requires stable carriage.	draft	11		
Q3311	OSH	OSH-07	職業安全衛生設施規則	第128條	民國115年6月30日	設施規則-堆高機	1	於危險物存在場所使用堆高機時，本規則規定應如何辦理？	應僅限於日間有自然採光時間使用	應有必要之安全衛生設備及措施	應改以人力搬運方式取代堆高機	應先報請勞動檢查機構核准後使用	What is required when using a forklift where dangerous substances exist?	Use is limited to daytime hours when natural light is available	Necessary safety and health equipment and measures must be provided	Manual handling must be used instead of a forklift at such places	Prior approval from the labor inspection agency must be obtained	b	第128條：雇主於危險物存在場所使用堆高機時，應有必要之安全衛生設備措施。危險物之種類見第11條至第15條。	Article 128 requires necessary safety and health equipment and measures.	draft	11		
Q3312	OSH	OSH-07	職業安全衛生設施規則	第128條之3	民國115年6月30日	設施規則-高空工作車	2	以自行行駛或牽引拖曳方式運送高空工作車並裝卸於貨車時，應採何措施？	應選擇任何空曠地點，道板僅需具足夠寬度，斜度由駕駛人自行決定	應選擇平坦堅固地點，道板須具足夠長度、寬度及強度並穩固固定於適當斜度	應先將工作台升至最高位置以減輕前軸荷重，再緩慢駛上貨車車台	應一律以起重機吊掛裝卸，不得使用道板、填土或臨時架台等方式	What measures apply when loading a mobile elevating work platform onto a truck?	Choose any open ground; only ramp width matters and the driver decides the slope	Choose flat firm ground; ramps must have enough length, width and strength and be fixed	Raise the work platform to its highest position first and then drive slowly on	Always load by crane; ramps, earth fill and temporary stands are prohibited	b	第128條之3：裝卸時應選擇平坦堅固地點；使用道板應具足夠長度、寬度及強度，並穩固固定於適當之斜度；使用填土或臨時架台時應確認具足夠寬度、強度並保持適當斜度。	Article 128-3 mirrors Article 122 for construction vehicles.	draft	11		
Q3313	OSH	OSH-07	職業安全衛生設施規則	第128條之4	民國115年6月30日	設施規則-高空工作車	2	使勞工從事高空工作車之修理、工作台之裝設或拆卸作業時，應如何辦理？	應指定專人監督，決定作業步驟並指揮作業，監視安全支柱、安全塊之使用狀況	應指定專人監督，惟安全支柱與安全塊之使用由勞工自行決定是否採用	應報請原製造廠商派員到場監督，事業單位人員不得自行執行作業	應由駕駛人員兼任監督，並於作業完成後填具自動檢查紀錄表備查	What applies to repairing or fitting the platform of an aerial work vehicle?	A designated supervisor decides the steps, directs work and watches props and blocks	A designated supervisor is needed, but workers decide whether to use props	The original maker must send staff; the enterprise may not do the work itself	The driver may double as supervisor and file a self inspection record after	a	第128條之4：雇主使勞工從事高空工作車之修理、工作台之裝設或拆卸作業時，應指定專人監督該項作業，並執行決定作業步驟並指揮作業、監視作業中安全支柱與安全塊使用狀況等事項。	Article 128-4 requires a designated supervisor to direct work and monitor safety props.	draft	11		
Q3314	OSH	OSH-07	職業安全衛生設施規則	第128條之5	民國115年6月30日	設施規則-高空工作車	2	使勞工於高空工作車升起之伸臂等下方從事修理、檢點作業時，應如何辦理？	應使從事該作業之勞工使用安全支柱、安全塊等，防止伸臂意外落下	應使勞工佩戴安全帽及全身背負式安全帶，即得於伸臂下方作業	應將伸臂維持於升起狀態並以繩索綁縛於鄰近之固定結構物上	應指派勞工二人一組，其中一人於駕駛座持續按住操作桿固定	What is required for work under the raised boom of an aerial work vehicle?	Workers must use safety props or safety blocks to stop the boom falling	Workers wearing a helmet and full body harness may work under the boom	The boom is kept raised and tied with rope to a nearby fixed structure	Two workers must work as a pair, one holding the control lever down	a	第128條之5：雇主使勞工於高空工作車升起之伸臂等下方從事修理、檢點等作業時，應使從事該作業勞工使用安全支柱、安全塊等，以防止伸臂等之意外落下致危害勞工。	Article 128-5 requires safety props or blocks against accidental boom descent.	draft	11		
Q3315	OSH	OSH-07	職業安全衛生設施規則	第128條之6	民國115年6月30日	設施規則-高空工作車	3	無工作台操作行駛構造之高空工作車行駛時，勞工搭載於工作台上之限制為何？	原則不得搭載；惟經現場作業主管口頭同意並在旁監督者即得搭載	得於行駛速率每小時五公里以下時搭載，並免設引導人員及信號	得自由搭載，惟應使勞工佩戴安全帶並將另一端固定於工作台上	原則不得搭載；於平坦堅固場所並規定信號、指定引導人員及適當速率者除外	May workers ride on the platform while such a vehicle travels?	Not in principle; allowed once the site supervisor verbally agrees and watches	Allowed below five kilometres an hour, with no guide or signals needed	Freely allowed provided a harness is worn and anchored to the work platform	Not in principle; allowed on flat firm ground with signals, a guide and set speed	d	第128條之6：除有工作台可操作行駛構造之高空工作車外，不得使勞工搭載於工作台上；但使其行駛於平坦堅固之場所，並規定一定信號、指定引導人員依信號引導，及事先規定適當速率並使駕駛依速率行駛者，不在此限。	Article 128-6 permits riding only on flat firm ground with signals, a guide and a set speed.	draft	11		
Q3316	OSH	OSH-07	職業安全衛生設施規則	第128條之7	民國115年6月30日	設施規則-高空工作車	3	有工作台可操作行駛構造之高空工作車，於平坦堅固場所以外行駛時應採何措施？	應規定一定信號並指定引導人員，且事先依工作台高度、地盤狀態規定適當速率	應規定一定信號並指定引導人員，速率則由工作台上之勞工隨時指示	應先將工作台下降至最低位置，即得免設引導人員及信號等措施	應僅由駕駛人員於駕駛座操作行駛，工作台上不得有任何之操作	What applies when a platform driven vehicle travels off flat firm ground?	Set signals, assign a guide, and fix a speed from platform height and ground state	Set signals and assign a guide, with the platform worker calling the speed	Lower the platform fully, after which signals and a guide are not needed	Only the driver in the cab may drive; the platform controls may not be used	a	第128條之7：有工作台可操作行駛構造者，於平坦堅固場所以外行駛時，應規定一定之信號並指定引導人員依信號引導；並於作業前依工作台高度、伸臂長度、作業場所地形及地盤狀態等規定適當速率，使駕駛人員依該速率行駛。	Article 128-7 requires signals, a guide and a pre set travel speed.	draft	11		
Q3317	OSH	OSH-07	職業安全衛生設施規則	第128條之8	民國115年6月30日	設施規則-高空工作車	2	高空工作車之構造所應符合之標準，如國家標準與國際標準不一致時，以何者為準？	以中央主管機關個案指定或事業單位自行選擇者為準者	以國際標準ISO16368、ISO16653系列、ISO18893之規定為準	以原製造廠商設計規範及使用說明書所載規定內容為準者	以國家標準CNS16368、CNS16653系列、CNS18893規定為準	Where national and international standards differ, which prevails?	Case by case designation by the authority or the employers own choice	The international standards ISO 16368, ISO 16653 series and ISO 18893 prevail	The makers own design specification and operating manual prevail instead	The national standards CNS 16368, CNS 16653 series and CNS 18893 prevail	b	第128條之8：高空工作車構造應符合CNS 14965、CNS 16368、CNS 16653系列、CNS 18893及ISO 16368、ISO 16653系列、ISO 18893等標準；國家標準與國際標準有不一致者，以國際標準ISO之規定為準。	Article 128-8: the ISO standards prevail over the CNS versions.	draft	11		
Q3318	OSH	OSH-07	職業安全衛生設施規則	第129條	民國115年6月30日	設施規則-軌道機械	1	對於軌道機械，本規則就信號有何規定？	應由駕駛人員以手勢示意，得免設置任何信號裝置	應設置號誌燈並每三個月委外檢測其亮度一次以上	應設有適當信號裝置，並於事先通知有關勞工週知	應設有適當信號裝置，惟得於事後再通知有關勞工	What does the rule require for signals on track machines?	The driver may use hand gestures and no signal device is then needed	Signal lamps must be installed and their brightness tested quarterly	Suitable signal devices must be provided and workers told of them beforehand	Suitable signal devices are required, and workers may be told afterwards	c	第129條：雇主對於軌道機械，應設有適當信號裝置，並於事先通知有關勞工週知。第130條並規定連結軌道機械車輛應使用適當連結裝置。	Article 129 requires signal devices and prior notification to workers.	draft	11		
Q3319	OSH	OSH-07	職業安全衛生設施規則	第130條	民國115年6月30日	設施規則-軌道機械	1	對於連結軌道機械車輛時，本規則規定應如何辦理？	應以鋼索捆綁二圈以上	應先斷電並派專人監視	應使用適當之連結裝置	應由二名勞工在旁扶持	What is required when coupling track machine vehicles?	Wire rope wound at least twice is enough	Power must be cut and a watcher assigned	A suitable coupling device must be used	Two workers must steady it by hand	c	第130條：雇主對於連結軌道機械車輛時，應使用適當連結裝置。第144條並規定車輛與車輛之連結應有確實之連接裝置。	Article 130 requires a suitable coupling device.	draft	11		
Q3320	OSH	OSH-07	職業安全衛生設施規則	第131條	民國115年6月30日	設施規則-軌道機械	3	動力車車輛重量在十五公噸以上者，其鋼軌每公尺重量應在多少以上？	二十二公斤	十五公斤者	十二公斤者	三十公斤者	For a power car of 15 tonnes or more, what rail weight per metre applies?	22 kilograms or more	15 kilograms or more	12 kilograms or more	30 kilograms or more	a	第131條附表：車輛未滿五公噸者鋼軌每公尺九公斤以上；五至未滿十公噸者十二公斤以上；十至未滿十五公噸者十五公斤以上；十五公噸以上者二十二公斤以上。	Article 131: 22 kg per metre for vehicles of 15 tonnes and above.	draft	11		
Q3321	OSH	OSH-07	職業安全衛生設施規則	第132條	民國115年6月30日	設施規則-軌道機械	3	動力車鋼軌之舖設，就軌道坡度本規則規定為何？	應保持在千分之六十五以下；備有自動空氣煞車者得放寬至千分之八十	應保持在千分之五十以下；備有自動空氣煞車者得放寬至千分之六十五以下	應保持在千分之五十以下，且不得因任何設備而放寬其坡度之限制	應保持在千分之三十以下；備有自動空氣煞車者得放寬至千分之五十	What gradient limit applies to power car track?	65 per thousand or less; up to 80 per thousand with automatic air brakes	50 per thousand or less; up to 65 per thousand with automatic air brakes	50 per thousand or less, with no relaxation permitted by any equipment	30 per thousand or less; up to 50 per thousand with automatic air brakes	b	第132條：鋼軌接頭應使用魚尾板或採熔接固定；舖設應以道釘、金屬固定具固定於枕木或水泥路基；軌道坡度應保持在千分之五十以下，但動力車備有自動空氣煞車之軌道得放寬至千分之六十五以下。	Article 132: 50 per thousand, relaxed to 65 where automatic air brakes exist.	draft	11		
Q3322	OSH	OSH-07	職業安全衛生設施規則	第133條	民國115年6月30日	設施規則-軌道機械	2	動力車軌道路基，於車輛重量在五公噸以上者應如何構築？	應由砂土回填構成，並每年辦理一次路基沉陷量之測量	應由礫石、碎石等構成，並應有充分之保固與良好排水系統	應由混凝土整體澆置構成，並免設任何排水系統之設施	應由夯實黏土構成，並於表面鋪設瀝青以避免雨水入滲	How must the track bed be built where vehicles weigh five tonnes or more?	Of backfilled sand, with settlement measured once every year	Of gravel or crushed stone, with ample consolidation and good drainage	Of monolithic poured concrete, with no drainage system being required	Of compacted clay surfaced with asphalt to keep rainwater from soaking in	b	第133條：車輛在五公噸以上者，其軌道路基除應由礫石、碎石等構成外，並應有充分之保固與良好排水系統；其他軌道路基則應注意鋼軌舖設及車輛行駛安全狀況。	Article 133 requires gravel or crushed stone with drainage for heavier vehicles.	draft	11		
Q3323	OSH	OSH-07	職業安全衛生設施規則	第134條	民國115年6月30日	設施規則-軌道機械	2	動力車軌道之曲線部分，本規則規定為何？	曲率半徑應在十公尺以上，保持適度之軌道超高及加寬，並裝置適當護軌	曲率半徑應在二十公尺以上，且不得為軌道之超高或加寬等處理	曲率半徑應在五公尺以上，保持適度之軌道超高，並免裝置任何護軌	曲率半徑由現場依地形決定，僅需於曲線起點設置警告標誌即可	What applies to curved sections of power car track?	Radius of 10 metres or more, suitable cant and widening, and proper guard rails	Radius of 20 metres or more, with no cant or widening being permitted	Radius of 5 metres or more with suitable cant, and no guard rails needed	The radius is set on site by terrain, needing only a sign at the curve	a	第134條：動力車軌道之曲線部分，曲率半徑應在十公尺以上；保持適度之軌道超高及加寬；並裝置適當之護軌。手推車輛軌道之曲率半徑則為五公尺以上（第138條）。	Article 134: minimum radius ten metres, with cant, widening and guard rails.	draft	11		
Q3324	OSH	OSH-07	職業安全衛生設施規則	第135條	民國115年6月30日	設施規則-軌道機械	2	對於動力車軌道之岔道部分及軌道終端，本規則規定應設置何者？	岔道應設置號誌燈及監視人員，軌道終端應設置緩衝用之砂堆者	岔道應設具充分效能之轉轍器及轍鎖，終端應設充分效能之擋車裝置	岔道應設轉轍器及轍鎖，軌道終端則以標誌杆或警告標示替代即可	岔道與終端均由駕駛人員以人工操作，得免設任何固定安全裝置	What must be provided at track turnouts and at the track end?	Signal lamps and a watcher at turnouts, and a sand mound at the track end	Effective point switches and point locks at turnouts, and an effective buffer stop	Switches and locks at turnouts, with a post or warning sign at the track end	Manual operation by the driver, with no fixed safety devices required	b	第135條：雇主對於動力車軌道岔道部分，應設置具有充分效能之轉轍器及轍鎖；軌道之終端應設置充分效能之擋車裝置。	Article 135 requires switches with locks and an effective stop block.	draft	11		
Q3325	OSH	OSH-07	職業安全衛生設施規則	第136條	民國115年6月30日	設施規則-軌道機械	1	車輛於軌道上有滑走之虞時，本規則規定應如何辦理？	應於軌道兩側鋪設止滑砂	應於每次停車後拆除車輪	應設置防止滑走之裝置	應派專人於車旁全程監視	What is required where vehicles may run away on the track?	Anti slip sand must be laid along the rails	The wheels must be removed after stopping	An anti runaway device must be installed	A watcher must stand beside the vehicle	c	第136條：雇主對於車輛於軌道上有滑走之虞時，應設置防止滑走之裝置。第149條並規定駕駛離開駕駛位置時應採煞車等措施防止車輛逸走。	Article 136 requires a device preventing the vehicle from sliding away.	draft	11		
Q3326	OSH	OSH-07	職業安全衛生設施規則	第137條	民國115年6月30日	設施規則-軌道機械	3	隧道坑井內部裝置軌道時，其側壁與行走之車輛應保持多少以上淨距？	三十公分	一百公分	九十公分	六十公分	What clearance is required between tunnel walls and passing vehicles?	30 centimetres or more	100 centimetres or more	90 centimetres or more	60 centimetres or more	d	第137條：隧道坑井內部裝置軌道時，側壁與行走之車輛應保持六十公分以上淨距；但於適當間隔設置相當寬度之避車設備並有顯明標示，或設置信號裝置或配置監視人員者，不在此限。	Article 137: sixty centimetres, subject to the listed exceptions.	draft	11		
Q3327	OSH	OSH-07	職業安全衛生設施規則	第138條	民國115年6月30日	設施規則-軌道機械	3	對於手推車輛之軌道，下列規定何者正確？	曲率半徑應在三公尺以上，傾斜應在五分之一以下，鋼軌每公尺四公斤以上	曲率半徑應在十公尺以上，傾斜應在十分之一以下，鋼軌每公尺九公斤以上	曲率半徑應在五公尺以上，傾斜應在十五分之一以下，鋼軌每公尺六公斤以上	曲率半徑不予限制，傾斜應在十五分之一以下，鋼軌每公尺十公斤以上	Which requirement applies to handcart tracks?	Radius 3 m or more, gradient 1 in 5 or less, rail at least 4 kg per metre	Radius 10 m or more, gradient 1 in 10 or less, rail at least 9 kg per metre	Radius 5 m or more, gradient 1 in 15 or less, rail at least 6 kg per metre	No radius limit, gradient 1 in 15 or less, rail at least 10 kg per metre	c	第138條：手推車輛軌道之曲率半徑應在五公尺以上；傾斜應在十五分之一以下；鋼軌每公尺重量應在六公斤以上；置直徑九公分以上之枕木並適當間隔配置；鋼軌接頭應使用魚尾板或熔接固定。	Article 138 sets radius, gradient, rail weight and sleeper requirements.	draft	11		
Q3328	OSH	OSH-07	職業安全衛生設施規則	第139條	民國115年6月30日	設施規則-軌道機械	2	對於軌道沿線應採取之措施，下列何者符合本規則規定？	橋梁長度不予限制，且無須就行人與車輛之通行加以區隔設置	軌道附近得任意堆放施工物品，惟應與軌道保持三十公分距離	工作人員經常出入之橋梁，應另行設置行人安全道，橋梁過長時應設置平台	軌道兩旁之危險立木得予保留，僅需於樹幹漆設反光標記即可	Which measure along the track line complies with the rule?	Bridge length is unrestricted and pedestrians need not be separated	Materials may be stacked near the track if kept thirty centimetres away	Bridges used often by workers need a separate walkway; long bridges need platforms	Dangerous standing trees may remain if their trunks carry reflective marks	c	第139條：軌道兩旁之危險立木應予清除；軌道上方及兩旁與鄰近建築物應留適當距離；軌道附近不得任意堆放物品，邊坑上不得有危石；橋梁過長時應設置平台等；工作人員經常出入之橋梁，應另行設置行人安全道。	Article 139 requires clearing dangerous trees and a separate pedestrian way on bridges.	draft	11		
Q3329	OSH	OSH-07	職業安全衛生設施規則	第140條	民國115年6月30日	設施規則-軌道機械	2	下列何者屬本規則第140條所定軌道沿線環境應實施之保養事項？	於每年汛期前後各實施一次軌道之全線非破壞性檢測	清除路肩及橋梁附近之叢草，並清除妨害視距之草木	於軌道兩旁每五十公尺設置一處消防栓及滅火器材	於軌道沿線裝設監視攝影機並保存影像紀錄三年以上	Which item is listed as maintenance along the track line?	Non destructive testing of the whole line before and after each flood season	Clearing weeds on shoulders and near bridges, and brush blocking sight lines	Placing a hydrant and fire equipment every fifty metres along the track	Fitting cameras along the line and keeping the footage for three years	b	第140條列舉十款保養事項，包括清除路肩及橋梁附近叢草、清除妨害視距之草木、維護橋梁及隧道支架結構、清掃坍方與邊坡危石、維護鋼軌接頭道釘、號誌標示、軌距、排水系統及枕木狀況良好。	Article 140 lists ten maintenance items including weed and brush clearance.	draft	11		
Q3330	OSH	OSH-07	職業安全衛生設施規則	第141條	民國115年6月30日	設施規則-軌道機械	2	對行駛於軌道之動力車，下列設備規定何者正確？	汽笛、警鈴等信號裝備得以駕駛人員之口哨或手勢示意代替設置	使用內燃機者應設避雷器；使用電動機者應設潤滑油壓力之指示器者	於夜間或地下使用者得免設前照燈，惟應由引導人員持手電筒引導	使用內燃機者應設標示潤滑油壓力之指示器；使用電動機者應置備自動遮斷器	Which equipment rule applies to power cars running on tracks?	Whistles and bells may be replaced by the drivers own whistle or gestures	Combustion engines need lightning arresters; electric ones need oil gauges	Headlights may be omitted at night if a guide carries a hand torch instead	Combustion engines need an oil pressure gauge; electric ones need auto breakers	d	第141條：行駛於軌道之動力車應設置汽笛、警鈴等信號裝備；夜間或地下使用者應設前照燈及駕駛室照明；使用內燃機者應設標示潤滑油壓力之指示器；使用電動機者應置備自動遮斷器，高架式者並應增置避雷器。	Article 141 lists signalling, lighting, oil pressure gauge and automatic breaker.	draft	11		
Q3331	OSH	OSH-07	職業安全衛生設施規則	第142條	民國115年6月30日	設施規則-軌道機械	3	對行駛於軌道之動力車車輪，下列規定何者正確？	車輪踏面寬度於輪緣最大磨耗狀態下，仍能通過最大軌間之寬度	車輪踏面寬度於輪緣全新狀態下能通過最小軌間即為已足者	輪緣高度得低於脫軌高度，惟應搭配設置防止脫軌之護輪軌	輪緣厚度得低於原設計之半數，惟應每月測量其磨耗量一次	Which requirement applies to the wheels of a track power car?	The tread width must pass the widest gauge even at maximum flange wear	The tread width need only pass the narrowest gauge when the flange is new	The flange may sit below derailment height if guard rails are also fitted	The flange may wear to half its design thickness if measured every month	a	第142條：車輪之踏面寬度於輪緣最大磨耗狀態下，仍能通過最大軌間；輪緣之厚度於最大磨耗狀態下仍具充分強度且不阻礙通過岔道；輪緣應保持不脫軌以上之高度，且不致觸及魚尾板。	Article 142 sets tread width, flange thickness and flange height requirements.	draft	11		
Q3332	OSH	OSH-07	職業安全衛生設施規則	第143條	民國115年6月30日	設施規則-軌道機械	3	對行駛於軌道之載人車輛，下列規定何者正確？	使用於傾斜度超過三十度之軌道者，應設有預防脫軌之裝置	使用於傾斜度超過十五度之軌道者，始應設預防脫軌裝置	藉捲揚裝置於傾斜軌道使用者，得免設與操作者連繫設備	載人車輛得與載貨車輛共用，不以設置載人專車為原則者	Which requirement applies to passenger carrying track vehicles?	Vehicles used on gradients over thirty degrees need anti derailment devices	Vehicles used on gradients over fifteen degrees need such devices instead	Winch hauled cars on inclines need no link with the winch operator	Passenger and goods vehicles may be shared, with no dedicated car needed	a	第143條：載人車輛以設置載人專車為原則；應設座位、把手、上下車門及安全門、限制乘坐人數標示與防止摔落設施；藉捲揚裝置於傾斜軌道使用者應設搭乘人員與捲揚機操作者連繫之設備；傾斜度超過三十度者應設預防脫軌裝置；並應設緊急停車裝置。	Article 143 lists nine requirements including anti derailment above thirty degrees.	draft	11		
Q3333	OSH	OSH-07	職業安全衛生設施規則	第145條	民國115年6月30日	設施規則-軌道機械	2	對行駛於軌道之動力車，本規則就煞車設備有何規定？	應設置手煞車，五公噸以上者增設動力煞車者	應設置手煞車或動力煞車其中之一即為已足者	應設置手煞車，十公噸以上者應增設動力煞車	應設置動力煞車，十公噸以下者得僅設手煞車	What braking is required on track power cars?	A hand brake; those of five tonnes or more also need a power brake	Either a hand brake or a power brake alone is sufficient	A hand brake; those of ten tonnes or more also need a power brake	A power brake; those under ten tonnes may have a hand brake only	c	第145條：雇主對行駛於軌道之動力車，應設置手煞車，十公噸以上者，應增設動力煞車。第146條並規定制輪壓力比之要求。	Article 145: hand brake always, plus power brake from ten tonnes.	draft	11		
Q3334	OSH	OSH-07	職業安全衛生設施規則	第146條	民國115年6月30日	設施規則-軌道機械	3	軌道車輛煞車制輪之壓力與制動車輪施予軌道壓力之比，本規則規定為何？	動力煞車與手煞車均應為百分之五十以上、百分之七十五以下者為原則	動力煞車者應為百分之二十以上、百分之五十以下；手煞車者百分之十以上	動力煞車者應為百分之七十五以上、百分之九十以下；手煞車者百分之五十	動力煞車者應為百分之五十以上、百分之七十五以下；手煞車者百分之二十以上	What brake shoe pressure ratio does the rule require?	Both power and hand brakes are to be 50 to 75 percent as a rule	Power brakes 20 to 50 percent; hand brakes 10 percent or more	Power brakes 75 to 90 percent; hand brakes 50 percent or more	Power brakes 50 to 75 percent; hand brakes 20 percent or more	d	第146條：煞車制輪之壓力與制動車輪施予軌道壓力之比，在動力煞車者應為百分之五十以上、百分之七十五以下；手煞車者應為百分之二十以上。	Article 146: 50 to 75 percent for power brakes, at least 20 percent for hand brakes.	draft	11		
Q3335	OSH	OSH-07	職業安全衛生設施規則	第147條	民國115年6月30日	設施規則-軌道機械	1	對行駛於軌道之動力車駕駛座，本規則規定為何？	應具良好視野之構造，惟得免設任何防止跌落之設施者	應設置行車紀錄器並保存行車紀錄一年以上以供查核用	應設置空調設備與隔音玻璃，並標示最高行駛速率限制	應具良好視野之構造，並為防止駕駛者跌落設置護圍等	What does the rule require of a track power car driving position?	Good visibility for safe driving, with no fall protection being required	A journey recorder whose records are kept for at least one year	Air conditioning and sound proof glass, with the speed limit displayed	Good visibility for safe driving, plus guarding to stop the driver falling	d	第147條：動力車駕駛座應具備使駕駛者能安全駕駛之良好視野之構造；為防止駕駛者之跌落，應設置護圍等。	Article 147 requires good visibility and fall protection guarding.	draft	11		
Q3336	OSH	OSH-07	職業安全衛生設施規則	第148條	民國115年6月30日	設施規則-軌道機械	2	對於軌道車輛之行駛速率限制，本規則規定應依何者決定？	應依車輛之出廠年份與累計行駛里程數決定並公告週知	應依駕駛人員之年資與訓練時數分級決定其得行駛速率	應依鋼軌、軌距、傾斜、曲率半徑等決定，並規定駕駛者遵守	應由勞動檢查機構於檢查時個案核定並記載於檢查結果	How must speed limits for track vehicles be determined?	From the year of manufacture and the accumulated mileage of the vehicle	By grading drivers according to their seniority and training hours	From the rail, gauge, gradient and curve radius, and drivers must comply	By case approval of the labor inspection agency during an inspection	c	第148條：雇主對於軌道車輛之行駛，應依鋼軌、軌距、傾斜、曲率半徑等決定速率限制，並規定駕駛者遵守之。第150條並就軌道手推車之下坡速率定為每小時十五公里。	Article 148 bases the limit on track conditions.	draft	11		
Q3337	OSH	OSH-07	職業安全衛生設施規則	第149條	民國115年6月30日	設施規則-軌道機械	2	對於駕駛動力車者及操作捲揚裝置者，本規則分別有何規定？	駕駛離開位置時應採煞車等措施防止逸走；操作捲揚裝置者得短暫離開位置	駕駛與操作捲揚裝置者均得於作業中暫離，惟應指定他人在旁看守機具	駕駛離開位置時應採煞車等措施防止逸走；操作捲揚裝置者操作時不得離開位置	駕駛離開位置時得僅將原動機熄火；操作捲揚裝置者應全程留在操作位置	What applies to power car drivers and to winch operators?	Drivers must brake against runaway; winch operators may leave for a short time	Both may leave briefly during work if another person watches the machine	Drivers must brake against runaway when leaving; winch operators may not leave	Drivers need only switch off the engine; winch operators must stay throughout	c	第149條：對於駕駛動力車者，應規定其離開駕駛位置時採取煞車等措施，以防止車輛逸走；對於操作捲揚裝置者，應規定其於操作時不得離開操作位置。	Article 149 bars winch operators from leaving the operating position.	draft	11		
Q3338	OSH	OSH-07	職業安全衛生設施規則	第151條	民國115年6月30日	設施規則-軌道手推車	2	對於傾斜達多少以上之軌道區使用之手推車，應設置有效之煞車？	千分之五十	千分之十	千分之一百	千分之二十	From what gradient must handcarts on track have effective brakes?	50 per thousand	10 per thousand	100 per thousand	20 per thousand	b	第151條：雇主對於傾斜在千分之十以上之軌道區使用之手推車，應設置有效之煞車。第150條並規定下坡行駛間距二十公尺以上、速率每小時十五公里以下。	Article 151: brakes are required from a gradient of 10 per thousand.	draft	11		
Q3339	OSH	OSH-07	職業安全衛生設施規則	第152條	民國115年6月30日	設施規則-物料搬運	1	物料搬運、處置如以車輛機械作業時，本規則規定應如何事先辦理？	應事先報請勞動檢查機構備查，並於現場張貼核准文件	應事先量測物料之重量與體積，並填具搬運計畫書備查	應事先實施勞工體能檢測，並依檢測結果分配搬運工作	應事先清除其通道、碼頭等之阻礙物，並採取必要措施	What must be done first when handling materials with vehicle machines?	The inspection agency must be notified and the approval posted on site	The weight and volume must be measured and a handling plan filed	Workers must be fitness tested and assigned work by the test results	Obstacles on passages and wharves must be cleared and measures taken	d	第152條：物料搬運、處置，如以車輛機械作業時，應事先清除其通道、碼頭等之阻礙物及採取必要措施。第153條並規定防止倒塌崩塌之必要設施。	Article 152 requires clearing obstacles from passages and wharves in advance.	draft	11		
Q3340	OSH	OSH-07	職業安全衛生設施規則	第153條	民國115年6月30日	設施規則-物料搬運	2	為防止搬運、堆放或處置物料時之倒塌、崩塌或掉落，應採取何種措施？	繩索捆綁或護網擇一設置即可，並得由無關人員自由通行該場所	繩索捆綁、護網、擋樁、限制高度或變更堆積等必要設施，並禁止無關人員進入	應於物料周圍漆設警示標線並設置照明，即得免除其他之設施	應由現場作業主管每日檢點一次，並將檢點結果登載於紀錄表	What measures prevent stored materials from collapsing or falling?	Either roping or nets alone suffices, and other persons may pass freely	Roping, nets, stop piles, height limits or restacking, and barring unrelated persons	Painted warning lines and lighting around the material are enough by themselves	A daily check by the site supervisor recorded on an inspection form	b	第153條：雇主對於搬運、堆放或處置物料，為防止倒塌、崩塌或掉落，應採取繩索捆綁、護網、擋樁、限制高度或變更堆積等必要設施，並禁止與作業無關人員進入該等場所。	Article 153 lists the measures and bars entry by unrelated persons.	draft	11		
Q3341	OSH	OSH-07	職業安全衛生設施規則	第156條	民國115年6月30日	設施規則-物料搬運	1	對於強酸、強鹼等有腐蝕性物質之搬運，本規則規定應如何辦理？	應由二名以上勞工共同以人力搬運	應使用特別設計之車輛或工具	應先中和稀釋後再以一般車輛搬運	應於夜間人員較少之時段內搬運	How must strong acids, alkalis and other corrosives be transported?	At least two workers must carry them manually	Specially designed vehicles or tools must be used	They must be neutralised first and then moved	They must be moved at night when few people work	b	第156條：雇主對於強酸、強鹼等有腐蝕性物質之搬運，應使用特別設計之車輛或工具。	Article 156 requires specially designed vehicles or tools.	draft	11		
Q3342	OSH	OSH-07	職業安全衛生設施規則	第157條	民國115年6月30日	設施規則-物料搬運	2	對於搭載勞工於行駛中之貨車、垃圾車或資源回收車，下列規定何者正確？	僅需使勞工佩戴安全帽及反光背心，即得搭乘於車輛之任何位置	載貨台之物料高度超過駕駛室頂部者，勞工身體之高度亦得比照放寬	勞工身體之最高部分不得超過貨車駕駛室之頂部高度，且不得搭乘有墜落之虞位置	勞工得站立於載貨台之後緣，惟應以手扶持車體並由他人在旁全程看護	Which rule applies to workers riding on moving trucks or refuse vehicles?	Wearing a helmet allows riding at any position on the moving vehicle	Where cargo rises above the cab roof, the body height limit is relaxed too	No part of the body may rise above the cab roof, and no riding where falls may occur	Workers may stand at the rear edge holding the body while another watches	c	第157條：不得使勞工搭乘於因車輛搖動致有墜落之虞之位置；勞工身體之最高部分不得超過貨車駕駛室之頂部高度，載貨台之物料高度超過駕駛室頂部者，不得超過該物料之高度。	Article 157 caps body height at the cab roof, or at the cargo height where higher.	draft	11		
Q3343	OSH	OSH-07	職業安全衛生設施規則	第158條	民國115年6月30日	設施規則-物料處置	2	物料儲存為防止因氣候變化或自然發火發生危險者，應採何種措施？	應採取與外界隔離及溫濕控制等適當措施	應採取限制單一堆垛高度不得超過二公尺者	應採取每日灑水降溫及定時翻堆等之措施	應採取加設避雷針及接地導線等防護措施者	What measures guard stored materials against weather or spontaneous ignition?	Isolation from the outside plus temperature and humidity control	Limiting the height of any single stack to two metres or less	Daily water spraying to cool them and periodic turning of the pile	Installing lightning rods together with earthing conductors	a	第158條：雇主對於物料儲存，為防止因氣候變化或自然發火發生危險者，應採取與外界隔離及溫濕控制等適當措施。	Article 158 requires isolation and temperature and humidity control.	draft	11		
Q3344	OSH	OSH-07	職業安全衛生設施規則	第159條	民國115年6月30日	設施規則-物料處置	2	對於物料之堆放，下列何者符合本規則第159條之規定？	得暫時阻礙出入口，惟應於堆放處張貼繞道通行之指示標示牌	不得減少自動灑水器及火警警報器之有效功用，並不得妨礙消防器具緊急使用	得倚靠牆壁或結構支柱堆放，以節省空間並增加堆置之穩定度者	堆放高度不受堆放地安全負荷限制，僅需避免影響照明即為已足	Which practice complies with the rule on stacking materials?	Exits may be blocked temporarily if a detour notice is posted nearby	Sprinklers and fire alarms must stay effective and fire equipment reachable	Stacks may lean on walls or columns to save space and gain stability	Stack height is free of the floor load limit so long as lighting is fine	b	第159條：物料堆放不得超過堆放地最大安全負荷、不得影響照明、不得妨礙機械設備操作、不得阻礙交通或出入口、不得減少自動灑水器及火警警報器有效功用、不得妨礙消防器具緊急使用，並以不倚靠牆壁或結構支柱堆放為原則。	Article 159 lists seven prohibitions on stacking.	draft	11		
Q3345	OSH	OSH-07	職業安全衛生設施規則	第160條	民國115年6月30日	設施規則-物料處置	1	捆紮貨車物料之纖維纜索，有下列何種情形者不得使用？	使用逾一年以上者	已斷一股子索者	表面沾附油污者	未標示製造廠商者	Which fibre rope may not be used to lash truck loads?	One used for more than one year	One with a strand already broken	One with oil stains on its surface	One with no makers name marked	b	第160條：捆紮貨車物料之纖維纜索，已斷一股子索者，或有顯著之損傷或腐蝕者，不得使用。第101條就吊掛用纖維索、帶亦有相同基準。	Article 160: a broken strand or marked damage or decay bars use.	draft	11		
Q3346	OSH	OSH-07	職業安全衛生設施規則	第162條	民國115年6月30日	設施規則-物料處置	2	袋裝容器構成之積垛高度在二公尺以上者，積垛與積垛間下端之距離應為多少以上？	二十公分	十公分	五公分	三十公分	For bagged stacks two metres or higher, what bottom spacing is required?	20 centimetres or more	10 centimetres or more	5 centimetres or more	30 centimetres or more	b	第162條：草袋、麻袋、塑膠袋等袋裝容器構成之積垛，高度在二公尺以上者，應規定其積垛與積垛間下端之距離在十公分以上。第163條並規定拆垛應成階梯狀。	Article 162: at least ten centimetres between stack bottoms.	draft	11		
Q3347	OSH	OSH-07	職業安全衛生設施規則	第164條	民國115年6月30日	設施規則-物料處置	1	為防止載貨台物料之移動致有危害勞工之虞，本規則規定應如何辦理？	應限制車輛行駛速率於每小時二十公里以下並鳴笛示警	應提供勞工防止物料移動之適當設備，是否使用由勞工決定	應由隨車人員於行駛中以人力扶持物料防止其發生移動	應提供勞工防止物料移動之適當設備，並規定勞工使用	How must shifting of goods on a load bed be prevented?	The vehicle speed must be capped at twenty kilometres an hour with a horn	Suitable equipment must be provided, with use left to the workers choice	A rider must hold the goods by hand while the vehicle is travelling	Suitable equipment must be provided and workers required to use it	d	第164條：雇主為防止載貨台物料之移動致有危害勞工之虞，除應提供勞工防止物料移動之適當設備外，並應規定勞工使用。	Article 164 requires both provision and mandated use of the equipment.	draft	11		
Q3348	OSH	OSH-07	職業安全衛生設施規則	第165條	民國115年6月30日	設施規則-物料處置	2	使勞工於掀舉傾卸車之載貨台下方從事修理或檢點作業時，應如何辦理？	應提供安全擋塊或安全支柱並規定使用，且無任何例外之情形者	應由勞工先以木材墊高載貨台後，再進入下方進行修理作業	應提供安全擋塊或安全支柱並規定使用，已設防止驟然下落設備者除外	應指派另一名勞工於駕駛座持續踩住操作踏板固定載貨台者	What applies to work under a raised tipper body?	Provide and require safety blocks or props, with no exception at all	Workers may prop the body up with timber and then work underneath	Provide and require safety blocks or props, unless an anti drop device exists	Another worker must hold the control pedal down in the drivers seat	c	第165條：對於掀舉傾卸車之載貨台，使勞工在其下方從事修理或檢點作業時，除應提供安全擋塊或安全支柱外，並應規定勞工使用；但該傾卸車已設置有防止驟然下落之設備者，不在此限。	Article 165 exempts tippers already fitted with an anti sudden drop device.	draft	11		
Q3349	OSH	OSH-07	職業安全衛生設施規則	第166條	民國115年6月30日	設施規則-物料處置	2	勞工從事載貨台裝卸貨物，其高差達多少以上者應提供安全上下之設備？	三公尺整數	一．五公尺	一公尺整數	二．五公尺	From what height difference must safe access equipment be provided?	3 metres or more	1.5 metres or more	1 metre or more	2.5 metres or more	b	第166條：雇主對於勞工從事載貨台裝卸貨物其高差在一．五公尺以上者，應提供勞工安全上下之設備。第161條就積垛作業之上下設備門檻亦為一．五公尺。	Article 166: 1.5 metres, matching the stacking rule in Article 161.	draft	11		
Q3350	OSH	OSH-07	職業安全衛生設施規則	第168條	民國115年6月30日	設施規則-爆炸火災防止	1	職業安全衛生設施規則第168條之現行條文內容為何？	規定停電有爆炸之虞者應裝置發電設備	規定高煙囪應裝設適當之避雷裝置設備	本條業經刪除，現行規則已無規定內容	規定易引起火災場所應標示嚴禁煙火者	What does Article 168 of the Rules currently provide?	It requires standby generators where outages risk blasts	It requires tall chimneys to be fitted with lightning rods	The article has been deleted and sets out no requirement	It requires no smoking notices at fire prone locations	c	第168條業經刪除。避雷裝置規定見第170條，嚴禁煙火標示見第171條，緊急發電設備見第172條。	Article 168 has been deleted.	draft	11		
Q3351	OSH	OSH-07	職業安全衛生設施規則	第169條	民國115年6月30日	設施規則-爆炸火災防止	2	對於火爐、煙囪、加熱裝置等易引起火災之高熱設備，本規則規定為何？	除應有必要之防火構造外，並應與建築物或可燃性物體間採取必要之隔離	除應有必要之防火構造外，得與建築物或可燃性物體緊鄰設置使用	僅需設置滅火器材於設備旁三公尺內，即得免除防火構造之要求	僅需於設備外表標示高溫警告標誌，並由專人每班次檢點一次	What applies to furnaces, chimneys and other high heat equipment?	Fire resistant construction, plus necessary separation from buildings or combustibles	Fire resistant construction, while adjoining buildings or combustibles is allowed	Fire extinguishers within three metres suffice instead of fire resistant construction	A hot surface warning label plus a check by a designated person each shift	a	第169條：雇主對於火爐、煙囪、加熱裝置及其他易引起火災之高熱設備，除應有必要之防火構造外，並應於與建築物或可燃性物體間採取必要之隔離。	Article 169 requires both fire resistant construction and separation.	draft	11		
Q3352	OSH	OSH-07	職業安全衛生設施規則	第171條	民國115年6月30日	設施規則-爆炸火災防止	2	對於易引起火災及爆炸危險之場所，下列規定何者正確？	得設置具有火花之機械，惟應於作業前後各實施通風換氣一次	僅需標示嚴禁煙火，無關人員仍得自由進出該危險場所作業	不得設置有火花、電弧或高溫成為發火源之虞之機械、器具或設備	得由勞工使用明火，惟應先向現場作業主管以口頭報備後為之	Which rule applies to places at risk of fire and explosion?	Sparking machines are allowed if the area is ventilated before and after work	A no smoking sign suffices, and unrelated persons may still enter freely	Machines or equipment that may spark, arc or reach ignition heat are barred	Workers may use open flames after verbally informing the site supervisor	c	第171條：易引起火災及爆炸危險之場所，不得設置有火花、電弧或用高溫成為發火源之虞之機械、器具或設備等；並應標示嚴禁煙火及禁止無關人員進入，規定勞工不得使用明火。	Article 171 bars ignition sources and requires notices and a ban on open flames.	draft	11		
Q3353	OSH	OSH-07	職業安全衛生設施規則	第172條	民國115年6月30日	設施規則-爆炸火災防止	2	工作中遇停電有導致超壓、爆炸或火災等危險之虞者，本規則規定應如何辦理？	應裝置足夠容量並能於緊急時供電之發電設備	應裝置蓄電池式緊急照明燈並每月測試一次以上	應於停電時立即疏散全部勞工並停止一切作業	應與電力公司簽訂不斷電供電契約並留存備查用	What is required where a power failure may cause overpressure or fire?	Generating equipment of ample capacity able to supply power in an emergency	Battery powered emergency lights tested at least once every single month	All workers must be evacuated at once and all operations must be stopped	An uninterrupted supply contract with the power company kept on file	a	第172條：雇主對於工作中遇停電有導致超壓、爆炸或火災等危險之虞者，應裝置足夠容量並能於緊急時供電之發電設備。	Article 172 requires standby generating equipment of sufficient capacity.	draft	11		
Q3354	OSH	OSH-07	職業安全衛生設施規則	第173條	民國115年6月30日	設施規則-爆炸火災防止	2	於有危險物或油類、可燃性粉塵存在之虞之配管、儲槽從事熔接等作業前，應如何辦理？	應事先清除該等物質，並確認無危險之虞後始得作業	應事先充填氧氣以利通風換氣，並確認濃度後再作業	應事先報請勞動檢查機構派員到場監督後始得進行作業	應事先以清水注滿容器並保持滿水狀態下進行熔接作業	What must be done before hot work on pipes or tanks holding dangerous substances?	Remove those substances first and confirm that no danger remains before work	Fill the vessel with oxygen for ventilation and check the level before work	Ask the labor inspection agency to send an officer to supervise the work	Fill the container with water and keep it full while the welding is done	a	第173條：對於有危險物或有油類、可燃性粉塵等其他危險物存在之虞之配管、儲槽、油桶等容器，從事熔接、熔斷或使用明火之作業或有發生火花之虞之作業，應事先清除該等物質，並確認無危險之虞。第174條並禁止以氧氣供通風換氣之用。	Article 173 requires prior removal and confirmation; Article 174 bars using oxygen for ventilation.	draft	11		
Q3355	OSH	OSH-07	職業安全衛生設施規則	第175條	民國115年6月30日	設施規則-靜電防止	2	對於有因靜電引起爆炸或火災之虞之設備，本規則規定應採取何種措施？	僅需於設備外殼張貼靜電警告標示，並由勞工穿著棉質工作服作業	應將設備完全密閉並抽成真空狀態，以避免靜電放電引起之火災	接地、使用除電劑、加濕、使用不致成為發火源之除電裝置或其他去除靜電裝置	僅需將作業場所相對濕度控制在百分之三十以下即可有效去除靜電	What measures counter static electricity at fire or explosion risk equipment?	Only a static warning label on the casing and cotton work clothes for workers	Sealing the equipment completely and holding it under a vacuum condition	Earthing, antistatic agents, humidifying, or static eliminators that cannot ignite	Only keeping the relative humidity of the workplace below thirty percent	c	第175條列舉之設備包括灌注卸收危險物之設備、收存危險物之槽車儲槽、塗敷易燃液體塗料之設備、危險物乾燥設備、易燃粉狀固體輸送篩分設備等，應採接地、除電劑、加濕或除電裝置等去除靜電。	Article 175 lists earthing, antistatic agents, humidification and eliminators.	draft	11		
Q3356	OSH	OSH-07	職業安全衛生設施規則	第176條	民國115年6月30日	設施規則-火災防止	1	對於勞工吸菸、使用火爐或其他用火之場所，雇主應如何辦理？	應報請當地消防機關核准後使用	應一律禁止任何用火之行為	應設置預防火災所需之設備	應限制每日用火時間為二小時內	What applies to places where workers smoke or use stoves or fire?	Approval of the local fire agency must be obtained first	All use of fire must be prohibited without exception	Equipment needed to prevent fire must be installed there	Daily use of fire must be limited to two hours or less	c	第176條：雇主對於勞工吸菸、使用火爐或其他用火之場所，應設置預防火災所需之設備。第171條則就易引起火災爆炸危險場所規定嚴禁煙火。	Article 176 requires fire prevention equipment at such places.	draft	11		
Q3357	OSH	OSH-07	職業安全衛生設施規則	第177條之1	民國115年6月30日	設施規則-防爆電氣	2	對於有爆燃性粉塵存在而有爆炸、火災之虞之場所，使用之電氣設備應如何？	應設置於距粉塵發生源三公尺以外，即得使用一般型設備者	應具有防水防塵等級IP65以上之外殼，並每年檢測一次以上	應具有適合於其設置場所危險區域劃分使用之防爆性能構造	應以絕緣膠帶包覆全部接線端子，並設置漏電斷路器保護之	What electrical equipment is required where explosive dust may be present?	Ordinary equipment placed more than three metres from the dust source	Enclosures rated IP65 or better for water and dust, tested once every year	Equipment with explosion proof construction suited to the hazardous area class	All terminals wrapped in insulating tape and protected by a leakage breaker	c	第177條之1：對於有爆燃性粉塵存在而有爆炸、火災之虞之場所，使用之電氣機械、器具或設備，應具有適合於其設置場所危險區域劃分使用之防爆性能構造。第177條就蒸氣、氣體場所亦同。	Article 177-1 requires explosion proof construction matched to the area classification.	draft	11		
Q3358	OSH	OSH-07	職業安全衛生設施規則	第177條之2	民國115年6月30日	設施規則-防爆電氣	2	應有防爆性能構造之電氣設備，於中央主管機關公告後新安裝或換裝者，應使用何者？	符合原製造廠商內部檢驗規範並附具出廠證明書之產品即可使用	經勞動檢查機構於現場檢查時個案認可之非防爆型電氣設備者	經事業單位自行檢驗合格並登載於檢驗紀錄表之各式電氣設備	符合中央主管機關指定之國家標準、國際標準或團體標準規定之合格品	What must be used for newly installed explosion proof electrical equipment?	Products meeting the makers own internal test rules with a works certificate	Non explosion proof equipment accepted case by case during an inspection	Equipment tested by the enterprise itself and entered in its own test record	Qualified products meeting national, international or group standards designated	d	第177條之2：於中央主管機關公告後新安裝或換裝者，應使用符合中央主管機關指定之國家標準、國際標準或團體標準規定之合格品；所稱合格品，指符合本法第七條規定並張貼安全標示者。	Article 177-2 requires qualified products bearing the safety mark under Article 7 of the Act.	draft	11		
Q3359	OSH	OSH-07	職業安全衛生設施規則	第177條之3	民國115年6月30日	設施規則-防爆電氣	2	對於具防爆性能構造之移動式或攜帶式電氣設備，本規則規定之檢查時機為何？	應於每年由原製造廠商派員檢查一次，事業單位不得自行檢查	應於每月月底檢查一次，並將檢查結果登載於自動檢查紀錄表	應於每次使用前檢查外部結構、移動電線及防爆結構與電線連接狀態	應於發現故障或勞工反映異常時始檢查，平時得免實施檢查者	When must portable explosion proof electrical equipment be checked?	Once a year by the original maker, with no in house checking permitted	At the end of each month, with results entered in the self inspection record	Before each use, covering the casing, the trailing cable and their connection	Only when a fault appears or a worker reports something abnormal	c	第177條之3：對於具防爆性能構造之移動式或攜帶式電氣機械、器具、設備，應於每次使用前檢查外部結構狀況、連接之移動電線情況及防爆結構與移動電線連接狀態等；遇有損壞應即修復。	Article 177-3 requires a check before every use and immediate repair of damage.	draft	11		
Q3360	OSH	OSH-07	職業安全衛生設施規則	第178條	民國115年6月30日	設施規則-腐蝕性液體	3	以軟管動力輸送硫酸、鹽酸等對皮膚有腐蝕性之液體時，下列規定何者正確？	以表壓力每平方公分二公斤以上輸送時，連結用具得以膠帶纏繞固定	軟管得依製造廠商型錄所載壓力使用，免經水壓試驗及標示程序	輸送腐蝕性物質之管線，僅需標示物質名稱，免標示輸送方向者	軟管應經水壓試驗確定安全耐壓力並標示於該軟管，使用時不得超過該壓力	Which rule governs powered hose transfer of corrosive liquids?	Above 2 kg per square centimetre, couplings may be secured with adhesive tape	Hoses may be used at the pressure in the makers catalogue without any testing	Corrosive lines need only the substance name, not the direction of flow	Hoses must be pressure tested, marked with the safe pressure, and never exceed it	d	第178條：軟管及連接用具應具耐腐蝕性、耐熱性及耐寒性；軟管應經水壓試驗確定安全耐壓力並標示，使用不得超過該壓力；以每平方公分二公斤以上壓力輸送時，連結用具應使用旋緊連接或鉤式結合等不致脫落之構造；管線應標示物質名稱、輸送方向及閥之開閉狀態。	Article 178 requires hydrostatic testing, marking and secure couplings.	draft	11		
Q3361	OSH	OSH-07	職業安全衛生設施規則	第179條	民國115年6月30日	設施規則-腐蝕性液體	2	使用壓縮氣體作為輸送腐蝕性液體之動力時，本規則原則上應使用何種氣體？	二氧化碳；並應於輸送完成後將氣體全數回收至專用之容器	氮氣；作業終了能立即排出者，始得改用空氣為壓縮氣體使用之	空氣；作業終了能立即排出或已採標示等措施者，得使用二氧化碳或氮	氧氣；因其取得容易且不致造成勞工缺氧窒息之危險狀況發生	Which compressed gas must power the transfer of corrosive liquids?	Carbon dioxide; and all of it must be recovered into a dedicated vessel	Nitrogen; air may be substituted only if the gas can be vented at the end	Air; carbon dioxide or nitrogen only if the gas can be vented or is marked	Oxygen; because it is easy to obtain and cannot cause oxygen deficiency	c	第179條：使用壓縮氣體為輸送腐蝕性液體之動力時，應使用空氣；但作業終了時能將氣體立即排出，或已採取標示該氣體之存在等措施，勞工進入壓力輸送設備內部不致發生缺氧、窒息等危險時，得使用二氧化碳或氮。	Article 179 requires air as the default motive gas.	draft	11		
Q3362	OSH	OSH-07	職業安全衛生設施規則	第180條	民國115年6月30日	設施規則-熔融高熱物	2	建築物中設有熔融高熱物之處理設備者，為避免水蒸汽爆炸，該建築物應有何構造？	牆壁應以透明材質建造，以利自外部觀察內部高熱物之處理狀況	屋頂應設置大面積採光罩，並於雨天時開啟以加速室內之散熱	地板面應設置集水坑並保持積水，以利緊急時吸收高熱物之熱量	地板面不積水，並可防止雨水由屋頂、牆壁、窗戶等滲入之構造	What construction is required for buildings handling molten hot substances?	Transparent walls so the handling of hot substances can be watched outside	A large roof skylight opened in rain to speed the cooling of the interior	A floor with a sump kept full of water to absorb heat in an emergency	A floor that holds no water and construction keeping rain out of roof and walls	d	第180條：建築物中熔融高熱物之處理設備，為避免引起水蒸汽爆炸，該建築物應有地板面不積水及可以防止雨水由屋頂、牆壁、窗戶等滲入之構造。	Article 180 targets steam explosions from water contact.	draft	11		
Q3363	OSH	OSH-07	職業安全衛生設施規則	第181條	民國115年6月30日	設施規則-熔融高熱物	2	對於以水處理高熱礦渣或廢棄高熱礦渣之場所，本規則規定為何？	應有良好排水設備及防止水蒸汽爆炸之必要措施，廢棄場所並應標示高熱危險	應由專人於現場全程監視，即得免除排水設備及標示等要求	應有良好之排水設備，惟廢棄高熱礦渣之場所得免為高熱危險之標示	應將高熱礦渣先以冷水浸泡二十四小時後，始得運至廢棄場所	What applies to places treating or dumping hot slag with water?	Good drainage and steam explosion prevention, with hot hazard marking at dumps	On site supervision alone replaces drainage and marking requirements	Good drainage is needed, but dumping sites require no marking at all	Hot slag must first be soaked in cold water for twenty four hours	a	第181條：以水處理高熱礦渣或廢棄高熱礦渣之場所，應有良好之排水設備及其他足以防止水蒸汽爆炸之必要措施；於廢棄高熱礦渣之場所，應加以標示高熱危險。前項規定對水碎處理作業不適用。	Article 181 requires drainage, explosion prevention and hazard marking.	draft	11		
Q3364	OSH	OSH-07	職業安全衛生設施規則	第181條之1	民國115年6月30日	設施規則-熔融高熱物	3	使勞工從事金屬之加熱熔融、熔鑄作業時，對於冷卻系統應如何配置？	應由操作人員每小時記錄冷卻水量一次，並免設任何自動之裝置	應於停電時立即停止全部冷卻水供應，以避免高熱物遇水發生爆炸	應配置進出口溫度監測裝置即可，警報裝置得以人員目視巡檢替代	應配置進出口溫度、壓力、流量監測及警報裝置，並設緊急排放與應急冷卻設施	What must the cooling system for metal melting operations have?	Hourly manual logging of the water volume, with no automatic devices	All cooling water must be cut off at once during a power failure	Only inlet and outlet temperature monitoring, with patrols replacing alarms	Inlet and outlet temperature, pressure and flow monitoring with alarms and backup	d	第181條之1：對於冷卻系統應配置進出口溫度、壓力、流量監測及警報裝置；於停電或緊急狀況時，應設置緊急排放高熱熔融物之裝置及應急冷卻設施，確保冷卻效果。	Article 181-1 also requires emergency discharge and standby cooling facilities.	draft	11		
Q3365	OSH	OSH-07	職業安全衛生設施規則	第182條	民國115年6月30日	設施規則-熔融高熱物	2	使勞工將金屬碎屑或碎片投入金屬熔爐作業時，為防止爆炸應事前確定何事項？	確定該金屬碎屑之含鐵量在百分之九十以上並無其他之金屬	確定該金屬碎屑或碎片中未雜含水分、火藥類等危險物或密閉容器	確定熔爐溫度已升至攝氏一千度以上，即無爆炸之任何疑慮	確定投料勞工均已佩戴防護眼鏡與防護手套後即得逕行投入	What must be confirmed before charging metal scrap into a melting furnace?	That the scrap is at least ninety percent iron with no other metals	That the scrap holds no moisture, explosives or other closed containers	That the furnace has already reached one thousand degrees Celsius	That the charging workers are wearing eye protection and gloves	b	第182條：雇主使勞工從事將金屬碎屑或碎片投入金屬熔爐之作業時，為防止爆炸，應事前確定該金屬碎屑或碎片中未雜含水分、火藥類等危險物或密閉容器等，始得作業。	Article 182 targets moisture, explosives and sealed containers in the scrap.	draft	11		
Q3366	OSH	OSH-07	職業安全衛生設施規則	第183條	民國115年6月30日	設施規則-熔融高熱物	2	對於鼓風爐、鑄鐵爐或玻璃熔解爐等處置大量高熱物之作業場所，應如何辦理？	應於爐體周圍設置警戒線，並由監視人員每小時巡視一次以上者	應採取適當防範措施防止高熱物飛散溢出，並使作業勞工佩戴適當之防護具	應採取適當防範措施防止高熱物飛散，防護具是否使用由勞工自行決定	應將作業場所溫度控制在攝氏三十度以下，即得免使用任何防護具	What applies to blast furnaces and other places handling much hot material?	A cordon around the furnace with an hourly patrol by a designated watcher	Suitable measures against splashing and overflow, and workers must wear protection	Suitable measures against splashing, with protective gear left to the worker	Keeping the workplace below thirty degrees Celsius removes the need for gear	b	第183條：對於鼓風爐、鑄鐵爐或玻璃熔解爐或處置大量高熱物之作業場所，為防止該高熱物之飛散、溢出等引起之灼傷或其他危害，應採取適當之防範措施，並使作業勞工佩戴適當之防護具。	Article 183 requires both preventive measures and personal protective equipment.	draft	11		
Q3367	OSH	OSH-07	職業安全衛生設施規則	第184條之1	民國115年6月30日	設施規則-危險物處置	2	使勞工使用危險物從事作業前，本規則規定雇主應如何辦理？	應僅指派年資滿三年以上之勞工擔任該危險物作業	應報請勞動檢查機構核准該危險物之使用種類數量	應為勞工投保額外之商業保險並留存保單影本備查	應確認所使用物質之危險性，並採取預防之必要措施	What must be done before workers use dangerous substances?	Assign only workers with at least three years of service to the work	Obtain approval from the inspection agency for the type and quantity used	Buy extra commercial insurance for workers and keep a copy of the policy	Confirm the hazards of the substance and take the necessary precautions	d	第184條之1：雇主使勞工使用危險物從事作業前，應確認所使用物質之危險性，採取預防之必要措施；對於化學製程所使用之原、物料及其反應產物，應分析評估其危害及反應特性，並採取必要措施。	Article 184-1 also requires hazard and reactivity analysis of process materials.	draft	11		
Q3368	OSH	OSH-07	職業安全衛生設施規則	第185條	民國115年6月30日	設施規則-危險物處置	2	對於從事危險物製造或處置之作業，本規則規定應指定專人採取何種措施？	應由專人保管危險物倉庫鑰匙，並負責記錄每日之領用數量者	應由專人每日填具檢點表，設備異常時再通報原製造廠商處理者	設備有異常時即採必要措施，惟場所之溫濕度異常得免採任何措施	設備及附屬設備有異常時即採必要措施，場所溫濕度遮光換氣異常時亦同	What must the designated person do in dangerous substance operations?	Keep the store key and record the quantity issued out on each working day	File a daily checklist and report equipment faults to the original maker	Act on equipment abnormalities only; room condition abnormalities need no action	Act on abnormalities in the equipment and in temperature, humidity, shading and air	d	第185條：雇主對於從事危險物製造或處置之作業，應指定專人於製造或處置危險物之設備及附屬設備有異常時即採取必要措施；於置有該等設備之場所內，其溫度、濕度、遮光及換氣狀況有異常時，亦應即採取必要之措施。	Article 185 covers both equipment and ambient condition abnormalities.	draft	11		
Q3369	OSH	OSH-07	職業安全衛生設施規則	第185條之2	民國115年6月30日	設施規則-危險物處置	3	對於硝酸銨之處理，除依消防法規外，本規則規定之辦理事項為何？	應儲存於有效通風換氣場所，與易燃物、還原劑、金屬粉末等不相容物質分隔放置	應儲存於密閉不通風之場所，並得與燃油、金屬粉末等物質集中存放	應以堆疊方式存放以節省空間，搬運時容許輕微破損溢出之情形	應設置加熱保溫設備使溫度維持恆定，並免設冷卻用途灑水設備	Which requirement applies to handling ammonium nitrate?	Store where ventilation is effective and apart from fuels, reducers and metal powders	Store in a sealed unventilated place, and it may sit with fuel oil and powders	Stack it to save space, and slight breakage or spillage in transport is fine	Fit heating to hold a steady temperature, with no cooling sprinklers needed	a	第185條之2：硝酸銨之處理應作業前實施風險評估並製作報告；儲存於有效通風換氣之場所；儲存場所應採不可燃材料或可防止滲入之塗覆包覆材料；與易燃物、還原劑、燃油、金屬粉末等不相容物質分隔放置；避免堆疊存放及搬運破損溢出；並設置冷卻用途之灑水設備。相關紀錄或文件應留存三年。	Article 185-2 requires ventilation, segregation, no stacking and cooling sprinklers, with records kept three years.	draft	11		
Q3370	OSH	OSH-07	職業安全衛生設施規則	第185條之3	民國115年6月30日	設施規則-危險物處置	3	對於有機過氧化物之處理，本規則就儲存場所之偵測有何規定？	應設置壓力偵測系統，溫度變化則以人員目視方式加以判斷之	應設置一個以上獨立之溫度或溫度上升速率偵測警報系統，異常時發出警示	應由專人每二小時以手持式溫度計量測一次，免設自動偵測系統	應設置一個以上之可燃性氣體濃度偵測器，並於每季校正一次以上	What detection is required at organic peroxide storage places?	A pressure detection system, with temperature judged by visual observation	At least one independent temperature or rate of rise detection and alarm system	Manual readings with a hand thermometer every two hours, with no system	At least one flammable gas detector, calibrated once every three months	b	第185條之3：有機過氧化物之儲存應採與外界隔離及溫濕控制等適當措施；儲存場所應設置一個以上獨立之溫度或溫度上升速率之偵測警報系統；操作設備應有去除靜電等必要措施；戶外容器應裝設避雷裝置；並設置冷卻用途之灑水設備。	Article 185-3 requires temperature or rate of rise alarms, static removal and lightning protection.	draft	11		
Q3371	OSH	OSH-07	職業安全衛生設施規則	第185條之4	民國115年6月30日	設施規則-危險物處置	3	使用熱媒油之鍋爐及輸送管線，操作溫度在其閃火點以上時應如何辦理？	應於系統加裝旁通管線隨時洩壓，即得免設任何監控及警報系統	操作溫度得超過熱媒油之最高使用溫度，惟應加強現場人員之巡檢	管線閥件應具防洩漏構造，惟溫度異常上升得由操作人員目視判斷	管線閥件泵浦應具防洩漏構造，並設溫度或壓力異常上升之監控及警報系統	What applies to heat transfer oil systems run above the flash point?	A bypass line for constant venting removes the need for any alarm system	The oil may run above its maximum use temperature if patrols are increased	Leak proof lines and valves, with abnormal temperature judged by eye on site	Leak proof lines, valves and pumps, plus monitoring and alarms for temperature rise	d	第185條之4：使用熱媒油之鍋爐本體與相關設備及輸送管線系統，操作溫度在閃火點以上時，應實施風險評估並製作報告；管線、閥件及泵浦應具防止洩漏之構造；設置溫度或壓力異常上升之監控及警報系統，確保不超過熱媒油最高使用溫度及系統設計壓力；並設置冷卻或滅火用途之必要設備。相關紀錄留存三年。	Article 185-4 requires leak proof construction and abnormal rise alarms, with records kept three years.	draft	11		
Q3372	OSH	OSH-07	職業安全衛生設施規則	第186條	民國115年6月30日	設施規則-危險物處置	1	職業安全衛生設施規則第186條之現行條文內容為何？	本條業經刪除，現行規則已無規定內容	規定染有油污之破布應蓋藏於不燃性容器	規定加油作業不得於內燃機發動中進行	規定異類物品接觸有危險之虞應單獨儲放	What does Article 186 of the Rules currently provide?	The article has been deleted and holds no provision now	It requires oily rags to be kept in non combustible bins	It bars refuelling while an internal combustion engine runs	It requires separate storage of mutually reactive goods	a	第186條業經刪除。加油作業規定見第187條，異類物品單獨儲放見第191條，染有油污破布之處置見第193條。	Article 186 has been deleted.	draft	11		
Q3373	OSH	OSH-07	職業安全衛生設施規則	第188條	民國115年6月30日	設施規則-爆炸火災防止	2	對於存有易燃液體蒸氣、可燃性氣體或粉塵而有爆炸火災之虞之工作場所，應如何辦理？	應有通風、換氣、除塵、去除靜電等必要設施，且不得使用會產生明火火花之設備	應有通風換氣及除塵設施，惟仍得使用一般型之電氣設備及手工具從事作業	應以惰性氣體將場所完全充滿並禁止勞工進入該工作場所作業	應僅於作業前後各實施通風換氣一次，作業中得關閉通風設備者	What applies to workplaces where flammable vapour or dust may accumulate?	Ventilation, dust removal and static removal, and no equipment producing flame or sparks	Ventilation is required, but ordinary electrical tools may still be used there	The place must be filled with inert gas and closed to workers altogether	Ventilation before and after work only, with the fans switched off during work	a	第188條：對於存有易燃液體之蒸氣、可燃性氣體或可燃性粉塵，致有引起爆炸、火災之虞之工作場所，應有通風、換氣、除塵、去除靜電等必要設施；且所採設施不得裝置或使用有發生明火、電弧、火花及其他可能引起爆炸火災危險之機械、器具或設備。	Article 188 pairs the required facilities with a ban on ignition producing equipment.	draft	11		
Q3374	OSH	OSH-07	職業安全衛生設施規則	第189條	民國115年6月30日	設施規則-氣體熔接	3	於通風不充分場所使用可燃性氣體及氧氣從事熔接作業時，下列規定何者正確？	供氣前僅需以目視確認軟管外觀無破損，免確認吹管是否關閉狀態	作業中斷或完工離開時，應關閉供氣口之閥或旋塞，並將軟管拆下或移至通風處	作業中斷時得將軟管留置原處並保持供氣狀態，以利復工時立即使用	氣體軟管供氣口之閥或旋塞，得免設置標示使用者之名牌等識別	Which rule applies to gas welding in poorly ventilated places?	A visual check of the hose suffices; the torch valve need not be verified	On stopping work, close the valve and remove the hose or move it to fresh air	Hoses may be left in place still charged with gas so work can resume quickly	Supply valves and cocks need no name plate identifying the current user	b	第189條：氣體軟管或吹管應使用不因損傷摩擦導致漏氣者；連接處應確實固定套牢；供氣前應確定吹管在關閉狀態或軟管確實止栓；供氣口之閥或旋塞應設標示使用者之名牌；作業中斷或完工離開時，應關閉閥或旋塞並將軟管拆下或移放於通風換氣良好之場所。	Article 189 requires closing valves and removing hoses when work stops.	draft	11		
Q3375	OSH	OSH-07	職業安全衛生設施規則	第191條	民國115年6月30日	設施規則-危險物處置	2	對於異類物品接觸有引起爆炸、火災危險之虞者，本規則規定應如何辦理？	應單獨儲放，搬運時使用專用運搬機械，且無任何例外之情形	得混合儲放於同一倉庫，惟應以不同顏色之標籤加以區別識別	應於接觸前先以惰性氣體稀釋，即得共用同一運搬機械搬運之	應單獨儲放，搬運時使用專用之運搬機械；已採防止接觸設施者除外	What applies to goods that may explode or ignite on contact with each other?	Store them separately and use dedicated machines, with no exception at all allowed	They may share one warehouse if labels of different colours identify them	Dilution with inert gas allows them to share the same handling machine	Store them separately and move them with dedicated machines, unless contact is prevented	d	第191條：雇主對於異類物品接觸有引起爆炸、火災、危險之虞者，應單獨儲放，搬運時應使用專用之運搬機械；但經採取防止接觸之設施者，不在此限。	Article 191 exempts cases where contact prevention facilities are provided.	draft	11		
Q3376	OSH	OSH-07	職業安全衛生設施規則	第192條	民國115年6月30日	設施規則-火災防止	1	對於起毛、反毛之操作場所或大量處理棉、羊毛、紙屑等可燃性物質之場所，應如何辦理？	應每日清運可燃物一次	應限制勞工人數十人以下	應有防止火災之安全設施	應設置除濕機控制濕度	What applies to places handling large amounts of combustible fibres?	Combustibles must be removed once every working day	The number of workers must be limited to ten or fewer	Safety facilities preventing fire must be provided	Dehumidifiers must be installed to control humidity	c	第192條：雇主對於起毛、反毛之操作場所，或將棉、羊毛、碎屑、木棉、稻草、紙屑及其他可燃性物質大量處理之場所，應有防止火災之安全設施。	Article 192 requires fire prevention safety facilities.	draft	11		
Q3377	OSH	OSH-07	職業安全衛生設施規則	第193條	民國115年6月30日	設施規則-火災防止	1	對於染有油污之破布、紙屑等，本規則規定應如何處置？	應以塑膠袋密封後放置於作業區內待清運處理	應蓋藏於不燃性之容器內，或採用其他適當處置	應集中堆置於工作場所角落並覆蓋防水帆布者	應於每週末統一以露天焚燒方式加以清除處理	How must oily rags and paper scraps be handled?	Sealed in plastic bags and left in the work area awaiting collection	Kept covered in non combustible containers or otherwise suitably handled	Piled in a corner of the workplace and covered with a waterproof sheet	Burned in the open at the end of each week to clear them away	b	第193條：雇主對於染有油污之破布、紙屑等應蓋藏於不燃性之容器內，或採用其他適當處置，以防止自然發火引起火災。	Article 193 requires non combustible covered containers.	draft	11		
Q3378	OSH	OSH-07	職業安全衛生設施規則	第194條	民國115年6月30日	設施規則-化學設備	2	建築物內設有反應器、蒸餾塔等化學設備時，其接近化學設備周圍之牆壁、樑柱應如何構築？	應使用不燃性材料構築，以防止因危險物及輻射熱產生火災之虞	應使用具彈性之輕質材料構築，以吸收爆炸時產生之衝擊波	應使用透明強化玻璃構築，以利自外部觀察設備之運轉狀況	應使用具吸音效果之隔音材料構築，以降低設備運轉之噪音	How must walls and columns near chemical equipment be built?	Of non combustible materials, to guard against fire from hazards and radiant heat	Of light elastic materials, so as to absorb the shock wave of an explosion	Of transparent toughened glass, so operation can be watched from outside	Of sound absorbing materials, so as to reduce the noise of the equipment	a	第194條：建築物內設有化學設備如反應器、蒸餾塔、吸收塔、熱交換器、儲槽等及其閥、旋塞、配管等附屬設備時，該建築物之牆壁、柱、樓板、樑、樓梯等接近化學設備周圍部分，應使用不燃性材料構築。	Article 194 requires non combustible construction around chemical equipment.	draft	11		
Q3379	OSH	OSH-07	職業安全衛生設施規則	第195條	民國115年6月30日	設施規則-化學設備	3	化學設備或其配管存有腐蝕性危險物或閃火點在攝氏幾度以上之化學物質者，應使用不易腐蝕材料或裝設內襯？	六十五度	八十五度	一百度整	四十五度	Chemicals with a flash point at or above what temperature trigger this rule?	65 degrees Celsius	85 degrees Celsius	100 degrees Celsius	45 degrees Celsius	a	第195條：化學設備或其配管存有腐蝕性之危險物或閃火點在攝氏六十五度以上之化學物質之部分，應依危險物、化學物質之種類、溫度、濃度、壓力等，使用不易腐蝕之材料製造或裝設內襯等。	Article 195: flash point of 65 degrees Celsius or above.	draft	11		
Q3380	OSH	OSH-07	職業安全衛生設施規則	第196條	民國115年6月30日	設施規則-化學設備	2	為防止化學設備或其配管因操作錯誤引起爆炸火災，下列規定何者正確？	閥、旋塞之開關方向得不予標示，僅需由專人於交接班時說明	應由操作人員憑經驗判斷供料對象，免於現場為任何標示或標記	蓋板、凸緣等接合部分得以矽利康填縫替代墊圈之使用與設置	應於勞工易見位置標示原料、材料、種類、供料對象等，以防止供料錯誤	Which rule guards against operating errors on chemical equipment?	Valve opening directions need no marking if explained at shift handover	The operator judges the receiving unit by experience with no site marking	Silicone sealant may replace gaskets at cover and flange joint surfaces	Mark the feedstock, its type and the receiving unit where workers can see them	d	第196條：化學設備或其配管之蓋板、凸緣、閥、旋塞等接合部分應使用墊圈使其密接；操作用之閥、旋塞、控制開關、按鈕等應保持良好性能並標示開關方向，必要時以顏色、形狀標明使用狀態；並應於勞工易見位置標示原料、材料、種類、供料對象等，以防止供料錯誤。	Article 196 requires gaskets, marked valve directions and feed marking.	draft	11		
Q3381	OSH	OSH-07	職業安全衛生設施規則	第197條	民國115年6月30日	設施規則-化學設備	2	對於化學設備或其附屬設備，為防止爆炸、火災、洩漏應採取之措施，下列何者正確？	溫度計與壓力計得於故障時暫不修復，改由人員以經驗研判之	安全閥於平時應予鎖定關閉，僅於歲修期間開啟並測試其功能	保持安全閥、緊急遮斷裝置、自動警報裝置於異常狀態時之有效運轉	冷卻、加熱及攪拌裝置之操作，得由勞工依現場狀況隨意調整	Which measure applies to chemical equipment and its accessories?	Faulty thermometers and gauges may be left unrepaired and judged by experience	Relief valves must stay locked shut and be opened only during annual overhaul	Relief valves, emergency shutoffs and alarms must work effectively in abnormal states	Cooling, heating and stirring devices may be adjusted freely by workers on site	c	第197條：應確定輸送原料及卸收產品之閥、旋塞正常操作；確定冷卻、加熱、攪拌及壓縮等裝置正常操作；保持溫度計、壓力計或其他計測裝置正常操作功能；保持安全閥、緊急遮斷裝置、自動警報裝置或其他安全裝置於異常狀態時之有效運轉。	Article 197 requires the safety devices to remain effective under abnormal conditions.	draft	11		
Q3382	OSH	OSH-07	職業安全衛生設施規則	第200條	民國115年6月30日	設施規則-乾燥設備	3	對於使用之乾燥設備，下列規定何者符合本規則第200條？	乾燥設備之外面得以可燃性材料構築，內面則應為不燃性材料	危險物乾燥設備之熱源得使用明火，惟應設置滅火器材於旁邊	不得使用於加熱、乾燥有機過氧化物，且危險物乾燥設備之熱源不得使用明火	得使用於加熱有機過氧化物，惟應將溫度控制在攝氏五十度以下	Which requirement matches Article 200 on drying equipment?	The outer shell may be combustible provided the inner surface is not	Open flames may heat dangerous goods dryers if extinguishers are nearby	No drying of organic peroxides, and no open flame heat source for dangerous goods	Organic peroxides may be dried if the temperature is held below 50 degrees	c	第200條：乾燥設備不得使用於加熱、乾燥有機過氧化物；外面及內面均應以不燃性材料構築；內部應置有隨時能測定溫度之裝置及溫度調整裝置；危險物乾燥設備之熱源不得使用明火；側面及底部應堅固，上部以輕質材料構築或設爆風門、爆風孔。	Article 200 bars drying organic peroxides and open flame heat for dangerous goods.	draft	11		
Q3383	OSH	OSH-07	職業安全衛生設施規則	第201條	民國115年6月30日	設施規則-乾燥設備	2	對於乾燥室之操作，下列何者符合本規則規定？	乾燥室牆外得堆放可燃性物品，惟應與牆面保持十公分距離	經加溫乾燥之可燃性物品，應冷卻至不致發生自燃危險後，再行收存	乾燥室內得容許粉塵適度堆積，於每季大掃除時一併清理即可	經加溫乾燥之可燃性物品，應趁高溫狀態立即密封收存以免受潮	Which practice complies with the rule on operating drying rooms?	Combustibles may sit outside the wall if kept ten centimetres away	Heated combustible items must cool until self ignition is impossible before storing	Dust may accumulate in the drying room and be cleared each quarter	Heated combustible items should be sealed away while still hot to keep moisture out	b	第201條：乾燥中應適時檢查乾燥室內外及附屬設備；注意乾燥溫度與時間；乾燥物應放置妥當使不致脫落；應注意清掃不得有粉塵堆積；注意牆外溫度且不得將可燃性物品放置鄰近；經加溫乾燥之可燃性物品，應冷卻至不致發生自燃危險後再行收存。	Article 201 requires cooling before storage and bars dust accumulation.	draft	11		
Q3384	OSH	OSH-07	職業安全衛生設施規則	第202條	民國115年6月30日	設施規則-乾燥設備	2	對於乾燥作業，本規則規定應指定專人辦理之事項為何？	開始使用乾燥設備時，得於作業後再將作業方法告知有關之勞工	開始使用或變更乾燥方法時，事先告知有關勞工作業方法，並直接指揮作業	乾燥設備鄰近場所得堆置易引起火災之物質，惟應加以標示者	乾燥設備有異常時，應先報請原製造廠商到場後始得採取措施	What must the designated person do for drying operations?	Brief workers on the working method after the drying operation has begun	Brief workers on the method before starting or changing it, and direct the work	Store easily ignited materials near the dryer provided they are marked	Wait for the original maker to attend before acting on any abnormality	b	第202條：應指定專人於開始使用乾燥設備或變更乾燥方法、種類時，事先將作業方法告知有關勞工並直接指揮作業；設備或附屬設備有異常時即採必要措施；內部溫度、換氣及乾燥狀況異常時亦同；乾燥設備鄰近場所不得堆置易引起火災之物質。	Article 202 requires prior briefing, direct supervision and prompt action on abnormalities.	draft	11		
Q3385	OSH	OSH-07	職業安全衛生設施規則	第205條	民國115年6月30日	設施規則-乙炔熔接裝置	3	對於乙炔發生器室之構造，下列規定何者正確？	排氣管截面積應為地板面積之四分之一以上，並得設於室內側牆	排氣管應突出於屋頂上，其截面積應為地板面積之十六分之一以上	門應以木質材料建造，以避免金屬門扇撞擊時產生火花危險	牆壁得以輕質可燃性材料建造，室頂則應以厚重之混凝土構築	Which requirement applies to an acetylene generator room?	The exhaust pipe area must be a quarter of the floor and may sit on a side wall	The exhaust pipe rises above the roof with area at least one sixteenth of the floor	Doors must be wooden so that metal leaves cannot strike and make sparks	Walls may be light combustible material while the roof is heavy concrete	b	第205條：乙炔發生器室牆壁應以不燃性材料建造且有相當強度；室頂應以薄鐵板或不燃性輕質材料建造；應設置突出於屋頂上之排氣管，其截面積應為地板面積之十六分之一以上，並與出入口等開口保持一．五公尺以上距離；門應以鐵板或不燃性堅固材料建造。	Article 205: the roof exhaust pipe must be at least one sixteenth of the floor area.	draft	11		
Q3386	OSH	OSH-07	職業安全衛生設施規則	第206條	民國115年6月30日	設施規則-乙炔熔接裝置	2	對於移動式乙炔熔接裝置於不使用時，本規則規定應如何處置？	得置放於作業現場原地，惟應以帆布覆蓋並設置警告標示牌	應置於耐火之安全收藏室，且無任何得以免除之例外情形存在	應置於耐火之安全收藏室；但將氣鐘分離並將發生器洗淨後分別保管者除外	應將發生器內電石全數取出後，即得置於一般之倉庫存放者	How must a mobile acetylene welding set be kept when not in use?	It may stay on site if covered with a tarpaulin and a warning sign posted	In a fireproof safe store, with no exception being allowed in any case	In a fireproof safe store, unless the bell is detached and the generator washed	Once the carbide is removed it may be kept in an ordinary warehouse	c	第206條：雇主對於移動式乙炔熔接裝置，於不使用時應置於耐火之安全收藏室；但將氣鐘分離，並將發生器洗淨後分別保管時，不在此限。	Article 206 exempts sets whose gas bell is separated and generator cleaned.	draft	11		
Q3387	OSH	OSH-07	職業安全衛生設施規則	第207條	民國115年6月30日	設施規則-乙炔熔接裝置	3	產生之乙炔在表壓力每平方公分○．○七公斤以上者，氣槽、配管等與乙炔接觸部分之材質限制為何？	不得使用銅或含銅百分之七十以上之銅合金製造者	不得使用鋁或含鋁百分之六十以上之合金製造者	不得使用鐵或含鐵百分之五十以上之合金製造者	不得使用不鏽鋼或含鎳百分之十以上之合金製造	Which material is barred where acetylene contacts tanks and piping?	Copper, or copper alloys containing 70 percent or more copper	Aluminium, or alloys containing 60 percent or more aluminium	Iron, or iron alloys containing 50 percent or more iron content	Stainless steel, or alloys containing 10 percent or more nickel	a	第207條：氣槽、清淨器、配管等之與乙炔接觸之部分，不得使用銅或含銅百分之七十以上銅合金製造者。第213條就溶解乙炔之氣體集合熔接裝置配管亦有相同限制。	Article 207 bars copper and high copper alloys in contact with acetylene.	draft	11		
Q3388	OSH	OSH-07	職業安全衛生設施規則	第208條	民國115年6月30日	設施規則-乙炔熔接裝置	3	乙炔發生器防止逆流或回火之安全裝置，其有效水柱應為多少以上？	五十公厘者	一百公厘者	十五公厘者	二十五公厘	What effective water column must the flashback arrester have?	50 millimetres or more	100 millimetres or more	15 millimetres or more	25 millimetres or more	d	第208條：該安全裝置主要部分應以厚度二公厘以上之鋼板製造，構造應能耐內部爆炸；應為水封式，逆流或回火時能確實防止危險；有效水柱應為二十五公厘以上，並具有便於檢查水位之構造。	Article 208: at least a 25 millimetre effective water seal.	draft	11		
Q3389	OSH	OSH-07	職業安全衛生設施規則	第211條	民國115年6月30日	設施規則-氣體集合裝置	2	對於氣體裝置室之設置，下列規定何者符合本規則？	氣體漏洩時得容許暫時滯留於室內，惟應設置氣體濃度警報器一具	氣體漏洩時應不致使其滯留於室內，牆壁材料應使用不燃性材料且有相當強度	室頂及天花板應使用厚重之鋼筋混凝土建造，以承受爆炸之壓力	牆壁材料得使用木質或塑膠等輕質材料，以利爆炸時洩壓釋放	Which requirement applies to a gas apparatus room?	Leaked gas may linger briefly indoors if one gas concentration alarm is fitted	Leaked gas must not linger indoors, and walls are non combustible and strong	The roof and ceiling must be heavy reinforced concrete to resist blast	Walls may be wood or plastic so that an explosion can vent through them	b	第211條：氣體裝置室之設置，氣體漏洩時應不致使其滯留於室內；室頂及天花板之材料應使用輕質之不燃性材料建造；牆壁之材料應使用不燃性材料建造，且有相當強度。	Article 211 requires non lingering gas, light non combustible ceiling and strong non combustible walls.	draft	11		
Q3390	OSH	OSH-07	職業安全衛生設施規則	第212條	民國115年6月30日	設施規則-氣體集合裝置	3	對於乙炔熔接裝置與氣體集合熔接裝置之導管及管線，就安全器設置有何規定？	安全器之設置數量得由事業單位視作業危害程度自行決定之	應於主管及分岐管設置安全器，使每一吹管有兩個以上之安全器	應於每一吹管設置安全器一具，主管與分岐管均免設置之者	應於主管設置安全器一具即可，分岐管得免設置任何安全器	How many flashback arresters must each torch have?	The number is decided by the enterprise according to the risk level	Arresters on the main and branch pipes so each torch has two or more	One arrester per torch, with none on the main or the branch piping	One arrester on the main pipe only, with branches needing none at all	b	第212條：凸緣、旋塞、閥等之接合部分應使用墊圈使接合面密接；為防止氧氣背壓過高、氧氣逆流及回火造成危險，應於主管及分岐管設置安全器，使每一吹管有兩個以上之安全器。第209條就乙炔熔接裝置則規定每一吹管分別設置安全器。	Article 212 requires two or more arresters per torch.	draft	11		
Q3391	OSH	OSH-07	職業安全衛生設施規則	第213條	民國115年6月30日	設施規則-氣體集合裝置	2	使用溶解乙炔之氣體集合熔接裝置，其配管及附屬器具不得使用何種材質？	銅質及含銅百分之七十以上之銅合金製品	鎳質及含鎳百分之三十以上之合金製品	鋁質及含鋁百分之八十以上之合金製品	鐵質及含鐵百分之五十以上之合金製品	Which material is barred in piping for dissolved acetylene manifolds?	Copper and copper alloys containing 70 percent or more copper	Nickel and alloys containing 30 percent or more nickel content	Aluminium and alloys containing 80 percent or more aluminium	Iron and iron alloys containing 50 percent or more iron content	a	第213條：使用溶解乙炔之氣體集合熔接裝置之配管及其附屬器具，不得使用銅質及含銅百分之七十以上之銅合金製品，以避免生成具爆炸性之乙炔銅。	Article 213 bars copper and high copper alloys.	draft	11		
Q3392	OSH	OSH-07	職業安全衛生設施規則	第215條	民國115年6月30日	設施規則-乙炔熔接裝置	1	對於電石碴之儲存槽坑，本規則規定應如何辦理？	應與可燃性氣體容器共同存放於同一場所，以便集中管理之	應置於作業區內以利隨時取用，並覆蓋防水帆布避免受潮者	應置於安全之場所儲存，並採取防止乙炔發生危險之安全措施	應每日注滿清水以稀釋電石碴，並於次日排放至一般水溝	How must carbide sludge storage pits be handled?	Kept together with flammable gas cylinders so as to centralise them	Kept in the work area for easy access and covered with a tarpaulin	Stored at a safe place with measures preventing acetylene hazards	Filled with water daily to dilute it and drained to the sewer next day	c	第215條：雇主對於電石碴之儲存槽坑，應置於安全之場所儲存，並採取防止乙炔發生危險之安全措施。電石遇水會產生乙炔，故須特別管制。	Article 215 requires a safe location and acetylene hazard prevention.	draft	11		
Q3393	OSH	OSH-07	職業安全衛生設施規則	第217條	民國115年6月30日	設施規則-乙炔熔接裝置	3	使用乙炔熔接裝置從事金屬熔接作業時，選任專人辦理之事項下列何者正確？	應使用打火機點火方式測試接頭是否漏氣，並記錄測試之結果者	應使用肥皂水等安全方法測試是否漏洩，並查看安全器水位是否保持安全狀態	發生器之氣鐘上得置放工具等物件，惟應避免重量超過十公斤	再裝電石於移動式發生器時，應於屋內通風良好之場所實施之	Which duty falls on the designated person for acetylene welding work?	Test joints for leaks with a lighter flame and record the test results	Test for leaks with soapy water and check the arrester water level stays safe	Tools may rest on the gas bell provided they weigh under ten kilograms	Recharging carbide into a mobile generator is done indoors with fans	b	第217條：應決定作業方法及指揮作業；禁止對使用中發生器使用有發生火花之虞工具或撞擊；使用肥皂水等安全方法測試漏洩；發生器氣鐘上禁止置放任何物件；再裝電石應於屋外安全場所為之；作業中應查看安全器水位是否保持安全狀態；並監督勞工戴用防護眼鏡與手套。	Article 217 requires soapy water leak testing and water level checks.	draft	11		
Q3394	OSH	OSH-07	職業安全衛生設施規則	第218條	民國115年6月30日	設施規則-氣體集合裝置	2	使用氣體集合熔接裝置從事作業時，選任專人辦理之事項下列何者正確？	容器閥、接頭及配管口之油漬得予保留，以達潤滑防鏽之效果者	更換容器時應將容器口及配管口部分之氣體與空氣混合氣體排除，並會同人員更換	更換氣體容器應由單一勞工獨自完成，以免現場人員過多而增加危險	旋塞或閥應快速開閉以縮短氣體外洩時間，並免測試是否漏氣	Which duty applies to the designated person for manifold welding work?	Oil stains at valves and pipe openings may be left to lubricate the fittings	Purge the gas and air mixture at the container and pipe openings when changing cylinders	A single worker should change the gas cylinders alone so that fewer people are at risk	Valves should be opened and closed fast, and leak testing is unnecessary	b	第218條：應決定作業方法及指揮作業；清除氣體容器閥、接頭、調整器及配管口之油漬塵埃；更換容器時應排除容器口及配管口之氣體與空氣混合氣體；使用肥皂水等安全方法測試漏氣；注意輕緩開閉旋塞或閥；會同作業人員更換氣體容器；並監督勞工佩戴防護眼鏡與手套。	Article 218 requires purging on cylinder change and gentle valve operation.	draft	11		
Q3395	OSH	OSH-07	職業安全衛生設施規則	第220條	民國115年6月30日	設施規則-爆破作業	1	對於從事火藥爆破作業，本規則規定應指派何種人員擔任？	經一般安全衛生教育訓練三小時以上人員	經火藥爆破特殊安全衛生教育、訓練之人員	經當地警察機關核發持有執照之保全人員	經事業單位內部考核合格之資深作業勞工	Who may carry out blasting work with explosives?	Persons who have had three hours of general safety training	Persons who have completed the special training for blasting	Security guards licensed by the local police authority	Senior workers approved through the enterprises own appraisal	b	第220條：雇主對於從事火藥爆破作業，應指派經火藥爆破特殊安全衛生教育、訓練之人員擔任。第221條、第222條並就導火索方式及電氣方式爆破指派專人辦理事項。	Article 220 requires personnel trained in the special blasting course.	draft	11		
Q3396	OSH	OSH-07	職業安全衛生設施規則	第222條	民國115年6月30日	設施規則-爆破作業	2	使用電氣方式從事爆破作業，指派專人辦理之事項下列何者正確？	發爆者由現場勞工自行推派擔任，並免指示有關發爆之場所者	發爆前得以口頭通知鄰近勞工，不必確認人員是否已離開危險區	作業完成後即得離開現場，未爆裝藥留待次日再行處理即可者	發爆前應以信號警告，並確認所有人員均已離開危險區域，且應指定發爆者	Which duty applies to the designated person for electric blasting?	Workers may pick the shot firer themselves and the site need not be indicated	Tell nearby workers verbally before firing, without confirming they have left	Leaving right after firing is fine, with misfires handled the following day	Warn by signal before firing, confirm everyone has left, and designate the shot firer	d	第222條：使用電氣方式爆破，應就受過火藥爆破特殊安全衛生教育訓練人員中指派專人，辦理指示退避場所及路線、發爆前以信號警告並確認人員均已離開危險區域、指定發爆者、指示發爆場所、傳達點火信號、確認有無未爆之裝藥或殘藥並妥善處理。	Article 222 requires signal warning, clearance confirmation and misfire handling.	draft	11		
Q3397	OSH	OSH-07	職業安全衛生設施規則	第223條	民國115年6月30日	設施規則-爆破作業	2	對於爆破作業，如勞工無法退避至安全之距離時，本規則規定應如何辦理？	應將爆破藥量減半施作，即得免設置任何之避難所等防護設施	應設置堅固有效防護之避難所，以防止正面及上方飛石產生之危害	應改於夜間人員較少之時段施作，並由監視人員全程戒護之	應使勞工佩戴安全帽並蹲伏於地面，以避開飛石產生之危害者	What if workers cannot retreat to a safe distance during blasting?	Halving the charge removes the need for any shelter or protective facility	A firm and effective shelter must be built against flying rock from front and above	The work should move to night hours with a watcher standing guard	Workers should wear helmets and crouch on the ground to avoid flying rock	b	第223條：雇主對於爆破作業，如勞工無法退避至安全之距離時，應設置堅固有效防護之避難所，以防止正面及上方飛石產生之危害。	Article 223 requires a sturdy protective shelter.	draft	11		
Q3398	OSH	OSH-07	職業安全衛生設施規則	第231條	民國115年6月30日	設施規則-墜落防止	3	對於梯式施工架立木之梯子，以一梯連接另一梯增加長度時，其疊接長度應為多少以上？	一．五公尺	一公尺整數	○．五公尺	二公尺整數	When joining two ladders to extend a ladder scaffold, what overlap is needed?	1.5 metres or more	1 metre or more	0.5 metres or more	2 metres or more	a	第231條：梯式施工架立木之梯子應具適當強度；置於座板或墊板之上並視土壤性質埋入地下至必要深度，使二立木平穩落地並將梯腳適當紮結；以一梯連接另一梯增加長度時，該二梯至少應疊接一．五公尺以上，並紮結牢固。	Article 231: at least a 1.5 metre overlap, firmly lashed.	draft	11		
Q3399	OSH	OSH-07	職業安全衛生設施規則	第232條	民國115年6月30日	設施規則-墜落防止	1	對於勞工有墜落危險之場所，本規則規定應如何辦理？	應由監視人員每二小時巡視一次並記錄巡視結果	應設置警告標示，惟無關人員仍得自由通行進入	應於危險場所周圍鋪設緩衝墊並標示其最大高度	應設置警告標示，並禁止與工作無關之人員進入	What applies to places where workers risk falling?	A watcher must patrol every two hours and record each of the patrols	Warning signs must be posted, though other persons may still pass through	Cushioning mats must be laid around the area with the height marked	Warning signs must be posted and unrelated persons barred from entering	d	第232條：雇主對於勞工有墜落危險之場所，應設置警告標示，並禁止與工作無關之人員進入。第224條、第225條並就護欄、護蓋及工作台之設置有規定。	Article 232 requires warning signs and exclusion of unrelated persons.	draft	11		
Q3400	OSH	OSH-07	職業安全衛生設施規則	第233條	民國115年6月30日	設施規則-墜落防止	2	以船舶運輸勞工前往作業場所時，本規則規定應如何辦理？	不得超載，惟救生衣及救生用具得依當日天候狀況決定是否備置於船上	不得超載，且應備置足夠數量救生衣、救生用具或採取其他防止落水危害之方法	應僅於日間航行運輸勞工，即得免備置救生衣及救生用具者	得於作業急迫時酌予超載，惟應由監視人員全程在旁戒護之	What applies when workers are carried to a worksite by boat?	No overloading, though life jackets may depend on the weather that day	No overloading, and enough life jackets or other means to prevent drowning harm	Daytime sailing alone removes the need for life jackets or gear	Slight overloading is allowed in urgent work if a watcher stands by	b	第233條：雇主對於以船舶運輸勞工前往作業場所時，不得超載，且應備置足夠數量救生衣、救生用具或採取其他方法，以防止勞工落水遭致危害。	Article 233 bars overloading and requires life saving equipment.	draft	11		
Q3401	OSH	OSH-07	職業安全衛生設施規則	第234條	民國115年6月30日	設施規則-水上作業	2	對於水上作業勞工有落水之虞時，下列規定何者符合本規則？	使用水上動力船隻應設置滅火器，堵漏設備得於發生漏水時再行調度	水上與岸上聯合作業時，得以呼喊方式聯絡，免設置任何通訊設備	使用水上動力船隻應設置滅火器及堵漏設備，夜間作業應懸掛燈號及足夠照明	水上作業得免備置急救設備，惟應於岸上設置醫務室並派駐護理師	Which requirement applies where workers may fall into water?	Powered craft need extinguishers; leak plugging gear can be fetched when needed	Shouting suffices for joint water and shore work, with no communication gear	Powered craft need extinguishers and leak plugging gear; night work needs lights	First aid equipment is not needed afloat if a clinic with a nurse is ashore	c	第234條：除應使勞工穿著救生衣、設置監視人員及救生設備外，使用水上動力船隻應設滅火器及堵漏設備；夜間作業應依國際慣例懸掛燈號及有足夠照明；應備置急救設備；應先查明水下電纜管路及障礙物；水上岸上聯合作業應設通訊設備並選任指揮聯絡人員。	Article 234 lists life jackets, watchers, extinguishers, leak gear and night lighting.	draft	11		
Q3402	OSH	OSH-07	職業安全衛生設施規則	第235條	民國115年6月30日	設施規則-飛落防止	2	對於表土之崩塌或土石之崩落有危害勞工之虞者，本規則規定應如何辦理？	應使表土保持安全傾斜，惟雨水及地下水得任其自然滲流不予處理	應於坡腳設置警示帶並派員監視，即得免為任何清除或支撐措施	應於雨季來臨前以帆布覆蓋坡面，即得免設堵牆或擋土支撐設施	應使表土保持安全傾斜並清除有飛落之虞之土石或設堵牆，並排除雨水地下水	What guards against surface soil collapse or falling rock?	Keep a safe slope, while rainwater and groundwater may seep away naturally	A warning tape at the toe plus a watcher replaces clearing or shoring work	Covering the slope with tarpaulin before the rainy season is enough alone	Keep a safe slope, clear or shore loose rock, and drain away rain and groundwater	d	第235條：應使表土保持安全之傾斜，對有飛落之虞之土石應予清除或設置堵牆、擋土支撐等；並排除可能形成表土崩塌或土石飛落之雨水、地下水等。	Article 235 requires safe slopes, clearing or shoring, and drainage.	draft	11		
Q3403	OSH	OSH-07	職業安全衛生設施規則	第236條	民國115年6月30日	設施規則-飛落防止	1	為防止坑內落磐、落石或側壁崩塌等對勞工之危害，本規則規定應如何辦理？	應設置照明及警告標示牌	應限制同時進入人數三人	應於坑口設置監視攝影機	應設置支撐或清除浮石等	How must rock falls and side wall collapse in pits be prevented?	By providing lighting and warning signboards	By limiting simultaneous entry to three persons	By installing a monitoring camera at the entrance	By providing supports or removing loose rock	d	第236條：雇主為防止坑內落磐、落石或側壁崩塌等對勞工之危害，應設置支撐或清除浮石等。第237條並就自三公尺以上場所投下物體規定設置滑槽、承受設備及監視人員。	Article 236 requires supports or removal of loose rock.	draft	11		
Q3404	OSH	OSH-07	職業安全衛生設施規則	第238條	民國115年6月30日	設施規則-飛落防止	1	對於工作場所有物體飛落之虞者，本規則規定應如何辦理？	應限制上方作業與下方作業不得同時實施，並免供給防護具	應設置防止物體飛落之設備，安全帽由勞工自行準備並戴用	應設置防止物體飛落之設備，並供給安全帽等防護具使勞工戴用	應於下方地面設置警戒區並派監視人員，即得免設防落設備	What applies where objects may fall in the workplace?	Barring simultaneous work above and below removes the need for protective gear	Provide facilities preventing falling objects, with workers bringing their own helmets	Provide facilities preventing falling objects and supply helmets for workers to wear	A cordon below with a watcher replaces the fall prevention facilities entirely	c	第238條：雇主對於工作場所有物體飛落之虞者，應設置防止物體飛落之設備，並供給安全帽等防護具，使勞工戴用。第280條並規定作業中有物體飛落或飛散之虞時應使勞工確實使用安全帽。	Article 238 requires both fall prevention facilities and helmets.	draft	11		
Q3405	OSH	OSH-07	職業安全衛生設施規則	第239條	民國115年6月30日	設施規則-電氣危害	1	雇主使用之電氣器材及電線等，本規則規定應符合何種規格？	公司內部規格	原廠設計規格	進口國之規格	國家標準規格	Which specification must electrical materials and wires meet?	The companys internal specifications	The makers design specifications	The specifications of the source country	National standard specifications	d	第239條：雇主使用之電氣器材及電線等，應符合國家標準規格。第239條之1並要求依用戶用電設備裝置規則於非帶電金屬部分施行接地。	Article 239 requires conformity with national standards.	draft	11		
Q3406	OSH	OSH-07	職業安全衛生設施規則	第239條之1	民國115年6月30日	設施規則-電氣危害	2	對於使用之電氣設備，本規則就接地有何規定？	應由事業單位自行決定接地方式，並每三年量測接地電阻	應依用戶用電設備裝置規則規定，於非帶電金屬部分施行接地	應僅就戶外之電氣設備施行接地，室內設備得免施行接地	應依用戶用電設備裝置規則規定，於帶電導體部分施行接地	What earthing does the rule require for electrical equipment?	The employer may choose its own method and measure resistance every three years	Earth the non live metal parts as required by the user wiring installation rules	Only outdoor equipment needs earthing, while indoor equipment is exempt	Earth the live conductor parts as required by the user wiring installation rules	b	第239條之1：雇主對於使用之電氣設備，應依用戶用電設備裝置規則規定，於非帶電金屬部分施行接地，以防止漏電時之感電危害。	Article 239-1 requires earthing of non current carrying metal parts.	draft	11		
Q3407	OSH	OSH-07	職業安全衛生設施規則	第240條	民國115年6月30日	設施規則-電氣危害	2	對於高壓或特高壓用開關、避雷器等動作時會發生電弧之器具，本規則規定為何？	應與木製之壁、天花板等可燃物質保持相當距離；使用防火材料隔離者除外	應與木製之壁、天花板等可燃物質保持相當距離，且無任何例外情形	得緊鄰木製牆壁裝設，惟應於牆面張貼高壓電危險之警告標示牌	應設置於室外開放空間，室內一律不得裝設此類會產生電弧器具	What applies to arc producing switches and arresters at high voltage?	Keep a suitable distance from wooden walls and ceilings, unless fire proofing separates	Keep a suitable distance from wooden walls and ceilings, with no exception at all	They may adjoin wooden walls provided a high voltage warning sign is posted	They must be outdoors, as such arc producing devices may never be indoors	a	第240條：對於高壓或特高壓用開關、避雷器或類似器具等在動作時會發生電弧之電氣器具，應與木製之壁、天花板等可燃物質保持相當距離；但使用防火材料隔離者，不在此限。	Article 240 exempts cases separated by fire resistant materials.	draft	11		
Q3408	OSH	OSH-07	職業安全衛生設施規則	第241條	民國115年6月30日	設施規則-電氣危害	3	對於電氣機具之帶電部分，勞工有接觸或接近致感電之虞者，本規則規定為何？	應設防止感電之護圍或絕緣被覆，於任何場所均無得以免除設置之例外	電熱器之發熱體及電焊機之電極部分，亦一律應設置護圍或絕緣被覆	應設防止感電之護圍或絕緣被覆；設於配電室等區隔場所並禁止非相關人員進入者除外	僅需於帶電部分附近張貼感電危險標示，即得免設護圍或絕緣被覆	What applies to live parts of electrical machines workers may touch?	Guards or insulation are required, with no exemption available in any place at all	Heater elements and welding electrodes must also be guarded or insulated always	Guards or insulation are required, unless the room is segregated and entry restricted	A shock hazard notice near the live part removes the need for guards entirely	c	第241條：對於電氣機具之帶電部分（依使用目的必須露出者如電熱器發熱體、電焊機電極除外），勞工有接觸或接近致感電之虞者，應設防止感電之護圍或絕緣被覆；但設於配電室、控制室、變電室等被區隔場所且禁止非電氣作業人員進入者，不在此限。	Article 241 exempts segregated rooms closed to non electrical personnel.	draft	11		
Q3409	OSH	OSH-07	職業安全衛生設施規則	第242條	民國115年6月30日	設施規則-電氣危害	2	對於連接於移動電線之攜帶型電燈，其護罩應合乎何種規定？	燈座露出帶電部分應以絕緣膠帶纏繞包覆，護罩材料則不予限制	護罩應以透明玻璃製造以維持照度，燈座構造則由使用者自行檢視	攜帶型電燈免設護罩，惟應由勞工佩戴絕緣手套後始得持用作業	燈座露出帶電部分應為手指不易接觸之構造，並使用不易變形或破損之材料	What must the guard of a portable lamp on a trailing cable satisfy?	Exposed live parts wrapped in insulating tape, with no limit on guard material	The guard should be clear glass for brightness, with the socket checked by the user	Portable lamps need no guard if the worker wears insulating gloves to hold them	Exposed live parts of the socket hard for fingers to touch, made of tough material	d	第242條：對於連接於移動電線之攜帶型電燈或架空懸垂電燈等，為防止觸及燈座帶電部分引起感電或燈泡破損之危險，應設置護罩：燈座露出帶電部分應為手指不易接觸之構造；並應使用不易變形或破損之材料。	Article 242 sets both a construction and a material requirement.	draft	11		
Q3410	OSH	OSH-07	職業安全衛生設施規則	第245條	民國115年6月30日	設施規則-電氣危害	1	對電焊作業使用之焊接柄，本規則規定應具備何種性能？	應有自動遮斷電流之保護裝置	應有防水防塵等級之外殼構造	應有相當之導電性及散熱能力	應有相當之絕緣耐力及耐熱性	What must an electrode holder used in arc welding provide?	An automatic current interrupting protection	A water and dust resistant enclosure design	Adequate conductivity and heat dissipation	Adequate dielectric strength and heat resistance	d	第245條：雇主對電焊作業使用之焊接柄，應有相當之絕緣耐力及耐熱性。第250條並就狹小空間之交流電焊機規定應有自動電擊防止裝置。	Article 245 requires insulation strength and heat resistance.	draft	11		
Q3411	OSH	OSH-07	職業安全衛生設施規則	第246條	民國115年6月30日	設施規則-電氣危害	2	勞工於作業或通行時有接觸絕緣被覆配線或移動電線之虞者，應有何種設施？	應有防止絕緣被破壞或老化等致引起感電危害之設施	應有使勞工於通行前先行斷電並復電之管制作業程序	應有由監視人員於通道兩端引導通行之人員管制措施	應有於接觸時自動發出聲光警報之感應偵測裝置設施	What is required where workers may touch insulated wiring or cords?	Facilities preventing shock from insulation being damaged or ageing	A control procedure cutting and restoring power before passing	Guides stationed at both ends of the passage to control movement	Sensing devices giving light and sound alarms upon any contact	a	第246條：雇主對勞工於作業中或通行時，有接觸絕緣被覆配線或移動電線或電氣機具、設備之虞者，應有防止絕緣被破壞或老化等致引起感電危害之設施。	Article 246 targets shock from damaged or aged insulation.	draft	11		
Q3412	OSH	OSH-07	職業安全衛生設施規則	第247條	民國115年6月30日	設施規則-電氣危害	2	對於發電室、變電室等場所之特高壓電路，其連接狀態應如何表示？	應由專任電氣技術人員以口頭於交接班時說明，免以圖示表示	應以模擬線或其他方法表示，且不論回路數多寡均無例外規定	應以彩色照片張貼於配電盤上，並每半年更新一次照片內容	應以模擬線或其他方法表示；回路數二回線以下或匯流排單排者除外	How must the connection state of extra high voltage circuits be shown?	By a verbal explanation from the electrical technician at each shift handover	By a mimic diagram or other means, with no exception whatever the circuit count	By colour photographs posted on the panel and renewed every six months	By a mimic diagram or other means, unless there are two circuits or a single bus	d	第247條：對於發電室、變電室、受電室及其類似場所之特高壓電路，其連接狀態應以模擬線或其他方法表示；但連接於特高壓電路之回路數係二回線以下，或特高壓之匯流排係單排者，不在此限。	Article 247 exempts two or fewer circuits and single busbars.	draft	11		
Q3413	OSH	OSH-07	職業安全衛生設施規則	第248條	民國115年6月30日	設施規則-電氣危害	1	對於啟斷馬達或其他電氣機具之裝置，本規則規定應如何辦理？	應以密碼鎖鎖定並由專任電氣技術人員保管密碼與鑰匙	應明顯標示其啟斷操作及用途，且不得有任何例外情形	應明顯標示其啟斷操作及用途；配置方式已足顯示者除外	應設置於距離馬達本體三公尺以上處並加設防護外箱	How must disconnecting devices for motors be handled?	Lock them with a code known only to the appointed electrical technician	Mark the operation and purpose clearly, with no exception being permitted	Mark the operation and purpose clearly, unless the layout already shows them	Place them at least three metres from the motor inside a protective box	c	第248條：雇主對於啟斷馬達或其他電氣機具之裝置，應明顯標示其啟斷操作及用途；但如其配置方式或配置位置，已足顯示其操作及用途者，不在此限。	Article 248 exempts devices whose arrangement already makes this evident.	draft	11		
Q3414	OSH	OSH-07	職業安全衛生設施規則	第251條	民國115年6月30日	設施規則-電氣危害	2	對於易產生非導電性及非燃燒性塵埃之工作場所，其電氣機械器具應如何裝設？	應裝於通風良好之開放式支架上，以利塵埃自然掉落不致堆積	應裝於具有防塵效果之箱內，或使用防塵型器具，以免塵垢堆積影響散熱	應每週以壓縮空氣吹除塵埃一次，即得使用一般型電氣器具者	應設置於距離塵埃發生源十公尺以外處，並免使用防塵型器具	How must electrical equipment be installed where non conductive dust arises?	On open racks in good ventilation so that dust falls away and does not build up	Inside dust proof enclosures or as dust proof types, so heat dissipation is not hurt	Blown clean with compressed air weekly, allowing ordinary equipment to be used	Placed ten metres or more from the dust source, with no dust proof type needed	b	第251條：對於易產生非導電性及非燃燒性塵埃之工作場所，其電氣機械器具應裝於具有防塵效果之箱內，或使用防塵型器具，以免塵垢堆積影響正常散熱，造成用電設備之燒損。	Article 251 requires dust proof boxes or dust proof type equipment.	draft	11		
Q3415	OSH	OSH-07	職業安全衛生設施規則	第252條	民國115年6月30日	設施規則-電氣危害	2	對於有發生靜電致傷害勞工之虞之工作機械及其附屬物件，應採何種措施？	應就其發生靜電之部分噴塗絕緣漆，以阻絕靜電向外放電之路徑	應將工作場所相對濕度降至百分之二十以下，以加速靜電之消散	應由勞工穿著絕緣鞋並手持金屬棒接觸機台，以人工方式放電	應就其發生靜電之部分施行接地、使用除電劑或裝設無引火源之除電裝置	What measures apply to machines where static may injure workers?	Coat the static generating parts with insulating paint to block any discharge	Lower the workplace relative humidity below twenty percent to disperse static	Have workers in insulating shoes touch the machine with a metal rod to discharge	Earth the static generating parts, use antistatic agents or non ignition eliminators	d	第252條：對於有發生靜電致傷害勞工之虞之工作機械及其附屬物件，應就其發生靜電之部份施行接地，使用除電劑、或裝設無引火源之除電裝置等適當設備。第175條就靜電引起爆炸火災之設備亦有規定。	Article 252 requires earthing, antistatic agents or safe static eliminators.	draft	11		
Q3416	OSH	OSH-07	職業安全衛生設施規則	第253條	民國115年6月30日	設施規則-電氣危害	2	對於通路上使用臨時配線或移動電線，本規則規定為何？	得自由使用，惟應於配線兩端設置反光錐及警告標示牌各一組	不得使用；但經妥為防護而車輛或物體通過時不致損傷絕緣被覆者除外	不得使用；且不論有無防護措施，均無任何得以例外之情形者	得於日間使用，夜間則應將臨時配線全部收回並妥為保管之	What applies to temporary wiring or cords laid across passageways?	Freely allowed if a reflective cone and a warning sign sit at each end	Prohibited, unless protected so passing vehicles cannot damage the insulation	Prohibited, and no exception exists whether or not protection is provided	Allowed by day, with all temporary wiring collected and stored at night	b	第253條：雇主不得於通路上使用臨時配線或移動電線；但經妥為防護而車輛或其他物體通過該配線或移動電線時不致損傷其絕緣被覆者，不在此限。	Article 253 exempts properly protected wiring.	draft	11		
Q3417	OSH	OSH-07	職業安全衛生設施規則	第255條	民國115年6月30日	設施規則-停電作業	3	高壓或特高壓非用於啟斷負載電流之空斷開關及分段開關，應設置何種設施防止操作錯誤？	應設足以顯示該電路為無負載之指示燈或指示器，並無任何例外之規定	應設足以顯示該電路為無負載之指示燈或指示器；設有無負載始可啟斷連鎖裝置者除外	應由操作勞工先以三用電表量測後操作，免設任何指示燈或指示器	應由二名勞工同時確認並簽名於操作紀錄表後，始得操作該開關	What prevents mis operation of high voltage isolating switches?	Lamps or indicators showing the circuit is unloaded, with no exception permitted	Lamps or indicators showing the circuit is unloaded, unless an interlock already does	The operator measures with a multimeter first, so no indicator is required	Two workers confirm and sign the operation record before the switch is worked	b	第255條：對於高壓或特高壓電路，非用於啟斷負載電流之空斷開關及分段開關（隔離開關），為防止操作錯誤，應設置足以顯示該電路為無負載之指示燈或指示器等；但已設置僅於無負載時方可啟斷之連鎖裝置者，不在此限。	Article 255 exempts switches with a no load interlock.	draft	11		
Q3418	OSH	OSH-07	職業安全衛生設施規則	第256條	民國115年6月30日	設施規則-活線作業	2	使勞工於低壓電路從事檢查、修理等活線作業時，本規則規定應如何辦理？	應使該作業勞工戴用棉紗手套並站立於乾燥木板上進行作業者	應使該作業勞工戴用絕緣用防護具，或使用活線作業用器具或類似器具	應先將電路停電並掛牌上鎖，本規則不允許任何之活線作業	應由二名勞工共同作業並由其中一人隨時準備切斷總開關者	What applies to live work on low voltage circuits?	Workers must wear cotton gloves and stand on a dry wooden board while working	Workers must wear insulating protective gear or use live line tools or similar	The circuit must be dead and tagged, as live work is never allowed at all	Two workers must work together with one ready to trip the main switch	b	第256條：雇主使勞工於低壓電路從事檢查、修理等活線作業時，應使該作業勞工戴用絕緣用防護具，或使用活線作業用器具或其他類似之器具。第258條則規定高壓活線作業之三種設施。	Article 256 requires insulating gear or live line tools.	draft	11		
Q3419	OSH	OSH-07	職業安全衛生設施規則	第257條	民國115年6月30日	設施規則-活線作業	2	使勞工於接近低壓電路或其支持物從事敷設、修理等作業時，應如何辦理？	應於作業前量測電路電壓值並記錄，即得免裝置絕緣防護裝備	應於該電路裝置絕緣用防護裝備；勞工戴用絕緣用防護具而無感電之虞者除外	應將鄰近之低壓電路全部停電，始得從事該敷設或修理等作業	應於該電路裝置絕緣用防護裝備，且無任何得以免除之例外情形	What applies to work near low voltage circuits or their supports?	Measuring and recording the voltage beforehand removes the need for protection	Fit insulating protective equipment on the circuit, unless workers wear insulating gear	All nearby low voltage circuits must be de energised before any such work starts	Fit insulating protective equipment on the circuit, with no exception being allowed	b	第257條：雇主使勞工於接近低壓電路或其支持物從事敷設、檢查、修理、油漆等作業時，應於該電路裝置絕緣用防護裝備；但勞工戴用絕緣用防護具從事作業而無感電之虞者，不在此限。	Article 257 exempts workers wearing insulating protective gear.	draft	11		
Q3420	OSH	OSH-07	職業安全衛生設施規則	第258條	民國115年6月30日	設施規則-活線作業	3	使勞工從事高壓電路之檢查、修理等活線作業時，下列何者為本規則所定設施之一？	使勞工戴用絕緣用防護具，並於有接觸或接近該電路部分設置絕緣用防護裝備	使勞工於距離帶電體十公分處作業，並由監視人員在旁監看	使勞工穿著一般之工作服並站立於絕緣橡膠墊上從事該活線作業者	使勞工以乾燥木棒撥開高壓電線後，再以徒手方式進行修理	Which is one of the required measures for live work on high voltage circuits?	Workers wear insulating gear and insulating equipment is fitted where contact may occur	Workers keep ten centimetres from live parts while a watcher observes them	Workers wear ordinary clothing and stand on an insulating rubber mat to work	Workers push the live conductor aside with a dry pole and then repair by hand	a	第258條：高壓活線作業應有下列設施之一：使勞工戴用絕緣用防護具並於接觸或接近部分設置絕緣用防護裝備；使勞工使用活線作業用器具；或使勞工使用活線作業用絕緣工作台及其他裝備，並不得使身體或工具材料等導電體接觸或接近有感電之虞之電路。	Article 258 offers three alternative sets of measures.	draft	11		
Q3421	OSH	OSH-07	職業安全衛生設施規則	第261條	民國115年6月30日	設施規則-活線作業	3	使勞工於接近特高壓電路從事檢查、修理等電氣工程作業時，應有何種設施？	使勞工使用活線作業用裝置；或保持接近界限距離以上並標示或設監視人員監視	使勞工使用活線作業用裝置；或由勞工自行目測距離後從事該作業	應將特高壓電路全部停電並接地後，始得從事任何接近之作業	應使勞工佩戴絕緣手套並保持三十公分距離，即得從事該作業	What applies to work near extra high voltage circuits?	Use live line apparatus, or keep the approach limit distance with marking or a watcher	Use live line apparatus, or let workers judge the distance by eye while working	The circuit must be fully de energised and earthed before any approach work	Insulating gloves and a thirty centimetre distance are enough for such work	a	第261條：使勞工於接近特高壓電路或其支持物從事檢查、修理、油漆、清掃等電氣工程作業時，應使勞工使用活線作業用裝置；或對勞工身體或其使用中之金屬工具、材料等導電體，保持第260條第1款規定之接近界限距離以上，並將接近界限距離標示於易見之場所或設置監視人員從事監視作業。	Article 261 refers to the approach limit distances of Article 260.	draft	11		
Q3422	OSH	OSH-07	職業安全衛生設施規則	第262條	民國115年6月30日	設施規則-活線作業	2	勞工從事裝設、拆除或接近電路等之絕緣用防護裝備時，本規則規定應如何辦理？	應先確認該電路已停電後始得裝設，本規則不允許帶電裝設	應使勞工戴用絕緣用防護具，或使用活線用器具，或其他類似之器具	應僅由專任電氣技術人員徒手裝設，其他人員一律不得參與	應使勞工戴用一般棉布手套，並由另一名勞工在旁扶持梯具	What applies when fitting or removing insulating protective equipment?	The circuit must be confirmed dead first, as live fitting is never allowed	Workers must wear insulating protective gear or use live line tools or similar	Only the appointed electrical technician may do it, and by bare hand	Workers must wear ordinary cotton gloves while another steadies the ladder	b	第262條：雇主於勞工從事裝設、拆除或接近電路等之絕緣用防護裝備時，應使勞工戴用絕緣用防護具、或使用活線用器具、或其他類似器具。	Article 262 requires insulating gear or live line tools.	draft	11		
Q3423	OSH	OSH-07	職業安全衛生設施規則	第263條	民國115年6月30日	設施規則-活線作業	3	於架空電線接近場所使用移動式起重機等作業，有接觸電路引起感電之虞者，應如何辦理？	應將該架空電線以繩索向外拉開固定後，即得從事該吊掛作業	應由操作人員憑目測判斷距離，並於作業後填具自主檢查紀錄	應保持接近界限距離並設護圍或裝置絕緣用防護裝備等，顯有困難者置監視人員	應保持接近界限距離即可，護圍與絕緣防護裝備均得免予設置者	What applies to crane work near overhead lines with shock risk?	Pulling the overhead line aside with rope allows the lifting work to proceed	The operator judges distance by eye and files a self inspection record after	Keep the approach limit, add guards or insulating covers, or post a watcher if hard	Keeping the approach limit alone suffices, with guards and covers not needed	c	第263條：於架空電線或電氣機具電路接近場所從事裝設、檢查、修理等作業或使用車輛系營建機械、移動式起重機、高空工作車等作業，有因接觸或接近該電路引起感電之虞者，除應使勞工與帶電體保持規定之接近界限距離外，並應設置護圍、或於該電路四周裝置絕緣用防護裝備等設備或採取移開該電路之措施；但採取前述設施顯有困難者，應置監視人員監視之。	Article 263 allows a watcher only where the listed measures are clearly difficult.	draft	11		
Q3424	OSH	OSH-07	職業安全衛生設施規則	第265條	民國115年6月30日	設施規則-電氣管理	2	對於高壓以上之停電作業、活線作業及活線接近作業，本規則規定應如何辦理？	應由作業勞工自行決定作業方法與順序，並於作業後回報結果	應將作業期間、內容、電路及接近之其他電路系統告知勞工，並指定監督人員指揮	應報請當地供電機構派員到場監督，事業單位免指定監督人員	應將作業期間及作業內容告知勞工即可，鄰近之電路系統得免予告知	What applies to high voltage dead line and live line work?	Workers decide the method and sequence themselves and report back afterwards	Tell workers the period, content, circuit and nearby systems, and name a supervisor	The power utility must send an officer, so the employer needs no supervisor	Telling workers the period and content suffices; nearby systems need no mention	b	第265條：雇主對於高壓以上之停電作業、活線作業及活線接近作業，應將作業期間、作業內容、作業之電路及接近於此電路之其他電路系統，告知作業之勞工，並應指定監督人員負責指揮。	Article 265 requires the information plus a designated supervising person.	draft	11		
Q3425	OSH	OSH-07	職業安全衛生設施規則	第266條	民國115年6月30日	設施規則-電氣管理	1	對於發電室、變電室或受電室等場所，本規則就照明有何規定？	應以自然採光為主，必要時由工作人員自備手電筒照明之	應有適當之照明設備，以便於監視及確保操作之正確安全	應有適當之照明設備，並得於無人時全部關閉以節省電費	應維持照度五百米燭光以上，並每月量測照度一次以上	What lighting is required in generator, transformer and switch rooms?	Mainly natural light, with staff bringing hand torches where this is needed	Suitable lighting so that monitoring and correct safe operation are possible	Suitable lighting, which may be switched off entirely when nobody is present	Illumination kept above 500 lux and measured at least once every month	b	第266條：雇主對於發電室、變電室或受電室等場所應有適當之照明設備，以便於監視及確保操作之正確安全。第30條並就工作場所出入口等處之採光照明有規定。	Article 266 requires suitable lighting for monitoring and safe operation.	draft	11		
Q3426	OSH	OSH-07	職業安全衛生設施規則	第267條	民國115年6月30日	設施規則-電氣管理	2	對於裝有特高壓用器具及電線之配電盤前面，本規則規定應設置何者？	供操作者用之排風扇	供操作者用之防護網	供操作者用之絕緣台	供操作者用之操作椅	What must be provided in front of extra high voltage switchboards?	An exhaust ventilation fan for the operator	A protective mesh screen for the operator	An insulating platform for the operator	An operating chair for the operator to use	c	第267條：雇主對裝有特高壓用器具及電線之配電盤前面，應設置供操作者用之絕緣台。第271條並規定配電盤後面裝有高壓器具或電線時應設適當通路。	Article 267 requires an insulating stand for the operator.	draft	11		
Q3427	OSH	OSH-07	職業安全衛生設施規則	第269條	民國115年6月30日	設施規則-電氣管理	3	對於六百伏特以上之電氣設備，對地電壓六○一至二五○○伏特於工作環境甲時，其前方最小工作空間為何？	一五○公分	一二○公分	一八○公分	九十公分	For 601 to 2,500 volts in condition A, what minimum working space applies?	150 centimetres	120 centimetres	180 centimetres	90 centimetres	d	第269條附表：六○一至二五○○伏特之最小工作空間，工作環境甲九十公分、乙一二○公分、丙一五○公分；二五○一至九○○○伏特則分別為一二○、一五○、一八○公分。	Article 269 table: 90 cm for condition A at 601 to 2,500 volts.	draft	11		
Q3428	OSH	OSH-07	職業安全衛生設施規則	第270條	民國115年6月30日	設施規則-電氣管理	3	本規則所稱之「工作環境乙」，其意義為何？	水平工作空間兩邊皆為露出帶電部分且無隔離之防護者	水平工作空間兩邊均以合適之木材或絕緣材料隔離帶電部分	水平工作空間一邊有露出帶電部分，另一邊無露出接地部分	水平工作空間一邊為露出帶電部分，另一邊為接地部分者	What does working condition B mean under the Rules?	Exposed live parts on both sides of the space with no separating protection	Exposed live parts on both sides separated by suitable wood or insulation	Exposed live parts on one side and no exposed earthed parts on the other	Exposed live parts on one side of the space and earthed parts on the other side	d	第270條：工作環境甲指水平工作空間一邊有露出帶電部分，另一邊無露出帶電部分或無露出接地部分，或兩邊為以木材或絕緣材料隔離之露出帶電部分；乙指一邊為露出帶電部分，另一邊為接地部分；丙指兩邊皆為露出帶電部分且無隔離之防護。	Article 270: condition B is live on one side and earthed on the other.	draft	11		
Q3429	OSH	OSH-07	職業安全衛生設施規則	第271條	民國115年6月30日	設施規則-電氣管理	1	對於配電盤後面如裝設有高壓器具或電線時，本規則規定應如何辦理？	應設隔音之屏障	應設防塵之外箱	應設自動滅火器	應設適當之通路	What is required behind a switchboard fitted with high voltage gear?	A sound insulating barrier is required	A dust proof outer casing is required	An automatic extinguisher is required	A suitable passageway must be provided	d	第271條：雇主對於配電盤後面如裝設有高壓器具或電線時，應設適當之通路，以利檢修及維護作業之安全。	Article 271 requires a suitable access passage.	draft	11		
Q3430	OSH	OSH-07	職業安全衛生設施規則	第273條	民國115年6月30日	設施規則-電氣管理	2	對於開關操作棒，本規則規定應保持何種狀態？	須保持清潔、乾燥及符合國家標準CNS 6654同等以上規定之高度絕緣	須每次使用前浸泡絕緣油，以維持其表面之高度絕緣性能者	須保持適度濕潤以避免產生靜電，並存放於陰暗處所保管	須保持清潔與乾燥，其絕緣程度得由事業單位自行認定並記錄之	What condition must switch operating rods be kept in?	Clean, dry and highly insulating to CNS 6654 or an equivalent standard	Soaked in insulating oil before each use to keep the surface insulating	Kept slightly moist to avoid static and stored in a dark cool place	Clean and dry, with the insulation level judged by the employer itself	a	第273條：雇主對於開關操作棒，須保持清潔、乾燥及符合國家標準 CNS 6654 同等以上規定之高度絕緣。第272條並規定絕緣用防護裝備、防護具、活線作業用工具應每六個月檢驗性能一次。	Article 273 requires cleanliness, dryness and CNS 6654 level insulation.	draft	11		
Q3431	OSH	OSH-07	職業安全衛生設施規則	第275條	民國115年6月30日	設施規則-電氣管理	2	對於電氣設備平時應注意之事項，下列何者符合本規則規定？	電動機械之操作開關，不得設置於工作人員須跨越操作之位置	與電路無關之物件得懸掛於電線上，惟重量不得超過三公斤	防止感電之圍柵如有損壞，得於年度歲修時再一併修補即可	發電室內得放置與電路無關之物件，惟應與電路保持一公尺	Which routine practice for electrical equipment complies with the rule?	Operating switches must not be placed where staff must straddle them to operate	Unrelated items may hang on wires provided they weigh under three kilograms	Damaged shock prevention fences may wait for the annual overhaul for repair	Unrelated items may sit in the generator room if kept one metre from circuits	a	第275條：發電室、變電室或受電室內之電路附近，不得堆放任何與電路無關之物件或放置床舖衣架等；與電路無關之任何物件不得懸掛或放置於電線或電氣器具；不得使用未知或不明規格之工業用電氣器具；電動機械之操作開關不得設置於工作人員須跨越操作之位置；防止感電之圍柵、屏障如有損壞應即修補。	Article 275 bars straddling switch positions and requires prompt fence repair.	draft	11		
Q3432	OSH	OSH-07	職業安全衛生設施規則	第278條	民國115年6月30日	設施規則-防護具	2	搬運、置放或使用有刺角物、腐蝕性物質、毒性物質時，本規則規定應如何辦理？	應由勞工自行採購適當之防護具，事業單位再按月補貼其費用	應僅於處理劇毒物質時置備防護具，一般腐蝕性物質得免予置備	應置備手套與安全鞋等防護具，是否使用得由勞工視情況自行決定	應置備手套、圍裙、裹腿、安全鞋、防護眼鏡、防毒口罩等，並使勞工確實使用	What applies to handling corrosive, toxic or sharp materials?	Workers buy their own protective gear and are reimbursed monthly by the firm	Provide protection only for highly toxic goods; corrosives need no equipment	Provide gloves and safety shoes, with their use left to the workers own judgement	Provide gloves, aprons, leggings, safety shoes, goggles and masks, and require use	d	第278條：雇主對於搬運、置放、使用有刺角物、凸出物、腐蝕性物質、毒性物質或劇毒物質時，應置備適當之手套、圍裙、裹腿、安全鞋、安全帽、防護眼鏡、防毒口罩、安全面罩等，並使勞工確實使用。	Article 278 requires provision and actual use of the listed equipment.	draft	11		
Q3433	OSH	OSH-07	職業安全衛生設施規則	第279條	民國115年6月30日	設施規則-防護具	2	勞工操作或接近運轉中之動力機械，頭髮或衣服有被捲入危險之虞時，應如何辦理？	應使勞工確實著用適當之衣帽	應由監視人員在旁全程戒護之	應將機械轉速降低至半數以下	應使勞工先行剪短頭髮後作業	What applies where hair or clothing may be caught by moving machinery?	Workers must actually wear suitable clothing and caps	A watcher must stand guard throughout the operation	The machine speed must be reduced to below one half	Workers must have their hair cut short before working	a	第279條：雇主對於勞工操作或接近運轉中之原動機、動力傳動裝置、動力滾捲裝置，或動力運轉之機械，勞工之頭髮或衣服有被捲入危險之虞時，應使勞工確實著用適當之衣帽。	Article 279 requires proper clothing and headwear to be worn.	draft	11		
Q3434	OSH	OSH-07	職業安全衛生設施規則	第280條	民國115年6月30日	設施規則-防護具	1	作業中有物體飛落或飛散致危害勞工之虞時，本規則規定應如何辦理？	應暫停該作業直至物體飛散之情形完全消除為止者	應於作業區外圍設置圍籬並張貼危險警告標示牌	應使勞工確實使用防護眼鏡並保持三公尺距離者	應使勞工確實使用安全帽及其他必要之防護設施	What applies where objects may fly or fall during work?	The work must stop until the risk of flying objects is entirely removed	A fence with danger warning signs must be erected around the work area	Workers must use eye protection and keep three metres away from the work	Workers must actually use helmets and other necessary protective facilities	d	第280條：雇主對於作業中有物體飛落或飛散，致危害勞工之虞時，應使勞工確實使用安全帽及其他必要之防護設施。第238條並規定應設置防止物體飛落之設備。	Article 280 requires helmets and other necessary protection.	draft	11		
Q3435	OSH	OSH-07	職業安全衛生設施規則	第280條之1	民國115年6月30日	設施規則-防護具	2	使勞工於有車輛出入或往來之工作場所作業，有遭受交通事故之虞者，應如何辦理？	僅需於作業場所兩端各設置一名交通引導人員，即得免置防護衣	除應明顯設置警戒標示外，並應置備反光背心等防護衣，使勞工確實使用	僅需將作業時間調整至夜間車流量較少之時段，即得免設標示	除應明顯設置警戒標示外，反光背心得由勞工視天候自行決定使用	What applies to work where vehicles enter or pass through?	Two traffic guides at each end of the site remove the need for any vests	Post clear warning signs and provide reflective vests that workers actually use	Moving the work to night hours with less traffic removes the sign duty	Post clear warning signs, with vest use left to the worker and the weather	b	第280條之1：雇主使勞工於有車輛出入或往來之工作場所作業時，有導致勞工遭受交通事故之虞者，除應明顯設置警戒標示外，並應置備反光背心等防護衣，使勞工確實使用。第21條之2就使用道路作業亦有類似規定。	Article 280-1 requires both warning signs and reflective clothing.	draft	11		
Q3436	OSH	OSH-07	職業安全衛生設施規則	第282條	民國115年6月30日	設施規則-防護具	2	從事地面下或隧道工程作業，有物體飛落、有害物中毒或缺氧危害之虞者，應如何辦理？	應由勞工自行判斷是否需要呼吸防護具，並向雇主提出申請領用	應使勞工確實使用安全帽，必要時置備空氣呼吸器、防毒面具、防塵面具等器材	應僅置備防塵面具，缺氧危害由通風換氣設備處理即可免置備者	應使勞工確實使用安全帽，呼吸防護器材則於發生事故時再行調度	What applies to underground or tunnel work with fall or gas hazards?	Workers judge whether they need respirators and apply to the employer for them	Workers must wear helmets, with air respirators and gas or dust masks as needed	Only dust masks are needed, as ventilation equipment handles oxygen deficiency	Workers must wear helmets, with respirators fetched only once an incident occurs	b	第282條：雇主對於從事地面下或隧道工程等作業，有物體飛落、有害物中毒、或缺氧危害之虞者，應使勞工確實使用安全帽，必要時應置備空氣呼吸器、氧氣呼吸器、防毒面具、防塵面具等防護器材。	Article 282 requires helmets plus respiratory equipment where necessary.	draft	11		
Q3437	OSH	OSH-07	職業安全衛生設施規則	第283條	民國115年6月30日	設施規則-防護具	1	為防止勞工暴露於強烈噪音之工作場所，本規則規定應如何辦理？	應限制勞工每日進入該場所之時間不得超過二小時	應置備耳塞、耳罩等防護具，是否戴用由勞工決定	應於場所外圍設置隔音牆並每年量測噪音值一次	應置備耳塞、耳罩等防護具，並使勞工確實戴用	What applies to workplaces with intense noise exposure?	Limit each worker to no more than two hours a day in that workplace	Provide ear plugs or ear muffs, with wearing left to the workers choice	Build a sound barrier around it and measure the noise once a year	Provide ear plugs or ear muffs and require workers to actually wear them	d	第283條：雇主為防止勞工暴露於強烈噪音之工作場所，應置備耳塞、耳罩等防護具，並使勞工確實戴用。	Article 283 requires provision and actual use of hearing protection.	draft	11		
Q3438	OSH	OSH-07	職業安全衛生設施規則	第284條	民國115年6月30日	設施規則-防護具	2	對於勞工以電焊、氣焊從事熔接、熔斷作業時，本規則規定為何？	應置備安全面罩、防護眼鏡及防護手套等並使確實戴用，電弧場所並應適當隔離	應置備安全面罩及防護眼鏡並使戴用，防護手套得由勞工自行斟酌	應僅於氣焊作業時置備防護具，電焊作業因無強光得免予置備者	應於作業前對勞工實施口頭安全告知，即得免置備任何之防護具	What applies to arc or gas welding and cutting work?	Provide face shields, goggles and gloves for actual use, and screen off arc areas	Provide face shields and goggles for use, with gloves left to the workers choice	Provide gear only for gas welding, since arc welding gives off no strong light	A verbal safety briefing before work removes the need to provide any gear	a	第284條：對於勞工以電焊、氣焊從事熔接、熔斷等作業時，應置備安全面罩、防護眼鏡及防護手套等，並使勞工確實戴用；對於電焊熔接產生電弧而有散發強烈非游離輻射線致危害之虞之場所，應予適當隔離，但採隔離措施顯有困難者，不在此限。	Article 284 requires the gear plus screening of arc radiation where practicable.	draft	11		
Q3439	OSH	OSH-07	職業安全衛生設施規則	第285條	民國115年6月30日	設施規則-防護具	2	對於熔礦爐、玻璃熔解爐或其他高溫操作場所，為防止爆炸或高熱物飛出，應如何辦理？	應僅設置適當之防護裝置即可，本規則未要求另行置備個人防護具	除應有適當防護裝置外，防護具之使用得由勞工依現場狀況自行決定	除應有適當防護裝置及置備適當之防護具外，並應使勞工確實使用防護具	應將爐體溫度控制在攝氏八百度以下，即得免設防護裝置及防護具	What applies to smelting furnaces and other high temperature workplaces?	Only protective devices are required, as no personal gear is called for at all	Suitable protective devices are needed, with gear use left to the worker on site	Suitable protective devices and protective gear must be provided and actually used	Holding the furnace below 800 degrees removes the need for devices and gear	c	第285條：雇主對於熔礦爐、熔鐵爐、玻璃熔解爐、或其他高溫操作場所，為防止爆炸或高熱物飛出，除應有適當防護裝置及置備適當之防護具外，並使勞工確實使用。第183條就處置大量高熱物之場所亦有規定。	Article 285 requires devices, gear and actual use of the gear.	draft	11		
Q3440	OSH	OSH-07	職業安全衛生設施規則	第286條	民國115年6月30日	設施規則-防護具	1	本規則就職業災害搶救器材之設置，規定應依何者定之？	應依主管機關每年公告之清單，逐項採購並列冊管理之	應依事業單位之勞工人數，每五十人設置一套搶救器材	應依當地消防機關核定之數量設置，並每半年演練一次	應依工作場所之危害性，設置必要之職業災害搶救器材	How is the provision of accident rescue equipment determined?	By an annual list published by the authority, purchased and inventoried	By the number of workers, one set of rescue equipment for every fifty staff	By a quantity approved by the local fire agency, with drills twice a year	By the hazards of the workplace, providing the rescue equipment that is needed	d	第286條：雇主應依工作場所之危害性，設置必要之職業災害搶救器材。第286條之1至第286條之3並就水下作業、天然災害期間外勤作業及外送作業另有防護設施規定。	Article 286 ties the equipment to the hazards of the workplace.	draft	11		
Q3441	OSH	OSH-07	職業安全衛生設施規則	第286條之1	民國115年6月30日	設施規則-防護具	2	對於勞工從事水下作業，本規則規定應配置何種設備？	應視作業危害性，配置必要之呼吸用具、潛水、緊急救生及連絡通訊等設備	應視作業危害性，配置呼吸用具即可，通訊設備得以手勢聯絡替代	應一律配置水面供氣式潛水設備，不得使用自攜式水肺潛水裝備	應由潛水人員自備全部裝備，事業單位僅負責岸上之支援作業	What equipment must be provided for underwater work?	Breathing, diving, emergency life saving and communication equipment as risk requires	Breathing gear as risk requires, with hand signals replacing communication devices	Surface supplied diving equipment only, as scuba sets may never be used at all	Divers supply all their own gear while the employer only supports from shore	a	第286條之1：雇主對於勞工從事水下作業，應視作業危害性，使勞工配置必要之呼吸用具、潛水、緊急救生及連絡通訊等設備。第234條並就水上作業之救生衣、監視人員等有規定。	Article 286-1 lists breathing, diving, rescue and communication equipment.	draft	11		
Q3442	OSH	OSH-07	職業安全衛生設施規則	第286條之2	民國115年6月30日	設施規則-防護具	2	經地方政府因天然災害宣布停止上班期間使勞工從事外勤作業，有危害之虞者應如何辦理？	應由勞工簽署自願外勤同意書後，即得免置備任何之安全防護設施	應視作業危害性，置備適當救生衣、安全帽、連絡通訊設備及交通工具等防護設施	應一律禁止勞工於該期間從事任何外勤作業，並不得有例外情形	應視作業危害性置備安全帽即可，連絡通訊由勞工以個人手機自理	What applies to outdoor work during an officially declared typhoon day off?	A signed voluntary consent form removes the need to provide any protection	Provide life jackets, helmets, communication devices and transport as risk requires	All outdoor work is forbidden during such periods, with no exception at all	Provide helmets as risk requires, with workers using their own phones to keep in touch	b	第286條之2：雇主使勞工於經地方政府因天然災害宣布停止上班期間從事外勤作業，有危害勞工之虞者，應視作業危害性，置備適當救生衣、安全帽、連絡通訊設備與其他必要之安全防護設施及交通工具。	Article 286-2 requires protective facilities and transport suited to the risk.	draft	11		
Q3443	OSH	OSH-07	職業安全衛生設施規則	第287條	民國115年6月30日	設施規則-防護具	2	勞工有暴露於高溫、低溫、非游離輻射線、生物病原體或有害氣體之虞者，應如何辦理？	應置備安全面罩、防塵口罩、防毒面具、防護眼鏡、防護衣等，並使確實使用	應每年實施健康檢查一次，即得免置備任何之安全衛生防護具	應以工程控制方式完全消除暴露，本規則未要求置備個人防護具	應置備防塵口罩即可，其餘防護具由勞工視暴露情形自行申請領用	What applies where workers may be exposed to heat, radiation or harmful gases?	Provide face shields, dust masks, gas masks, goggles and clothing, and require use	An annual health examination removes the need to provide any protective gear	Engineering controls must remove exposure, so no personal gear is required	Provide dust masks only, with other gear requested by workers as they see fit	a	第287條：雇主對於勞工有暴露於高溫、低溫、非游離輻射線、生物病原體、有害氣體、蒸氣、粉塵或其他有害物之虞者，應置備安全衛生防護具，如安全面罩、防塵口罩、防毒面具、防護眼鏡、防護衣等適當之防護具，並使勞工確實使用。	Article 287 requires suitable protective equipment and its actual use.	draft	11		
Q3444	OSH	OSH-41	高壓氣體勞工安全規則	第1條	民國111年9月14日	高壓氣體-法源	1	高壓氣體勞工安全規則係依職業安全衛生法之哪些條項規定訂定？	職業安全衛生法第六條第二項及第二十二條第四項	職業安全衛生法第七條第三項及第二十三條第三項	職業安全衛生法第六條第三項及第二十三條第四項	職業安全衛生法第五條第二項及第二十條第三項	The High-Pressure Gas Labor Safety Rules are enacted under which provisions of the Occupational Safety and Health Act?	Article 6, paragraph 2 and Article 22, paragraph 4 of the OSH Act	Article 7, paragraph 3 and Article 23, paragraph 3 of the OSH Act	Article 6, paragraph 3 and Article 23, paragraph 4 of the OSH Act	Article 5, paragraph 2 and Article 20, paragraph 3 of the OSH Act	c	第1條：本規則依職業安全衛生法第六條第三項及第二十三條第四項規定訂定之。職安法第六條第三項授權訂定安全衛生設施之標準，第二十三條第四項則為安全衛生管理事項之授權。第245條並定本規則自發布後六個月施行。	Article 1 states the statutory authority for these Rules.	draft	11		
Q3445	OSH	OSH-41	高壓氣體勞工安全規則	第3條	民國111年9月14日	高壓氣體-定義	2	本規則所稱特定高壓氣體，包括下列哪一組氣體？	壓縮氫氣、壓縮天然氣、液氧、液氨、液氯及液化石油氣	壓縮氧氣、壓縮乙炔、液氫、液氮、液氨及液化天然氣	壓縮空氣、壓縮氮氣、液氯、液氬、液氦及液化石油氣	壓縮甲烷、壓縮氦氣、液氧、液氖、液氯及液化丙烷	Which group of gases counts as specified high-pressure gases under these Rules?	Compressed hydrogen, compressed natural gas, liquid oxygen, ammonia, chlorine and LPG	Compressed oxygen, compressed acetylene, liquid hydrogen, nitrogen, ammonia and LNG	Compressed air, compressed nitrogen, liquid chlorine, argon, helium and LPG	Compressed methane, compressed helium, liquid oxygen, neon, chlorine and propane	a	第3條：特定高壓氣體係指高壓氣體中之壓縮氫氣、壓縮天然氣、液氧、液氨及液氯、液化石油氣。第28條據此定特定高壓氣體消費事業單位之儲存能力門檻；第236條並要求該等事業單位選任高壓氣體消費作業主管。	Article 3 lists the six specified high-pressure gases.	draft	11		
Q3446	OSH	OSH-41	高壓氣體勞工安全規則	第5條	民國111年9月14日	高壓氣體-定義	1	本規則所稱原料氣體，係指下列何者？	規則所定之毒性氣體及氮氣二者	規則所定之可燃性氣體及氧氣二者	規則所定之特定高壓氣體及空氣	規則所定之壓縮氣體及惰性氣體	What does raw-material gas mean under these Rules?	The toxic gases defined in the Rules together with nitrogen	The flammable gases defined in the Rules together with oxygen	The specified high-pressure gases together with ordinary air	The compressed gases defined in the Rules with inert gases	b	第5條：原料氣體係指第4條規定之可燃性氣體及氧氣。第4條列舉丙烯腈、乙炔、氨、一氧化碳、氫、丁烷、丙烷、硫化氫等及其他爆炸下限在百分之十以下或爆炸上下限差在百分之二十以上之氣體為可燃性氣體。	Article 5, read with Article 4.	draft	11		
Q3447	OSH	OSH-41	高壓氣體勞工安全規則	第6條	民國111年9月14日	高壓氣體-定義	2	毒性氣體之容許濃度依何規定認定？除列舉氣體外之一般門檻為多少？	依特定化學物質危害預防標準之管制濃度；百萬分之五百以下者	依勞工作業環境監測實施辦法之行動基準；百萬分之五十以下者	依勞工作業場所容許暴露標準所定容許濃度；百萬分之二百以下者	依危害性化學品評估及分級管理辦法所定值；百萬分之一百以下者	How is the permissible concentration for toxic gas determined, and what is the general threshold?	By the control concentration in the Specified Chemical Substances Standards; 500 ppm	By the action level in the Workplace Environment Monitoring Regulations; 50 ppm	By the Standards of Permissible Exposure Limits at Workplaces; 200 ppm or less	By the Regulations on Assessment and Grading of Hazardous Chemicals; 100 ppm or less	c	第6條：毒性氣體指丙烯腈、二氧化硫、氨、一氧化碳、氯、光氣、硫化氫等及其他容許濃度在百萬分之二百以下之氣體；該容許濃度指勞工作業場所容許暴露標準規定之容許濃度。第61條並要求毒性氣體製造設備設置防毒措施。	Article 6 defines toxic gas and its permissible concentration reference.	draft	11		
Q3448	OSH	OSH-41	高壓氣體勞工安全規則	第7條	民國111年9月14日	高壓氣體-容器	1	本規則所稱容器，其定義為何？	將高壓氣體變換為非高壓氣體之設備	固定於地盤上之高壓氣體儲存設備	純供灌裝高壓氣體之移動式壓力容器	以壓縮液化方法處理氣體之製造設備	What is a container under these Rules?	A facility that converts high-pressure gas into non-high-pressure gas	A high-pressure gas storage facility fixed to the ground base	A movable pressure vessel used solely for filling high-pressure gas	A manufacturing facility processing gas by compression or liquefaction	c	第7條：容器係指純供灌裝高壓氣體之移動式壓力容器。第12條之儲槽則為固定於地盤之高壓氣體儲存設備；第16條之處理設備為以壓縮、液化及其他方法處理氣體之高壓氣體製造設備；第17條之減壓設備為將高壓氣體變換為非高壓氣體之設備。	Article 7; compare Articles 12, 16 and 17.	draft	11		
Q3449	OSH	OSH-41	高壓氣體勞工安全規則	第9條	民國111年9月14日	高壓氣體-容器	2	灌裝有高壓氣體之容器，其氣體質量未滿灌裝時質量之多少比例者，稱為殘氣容器？	未滿灌裝時質量之二分之一者為殘氣容器	未滿灌裝時質量之四分之三者為殘氣容器	未滿灌裝時質量之十分之一者為殘氣容器	未滿灌裝時質量之三分之一者為殘氣容器	A cylinder is a residual-gas cylinder when its gas mass is less than what fraction of the mass at filling?	Less than one half of the mass at the time of filling	Less than three quarters of the mass at the time of filling	Less than one tenth of the mass at the time of filling	Less than one third of the mass at the time of filling	a	第9條：殘氣容器係指灌裝有高壓氣體之容器，而該氣體之質量未滿灌裝時質量之二分之一者；第8條之灌氣容器則為該質量在二分之一以上者。第79條第六款要求灌氣容器與殘氣容器應分別放置於容器放置場。	Article 9; Article 8 defines filled cylinders.	draft	11		
Q3450	OSH	OSH-41	高壓氣體勞工安全規則	第10條	民國111年9月14日	高壓氣體-容器	2	超低溫容器係指可灌裝多少溫度以下之液化氣體，並以何方式使容器內氣體溫度不致上升超過常用溫度？	攝氏零下二十度以下；使用冷凍設備冷卻	攝氏零下十度以下；使用噴霧撒水式降溫	攝氏零下一百度以下；使用真空夾層隔離	攝氏零下五十度以下；使用絕熱材料被覆	An ultra-low-temperature container may be filled with liquefied gas at or below what temperature, and is kept cool how?	Minus 20 degrees Celsius; by cooling with refrigeration equipment	Minus 10 degrees Celsius; by cooling with a water spray device	Minus 100 degrees Celsius; by isolating with a vacuum jacket layer	Minus 50 degrees Celsius; by covering with heat-insulating material	d	第10條：超低溫容器指可灌裝攝氏零下五十度以下之液化氣體，並使用絕熱材料被覆，使容器內氣體溫度不致上升至超過常用溫度之容器。第11條之低溫容器則為使用絕熱材料被覆或利用冷凍設備冷卻之超低溫容器以外容器。	Article 10; Article 11 defines low-temperature containers.	draft	11		
Q3451	OSH	OSH-41	高壓氣體勞工安全規則	第11條	民國111年9月14日	高壓氣體-容器	2	低溫容器與超低溫容器之區別為何？	低溫容器指內容積五公升以下之小型容器，超低溫容器則指內容積五公升以上者	低溫容器係固定於地盤之儲存設備，超低溫容器則為可於地盤上移動之製造設備	低溫容器僅限以冷凍設備冷卻，且專供灌裝攝氏零下五十度以下之液化氣體使用者	低溫容器得以絕熱材料被覆或以冷凍設備冷卻，為超低溫容器以外供灌裝液化氣體者	How does a low-temperature container differ from an ultra-low-temperature one?	It means small containers of 5 litres or less, while ultra-low ones hold more than 5 litres	It is a storage facility fixed to the ground, while ultra-low ones are movable manufacturing facilities	It may only be refrigerated and is used solely for liquefied gas at minus 50 degrees Celsius or below	It may be insulated or refrigerated and covers liquefied-gas containers other than ultra-low ones	d	第11條：低溫容器係指使用絕熱材料被覆或利用冷凍設備冷卻，使容器內氣體溫度不致上升至超過常用溫度，供作灌裝液化氣體之第10條超低溫容器以外之容器。第79條第九款規定灌氣容器等應保持溫度攝氏四十度以下，超低溫或低溫容器則以其內氣體常用溫度中之最高溫度為準。	Article 11, read with Article 10.	draft	11		
Q3452	OSH	OSH-41	高壓氣體勞工安全規則	第12條	民國111年9月14日	高壓氣體-定義	1	本規則所稱儲槽，係指下列何者？	氣體設備中有高壓氣體流通者	純供灌裝高壓氣體之壓力容器	可於地盤上移動之製造設備	固定於地盤之高壓氣體儲存設備	What is a storage tank under these Rules?	The part of gas equipment where high-pressure gas flows	A pressure vessel used solely to fill high-pressure gas	Manufacturing equipment that can be moved on the ground	High-pressure gas storage equipment fixed to the ground base	d	第12條：儲槽係指固定於地盤之高壓氣體儲存設備。第21條之移動式製造設備為可於地盤上移動之製造設備；第7條之容器為純供灌裝高壓氣體之移動式壓力容器；第15條之高壓氣體設備為氣體設備中有高壓氣體流通之部分。	Article 12; compare Articles 7, 15 and 21.	draft	11		
Q3453	OSH	OSH-41	高壓氣體勞工安全規則	第13條	民國111年9月14日	高壓氣體-定義	3	可燃性氣體低溫儲槽，係將大氣壓時沸點為何溫度以下之可燃性氣體，於何條件下儲存之儲槽？	沸點攝氏零下十度以下；於攝氏零下十度以下或常用壓力每平方公分十公斤以下儲存	沸點攝氏零度以下；於攝氏零度以下或氣相常用壓力每平方公分一公斤以下之液態儲存	沸點攝氏十度以下；於攝氏十度以下或氣相常用壓力每平方公分五公斤以下之液態儲存	沸點攝氏零下五十度以下；於攝氏零下五十度以下或常用壓力每平方公分二公斤以下儲存	A low-temperature flammable-gas storage tank stores gas with what boiling point, under what conditions?	Boiling point at or below minus 10 C; stored below minus 10 C or at pressure under 10 kg/cm2	Boiling point at or below 0 C; stored below 0 C or liquid with vapour pressure at or under 1 kg/cm2	Boiling point at or below 10 C; stored below 10 C or liquid with vapour pressure under 5 kg/cm2	Boiling point at or below minus 50 C; stored below minus 50 C or at pressure under 2 kg/cm2	b	第13條：可燃性氣體低溫儲槽指將大氣壓時沸點為攝氏零度以下之可燃性氣體，於攝氏零度以下或以該氣體氣相部分之常用壓力於每平方公分一公斤以下之液態下儲存，並使用絕熱材料被覆或利用冷凍設備冷卻之儲槽。第50條及第162條要求其應防止內壓低於外壓致破裂。	Article 13 defines the low-temperature flammable-gas tank.	draft	11		
Q3454	OSH	OSH-41	高壓氣體勞工安全規則	第14條	民國111年9月14日	高壓氣體-定義	2	本規則所稱氣體設備，其範圍為何？	固定於地盤供儲存高壓氣體之設備，及與其連接之全部配管、閥類與泵浦	製造設備中擬製造之高壓氣體及原料氣體流通之部分，不含與製造有關之導管	製造設備中有高壓氣體流通之部分，並包括與該製造有關所使用之全部導管	以壓縮、液化及其他方法處理氣體之高壓氣體製造設備，並包括減壓設備	What is the scope of gas equipment under these Rules?	Storage equipment fixed to the ground plus all pipes, valves and pumps connected to it	The part of manufacturing equipment where the gas and raw gas flow, excluding related piping mains	The part of manufacturing equipment where high-pressure gas flows, including all related piping mains	Manufacturing equipment processing gas by compression or liquefaction, including pressure-reducing units	b	第14條：氣體設備係指製造設備（不含與製造有關所用之導管）中擬製造之高壓氣體之氣體（包括原料氣體）流通之部分。第15條之高壓氣體設備則為氣體設備中有高壓氣體流通之部分；導管之設置另依第80條規定辦理。	Article 14; compare Articles 15 and 80.	draft	11		
Q3455	OSH	OSH-41	高壓氣體勞工安全規則	第15條	民國111年9月14日	高壓氣體-定義	1	本規則所稱高壓氣體設備，係指下列何者？	氣體設備中有高壓氣體流通之部分	製造設備中原料氣體流通之部分	減壓設備中非高壓氣體流通部分	儲存設備中液化氣體積存之部分	What is high-pressure gas equipment?	The part of gas equipment where high-pressure gas flows	The part of manufacturing equipment where raw gas flows	The part of pressure-reducing equipment with low-pressure gas	The part of storage equipment where liquefied gas collects	a	第15條：高壓氣體設備係指氣體設備中有高壓氣體流通之部分。第41條要求高壓氣體設備應以常用壓力一點五倍以上壓力實施耐壓試驗並以常用壓力以上壓力實施氣密試驗；第43條要求其厚度應能承受常用壓力二倍以上加壓而不降伏變形。	Article 15; see also Articles 41 and 43.	draft	11		
Q3456	OSH	OSH-41	高壓氣體勞工安全規則	第16條	民國111年9月14日	高壓氣體-定義	1	本規則所稱處理設備，係指下列何者？	以加熱、冷卻及其他方法保存氣體之高壓氣體儲存設備	以吸收、除毒及其他方法處置氣體之高壓氣體消費設備	以輸送、灌裝及其他方法供應氣體之高壓氣體供應設備	以壓縮、液化及其他方法處理氣體之高壓氣體製造設備	What is processing equipment under these Rules?	High-pressure gas storage equipment preserving gas by heating or cooling methods	High-pressure gas consumption equipment treating gas by absorption or detoxification	High-pressure gas supply equipment delivering gas by transport or filling methods	High-pressure gas manufacturing equipment processing gas by compression or liquefaction	d	第16條：處理設備指以壓縮、液化及其他方法處理氣體之高壓氣體製造設備。第19條之處理能力即指處理設備或減壓設備一日可處理之氣體容積；第27條並以一日處理氣體容積三十立方公尺作為甲類製造事業單位之門檻之一。	Article 16; see Articles 19 and 27.	draft	11		
Q3457	OSH	OSH-41	高壓氣體勞工安全規則	第17條	民國111年9月14日	高壓氣體-定義	1	本規則所稱減壓設備，係指下列何者？	將高壓氣體變換為非高壓氣體之設備	將非高壓氣體加壓為高壓氣體之設備	將液化氣體氣化為壓縮氣體之設備	將高壓氣體冷卻為液化氣體之設備	What is pressure-reducing equipment under these Rules?	Equipment converting high-pressure gas into non-high-pressure gas	Equipment pressurising non-high-pressure gas into high-pressure gas	Equipment vaporising liquefied gas into compressed gas for use	Equipment cooling high-pressure gas into liquefied gas for storage	a	第17條：減壓設備係指將高壓氣體變換為非高壓氣體之設備。第19條規定處理能力包括減壓設備一日可處理之氣體容積；第160條規定儲存相關設備（不含壓縮氣體之減壓設備）應設置適當之壓力表及安全裝置；第161條規定液氨或液氯之減壓設備與反應燃燒設備間之配管應設逆流防止裝置。	Article 17; see Articles 19, 160 and 161.	draft	11		
Q3458	OSH	OSH-41	高壓氣體勞工安全規則	第18條	民國111年9月14日	高壓氣體-儲存能力	3	壓縮氣體儲存設備與液化氣體儲存設備之儲存能力計算式各為何？	壓縮氣體 Ｑ＝（Ｐ＋１）Ｖ１；液化氣體儲存設備 Ｗ＝０．９ｗＶ２	壓縮氣體 Ｑ＝Ｐ×Ｖ１＋１；液化氣體儲存設備 Ｗ＝１．１ｗＶ２	壓縮氣體 Ｑ＝（Ｐ－１）Ｖ１；液化氣體儲存設備 Ｗ＝０．８ｗＶ２	壓縮氣體 Ｑ＝（Ｐ＋２）Ｖ１；液化氣體儲存設備 Ｗ＝０．９Ｖ２／ｗ	What are the storage-capacity formulas for compressed-gas and liquefied-gas storage equipment?	Compressed gas Q = (P+1)V1; liquefied gas storage W = 0.9 w V2	Compressed gas Q = P x V1 + 1; liquefied gas storage W = 1.1 w V2	Compressed gas Q = (P-1)V1; liquefied gas storage W = 0.8 w V2	Compressed gas Q = (P+2)V1; liquefied gas storage W = 0.9 V2 / w	a	第18條：儲存能力之計算式為壓縮氣體儲存設備Ｑ＝（Ｐ＋１）Ｖ１、液化氣體儲存設備Ｗ＝０．９ｗＶ２、液化氣體容器Ｗ＝Ｖ２／Ｃ。Ｑ以立方公尺計，Ｗ以公斤計，ｗ為常用溫度時液化氣體之比重。第35條、第45條、第46條等距離與耐震規定即以儲存能力為門檻。	Article 18 sets out the three storage-capacity formulas.	draft	11		
Q3459	OSH	OSH-41	高壓氣體勞工安全規則	第18條	民國111年9月14日	高壓氣體-儲存能力	3	儲存能力算式中Ｐ值指儲存設備在何溫度時之最高灌裝壓力？液化氣體容器之儲存能力如何計算？	攝氏二十度（乙炔氣為攝氏零度）時之常用壓力平均值；Ｗ＝０．９Ｖ２Ｃ	攝氏四十度（乙炔氣為攝氏二十五度）時之耐壓試驗壓力；Ｗ＝Ｖ２×Ｃ	攝氏十五度（乙炔氣為攝氏三十五度）時之最高灌裝壓力；Ｗ＝Ｃ／Ｖ２	攝氏三十五度（乙炔氣為攝氏十五度）時之最高灌裝壓力；Ｗ＝Ｖ２／Ｃ	In the storage-capacity formulas, P is the maximum filling pressure at what temperature, and how is a liquefied-gas container computed?	At 20 C (0 C for acetylene) average working pressure; W = 0.9 V2 C	At 40 C (25 C for acetylene) hydrostatic test pressure; W = V2 x C	At 15 C (35 C for acetylene) maximum filling pressure; W = C / V2	At 35 C (15 C for acetylene) maximum filling pressure; W = V2 / C	d	第18條：Ｐ為儲存設備溫度在攝氏三十五度（乙炔氣為攝氏十五度）時之最高灌裝壓力值；Ｖ１為內容積（立方公尺）、Ｖ２為內容積（公升）；液化氣體容器之儲存能力Ｗ＝Ｖ２／Ｃ，Ｃ為中央主管機關指定之值。第2條對乙炔氣之高壓氣體判定亦以攝氏十五度為準。	Article 18 defines P, V1, V2 and C.	draft	11		
Q3460	OSH	OSH-41	高壓氣體勞工安全規則	第19條	民國111年9月14日	高壓氣體-處理能力	2	本規則所稱處理能力，係指處理設備或減壓設備多久可處理之氣體容積？換算條件為何？	一日可處理之氣體容積；換算於溫度攝氏零度、壓力每平方公分零公斤之狀態	一個月可處理之氣體容積；換算於溫度攝氏二十度、壓力每平方公分二公斤	一小時可處理之氣體容積；換算於溫度攝氏十五度、壓力每平方公分一公斤	一日可處理之氣體質量；換算於溫度攝氏三十五度、壓力每平方公分十公斤	Processing capacity means the volume of gas processable over what period, converted to what conditions?	Volume processable per day, converted to 0 degrees Celsius and 0 kg/cm2 gauge	Volume processable per month, converted to 20 degrees Celsius and 2 kg/cm2 gauge	Volume processable per hour, converted to 15 degrees Celsius and 1 kg/cm2 gauge	Mass processable per day, converted to 35 degrees Celsius and 10 kg/cm2 gauge	a	第19條：處理能力指處理設備或減壓設備以壓縮、液化或其他方法一日可處理之氣體容積，換算於溫度攝氏零度、壓力每平方公分零公斤狀態時之容積值。第27條之甲類製造事業單位門檻（一日三十立方公尺以上）即以此換算基準計算。	Article 19; the same basis applies to the Article 27 thresholds.	draft	11		
Q3461	OSH	OSH-41	高壓氣體勞工安全規則	第20條	民國111年9月14日	高壓氣體-冷凍能力	3	使用離心式壓縮機及吸收式冷凍設備者，其一日冷凍能力一公噸各相當於多少？	離心式壓縮機原動機額定輸出一．二瓩；吸收式每小時加熱於發生器入熱量六千六百四十仟卡	離心式壓縮機原動機額定輸出零．六瓩；吸收式每小時加熱於發生器入熱量八千八百六十仟卡	離心式壓縮機原動機額定輸出二．四瓩；吸收式每小時加熱於發生器入熱量一萬三千二百仟卡	離心式壓縮機原動機額定輸出三．五瓩；吸收式每小時加熱於發生器入熱量三千三百二十仟卡	For centrifugal compressors and absorption refrigeration units, one tonne of daily refrigeration capacity equals what?	Rated prime-mover output of 1.2 kW; hourly generator heat input of 6,640 kcal	Rated prime-mover output of 0.6 kW; hourly generator heat input of 8,860 kcal	Rated prime-mover output of 2.4 kW; hourly generator heat input of 13,200 kcal	Rated prime-mover output of 3.5 kW; hourly generator heat input of 3,320 kcal	a	第20條：使用離心式壓縮機之製造設備，以該壓縮機之原動機額定輸出一．二瓩為一日冷凍能力一公噸；使用吸收式冷凍設備，以一小時加熱於發生器之入熱量六千六百四十仟卡為一日冷凍能力一公噸。第26條並以一日冷凍能力三公噸以上界定冷凍機器。	Article 20, subparagraphs 1 and 2.	draft	11		
Q3462	OSH	OSH-41	高壓氣體勞工安全規則	第20條	民國111年9月14日	高壓氣體-冷凍能力	3	冷凍能力算式Ｒ＝Ｖ／Ｃ中，以多段壓縮方式或多元冷凍方式之製造設備，其Ｖ值如何計算？	ＶＨ×０．８＋ＶＬ，ＶＨ為最終段或最終元氣筒一分鐘活塞壓縮量	ＶＬ＋０．０８×ＶＨ，ＶＬ為最終段或最終元氣筒一小時活塞壓縮量	ＶＨ＋０．０８×ＶＬ，ＶＨ為最終段或最終元氣筒一小時活塞壓縮量	ＶＨ＋０．８×ＶＬ，ＶＬ為最終段或最終元氣筒一小時活塞容積量	In R = V / C, how is V computed for multi-stage or multi-element refrigeration manufacturing equipment?	VH x 0.8 + VL, where VH is the final-stage cylinder per-minute piston displacement	VL + 0.08 x VH, where VL is the final-stage cylinder hourly piston displacement	VH + 0.08 x VL, where VH is the final-stage cylinder hourly piston displacement	VH + 0.8 x VL, where VL is the final-stage cylinder hourly cylinder volume value	c	第20條第三款：Ｒ＝Ｖ／Ｃ，多段壓縮或多元冷凍方式之製造設備Ｖ＝ＶＨ＋０．０８×ＶＬ；回轉活塞型壓縮機則為６０×０．７８５×ｔ×ｎ（Ｄ²－ｄ²）。ＶＨ為最終段或最終元氣筒一小時活塞壓縮量，ＶＬ為其前一氣筒者，Ｃ為依冷媒氣體之指定值。	Article 20, subparagraph 3.	draft	11		
Q3463	OSH	OSH-41	高壓氣體勞工安全規則	第21條	民國111年9月14日	高壓氣體-定義	2	本規則所稱移動式製造設備，係指下列何者？	直接將液化石油氣灌裝於車輛容器之固定式製造設備及其配管	固定在車輛上專供運輸高壓氣體之容器，含集合容器及其配管	可於地盤上移動之製造設備，含與該製造有關之儲存或導管之輸送	固定於地盤上不能移動之製造設備，含與該製造有關之儲存設備	What is mobile manufacturing equipment under these Rules?	Fixed manufacturing equipment filling LPG directly into vehicle containers and its piping	Containers fixed on vehicles solely for transporting high-pressure gas and their piping	Manufacturing equipment movable on the ground, including related storage or pipeline transport	Manufacturing equipment fixed to the ground and immovable, including related storage facilities	c	第21條：移動式製造設備指可於地盤上移動之製造（含與該製造有關之儲存或導管之輸送）設備；第22條之固定式製造設備則為移動式以外者。第88條至第92條為甲類製造事業單位移動式製造設備之安全規定。	Article 21; Article 22 defines fixed manufacturing equipment.	draft	11		
Q3464	OSH	OSH-41	高壓氣體勞工安全規則	第22條	民國111年9月14日	高壓氣體-定義	1	本規則所稱固定式製造設備，係指下列何者？	加氣站以外之全部之供應設備	冷凍設備以外之全部處理設備	移動式製造設備中之儲存設備	移動式製造設備以外之製造設備	What is fixed manufacturing equipment under these Rules?	All supply equipment other than that of a gas filling station	All processing equipment other than refrigeration equipment	Storage equipment forming part of mobile manufacturing equipment	Manufacturing equipment other than mobile manufacturing equipment	d	第22條：固定式製造設備係指第21條規定之移動式製造設備以外之製造設備。第31條至第83條規範甲類製造事業單位之固定式製造設備；第95條則規定乙類製造事業單位固定式製造設備之準用條文。	Article 22, read with Article 21.	draft	11		
Q3465	OSH	OSH-41	高壓氣體勞工安全規則	第23條	民國111年9月14日	高壓氣體-液化石油氣	2	液化石油氣製造設備中，第一種與第二種製造設備如何區分？	第一種為加氣站以外未設儲槽或導管之固定式製造設備；第二種為已設者	第一種為設有儲槽之移動式製造設備；第二種為未設儲槽之移動式設備	第一種為加氣站以外設有儲槽或導管之固定式製造設備；第二種為未設者	第一種為加氣站之固定式製造設備；第二種為加氣站之移動式製造設備	How are Class 1 and Class 2 LPG manufacturing facilities distinguished?	Class 1 is fixed equipment without a tank or pipeline other than a filling station; Class 2 has them	Class 1 is mobile equipment provided with a storage tank; Class 2 is mobile equipment without one	Class 1 is fixed equipment with a tank or pipeline other than a filling station; Class 2 lacks them	Class 1 is a filling station using fixed equipment; Class 2 is a filling station using mobile units	c	第23條：第一種製造設備指加氣站以外設有儲槽或導管之固定式製造設備；第二種製造設備指加氣站以外未設有儲槽或導管之固定式製造設備。第25條之加氣站則為直接將液化石油氣灌裝於車輛容器之固定式製造設備。	Article 23; Article 25 defines the filling station.	draft	11		
Q3466	OSH	OSH-41	高壓氣體勞工安全規則	第24條	民國111年9月14日	高壓氣體-液化石油氣	2	本規則所稱第一種供應設備，係指下列何者？	以移動式製造設備於地盤上輸送液化石油氣之儲存及導管設備	在消費事業場所以儲槽或導管消費液化石油氣之各該相關設備	將液化石油氣灌裝於車輛容器之加氣站固定式製造設備及配管	在供應事業場所以灌氣容器或殘氣容器供應液化石油氣之各該設備	What is Class 1 supply equipment under these Rules?	Storage and pipeline equipment transporting LPG on the ground by mobile units	Equipment consuming LPG at consumer premises using storage tanks or pipelines	Fixed filling-station equipment and piping filling LPG into vehicle containers	Equipment supplying LPG at supply premises using filled or residual-gas cylinders	d	第24條：第一種供應設備指在供應事業場所以灌氣容器或殘氣容器（含儲存設備及導管之輸送）供應液化石油氣之各該設備；第二種供應設備則為前款以外從事供應液化石油氣時之各該設備。第105條規定第一種供應事業單位應置備記載消費事業單位安全狀況之紀錄簿冊。	Article 24; Article 105 imposes record-keeping on Class 1 suppliers.	draft	11		
Q3467	OSH	OSH-41	高壓氣體勞工安全規則	第25條	民國111年9月14日	高壓氣體-液化石油氣	2	本規則所稱加氣站，係指下列何者？	直接將液化石油氣灌裝於可搬式鋼瓶供家庭使用之第二種固定式供應設備	直接將液化石油氣灌裝於固定在以該氣體為燃料車輛容器之固定式製造設備	於地盤上移動並將液化石油氣輸送至消費事業單位之移動式高壓氣體設備	於供應事業場所以灌氣容器或殘氣容器供應液化石油氣之第一種供應設備	What is a gas filling station under these Rules?	Fixed Class 2 supply equipment filling LPG directly into portable cylinders for household use	Fixed manufacturing equipment filling LPG directly into containers fixed on vehicles fuelled by it	Mobile high-pressure gas equipment moving on the ground to deliver LPG to consumer units	Class 1 supply equipment supplying LPG at supply premises using filled or residual cylinders	b	第25條：加氣站係指直接將液化石油氣灌裝於固定在使用該氣體為燃料之車輛之容器之固定式製造設備。第85條規定承受灌裝之車輛應距離地面上儲槽外面三公尺以上，設防護柵者除外；第86條規定灌裝應防漏洩爆炸並添加臭劑。	Article 25; see Articles 85 and 86.	draft	11		
Q3468	OSH	OSH-41	高壓氣體勞工安全規則	第26條	民國111年9月14日	高壓氣體-冷凍	2	本規則所稱冷凍機器，係指下列何者？	專供冷藏設備使用之機械，且一日之冷凍能力在一公噸以上者	專供空調設備使用之機械，且一小時之冷凍能力在三公噸以上者	專供冷凍設備使用之機械，且一日之冷凍能力在二十公噸以上者	專供冷凍設備使用之機械，且一日之冷凍能力在三公噸以上者	What is refrigeration machinery under these Rules?	Machinery used solely for cold storage with daily capacity of 1 tonne or more	Machinery used solely for air conditioning with hourly capacity of 3 tonnes	Machinery used solely for refrigeration with daily capacity of 20 tonnes or more	Machinery used solely for refrigeration with daily capacity of 3 tonnes or more	d	第26條：冷凍機器係指專供冷凍設備使用之機械，且一日之冷凍能力在三公噸以上者。第27條第二款乙類製造事業單位之冷凍能力亦以三公噸以上者為限；第241條第九款則將冷凍能力未滿三公噸之冷凍設備內高壓氣體排除適用本規則。	Article 26; see Articles 27 and 241.	draft	11		
Q3469	OSH	OSH-41	高壓氣體勞工安全規則	第29條	民國111年9月14日	高壓氣體-液化石油氣	2	特定液化石油氣消費事業單位之認定標準為何？	液化石油氣儲存設備儲存能力之質量在五千公斤以上，或一日處理能力達三十立方公尺者	液化石油氣儲存設備儲存能力之容積在三百立方公尺以上，或另設有加氣站設備者	液化石油氣儲存設備儲存能力之質量在三千公斤以上，或以導管自其他事業單位導入者	液化石油氣儲存設備儲存能力之質量在一千公斤以上，或以容器自其他事業單位購入者	What makes an undertaking a specified LPG consuming enterprise?	LPG storage capacity of 5,000 kg or more by mass, or daily processing capacity of 30 cubic metres	LPG storage capacity of 300 cubic metres or more by volume, or also operating a gas filling station	LPG storage capacity of 3,000 kg or more by mass, or importing LPG by pipeline from another undertaking	LPG storage capacity of 1,000 kg or more by mass, or purchasing LPG in cylinders from another undertaking	c	第29條：特定液化石油氣消費事業單位指設置之液化石油氣儲存設備之儲存能力，其質量在三千公斤以上或使用導管自其他事業單位導入液化石油氣者；第30條之一般液化石油氣消費事業單位則為前條以外者。第237條規定特定液化石油氣消費事業單位應選任高壓氣體消費作業主管。	Article 29; Article 237 requires appointing a consumption supervisor.	draft	11		
Q3470	OSH	OSH-41	高壓氣體勞工安全規則	第30條	民國111年9月14日	高壓氣體-液化石油氣	1	本規則所稱一般液化石油氣消費事業單位，係指下列何者？	指特定液化石油氣消費事業單位以外之液化石油氣消費事業單位	指儲存能力質量在三千公斤以上之液化石油氣消費事業單位	指經營液化石油氣供應與灌裝業務之第一種供應事業單位	指以導管自其他事業單位導入液化石油氣之消費事業單位	What is a general LPG consuming enterprise?	An LPG consuming enterprise other than a specified LPG consuming enterprise	An LPG consuming enterprise with storage capacity of 3,000 kg or more by mass	A Class 1 supply enterprise engaged in supplying and filling LPG for others	An LPG consuming enterprise importing LPG by pipeline from another undertaking	a	第30條：一般液化石油氣消費事業單位係指第29條特定液化石油氣消費事業單位以外之液化石油氣消費事業單位。第190條至第192條規範一般液化石油氣之消費，應於通風良好處所為之，容器溫度保持攝氏四十度以下，消費後並應防止損傷閥等。	Article 30; see Articles 190 to 192.	draft	11		
Q3471	OSH	OSH-41	高壓氣體勞工安全規則	第31條	民國111年9月14日	高壓氣體-製造設施	1	甲類製造事業單位之固定式製造設備，其事業場所之境界與標示應如何設置？	應設置門禁管制設施，並於場所出入口設置人員識別管制標示	應設置高度二公尺以上圍牆，並於內部設置緊急避難指示標示	應以顏色區分作業區域，並於場所內部設置氣體種類說明標示	應有明確之境界線，並於該場所外面設置容易辨識之警戒標示	How must the boundary and signage of the premises be arranged?	Access control must be installed and personnel identification signs posted at the entrances	There must be a wall at least two metres high and evacuation signs posted inside the premises	Work zones must be colour-coded and gas-type explanatory signs posted inside the premises	There must be a clear boundary line and an easily identified warning sign outside the premises	d	第31條：事業場所應有明確之境界線，並於該場所外面設置容易辨識之警戒標示。第154條對特定高壓氣體消費設施亦有相同要求；第79條第一款則要求容器放置場應明確標示並於外面明顯處所設置警戒標示。	Article 31; compare Articles 79 and 154.	draft	11		
Q3472	OSH	OSH-41	高壓氣體勞工安全規則	第32條	民國111年9月14日	高壓氣體-冷凍	2	冷凍設備之壓縮機、油分離器、冷凝器或承液器及此等間之配管，其設置位置有何限制？	不得設置於儲槽防液堤內側及堤外十公尺範圍內之任何場所	不得設置於距離廠房外牆五公尺以內或地下室等通風不良之處所	不得設置於事業場所境界線內側二公尺以內或屋外開放之場所	不得設置於堆積中央主管機關指定危險性物質或煙火場所之附近	Where may the compressor, oil separator, condenser or receiver of refrigeration equipment not be installed?	Not anywhere inside the dike or within ten metres outside a storage tank dike	Not within five metres of the plant outer wall or in poorly ventilated basements	Not within two metres inside the site boundary line or in open outdoor areas	Not near places stacking designated dangerous substances or handling open flames	d	第32條：冷凍設備之壓縮機、油分離器、冷凝器或承液器及此等間之配管，不得設置於堆積有中央主管機關指定之危險性物質或煙火場所之附近。第94條、第99條規定冷凍用高壓氣體製造設備準用本條。	Article 32; applied by Articles 94 and 99.	draft	11		
Q3473	OSH	OSH-41	高壓氣體勞工安全規則	第34條	民國111年9月14日	高壓氣體-安全距離	3	自可燃性氣體製造設備之高壓氣體設備外面，至其他可燃性氣體及氧氣製造設備之高壓氣體設備，各應保持多少距離？	至其他可燃性氣體之高壓氣體設備八公尺以上；至氧氣者十五公尺以上	至其他可燃性氣體之高壓氣體設備三公尺以上；至氧氣者八公尺以上	至其他可燃性氣體之高壓氣體設備十公尺以上；至氧氣者五公尺以上	至其他可燃性氣體之高壓氣體設備五公尺以上；至氧氣者十公尺以上	What separation distances apply from flammable-gas high-pressure equipment to other flammable-gas and to oxygen equipment?	At least 8 metres to other flammable-gas equipment; at least 15 metres to oxygen equipment	At least 3 metres to other flammable-gas equipment; at least 8 metres to oxygen equipment	At least 10 metres to other flammable-gas equipment; at least 5 metres to oxygen equipment	At least 5 metres to other flammable-gas equipment; at least 10 metres to oxygen equipment	d	第34條：自可燃性氣體製造設備之高壓氣體設備外面至其他可燃性氣體製造設備之高壓氣體設備應保持五公尺以上距離，與氧氣製造設備之高壓氣體設備應保持十公尺以上距離；但依第80條導管設置規定設置之配管不在此限。第33條另定至處理煙火設備應保持八公尺以上。第242條規定本條不適用於液化石油氣。	Article 34; compare the 8-metre rule in Article 33.	draft	11		
Q3474	OSH	OSH-41	高壓氣體勞工安全規則	第35條	民國111年9月14日	高壓氣體-安全距離	3	儲存能力在三百立方公尺或三千公斤以上之可燃性氣體儲槽外面，至其他可燃性氣體或氧氣儲槽間應保持多少距離？	一公尺或該等儲槽最大直徑和之四分之一以上，取其較大者	五公尺或該等儲槽最大直徑和之三分之一以上，取其較大者	十公尺或該等儲槽最大直徑和之四分之一以上，取其較小者	二公尺或該等儲槽最大直徑和之二分之一以上，取其較小者	What distance must be kept between a flammable-gas tank of 300 m3 or 3,000 kg capacity and other flammable-gas or oxygen tanks?	One metre or one quarter of the sum of their largest diameters, whichever is greater	Five metres or one third of the sum of their largest diameters, whichever is greater	Ten metres or one quarter of the sum of their largest diameters, whichever is smaller	Two metres or one half of the sum of their largest diameters, whichever is smaller	a	第35條：儲存能力在三百立方公尺或三千公斤以上之可燃性氣體儲槽外面至其他可燃性氣體或氧氣儲槽間，應保持一公尺或以該儲槽、其他可燃性氣體儲槽或氧氣儲槽之最大直徑和之四分之一以上較大者之距離；但設有水噴霧裝置或具同等以上有效防火及滅火能力之設施者不在此限。	Article 35; water-spray systems provide an exemption.	draft	11		
Q3475	OSH	OSH-41	高壓氣體勞工安全規則	第37條之1	民國111年9月14日	高壓氣體-防液堤	3	依規定設置防液堤者，其防液堤內側及堤外多少範圍內原則上不得設置其他設備？	堤外二十公尺範圍內；但液化可燃性氣體儲槽得縮減為十公尺，其餘不受限制	堤外十公尺範圍內；但液化毒性氣體儲槽之距離另依公式計算，不受十公尺限制	堤外三公尺範圍內；但液化氧氣儲槽應加倍為六公尺，其餘儲槽則不受此限制	堤外五公尺範圍內；但液化毒性氣體儲槽之距離另依公式計算，不受五公尺限制	Within what area outside a dike may no other equipment generally be installed?	Within 20 metres outside the dike; liquefied flammable gas tanks may reduce this to 10 metres	Within 10 metres outside the dike; liquefied toxic gas tanks follow a formula instead of 10 metres	Within 3 metres outside the dike; liquefied oxygen tanks must double this to 6 metres instead	Within 5 metres outside the dike; liquefied toxic gas tanks follow a formula instead of 5 metres	b	第37條之1：依第37條設置防液堤者，其防液堤內側及堤外十公尺範圍內，除該條所列設備及儲槽附屬設備外，不得設置其他設備；但液化毒性氣體儲槽防液堤外之距離範圍，應依第37條之2之公式計算，不受十公尺規定限制。	Article 37-1, read with Article 37-2.	draft	11		
Q3476	OSH	OSH-41	高壓氣體勞工安全規則	第37條之1	民國111年9月14日	高壓氣體-防液堤	3	下列何者屬得設置於防液堤內側之設備？	冷凍設備、熱交換器、氣化器及防止氣體擴散漏洩之構築物等設施	消防設備、導管及導管架臺、事業場所設置之通路及空氣儲槽等	與該儲槽有關之輸液設備、氣體漏洩檢知警報設備及除毒設備全部	惰性氣體儲槽、水噴霧裝置、除毒設備吸收洩漏氣體之部分及排水設備	Which items may be installed on the inner side of the dike?	Refrigeration units, heat exchangers, vaporisers and structures preventing gas diffusion	Fire-fighting equipment, pipelines and pipe racks, site passageways and air storage tanks	Liquid transfer equipment for the tank, gas leak detection alarms and full detox units	Inert gas tanks, water spray systems, the absorbing part of detoxification units and drainage	d	第37條之1第一款：得設置於防液堤內側者包括與該儲槽有關之低溫儲槽輸液設備、惰性氣體儲槽、水噴霧裝置、撒水裝置、氣體漏洩檢知警報設備之感應部、除毒設備吸收洩漏氣體之部分、照明、計測、排水設備、配管及配管架臺等。冷凍設備、熱交換器、氣化器、消防設備、導管架臺及通路等則屬第二款得設於堤外側者。	Article 37-1, subparagraph 1 (inside) versus subparagraph 2 (outside).	draft	11		
Q3477	OSH	OSH-41	高壓氣體勞工安全規則	第37條之2	民國111年9月14日	高壓氣體-防液堤	3	液化毒性氣體儲槽防液堤外側應維持之距離，當儲存能力Ｘ達一千公噸以上時，可燃性毒性氣體與其他毒性氣體之Ｌ值各為多少？	可燃性毒性氣體Ｌ＝二十公尺；其他毒性氣體Ｌ＝十六公尺	可燃性毒性氣體Ｌ＝十公尺；其他毒性氣體Ｌ＝八公尺	可燃性毒性氣體Ｌ＝八公尺；其他毒性氣體Ｌ＝十公尺	可燃性毒性氣體Ｌ＝六公尺；其他毒性氣體Ｌ＝四公尺	For liquefied toxic gas tanks with capacity of 1,000 tonnes or more, what distance L applies outside the dike?	Flammable toxic gas L = 20 metres; other toxic gases L = 16 metres	Flammable toxic gas L = 10 metres; other toxic gases L = 8 metres	Flammable toxic gas L = 8 metres; other toxic gases L = 10 metres	Flammable toxic gas L = 6 metres; other toxic gases L = 4 metres	b	第37條之2：毒性氣體中之可燃性氣體，當五≦Ｘ＜一千時Ｌ＝（４／９９５）（Ｘ－５）＋６，Ｘ≧一千時Ｌ＝十公尺；其他毒性氣體當五≦Ｘ＜一千時Ｌ＝（４／９９５）（Ｘ－５）＋４，Ｘ≧一千時Ｌ＝八公尺。Ｘ為儲存能力（公噸），Ｌ為距離（公尺）。第37條並定五公噸以上液化毒性氣體儲槽應設防液堤。	Article 37-2 sets the formulas and the ceiling values.	draft	11		
Q3478	OSH	OSH-41	高壓氣體勞工安全規則	第38條	民國111年9月14日	高壓氣體-製造設施	2	設置可燃性氣體製造設備或冷媒設備之壓縮機等之廠房，其構造有何要求？	應具有可耐受氣體爆炸壓力之厚實鋼筋混凝土造之防爆構造	應具有厚度十二公分以上防護牆加以區劃隔離之防護構造	應具有不致因可燃性氣體或冷媒氣體漏洩而滯留於廠內之構造	應具有可自動偵測並吸收漏洩氣體之除毒與中和處理構造	What structural requirement applies to buildings housing flammable-gas or refrigerant compressors?	A blast-resistant thick reinforced concrete structure able to withstand explosion pressure	A structure partitioned off by protective walls at least twelve centimetres thick	A structure that prevents leaked flammable or refrigerant gas from accumulating inside	A structure that automatically detects and absorbs leaked gas for neutralisation	c	第38條：設置可燃性氣體製造設備或冷媒設備之壓縮機、油分離器、冷凝器或承液器及此等間之配管之廠房，不得因可燃性氣體或冷媒氣體之漏洩致使其滯留於廠內之構造。第155條對可燃性氣體消費設備之廠房亦有相同要求。	Article 38; compare Article 155.	draft	11		
Q3479	OSH	OSH-41	高壓氣體勞工安全規則	第39條	民國111年9月14日	高壓氣體-製造設施	2	可燃性氣體、毒性氣體及氧氣之氣體設備應具氣密構造，但何者除外？	除消費設備及安全閥口外，應具絕熱之構造	除減壓設備及氣體取樣口外，應具耐壓之構造	除高壓氣體設備及空氣取氣口外，應具氣密之構造	除儲存設備及排放管口外，應具防爆之構造	Gas equipment for flammable, toxic and oxygen gases must be gastight, except for what?	Except consumption equipment and safety valve outlets, it must be heat-insulated	Except pressure-reducing equipment and sampling ports, it must be pressure-proof	Except high-pressure gas equipment and air intake ports, it must be gastight	Except storage equipment and discharge pipe openings, it must be explosion-proof	c	第39條：可燃性氣體、毒性氣體及氧氣之氣體設備（除高壓氣體設備及空氣取氣口外）應具氣密之構造。高壓氣體設備另依第41條以常用壓力以上之壓力實施氣密試驗，並以常用壓力一點五倍以上壓力實施耐壓試驗。	Article 39; high-pressure equipment is covered by Article 41 instead.	draft	11		
Q3480	OSH	OSH-41	高壓氣體勞工安全規則	第40條	民國111年9月14日	高壓氣體-冷凍	2	冷凍用高壓氣體之製造設備，其構造應具備何種性能？	應具有可承受地震影響並防止基礎不均勻沈陷之耐震構造	應具有不因日照、雨水或積雪等致使冷媒氣體結冰之構造	應具有不因振動、衝擊或腐蝕等致使冷媒氣體漏洩之構造	應具有不因靜電、火花或雷擊等致使冷媒氣體著火之構造	What structural performance is required of refrigeration high-pressure gas manufacturing equipment?	An earthquake-resistant structure preventing uneven settlement of the foundation	A structure preventing refrigerant freezing from sunlight, rain or accumulated snow	A structure preventing refrigerant leakage from vibration, impact or corrosion	A structure preventing refrigerant ignition from static electricity, sparks or lightning	c	第40條：冷凍用高壓氣體之製造設備應具有不因振動、衝擊或腐蝕等致使冷媒氣體漏洩之構造。第206條對冷凍機器之冷媒設備亦要求應具有可防止振動、衝擊、腐蝕等致使冷媒氣體外洩者；第94條、第99條並定準用關係。	Article 40; compare Article 206.	draft	11		
Q3481	OSH	OSH-41	高壓氣體勞工安全規則	第42條	民國111年9月14日	高壓氣體-試驗	3	冷媒設備應經何種壓力之氣密試驗及耐壓試驗合格？	以最高使用壓力以上實施氣密試驗，並以最高使用壓力一．五倍以上實施耐壓試驗	以最高使用壓力一．五倍以上實施氣密試驗，並以最高使用壓力以上實施耐壓試驗	以設計壓力二倍以上實施氣密試驗，並以設計壓力三倍以上之壓力實施耐壓試驗	以常用壓力以上實施氣密試驗，並以常用壓力二倍以上之壓力實施耐壓試驗	What test pressures must refrigerant equipment pass?	Airtightness at or above maximum working pressure and hydrostatic at 1.5 times that pressure	Airtightness at 1.5 times maximum working pressure and hydrostatic at that pressure or above	Airtightness at twice design pressure and hydrostatic test at three times design pressure	Airtightness at or above normal working pressure and hydrostatic at twice that pressure	a	第42條：冷媒設備應經以最高使用壓力以上之壓力實施氣密試驗及以最高使用壓力一．五倍以上壓力實施之耐壓試驗或具有同等以上效力之試驗合格者。第41條對高壓氣體設備則為常用壓力一．五倍以上耐壓試驗、常用壓力以上氣密試驗；第205條對冷凍機器為設計壓力以上氣密、設計壓力一．五倍以上耐壓。	Article 42; compare Articles 41 and 205.	draft	11		
Q3482	OSH	OSH-41	高壓氣體勞工安全規則	第43條	民國111年9月14日	高壓氣體-構造	2	高壓氣體設備（容器及中央主管機關規定者除外）之厚度應符合何項要求？	以設計壓力一．二倍以上壓力加壓時，不致發生變形之厚度	以常用壓力二倍以上壓力加壓時，不致引起降伏變形之厚度	以常用壓力一．五倍以上壓力加壓時，不致產生龜裂之厚度	以最高使用壓力三倍以上壓力加壓時，不致發生破裂之厚度	What thickness requirement applies to high-pressure gas equipment?	A thickness that will not deform when pressurised to at least 1.2 times the design pressure	A thickness that will not yield when pressurised to at least twice the normal working pressure	A thickness that will not crack when pressurised to at least 1.5 times the working pressure	A thickness that will not rupture when pressurised to at least three times the maximum pressure	b	第43條：高壓氣體設備（容器及中央主管機關規定者外）應具有以常用壓力二倍以上壓力加壓時，不致引起降伏變形之厚度或經中央主管機關認定具有同等以上強度者。第80條第六款對導管、第159條對消費之儲存相關設備亦有相同之二倍規定。	Article 43; the same rule appears in Articles 80 and 159.	draft	11		
Q3483	OSH	OSH-41	高壓氣體勞工安全規則	第44條	民國111年9月14日	高壓氣體-材料	1	氣體設備之材料應如何選用？	應使用中央主管機關公告之標準材料，並全面禁止使用非金屬	應使用足以適應該氣體種類、性狀、溫度及壓力等諸性質要求者	應使用可承受常用壓力五倍以上厚度且經放射線檢查合格者	應一律使用經超音波探傷檢查合格之低溫用高強度合金鋼材料	How must materials for gas equipment be selected?	They must be standard materials announced by the authority, banning all non-metals	They must suit the kind, properties, temperature and pressure of the gas concerned	They must be five times the working pressure in thickness and pass radiographic tests	They must all be low-temperature high-strength alloy steel passing ultrasonic testing	b	第44條：氣體設備之材料，應使用足以適應該氣體之種類、性狀、溫度及壓力等諸性質之要求者。第156條對特定高壓氣體消費設備之材料有相同要求；第193條則對冷凍機器容器另定應依設計壓力、設計溫度採用適當材料並經超音波探傷檢查合格。	Article 44; compare Articles 156 and 193.	draft	11		
Q3484	OSH	OSH-41	高壓氣體勞工安全規則	第45條	民國111年9月14日	高壓氣體-基礎	2	高壓氣體設備之基礎，對於一定規模以上儲槽之支柱有何規定？	儲存能力在五百立方公尺或五公噸以上之儲槽支柱，應以防液堤圍繞並緊密結合	儲存能力在一百立方公尺或一公噸以上之儲槽支柱，應置於同一基礎並緊密結合	儲存能力在三百立方公尺或三公噸以上之儲槽支柱，應分置不同基礎以分散載重	儲存能力在一千立方公尺或十公噸以上之儲槽支柱，應埋設於地盤內並填足乾砂	What foundation rule applies to the supports of larger storage tanks?	Supports of tanks of 500 cubic metres or 5 tonnes capacity must be surrounded by a dike and tightly joined	Supports of tanks of 100 cubic metres or 1 tonne capacity must sit on one foundation, tightly joined	Supports of tanks of 300 cubic metres or 3 tonnes capacity must sit on separate foundations to spread load	Supports of tanks of 1,000 cubic metres or 10 tonnes capacity must be buried and packed with dry sand	b	第45條：高壓氣體設備除配管、泵、壓縮機部分外，其基礎不得有不均勻沈陷致使該設備發生有害之變形；儲存能力在一百立方公尺或一公噸以上之儲槽之支柱（未置支柱者為其底座）應置於同一基礎，並緊密結合。第157條對消費設備亦有相同規定；第76條另要求該規模儲槽應隨時注意有無沈陷現象。	Article 45; compare Articles 76 and 157.	draft	11		
Q3485	OSH	OSH-41	高壓氣體勞工安全規則	第47條	民國111年9月14日	高壓氣體-安全裝置	2	高壓氣體設備中可進行溫度變化之反應、分離、蒸餾、熱交換及加熱設備，應設置何種裝置？	應設置適當之壓力表，並採取壓力超過最高使用壓力時可迅使其下降之措施	應設置適當之溫度計，並採取溫度超過常用溫度時可迅使其下降之措施	應設置氣體漏洩檢知警報設備，並採取漏洩時可自動遮斷氣體來源之措施	應設置液面計及過裝防止裝置，並採取容量超過九成時可發出警報之措施	What must be provided for high-pressure gas equipment undergoing temperature changes?	A suitable pressure gauge and means to bring pressure down when it exceeds the maximum level	A suitable thermometer and means to bring temperature back down when it exceeds normal levels	A gas leak detection alarm and means to shut off the gas source automatically upon leakage	A level gauge and overfill prevention device with an alarm when capacity exceeds ninety percent	b	第47條：高壓氣體設備之可進行溫度變化之反應、分離、精煉、蒸餾、冷卻、冷凝、熱交換及加熱設備，應設置適當之溫度計，且應採取該設備內溫度超過常用溫度時，可迅使其溫度下降至常用溫度範圍內之措施。第48條則規定壓力表及安全裝置。第242條、第243條並定本條不適用於液化石油氣及冷凍用高壓氣體。	Article 47; Article 48 covers pressure gauges.	draft	11		
Q3486	OSH	OSH-41	高壓氣體勞工安全規則	第48條	民國111年9月14日	高壓氣體-安全裝置	2	高壓氣體設備、儲存設備或冷媒設備，應設置何種計器及安全裝置？	應設置適當之壓力表，並置壓力超過最高使用壓力時可迅使其恢復之安全裝置	應設置流量計，並置流量超過設計值時可自動關閉之緊急遮斷閥及逆止閥	應設置適當之溫度計，並置溫度超過常用溫度時可迅使其下降之冷卻裝置	應設置液面計，並置液面超過槽內容積九成時可自動停止灌裝之遮斷裝置	What gauge and safety device must high-pressure gas, storage or refrigerant equipment have?	A suitable pressure gauge and a safety device restoring pressure below the maximum working level	A flow meter and an emergency shut-off valve with check valve closing above design flow	A suitable thermometer and a cooling device bringing temperature back to the normal range	A level gauge and a shut-off device stopping filling once ninety percent of volume is reached	a	第48條：高壓氣體設備、儲存設備或冷媒設備，應設置適當之壓力表，且應置該設備內壓力超過最高使用壓力時，可迅使其壓力恢復至最高使用壓力以下之安全裝置。第49條並規定該安全裝置中之安全閥或破裂板應置釋放管及其開口部位置。第160條對消費之儲存相關設備亦有相同規定。	Article 48; Article 49 governs the relief pipe.	draft	11		
Q3487	OSH	OSH-41	高壓氣體勞工安全規則	第50條	民國111年9月14日	高壓氣體-低溫儲槽	2	可燃性氣體低溫儲槽應採取何種措施？	應採取防止其液面搖動致使槽壁受衝擊時，不致使該儲槽變形之措施	應採取防止其內壓降低至較外壓為低時，不致使該儲槽發生破裂之措施	應採取防止其內壓上升超過最高使用壓力時，不致使該儲槽爆炸之措施	應採取防止其溫度上升超過攝氏四十度時，不致使該儲槽膨出之措施	What measure must be taken for a low-temperature flammable-gas storage tank?	Measures preventing deformation when liquid surge impacts the wall of the storage tank	Measures preventing rupture when internal pressure falls below the external pressure	Measures preventing explosion when internal pressure rises above the maximum pressure	Measures preventing bulging when the temperature rises above forty degrees Celsius	b	第50條：可燃性氣體低溫儲槽，應採取防止其內壓降低至較外壓為低時不致使該儲槽發生破裂之措施。第162條對消費設施之可燃性氣體低溫儲槽亦有相同規定；第13條則定可燃性氣體低溫儲槽之定義。	Article 50; the same rule appears in Article 162.	draft	11		
Q3488	OSH	OSH-41	高壓氣體勞工安全規則	第51條	民國111年9月14日	高壓氣體-液面計	3	以可燃性氣體或毒性氣體為冷媒之承液器及液化氣體儲槽，其液面計有何規定？	應裝設溫度計，玻璃管溫度計應防振動，其與儲槽間配管應設緊急遮斷之裝置	應裝設液面計，玻璃管液面計應防破損，其與儲槽間配管應設自動及手動式停止閥	應裝設壓力表，玻璃管壓力表應防凍結，其與儲槽間配管應設逆止閥及過流閥	應裝設流量計，玻璃管流量計應防腐蝕，其與儲槽間配管應設安全閥及釋放管	What rules apply to level gauges on receivers and liquefied-gas tanks using flammable or toxic refrigerants?	A thermometer is required, glass tube types must be vibration-proofed, and the piping needs an emergency shut-off device	A level gauge is required, glass tube types must be protected, and the piping needs automatic and manual stop valves	A pressure gauge is required, glass tube types must be frost-proofed, and the piping needs check and excess-flow valves	A flow meter is required, glass tube types must be corrosion-proofed, and the piping needs a safety valve and relief pipe	b	第51條：以可燃性氣體或毒性氣體為冷媒氣體之冷媒設備之承液器及液化氣體儲槽應裝設液面計（氧氣或惰性氣體之超低溫儲槽以外之儲槽，以採用圓型玻璃管以外之液面計為限）；玻璃管液面計應有防止破損之措施，其與承液器或儲槽間之配管應設置自動及手動式停止閥。第132條並禁止車輛運輸之液化可燃性、毒性或氧氣容器使用玻璃液面計。	Article 51; compare Article 132.	draft	11		
Q3489	OSH	OSH-41	高壓氣體勞工安全規則	第52條	民國111年9月14日	高壓氣體-儲槽配管	3	儲存可燃性氣體、毒性氣體或氧氣之儲槽，其輸出或接受氣體之配管應設置幾具閥？有何操作要求？	除緊急遮斷裝置之閥類外應設二具以上之閥，其一應置於儲槽近接處且非輸送期間經常關閉	除緊急遮斷裝置之閥類外應設一具閥即可，該閥應置於儲槽近接處且應經常保持全開放狀態	除逆止閥外應設三具以上之閥，其中二具應置於距儲槽五公尺以外並於輸送期間關閉	除安全閥外應設二具以上之閥，二具均應置於防液堤外側並於輸送期間全部保持關閉	How many valves must piping for flammable, toxic or oxygen storage tanks have, and how are they operated?	At least two valves besides emergency shut-off valves, one close to the tank and kept shut when idle	Only one valve besides emergency shut-off valves, placed close to the tank and kept fully open always	At least three valves besides check valves, two placed over five metres away and shut while transferring	At least two valves besides safety valves, both placed outside the dike and shut while transferring gas	a	第52條：設置於儲存可燃性氣體、毒性氣體或氧氣之儲槽之配管（輸出或接受該氣體用，含連接部分），除依第53條設置緊急遮斷裝置之閥類外，應設二具以上之閥；其一應置於該儲槽之近接處，該閥在輸出或接受氣體以外之期間應經常關閉。第53條並定內容積五千公升以上液化氣體儲槽應於距儲槽外側五公尺以上安全處所設緊急遮斷裝置。	Article 52; see also Article 53 on emergency shut-off devices.	draft	11		
Q3490	OSH	OSH-41	高壓氣體勞工安全規則	第55條	民國111年9月14日	高壓氣體-緊急電源	2	為確保製造安全，哪些設施應設置不因停電導致失卻安全功能之緊急電源或輔助措施？	僅限緊急照明設備及通報設備，其餘設施得於停電後以人工操作方式因應	僅限儲槽之緊急遮斷裝置及液面計，其餘設施得由目的事業主管機關另定之	自動控制裝置、撒水裝置、消防設備、製造設備之冷卻水泵及緊急照明設備等	僅限氣體漏洩檢知警報設備及除毒設備，其他設施不受緊急電源規定之限制	Which facilities must have an emergency power source so they keep working during a power failure?	Only emergency lighting and communication devices, other facilities may be operated manually instead	Only tank emergency shut-off devices and level gauges, the rest being left to the competent authority	Automatic control devices, sprinkler systems, fire equipment, cooling water pumps and emergency lighting	Only gas leak detection alarms and detoxification equipment, other facilities are exempt from the rule	c	第55條：自動控制進行反應、分離、精煉、蒸餾等製造設備之控制裝置，依第56條、第57條或第62條設置之撒水裝置，依第67條設置之消防設備，製造設備之冷卻水泵、緊急照明設備及其他為確保製造安全經中央主管機關規定之設施，應設置不因停電導致該設施失卻安全功能之緊急電源或採取其他輔助措施。第243條定本條不適用於冷凍用高壓氣體。	Article 55 lists the facilities needing emergency power.	draft	11		
Q3491	OSH	OSH-41	高壓氣體勞工安全規則	第56條	民國111年9月14日	高壓氣體-撒水裝置	2	灌裝壓縮乙炔氣於容器之場所及灌氣容器放置場，應設置何種設施？	應設置厚度九公分以上鋼筋混凝土造之防護牆	應設置可將乙炔緩緩排放至大氣之釋放管設施	應設置不因火災致使容器發生破裂之撒水裝置	應設置可自動偵測乙炔濃度之漏洩檢知警報設備	What must be installed at places filling compressed acetylene and at filled-cylinder storage yards?	A protective wall of reinforced concrete at least nine centimetres thick	A relief pipe allowing acetylene to be discharged slowly into the air	A sprinkler system preventing containers from rupturing in a fire	An automatic detection alarm measuring acetylene concentration levels	c	第56條：灌裝壓縮乙炔氣於容器之場所及第79條之灌氣容器放置場應設不因火災致使容器發生破裂之撒水裝置。第58條另規定放置壓縮機或灌裝壓縮乙炔氣之場所與灌氣容器放置場間應分設厚度十二公分以上鋼筋混凝土造防護牆；第71條第四款並定乙炔灌裝壓力在每平方公分二十五公斤以下。	Article 56; compare Article 58.	draft	11		
Q3492	OSH	OSH-41	高壓氣體勞工安全規則	第57條	民國111年9月14日	高壓氣體-液化石油氣	3	設置於地盤上之液化石油氣儲槽及其支柱，應採取何種防火措施？	應以厚度十二公分以上鋼筋混凝土防護牆包圍，或於距外面二公尺以上處設可操作之滅火設備	應以不燃性絕熱材料被覆構築耐熱性構造，或於距外面五公尺以上處設可操作之冷卻撒水設備	應以紅色塗裝並標示氣體名稱，或於距外面三公尺以上處設可操作之緊急遮斷與逆止裝置	應以防液堤圍繞並填足乾砂，或於距外面十公尺以上處設可操作之氣體漏洩檢知警報設備	What fire protection is required for above-ground LPG storage tanks and their supports?	Enclosure by reinforced concrete walls twelve centimetres thick, or fire extinguishers operable from two metres away	Heat-resistant construction clad in non-combustible insulation, or cooling sprinklers operable from five metres away	Red painting with the gas name displayed, or emergency shut-off and check devices operable from three metres away	A dike packed with dry sand around the tank, or gas leak detection alarms operable from ten metres away	b	第57條：設置於地盤上之液化石油氣儲槽及其支柱，應以不燃性絕熱材料被覆等構築之耐熱性構造；或於距離該儲槽及其支柱之外面五公尺以上之處所設置可操作之冷卻用撒水設備或其他冷卻裝置。第87條加氣站及第120條液化石油氣儲存場均準用本條。	Article 57; applied by Articles 87 and 120.	draft	11		
Q3493	OSH	OSH-41	高壓氣體勞工安全規則	第59條	民國111年9月14日	高壓氣體-防護牆	3	壓縮機與使用每平方公分多少壓力以上灌注壓縮氣體於容器之場所或灌氣容器放置場間，應分設何種防護牆？	每平方公分五十公斤以上；厚度九公分以上鋼筋混凝土造或同等強度之防護牆	每平方公分二十五公斤以上；厚度十五公分以上鋼筋混凝土造或同等強度防護牆	每平方公分一百公斤以上；厚度十二公分以上鋼筋混凝土造或同等強度之防護牆	每平方公分二百公斤以上；厚度六公分以上鋼筋混凝土造或同等強度之防護牆	Above what filling pressure must a protective wall separate the compressor from the filling place, and of what thickness?	At or above 50 kg/cm2; a reinforced concrete wall at least 9 centimetres thick or equivalent	At or above 25 kg/cm2; a reinforced concrete wall at least 15 centimetres thick or equivalent	At or above 100 kg/cm2; a reinforced concrete wall at least 12 centimetres thick or equivalent	At or above 200 kg/cm2; a reinforced concrete wall at least 6 centimetres thick or equivalent	c	第59條：壓縮機與使用每平方公分一百公斤以上之壓力灌注壓縮氣體於容器之場所或與第79條規定之灌氣容器放置場間，應分設厚度在十二公分以上鋼筋混凝土造或具有與此同等以上強度結構之防護牆。第58條對壓縮乙炔氣場所亦定相同厚度之防護牆；第79條第八款則定容器放置場防護牆厚度九公分以上。	Article 59; compare Articles 58 and 79.	draft	11		
Q3494	OSH	OSH-41	高壓氣體勞工安全規則	第60條	民國111年9月14日	高壓氣體-警報設備	2	可燃性氣體或毒性氣體之製造設備中，有氣體漏洩致積滯之虞之場所，應設置何種設備？	應設可遮斷該漏洩氣體且自動停止之緊急遮斷裝置及逆止閥	應設可稀釋該漏洩氣體且自動送風之局部排氣及整體換氣設備	應設可吸收該漏洩氣體且自動中和之除毒設備及吸收劑儲槽	應設可探測該漏洩氣體且自動發出警報之氣體漏洩檢知警報設備	What must be installed where leaked flammable or toxic gas may accumulate in manufacturing equipment?	An emergency shut-off device with check valve that cuts off the leaked gas automatically	Local exhaust and general ventilation that dilutes the leaked gas and supplies fresh air	A detoxification unit with absorbent tanks that absorbs and neutralises the leaked gas	A gas leak detection alarm that detects the leaked gas and sounds an alarm automatically	d	第60條：可燃性氣體或毒性氣體之製造設備中，有氣體漏洩致積滯之虞之場所，應設可探測該漏洩氣體，且自動發出警報之氣體漏洩檢知警報設備。第167條對消費設備亦有相同規定，但液氧除外；第61條另規定毒性氣體製造設備之防毒措施。	Article 60; compare Article 167 for consumption equipment.	draft	11		
Q3495	OSH	OSH-41	高壓氣體勞工安全規則	第61條	民國111年9月14日	高壓氣體-防毒	2	毒性氣體之製造設備應設置氣體漏洩時之防毒措施，其內容為何？	以水噴霧稀釋漏洩氣體、設置排放於大氣之釋放管、防毒面罩由勞工自行保管備用	設置厚度十二公分防護牆、以撒水裝置降溫、防毒面罩由承攬人負責維護及保管	防止漏洩氣體擴散之裝置、依氣體毒性選擇吸收設備及吸收劑、防毒面罩保管於安全場所	設置防液堤及乾砂填充層、以惰性氣體置換設備內部、防毒面罩置於作業現場入口	What anti-poison measures must toxic gas manufacturing equipment provide?	Water spray dilution of leaked gas, a relief pipe discharging to air, and masks kept by each worker himself	A protective wall twelve centimetres thick, sprinkler cooling, and masks maintained by the contractor	Devices preventing diffusion, absorbers and absorbents matched to the gas, and masks kept safely maintained	A dike with dry sand fill, inert gas purging of the equipment, and masks placed at the worksite entrance	c	第61條：毒性氣體之製造設備應依下列規定設置氣體漏洩時之防毒措施：一、可適當防止漏洩氣體擴散之裝置。二、應依該氣體毒性、氣體種類、數量及製程，選擇吸收各該毒性氣體之設備及吸收劑。三、防毒面罩及其他防護具應保管於安全場所，並經常維護於適當狀態。第163條對液氨或液氯之消費設備亦有相同規定。	Article 61; the same scheme appears in Article 163.	draft	11		
Q3496	OSH	OSH-41	高壓氣體勞工安全規則	第62條	民國111年9月14日	高壓氣體-儲槽	2	可燃性氣體或毒性氣體之儲槽，及鄰近可燃性氣體儲槽或處置可燃性物質設備之其他儲槽，其四周及支柱應如何處理？	應採取防止溫升之必要措施	應採取防止基礎沈陷之措施	應採取防止靜電蓄積之措施	應採取防止腐蝕生鏽之措施	What must be done around flammable or toxic gas tanks and their supports?	Necessary measures to prevent temperature rise	Necessary measures to prevent foundation settlement	Necessary measures to prevent static accumulation	Necessary measures to prevent corrosion and rusting	a	第62條：可燃性氣體或毒性氣體之儲槽，或此等儲槽以外之儲槽而鄰近於可燃性氣體儲槽或處置可燃性物質之設備之四周及此等之支柱，應採取防止溫升之必要措施。第55條所稱撒水裝置即包括依本條設置者；第57條對地盤上液化石油氣儲槽另有耐熱構造或冷卻撒水之規定。	Article 62; see also Articles 55 and 57.	draft	11		
Q3497	OSH	OSH-41	高壓氣體勞工安全規則	第63條	民國111年9月14日	高壓氣體-標示	2	為區別毒性氣體製造設施與其他製造設施，應如何標示？	於其內部設置紅色警示燈及警報器，並於廠房出入口標示禁止無關人員進入之告示	於其外部塗以紅色或以紅字書明氣體名稱，並於儲槽壁面標示最高使用壓力之位置	於其四周設置境界線與圍籬，並於事業場所大門標示緊急聯絡人姓名及電話號碼	於其外部設置容易辨識為毒性氣體製造設施之措施，並於泵、閥、接頭等標示毒性危害	How must toxic gas manufacturing facilities be marked?	Internally fitted with red warning lights and sirens, with no-entry notices at the plant entrances	Externally painted red or lettered in red with the gas name, with maximum pressure marked on tanks	Surrounded by a boundary line and fence, with emergency contact names and numbers at the gate	Externally marked so they are easily identified, with toxicity warnings on pumps, valves and joints	d	第63條：為區別毒性氣體製造設施與其他製造設施，應於其外部設置容易辨識其為毒性氣體製造設施之必要措施，且在該設施之泵、閥、接頭及其他有漏洩氣體之虞之處所，標示其具有毒性之危害。第36條另定可燃性氣體儲槽應塗紅色或以紅字書明氣體名稱。	Article 63; compare Article 36 on flammable-gas tanks.	draft	11		
Q3498	OSH	OSH-41	高壓氣體勞工安全規則	第65條	民國111年9月14日	高壓氣體-配管	2	毒性氣體之氣體設備之配管，在必要處所應採用何種構造？	應依氣體種類、性狀、壓力及配管鄰近狀況，在必要處所採用地下埋設構造	應依氣體種類、性狀、壓力及配管鄰近狀況，在必要處所採用可撓管構造	應依氣體種類、性狀、壓力及配管鄰近狀況，在必要處所採用玻璃襯裡構造	應依氣體種類、性狀、壓力及配管鄰近狀況，在必要處所採用二重管構造	What piping construction is required at necessary points for toxic gas equipment?	Underground buried construction according to the gas type, properties, pressure and location	Flexible-hose construction according to the gas type, properties, pressure and surroundings	Glass-lined construction according to the gas type, properties, pressure and surroundings	Double-pipe construction according to the gas type, properties, pressure and surroundings	d	第65條：毒性氣體之氣體設備之配管，應依各該氣體之種類、性狀、壓力及該配管鄰近狀況，在必要處所採用二重管構造。第64條並規定毒性氣體氣體設備之配管、管接頭及閥之接合應採熔接接合，不適於熔接者得以具必要強度之凸緣接合代替；第165條對液氨或液氯之消費設備配管亦有二重管規定。	Article 65; compare Articles 64 and 165.	draft	11		
Q3499	OSH	OSH-41	高壓氣體勞工安全規則	第66條	民國111年9月14日	高壓氣體-靜電	1	可燃性氣體製造設備，對靜電應採取何種措施？	應採取可承受該設備爆炸壓力之防爆牆	應採取可除卻該設備產生之靜電之措施	應採取可探測該設備漏洩氣體之警報器	應採取可降低該設備表面溫度之撒水器	What must be done about static electricity in flammable gas manufacturing equipment?	Blast walls capable of withstanding an explosion pressure of the equipment	Measures capable of eliminating static electricity generated by the equipment	Alarm detectors capable of sensing gas leaking from the equipment concerned	Sprinklers capable of lowering the surface temperature of the equipment	b	第66條：可燃性氣體製造設備，應採取可除卻該設備產生之靜電之措施。第92條第五款及第93條第七款對移動式製造設備灌裝時亦要求除卻靜電；第166條對可燃性氣體之消費設備有相同要求。	Article 66; compare Articles 92, 93 and 166.	draft	11		
Q3500	OSH	OSH-41	高壓氣體勞工安全規則	第67條	民國111年9月14日	高壓氣體-消防	1	可燃性氣體及氧氣之製造設備，應依何規定設置消防設備？	應依建築技術規則設置必要之滅火器具	應依消防法有關規定設置必要之消防設備	應依危險物品管理辦法設置泡沫滅火設施	應依職業安全衛生設施規則設置滅火器	Under what law must fire-fighting equipment be provided for flammable gas and oxygen manufacturing equipment?	Under the Building Technical Regulations for extinguishers	Under the relevant provisions of the Fire Services Act	Under the Regulations on Management of Dangerous Goods	Under the Occupational Safety and Health Facilities Rules	b	第67條：可燃性氣體及氧氣之製造設備，應依消防法有關規定設必要之消防設備。第91條對移動式製造設備、第168條對壓縮氫氣、壓縮天然氣、液氧及液氨之消費設備、第177條對特定液化石油氣消費設備均有依消防法設置消防設備之規定。	Article 67; the same requirement appears in Articles 91, 168 and 177.	draft	11		
Q3501	OSH	OSH-41	高壓氣體勞工安全規則	第68條	民國111年9月14日	高壓氣體-通報	1	事業場所對緊急災害之聯絡，應設置何種設備？	應依規模及製造設施形態，設發生緊急災害時可迅速聯絡之通報設備	應依規模及製造設施形態，設可供緊急搶救使用之防護具及急救器材	應依規模及製造設施形態，設可供全體人員避難之緊急避難梯及通道	應依規模及製造設施形態，設可自動偵測災害發生之火警自動警報設備	What must premises provide for emergency communication?	Communication equipment allowing rapid contact in an emergency, matched to scale and facility type	Protective gear and first-aid equipment for emergency rescue, matched to scale and facility type	Emergency escape stairs and passages for all personnel, matched to the scale and facility type	Automatic fire alarm equipment able to detect a disaster automatically, matched to scale and type	a	第68條：事業場所應依其規模及製造設施之形態，在事業場所內設發生緊急災害時，可迅速聯絡之通報設備。第218條並要求甲類製造事業單位訂定災害防止規章，含製造設施遭遇緊急狀態時之應變措施及演練事項。	Article 68; see also Article 218.	draft	11		
Q3502	OSH	OSH-41	高壓氣體勞工安全規則	第69條	民國111年9月14日	高壓氣體-閥操作	2	設於製造設備之閥或旋塞及其開閉按鈕，於標示上應如何處理？	應標示氣體容許濃度，安全上有重大影響者並應標示爆炸界限；配管應標示設置年度與長度	應標示開閉方向，安全上有重大影響者並應標示開閉狀況；配管應標示流體種類及流動方向	應標示製造年月日，安全上有重大影響者並應標示耐壓試驗值；配管應標示材質及口徑大小	應標示操作人員姓名，安全上有重大影響者並應標示檢查日期；配管應標示最高使用壓力值	How must valves, cocks and their operating buttons on manufacturing equipment be marked?	Permissible concentration marked, explosive limits also if safety-critical; piping marked with year installed and length	Open-close direction marked, open-close status also if safety-critical; piping marked with fluid type and flow direction	Manufacturing date marked, hydrostatic test value also if safety-critical; piping marked with material and bore size	Operator name marked, inspection date also if safety-critical; piping marked with maximum working pressure value	b	第69條第一款、第二款：閥之相關裝置應設可明確表示其開閉方向之標示，如該裝置之操作對製造設備在安全上有重大影響者，應設表示其開閉狀況之標示；與該裝置有關之配管，應於近接該裝置之部位以容易識別之方法標示該配管內之氣體或其他流體之種類及流動方向，但使用按鈕操作者不在此限。	Article 69, subparagraphs 1 and 2.	draft	11		
Q3503	OSH	OSH-41	高壓氣體勞工安全規則	第69條	民國111年9月14日	高壓氣體-閥操作	2	對於操作上有重大安全影響且不經常使用之閥，及閥之操作場所，應如何處理？	應予設置雙重閥並固定於全開放狀態，不得關閉；並於操作場所設置緊急沖淋及洗眼設備	應予加鎖、鉛封或採其他同等有效措施，供緊急使用者除外；並視機能及使用頻率設作業台	應予塗以紅色並標示禁止操作字樣，一律不得開啟；並於操作場所設置監視錄影及警報器	應予拆除手輪並由專人保管鑰匙，全部一律適用；並於操作場所設置隔離之防護牆與屏蔽	How are safety-critical valves that are seldom used, and valve operating locations, to be handled?	Fitted with double valves fixed fully open and never closed; and emergency showers and eyewash provided	Locked or lead-sealed unless kept for emergencies; and a work platform provided to suit function and use	Painted red and marked do not operate and never opened; and video monitoring and alarms at the location	Handwheels removed and keys held by a designated person in all cases; and a shielded wall at the location	b	第69條第三款、第四款：閥之相關裝置之操作對製造設備在安全上有重大影響且不經常使用者，應予加鎖、鉛封或採取其他同等有效之措施，但供緊急使用者不在此限；在閥之相關裝置操作場所，應視該裝置之機能及使用頻率，設置可確實操作該裝置之作業台。第172條規定消費設備準用本條。	Article 69, subparagraphs 3 and 4; applied by Article 172.	draft	11		
Q3504	OSH	OSH-41	高壓氣體勞工安全規則	第73條、第74條	民國111年9月14日	高壓氣體-液化石油氣	2	供製造霧劑、打火機用氣體或其他工業用液化石油氣之灌氣容器，及其他液化石油氣，對臭劑各有何規定？	工業用者應張貼黃字限工業使用之貼籤；其他者應添加漏洩含量達萬分之一即可察覺臭味之臭劑	工業用者應張貼藍字禁止家用之貼籤；其他者應添加漏洩含量達千分之五即可察覺臭味之臭劑	工業用者應張貼綠字已添加臭劑之貼籤；其他者應添加漏洩含量達百分之一即可察覺臭味之臭劑	工業用者應張貼紅字未添加臭劑之貼籤；其他者應添加漏洩含量達千分之一即可察覺臭味之臭劑	What odorant rules apply to industrial-use LPG cylinders and to other LPG?	Industrial cylinders carry a yellow industrial-use-only label; other LPG needs odorant detectable at one in ten thousand	Industrial cylinders carry a blue not-for-household label; other LPG needs odorant detectable at five parts per thousand	Industrial cylinders carry a green odorant-added label; other LPG needs odorant detectable at one part per hundred	Industrial cylinders carry a red no-odorant-added label; other LPG needs odorant detectable at one part per thousand	d	第74條：供為製造霧劑、打火機用氣體或其他工業用液化石油氣之灌氣容器，應張貼以紅字書寫未添加臭劑之貼籤，或灌注於有類似意旨表示之容器；其他液化石油氣應添加當該氣體漏洩於空氣中之含量達容量之千分之一時即可察覺臭味之臭劑。第86條第二款對加氣站灌裝亦有相同臭劑規定。第73條已刪除。	Article 74 (Article 73 has been deleted); compare Article 86.	draft	11		
Q3505	OSH	OSH-41	高壓氣體勞工安全規則	第76條	民國111年9月14日	高壓氣體-儲槽	2	儲存能力達多少之儲槽，應隨時注意有無沈陷現象並採取適當因應措施？	儲存能力在三百立方公尺或三公噸以上之儲槽	儲存能力在五十立方公尺或零點五公噸以上者	儲存能力在一千立方公尺或十公噸以上之儲槽	儲存能力在一百立方公尺或一公噸以上之儲槽	Tanks of what capacity must be watched for settlement at all times?	Tanks with storage capacity of 300 cubic metres or 3 tonnes or more	Tanks with storage capacity of 50 cubic metres or 0.5 tonne or more	Tanks with storage capacity of 1,000 cubic metres or 10 tonnes or more	Tanks with storage capacity of 100 cubic metres or 1 tonne or more	d	第76條：儲存能力在一百立方公尺或一公噸以上之儲槽，應隨時注意有無沈陷現象，如有沉陷現象時，應視其沉陷程度採取適當因應措施。第45條對相同規模儲槽之支柱另定應置於同一基礎並緊密結合；第113條第五款、第174條亦有沈陷注意之規定。	Article 76; compare Articles 45, 113 and 174.	draft	11		
Q3506	OSH	OSH-41	高壓氣體勞工安全規則	第77條	民國111年9月14日	高壓氣體-閥操作	2	操作製造設備之閥時，應考慮何事項並採取措施？該事項應如何落實？	應考慮閥之材質、構造及使用狀況，防止過巨之力加諸於閥上，並訂入工作守則中	應考慮閥之顏色及編號，由二人以上共同操作，並全程錄影存證備供查核	應考慮閥之製造廠牌及價格，防止使用非原廠零件，並報請勞動檢查機構核備	應考慮閥之開啟次數及年限，每屆滿三年即予汰換，並將紀錄保存五年備查	What must be considered when operating valves on manufacturing equipment, and how is it implemented?	The valve material, construction and condition, avoiding excessive force, written into the work rules	The valve colour and number, operated by two persons together, with the whole process video recorded	The valve brand and price, avoiding non-original parts, and reported to the labour inspection agency	The number of operations and service life, replacing every three years, with records kept five years	a	第77條：操作製造設備之閥時，應考慮該閥之材質、構造及使用狀況、採取必要措施以防止過巨之力加諸於閥上，並訂入工作守則中。第113條第六款對儲槽配管之閥、第175條對消費設備之閥、第179條對可燃性氣體等灌氣容器之閥均有相同或準用規定。	Article 77; compare Articles 113, 175 and 179.	draft	11		
Q3507	OSH	OSH-41	高壓氣體勞工安全規則	第78條	民國111年9月14日	高壓氣體-霧劑	3	霧劑之製造作業，對製造設備四周及霧劑之壓力與容量有何規定？	四周二公尺以內不得置放危險性物質；攝氏三十五度時容器內壓八公斤以下且容量在九成以下	四周五公尺以內不得置放危險性物質；攝氏四十度時容器內壓十公斤以下且容量在八成以下	四周十公尺以內不得置放危險性物質；攝氏二十度時容器內壓四公斤以下且容量在七成以下	四周一公尺以內不得置放危險性物質；攝氏五十度時容器內壓十五公斤以下且容量在九五成以下	For aerosol manufacturing, what limits apply around the equipment and to pressure and fill volume?	No dangerous substances within two metres; internal pressure 8 kg/cm2 at 35 C and volume at 90 percent or less	No dangerous substances within five metres; internal pressure 10 kg/cm2 at 40 C and volume at 80 percent or less	No dangerous substances within ten metres; internal pressure 4 kg/cm2 at 20 C and volume at 70 percent or less	No dangerous substances within one metre; internal pressure 15 kg/cm2 at 50 C and volume at 95 percent or less	a	第78條第二款、第五款：霧劑製造設備之四周二公尺以內不得置放中央主管機關指定之危險性物質；霧劑應控制於溫度攝氏三十五度時該容器內壓可維持在每平方公分八公斤以下，且霧劑容量應保持在該容器內容積百分之九十以下之條件下製造。另第三款規定應在不燃性材料構築或被覆之室內製造並嚴禁煙火。	Article 78, subparagraphs 2 and 5.	draft	11		
Q3508	OSH	OSH-41	高壓氣體勞工安全規則	第78條	民國111年9月14日	高壓氣體-霧劑	3	霧劑製造時之加熱方式，及灌裝有霧劑之容器之試驗，各應如何辦理？	加熱應使用紅外線燈或攝氏三十度以下溫風；容器應抽驗半數置於恆溫試驗槽維持攝氏三十五度	加熱應使用電熱毯或攝氏六十度以下溫水；容器應抽驗一成置於溫水試驗槽維持攝氏六十度試驗	加熱應使用熱濕布或攝氏四十度以下溫水；容器應全數置於溫水試驗槽維持攝氏四十八度試驗	加熱應使用蒸汽管或攝氏一百度以下熱水；容器應全數置於冷水試驗槽維持攝氏十度以下試驗	How may aerosol containers be heated, and how are filled aerosol containers tested?	Heat with an infrared lamp or warm air up to 30 C; half sampled in a constant temperature bath at 35 C	Heat with an electric blanket or warm water up to 60 C; ten percent sampled in a water bath held at 60 C	Heat with hot wet cloth or warm water up to 40 C; all containers tested in a water bath held at 48 C	Heat with a steam pipe or hot water up to 100 C; all containers tested in a cold water bath below 10 C	c	第78條第六款、第八款：為製造霧劑而必需加熱灌氣容器、閥或灌裝管路時，應使用熱濕布或溫度在攝氏四十度以下之溫水；灌裝有霧劑之容器，應全數置於溫水試驗槽內維持其溫度於攝氏四十八度或依中央主管機關規定方法試驗時，不致使該霧劑發生漏洩。第七款另定必須顛倒容器時應使用可固定該容器之倒轉台。	Article 78, subparagraphs 6 and 8.	draft	11		
Q3509	OSH	OSH-41	高壓氣體勞工安全規則	第81條	民國111年9月14日	高壓氣體-液化石油氣	2	經認定對公共具有危險之液化石油氣儲槽，應如何設置？	應埋設於地盤內	應圍以防液堤	應塗以紅色標記	應設置於屋頂上	How must LPG tanks recognised as dangerous to the public be installed?	They must be buried within the ground base	They must be surrounded by a liquid dike	They must be painted with red markings	They must be installed on the building roof	a	第81條：經中央主管機關及目的事業主管機關認定對公共具有危險之液化石油氣儲槽應埋設於地盤內。第82條並定該儲槽應設於厚度三十公分以上混凝土造儲槽室內，頂部至少距地面六十公分，併設二個以上儲槽時面間距應在一公尺以上；第83條定一部分埋於地盤內者，埋設部分應施防鏽措施。	Article 81; Articles 82 and 83 set the details.	draft	11		
Q3510	OSH	OSH-41	高壓氣體勞工安全規則	第83條	民國111年9月14日	高壓氣體-液化石油氣	2	埋設之液化石油氣儲槽如僅一部分埋於地盤內時，應如何處理？	該露出部分應施以防火被覆	該埋設部分應施以防鏽措施	該露出部分應設置防護柵欄	該埋設部分應填足乾砂圍繞	If only part of a buried LPG tank is under ground, what is required?	The exposed portion must be given fireproof cladding	The buried portion must be given anti-rust treatment	The exposed portion must be fitted with a guard fence	The buried portion must be surrounded with dry sand	b	第83條：第82條之儲槽之一部分埋於地盤內時，在該埋設部分應施以防鏽措施。第82條第一款並定得以儲槽四周填足乾砂、埋設於水中或於儲槽室內強制換氣等方式辦理，且施有防鏽措施並固定於地盤者得直接埋設於地盤內。	Article 83, read with Article 82.	draft	11		
Q3511	OSH	OSH-41	高壓氣體勞工安全規則	第84條	民國111年9月14日	高壓氣體-準用	3	甲類製造事業單位之第二種製造設備，下列何者屬其應準用之規定？	儲槽相互間之安全距離、防液堤之設置、耐震構造及緊急遮斷裝置設置等相關規定	冷凍設備壓縮機之設置限制、冷媒設備之氣密耐壓試驗及承液器液面計等相關規定	事業場所境界警戒標示、氣密構造、耐壓與氣密試驗、防爆電氣設備及容器放置場等規定	液化石油氣儲槽埋設於地盤內、儲槽室之構造及埋設深度六十公分以上等相關規定	Which rules must Class 2 manufacturing equipment of a Class A enterprise follow by reference?	Separation distances between storage tanks, dike installation, earthquake-resistant construction and emergency shut-off devices	Siting limits for refrigeration compressors, airtightness and pressure tests of refrigerant equipment and receiver level gauges	Site boundary warning signs, gastight construction, pressure and airtightness tests, explosion-proof wiring and cylinder yards	Burial of LPG tanks within the ground, the construction of the tank chamber and burial depth of sixty centimetres	c	第84條：甲類製造事業單位之第二種製造設備，準用第31條、第33條、第38條、第39條、第41條、第43條、第44條、第45條前段、第48條至第49條、第54條及第60條、第66條至第69條、第70條第一款、第71條第七款、第74條至第77條及第79條之規定。第35條、第37條、第46條、第53條、第81條至第83條、第32條、第42條、第51條均未列入準用。	Article 84 lists the provisions applied by reference.	draft	11		
Q3512	OSH	OSH-41	高壓氣體勞工安全規則	第86條	民國111年9月14日	高壓氣體-加氣站	2	加氣站之液化石油氣灌裝，應採取哪些防止氣體漏洩或爆炸之措施？	應於車輛熄火並設置輪擋後始得連接裝卸設備；並添加百分之一即可察覺臭味之臭劑	應於灌裝後靜置二十四小時確認無漏洩；並添加千分之五即可察覺臭味之臭劑	應於灌裝前實施容器音響檢查及內部檢查；並添加萬分之一即可察覺臭味之臭劑	應拆卸容器與裝卸設備之連接部分後始得移動車輛；並添加千分之一即可察覺臭味之臭劑	What measures must a filling station take when filling LPG?	Stop the engine and chock the wheels before connecting the loading equipment; add odorant detectable at one per hundred	Leave the container standing 24 hours after filling to confirm no leak; add odorant detectable at five per thousand	Carry out sound and internal inspection of the container before filling; add odorant detectable at one per ten thousand	Disconnect the container from the loading equipment before moving the vehicle; add odorant detectable at one per thousand	d	第86條：液化石油氣之灌裝，應採取防止氣體漏洩或爆炸之措施，並依下列規定：一、應拆卸容器與裝卸設備之連接部分後，始得移動車輛。二、應添加當液化石油氣漏洩於空氣中之含量達容量之千分之一即可察覺臭味之臭劑。第85條另定承受灌裝之車輛應距離地面上儲槽外面三公尺以上，設防護柵者不在此限。	Article 86; see also Article 85.	draft	11		
Q3513	OSH	OSH-41	高壓氣體勞工安全規則	第87條	民國111年9月14日	高壓氣體-準用	3	加氣站之設置，除第八十五條、第八十六條外，下列何者屬其準用之規定？	冷凍設備壓縮機之設置限制，及冷媒設備之氣密試驗與耐壓試驗等相關規定	液化石油氣儲槽之耐熱性構造或冷卻用撒水設備，及儲槽埋設於地盤內等相關規定	毒性氣體製造設備之防毒措施、配管二重管構造及毒性危害標示等相關規定	灌裝壓縮乙炔氣場所之撒水裝置，及防護牆厚度十二公分以上等相關之規定	Besides Articles 85 and 86, which rules apply to a gas filling station by reference?	Siting limits for refrigeration compressors, and airtightness and hydrostatic tests of refrigerant equipment	Heat-resistant construction or cooling sprinklers for LPG tanks, and burial of tanks within the ground base	Anti-poison measures for toxic gas equipment, double-pipe construction and toxicity hazard marking rules	Sprinkler systems at compressed acetylene filling places, and protective walls at least twelve centimetres thick	b	第87條：加氣站除依第85條、第86條規定外，並準用第31條、第33條、第35條至第39條、第41條、第43條至第46條、第48條至第54條、第57條、第60條、第66條至第69條、第70條第一款、第75條至第77條、第79條、第81條至第83條之規定。第56條、第58條、第59條、第61條、第63條至第65條、第32條、第42條均未列入準用。	Article 87 lists the provisions applied by reference.	draft	11		
Q3514	OSH	OSH-41	高壓氣體勞工安全規則	第88條	民國111年9月14日	高壓氣體-移動式	1	甲類製造事業單位之移動式製造設備，對危險性物質堆積場所有何規定？	製造設備得緊鄰危險性物質堆積場所設置	製造設備不得靠近危險性物質之堆積場所	製造設備應設於危險性物質堆積場所下風處	製造設備應距危險性物質堆積場所一公尺	What rule applies to mobile manufacturing equipment near stacks of dangerous substances?	The equipment may be placed immediately adjacent to such stacking places	The equipment must not be placed close to places stacking dangerous substances	The equipment must be sited downwind of places stacking dangerous substances	The equipment must be kept one metre away from such stacking places	b	第88條：移動式製造設備不得靠近危險性物質之堆積場所。第89條並定製造設備在從事製造作業中應於外面明顯處所設置警戒標示；第96條、第98條第二款規定乙類製造事業單位之移動式製造設備準用第88條至第91條。	Article 88; see also Articles 89 and 96.	draft	11		
Q3515	OSH	OSH-41	高壓氣體勞工安全規則	第89條	民國111年9月14日	高壓氣體-移動式	1	移動式製造設備在從事製造作業中，應如何標示？	應於外面明顯處所設置警戒標示	應於車輛前後設置車輛編號標示	應於作業區域設置人員管制標示	應於容器外面設置耐壓試驗標示	How must mobile manufacturing equipment be marked while manufacturing is under way?	A warning sign must be posted at a conspicuous place outside	A vehicle number plate must be posted at the front and rear	A personnel control sign must be posted in the working area	A pressure test mark must be posted on the container outside	a	第89條：移動式製造設備在從事製造作業中，應於外面明顯處所設置警戒標示。第31條對固定式製造設備之事業場所亦要求設置容易辨識之警戒標示；第79條第一款則要求容器放置場外面明顯處所設置警戒標示。	Article 89; compare Articles 31 and 79.	draft	11		
Q3516	OSH	OSH-41	高壓氣體勞工安全規則	第90條	民國111年9月14日	高壓氣體-移動式	2	移動式製造設備之高壓氣體設備，其試驗及厚度應準用何項規定？	應經構造檢查及重新檢查合格，試驗及厚度準用高壓氣體特定設備之相關規定	應經放射線檢查及浸透探傷試驗合格，試驗及厚度準用導管設置之相關規定	應經耐壓試驗及氣密試驗合格並具一定厚度，試驗及厚度準用高壓氣體設備之規定	應經超音波探傷及磁粉探傷檢查合格，試驗及厚度準用冷凍機器容器之相關規定	What tests and thickness rules apply to high-pressure gas equipment of mobile manufacturing equipment?	It must pass construction and re-inspection checks and meet thickness rules for specified pressure equipment	It must pass radiographic and penetrant testing and meet thickness rules applying to pipeline installation	It must pass hydrostatic and airtightness tests and meet thickness rules for high-pressure gas equipment	It must pass ultrasonic and magnetic particle testing and meet thickness rules for refrigeration containers	c	第90條：移動式製造設備之高壓氣體設備（除容器及中央主管機關規定者外）應經耐壓試驗、氣密試驗合格，並具一定之厚度；前項試驗及厚度，準用第41條及第43條之規定，即以常用壓力一．五倍以上實施耐壓試驗、常用壓力以上實施氣密試驗，並具常用壓力二倍以上加壓不致降伏變形之厚度。	Article 90, applying Articles 41 and 43.	draft	11		
Q3517	OSH	OSH-41	高壓氣體勞工安全規則	第91條	民國111年9月14日	高壓氣體-移動式	1	移動式製造設備中可燃性氣體及氧氣之製造設備，應設置何種設備？	應依消防法有關規定設置必要之滅火設備	應依消防法有關規定設置必要之緊急照明設備	應依環境保護有關規定設置必要之除毒設備	應依建築管理法規設置必要之防火區劃設施	What must be provided for flammable gas and oxygen mobile manufacturing equipment?	Necessary fire extinguishing equipment under the Fire Services Act	Necessary emergency lighting equipment under the Fire Services Act	Necessary detoxification equipment under environmental protection law	Necessary fire compartmentation under the building administration rules	a	第91條：移動式製造設備中，可燃性氣體及氧氣之製造設備，應依消防法有關規定設置必要之滅火設備。第67條對固定式製造設備亦定應依消防法設必要之消防設備；第93條第九款規定液化石油氣灌裝並準用第67條。	Article 91; compare Article 67.	draft	11		
Q3518	OSH	OSH-41	高壓氣體勞工安全規則	第92條	民國111年9月14日	高壓氣體-移動式	3	移動式製造設備灌注液化氣體於儲槽時，其容量限制及對原動機火花之要求為何？	不得超過該儲槽常用溫度下槽內容積之百分之七十；使用液化石油氣等設備時應以惰性氣體先行置換	不得超過該儲槽常用溫度下槽內容積之百分之八十；使用液化石油氣等設備時應停止原動機並熄火	不得超過該儲槽常用溫度下槽內容積之百分之九十五；使用液化石油氣等設備時應加裝防爆型排氣管	不得超過該儲槽常用溫度下槽內容積之百分之九十；使用液化石油氣等設備時應防止原動機產生火花	When mobile equipment fills liquefied gas into a tank, what volume limit and engine-spark rule apply?	Not over 70 percent of tank volume at normal temperature; the tank must first be purged with inert gas	Not over 80 percent of tank volume at normal temperature; the prime mover must be stopped and switched off	Not over 95 percent of tank volume at normal temperature; an explosion-proof exhaust pipe must be fitted	Not over 90 percent of tank volume at normal temperature; sparks from the prime mover must be prevented	d	第92條第二款、第三款：灌注液化氣體於儲槽時，應控制該液化氣體容量不超過該儲槽在常用溫度下槽內容積之百分之九十；使用液化石油氣、環丙烷、甲胺、二甲醚及此等之混合物製造設備灌裝高壓氣體時，應採防止該設備之原動機產生之火花。第71條第一款對固定式製造設備亦定百分之九十之上限，並要求液化毒性氣體儲槽設自動探測及警報設施。	Article 92, subparagraphs 2 and 3; compare Article 71.	draft	11		
Q3519	OSH	OSH-41	高壓氣體勞工安全規則	第92條	民國111年9月14日	高壓氣體-移動式	2	移動式製造設備將高壓氣體灌注於固定在車輛上內容積多少以上之容器或自其抽出時，應採何措施？並對靜電有何要求？	內容積一萬公升以上；應設置適當之防液堤並加以固定，灌裝可燃性氣體並應撒水	內容積一千公升以上；應設置適當之防護柵並加以固定，灌裝可燃性氣體並應接地	內容積三千公升以上；應設置適當之滅火器並加以固定，灌裝可燃性氣體並應通風	內容積五千公升以上；應設置適當之輪擋並加以固定，灌裝可燃性氣體並應除卻靜電	Vehicles with containers of what volume need wheel chocks during filling or withdrawal, and what static rule applies?	10,000 litres or more; suitable dikes and fixing, plus water spraying when filling flammable gas into them	1,000 litres or more; suitable guard fences and fixing, plus earthing when filling flammable gas into them	3,000 litres or more; suitable extinguishers and fixing, plus ventilation when filling flammable gas in them	5,000 litres or more; suitable wheel chocks and fixing, plus static elimination when filling flammable gas	d	第92條第五款、第六款：灌裝可燃性氣體時應採取可除卻該設備可能產生靜電之措施；將高壓氣體灌注於固定在車輛上內容積在五千公升以上之容器或自該容器抽出高壓氣體時，應在該車輛設置適當之輪擋並加以固定。第71條第三款對固定式製造設備亦有相同之五千公升輪擋規定。	Article 92, subparagraphs 5 and 6; compare Article 71.	draft	11		
Q3520	OSH	OSH-41	高壓氣體勞工安全規則	第94條	民國111年9月14日	高壓氣體-準用	2	甲類製造事業單位之冷凍用高壓氣體製造設備，下列何者屬其準用之規定？	儲槽相互間安全距離、防液堤設置、耐震構造及儲槽配管緊急遮斷裝置等相關規定	液化石油氣儲槽埋設地盤內、儲槽室構造及加氣站承受灌裝車輛距離等規定	境界警戒標示、冷凍設備壓縮機設置限制、冷媒設備之耐壓氣密試驗及承液器液面計等	毒性氣體製造設備之防毒措施、配管熔接接合及二重管構造等相關之各項規定	Which rules apply by reference to refrigeration high-pressure gas manufacturing equipment of a Class A enterprise?	Separation distances between tanks, dike installation, earthquake-resistant construction and tank emergency shut-off devices	Burial of LPG tanks in the ground, tank chamber construction and vehicle distance rules at gas filling stations	Boundary warning signs, siting limits for refrigeration compressors, refrigerant equipment tests and receiver level gauges	Anti-poison measures for toxic gas equipment, welded joints for piping and double-pipe construction requirements	c	第94條：冷凍用高壓氣體製造設備，準用第31條、第32條、第38條、第40條、第42條、第48條、第50條、第51條、第67條之規定，即包括事業場所境界線與警戒標示、冷凍設備壓縮機等之設置限制、廠房不滯留構造、防漏洩構造、冷媒設備氣密與耐壓試驗、壓力表與安全裝置、低溫儲槽防破裂措施、液面計及消防設備。	Article 94 lists the provisions applied by reference.	draft	11		
Q3521	OSH	OSH-41	高壓氣體勞工安全規則	第95條	民國111年9月14日	高壓氣體-乙類	3	乙類製造事業單位之固定式製造設備，下列何者屬其準用之規定？	液化石油氣儲槽之耐熱構造、埋設於地盤內及儲槽室構造等相關之各項規定	境界警戒標示、可燃性氣體儲槽塗紅色、氣密構造、防爆電氣設備及毒性氣體防毒措施等	冷凍設備壓縮機之設置限制、冷媒設備之氣密試驗與耐壓試驗等相關規定	儲槽相互間之安全距離、防液堤設置、耐震構造及儲槽配管之緊急遮斷裝置等規定	Which rules apply by reference to fixed manufacturing equipment of a Class B enterprise?	Heat-resistant construction of LPG tanks, burial within the ground base and construction rules for the tank chamber	Boundary warning signs, red painting of flammable gas tanks, gastight construction, explosion-proof wiring and anti-poison measures	Siting limits for refrigeration compressors, and airtightness and hydrostatic testing of refrigerant equipment generally	Separation distances between storage tanks, dike installation, earthquake-resistant construction and tank emergency shut-off devices	b	第95條：乙類製造事業單位之固定式製造設備之設置，準用第31條、第33條、第36條、第38條、第39條、第41條、第43條、第48條、第49條、第51條、第54條、第60條、第63條至第67條之規定，包含警戒標示、與處理煙火設備距離八公尺、儲槽塗紅色、氣密構造、耐壓與氣密試驗、壓力表與釋放管、液面計、防爆電氣設備、漏洩警報、毒性標示、熔接接合、二重管、靜電除卻及消防設備。	Article 95 lists the provisions applied by reference.	draft	11		
Q3522	OSH	OSH-41	高壓氣體勞工安全規則	第96條	民國111年9月14日	高壓氣體-乙類	1	乙類製造事業單位之移動式製造設備，其設置準用何種規定？	準用不得靠近危險性物質堆積場所、警戒標示、耐壓氣密試驗及滅火設備等規定	準用毒性氣體防毒措施、二重管構造、熔接接合及毒性危害標示等相關規定	準用液化石油氣儲槽埋設地盤內、儲槽室構造及防鏽措施等相關之各項規定	準用儲槽相互間距離、防液堤設置、耐震構造及緊急遮斷裝置設置等相關規定	Which rules apply by reference to mobile manufacturing equipment of a Class B enterprise?	Keeping away from dangerous substance stacks, warning signs, pressure and airtightness tests, and extinguishers	Anti-poison measures for toxic gas, double-pipe construction, welded joints and toxicity hazard marking rules	Burial of LPG tanks within the ground base, tank chamber construction and anti-rust treatment requirements	Separation distances between storage tanks, dike installation, earthquake-resistant construction and shut-off devices	a	第96條：乙類製造事業單位之移動式製造設備之設置，準用第88條至第91條之規定，即不得靠近危險性物質堆積場所、作業中應設警戒標示、高壓氣體設備應經耐壓與氣密試驗合格並具一定厚度、可燃性氣體及氧氣製造設備應依消防法設滅火設備。	Article 96, applying Articles 88 to 91.	draft	11		
Q3523	OSH	OSH-41	高壓氣體勞工安全規則	第98條	民國111年9月14日	高壓氣體-乙類	3	乙類液化石油氣製造事業單位之製造作業，有哪些特別規定？	灌裝時應距處置煙火場所、多數人聚集場所或堆置危險性物質場所八公尺以上；不得灌裝於內容積千公升以下容器	灌裝時應距處置煙火場所、多數人聚集場所或堆置危險性物質場所五公尺以上；不得灌裝於固定在車輛之容器	灌裝時應距處置煙火場所、多數人聚集場所或堆置危險性物質場所十公尺以上；不得灌裝於未設液面計之儲槽	灌裝時應距處置煙火場所、多數人聚集場所或堆置危險性物質場所三公尺以上；不得灌裝於超低溫或低溫之容器	What special rules govern manufacturing operations of a Class B LPG enterprise?	Fill at least 8 metres from open flames, crowded places or dangerous substance stacks; no filling of containers under 1,000 litres	Fill at least 5 metres from open flames, crowded places or dangerous substance stacks; no filling of vehicle-mounted containers	Fill at least 10 metres from open flames, crowded places or dangerous substance stacks; no filling of tanks lacking level gauges	Fill at least 3 metres from open flames, crowded places or dangerous substance stacks; no filling of low-temperature containers	b	第98條第三款：乙類液化石油氣製造事業單位之製造作業，灌裝液化石油氣時應距離處置煙火場所、多數人聚集場所或堆置有危險性物質場所五公尺以上；不得灌裝於固定在車輛之容器；並準用第71條第七款、第74條及第79條之規定。第97條第一款對乙類製造事業單位灌注高壓氣體於容器亦定五公尺以上。	Article 98, subparagraph 3; compare Article 97.	draft	11		
Q3524	OSH	OSH-41	高壓氣體勞工安全規則	第98條	民國111年9月14日	高壓氣體-乙類	2	乙類液化石油氣製造事業單位之固定式製造設備，下列何者屬其準用之規定？	冷凍設備壓縮機設置限制、冷媒設備氣密與耐壓試驗及承液器液面計等相關規定	灌裝壓縮乙炔氣場所之撒水裝置、防護牆及緊急電源設置等相關之各項規定	毒性氣體之防毒措施、二重管構造、熔接接合及毒性危害標示等相關之各項規定	境界警戒標示、儲槽塗紅色、耐震構造、壓力表與安全裝置、液面計及防爆電氣設備等	Which rules apply by reference to fixed manufacturing equipment of a Class B LPG enterprise?	Siting limits for refrigeration compressors, airtightness and pressure testing of refrigerant equipment and receiver level gauges	Sprinkler systems at compressed acetylene filling places, protective walls and emergency power supply requirements	Anti-poison measures for toxic gas, double-pipe construction, welded joints and toxicity hazard marking requirements	Boundary warning signs, red tank painting, earthquake-resistant construction, pressure gauges, level gauges and explosion-proof wiring	d	第98條第一款：乙類液化石油氣製造事業單位之固定式製造設備之設置，準用第31條、第33條、第36條、第38條、第39條、第41條、第43條至第46條、第48條、第49條、第51條、第54條、第66條、第67條之規定，其中第46條為塔槽等之耐震構造。毒性氣體相關之第61條至第65條、冷凍相關之第32條、第42條及第56條至第59條均未列入。	Article 98, subparagraph 1.	draft	11		
Q3525	OSH	OSH-41	高壓氣體勞工安全規則	第99條	民國111年9月14日	高壓氣體-乙類冷凍	3	乙類冷凍用高壓氣體製造事業單位，於設置或變更製造設備之工程終了時，應如何確認後始得供製造作業使用？	非經以空氣直接試運轉，或以設計壓力三倍以上之壓力實施破壞試驗後，不得供使用	非經以氧氣以外之氣體試運轉，或以最高使用壓力以上之壓力實施氣密試驗後，不得使用	非經以氧氣試運轉，或以常用壓力二倍以上之壓力實施耐壓試驗合格後，不得供使用	非經勞動檢查機構派員實施構造檢查及重新檢查合格並發給檢查合格證後，不得使用	Before a Class B refrigeration enterprise may use newly installed or altered manufacturing equipment, what is required?	A direct trial run with air, or a destructive test at three times or more the design pressure passed	A trial run with a gas other than oxygen, or an airtightness test at or above maximum working pressure	A trial run using oxygen, or a hydrostatic test at twice or more the normal working pressure passed	An inspection by the labour inspection agency issuing a construction inspection certificate first	b	第99條第三款第一目：設置或變更製造設備之工程終了時，非經以氧氣以外之氣體試運轉或以最高使用壓力以上之壓力實施氣密試驗（使用空氣時，應於事前排除冷媒設備中之可燃性氣體後實施者為限）後，不得供製造作業使用。第103條規定甲乙類以外之冷凍高壓氣體製造事業單位準用本目。	Article 99, subparagraph 3(1); applied by Article 103.	draft	11		
Q3526	OSH	OSH-41	高壓氣體勞工安全規則	第100條	民國111年9月14日	高壓氣體-其他事業單位	2	甲類及乙類製造事業單位以外之製造事業單位，以緩衝裝置及中央主管機關規定之設施從事高壓氣體製造者，應準用何規定？	準用儲槽相互間之安全距離、防液堤設置及耐震構造等相關之各項規定	準用毒性氣體防毒措施、二重管構造及毒性危害標示等相關之各項規定	準用液化石油氣儲槽埋設地盤內、儲槽室構造與防鏽措施等相關規定	準用高壓氣體設備耐壓與氣密試驗、厚度規定及安全閥停止閥全開放等規定	Which rules apply to non-Class A or B enterprises manufacturing with buffer devices and designated facilities?	Separation distances between storage tanks, dike installation and earthquake-resistant construction requirements	Anti-poison measures for toxic gas, double-pipe construction and toxicity hazard marking requirements	Burial of LPG tanks in the ground base, tank chamber construction and anti-rust treatment requirements	Pressure and airtightness tests, thickness rules for equipment, and keeping safety valve stop valves fully open	d	第100條第一款：以緩衝裝置及中央主管機關規定之設施從事高壓氣體之製造者，準用第41條、第43條及第70條第一款之規定，即耐壓與氣密試驗、厚度規定，及附設於安全閥或釋放閥之停止閥應經常維持全開放狀態。第二款則對其他設施定準用第70條、第71條、第72條、第97條部分款次。	Article 100, subparagraph 1.	draft	11		
Q3527	OSH	OSH-41	高壓氣體勞工安全規則	第101條	民國111年9月14日	高壓氣體-製造限制	3	以導管供應原料氣體予甲類製造事業單位者，下列哪一組氣體不得製造？	乙炔乙烯氫氣以外可燃性氣體含氧達百分之四；乙炔乙烯或氫氣含氧達百分之二	乙炔乙烯氫氣以外可燃性氣體含氧達百分之二；乙炔乙烯或氫氣含氧達百分之四	乙炔乙烯氫氣以外可燃性氣體含氧達百分之十；乙炔乙烯或氫氣含氧達百分之五	乙炔乙烯氫氣以外可燃性氣體含氧達百分之一；乙炔乙烯或氫氣含氧達百分之零點五	Which combination of gases may not be manufactured by an enterprise supplying raw gas by pipeline to a Class A enterprise?	Flammable gases other than acetylene, ethylene, hydrogen with 4 percent oxygen; those three with 2 percent oxygen	Flammable gases other than acetylene, ethylene, hydrogen with 2 percent oxygen; those three with 4 percent oxygen	Flammable gases other than acetylene, ethylene, hydrogen with 10 percent oxygen; those three with 5 percent oxygen	Flammable gases other than acetylene, ethylene, hydrogen with 1 percent oxygen; those three with 0.5 percent oxygen	a	第101條：可燃性氣體（除乙炔、乙烯及氫氣外）中含氧容量佔全體容量百分之四以上者、乙炔乙烯或氫氣中含氧容量佔百分之二以上者、氧氣中乙炔乙烯及氫氣容量合計佔百分之二以上者、氧氣中可燃性氣體容量佔百分之四以上者，均不得製造。第70條第三款對壓縮亦有相同之百分比限制。	Article 101; the same limits appear in Article 70.	draft	11		
Q3528	OSH	OSH-41	高壓氣體勞工安全規則	第102條	民國111年9月14日	高壓氣體-液化石油氣	2	甲類及乙類製造事業單位以外之液化石油氣製造事業單位，其製造設施準用何規定？	準用儲槽相互間安全距離、防液堤設置及耐震構造設計等相關之各項規定	準用工業用容器臭劑貼籤與添加臭劑，及灌裝距離五公尺與禁灌車輛容器之規定	準用冷凍設備壓縮機設置限制及冷媒設備氣密耐壓試驗等相關之規定	準用毒性氣體防毒措施、熔接接合與二重管構造等相關之各項規定內容	Which rules apply to LPG manufacturers other than Class A and Class B enterprises?	Separation distances between storage tanks, dike installation and earthquake-resistant design requirements	Odorant labels and odorant addition, plus the five-metre filling distance and the ban on vehicle containers	Siting limits for refrigeration compressors and airtightness and hydrostatic testing of refrigerant units	Anti-poison measures for toxic gas, welded joints and double-pipe construction requirements generally	b	第102條：甲類製造事業單位及乙類製造事業單位以外之液化石油氣製造事業單位之製造設施，準用第74條及第98條第三款（一）及（二）之規定，即工業用液化石油氣容器應張貼紅字未添加臭劑貼籤、其他液化石油氣應添加臭劑，以及灌裝時應距煙火等場所五公尺以上、不得灌裝於固定在車輛之容器。	Article 102, applying Articles 74 and 98.	draft	11		
Q3529	OSH	OSH-41	高壓氣體勞工安全規則	第103條	民國111年9月14日	高壓氣體-冷凍	2	甲類及乙類製造事業單位以外之冷凍高壓氣體製造事業單位，其製造作業準用何規定？	準用毒性氣體製造設備之防毒措施與吸收劑選擇及防毒面罩保管等相關之規定	準用高壓氣體設備應以常用壓力二倍以上壓力加壓不致降伏變形之厚度等相關規定	準用儲槽相互間之安全距離、防液堤設置及緊急遮斷裝置設置等相關之規定	準用工程終了時應以氧氣以外氣體試運轉或以最高使用壓力以上壓力實施氣密試驗之規定	Which rule applies to refrigeration high-pressure gas manufacturers other than Class A and Class B enterprises?	The rule requiring anti-poison measures, absorbent selection and safe keeping of respirators for toxic gas	The rule requiring equipment thickness that will not yield at twice the normal working pressure applied	The rule requiring separation distances between tanks, dike installation and emergency shut-off devices	The rule requiring a trial run with non-oxygen gas or an airtightness test at maximum working pressure	d	第103條：甲類製造事業單位及乙類製造事業單位以外之冷凍高壓氣體製造事業單位之製造設施，其製造作業準用第99條第三款第一目之規定，即設置或變更製造設備之工程終了時，非經以氧氣以外之氣體試運轉或以最高使用壓力以上之壓力實施氣密試驗後，不得供製造作業使用。	Article 103, applying Article 99.	draft	11		
Q3530	OSH	OSH-41	高壓氣體勞工安全規則	第104條	民國111年9月14日	高壓氣體-供應	2	供應高壓氣體予消費事業單位之供應事業單位，應置備何種文件？	應置備記載有供應數量與金額之交易憑證及帳冊	應置備記載有消費事業單位安全狀況之紀錄簿冊	應置備記載有駕駛人資格與車籍之運輸管理紀錄	應置備記載有容器耐壓試驗值之檢查合格證影本	What document must a high-pressure gas supply enterprise keep?	A transaction voucher and ledger recording supply quantities and amounts	A record book recording the safety status of the consuming enterprises	A transport management record of driver qualifications and vehicle data	A copy of the inspection certificate recording container test pressures	b	第104條：供應（含與供應有關之儲存及以導管之輸送）高壓氣體予高壓氣體消費事業單位之高壓氣體供應事業單位，應置備記載有消費事業單位安全狀況之紀錄簿冊。第105條對以第一種供應設備供應液化石油氣之第一種供應事業單位亦有相同規定。第242條定本條不適用於液化石油氣。	Article 104; Article 105 applies the same to Class 1 LPG suppliers.	draft	11		
Q3531	OSH	OSH-41	高壓氣體勞工安全規則	第105條	民國111年9月14日	高壓氣體-液化石油氣	2	以第一種供應設備供應液化石油氣之第一種供應事業單位，應置備何種文件？	應置備記載有調整器耐壓試驗值之合格證影本	應置備記載有灌氣容器數量與流向之管制卡片	應置備記載有消費事業單位安全狀況之紀錄簿冊	應置備記載有臭劑添加濃度之檢驗報告及紀錄	What document must a Class 1 LPG supply enterprise keep?	A copy of the certificate recording regulator hydrostatic test values	A control card recording the number and movement of filled cylinders	A record book recording the safety status of the consuming enterprises	A test report and record of the odorant concentration actually added	c	第105條：以第一種供應設備供應液化石油氣予液化石油氣消費事業單位之液化石油氣供應事業單位（第一種供應事業單位），應置備記載有消費事業單位安全狀況之紀錄簿冊。第24條並定第一種供應設備係在供應事業場所以灌氣容器或殘氣容器供應液化石油氣之各該設備；第235條規定供應事業單位應選任高壓氣體供應安全作業主管。	Article 105; see also Articles 24 and 235.	draft	11		
Q3532	OSH	OSH-41	高壓氣體勞工安全規則	第106條	民國111年9月14日	高壓氣體-容器	2	供應之高壓氣體灌氣容器等，應符合何項要求？	不得有內容積超過五千公升者，且應設置防波板與液面計	不得有腐蝕、裂隙、裂痕、皺紋等，且應無漏氣情形	不得有超過有效期限六月者，且應張貼製造年月日貼籤	不得有塗裝剝落、標示不清等，且應每年檢驗一次以上	What condition must filled high-pressure gas cylinders for supply meet?	Free from any over 5,000 litres volume, and fitted with baffles and level gauges	Free from corrosion, cracks, fissures or wrinkles, and without any gas leakage	Free from any exceeding six months validity, with a manufacturing date label	Free from peeling paint or unclear marking, and inspected at least once a year	b	第106條：高壓氣體灌氣容器等，不得有腐蝕、裂隙、裂痕、皺紋等，且無漏氣者。第108條對供應冷媒氣體之設備亦定不得有腐蝕、裂隙、裂痕、皺紋等致減弱其強度且無漏洩冷媒氣體者；第107條則定壓縮天然氣灌氣容器等應標示使用期間不得超過有效期限六月。第243條定本條不適用於冷凍用高壓氣體。	Article 106; compare Articles 107 and 108.	draft	11		
Q3533	OSH	OSH-41	高壓氣體勞工安全規則	第107條	民國111年9月14日	高壓氣體-容器	2	壓縮天然氣之灌氣容器等，對使用期間應如何標示？	應明確標示使用期間不得超過有效期限三月	應明確標示使用期間不得超過有效期限一年	應明確標示使用期間不得超過有效期限六月	應明確標示使用期間不得超過有效期限二年	How must the usable period of compressed natural gas cylinders be marked?	Clearly marked that the period may not exceed three months of validity	Clearly marked that the period may not exceed one year of validity	Clearly marked that the period may not exceed six months of validity	Clearly marked that the period may not exceed two years of validity	c	第107條：壓縮天然氣之灌氣容器等，應明確標示使用期間不得超過有效期限六月。第116條第三款對氰化氫之儲存亦定自灌裝於容器之日起算不得超過六十日，但純度百分之九十八以上且未著色者不在此限；第106條並定灌氣容器等不得有腐蝕裂痕且無漏氣。	Article 107; compare Articles 106 and 116.	draft	11		
Q3534	OSH	OSH-41	高壓氣體勞工安全規則	第108條	民國111年9月14日	高壓氣體-供應	2	供應冷媒氣體時，其設備應符合何項要求？	不得有振動、噪音、異味等致影響其運轉，且應無超過設計溫度之情形	不得有腐蝕、裂隙、裂痕、皺紋等致減弱其強度，且應無漏洩冷媒氣體	不得有塗裝剝落、標示不清等致難以辨識，且應無超過有效期限之情形	不得有超過內容積百分之九十之灌裝量，且應無未設液面計之承液器	What condition must equipment meet when supplying refrigerant gas?	No vibration, noise or odour affecting its operation, and no exceeding of the design temperature	No corrosion, cracks, fissures or wrinkles weakening its strength, and no refrigerant leakage	No peeling paint or unclear marking making it hard to identify, and no expiry of the valid period	No filling above ninety percent of internal volume, and no receiver lacking a liquid level gauge	b	第108條：供應冷媒氣體時，其設備不得有腐蝕、裂隙、裂痕、皺紋等致減弱其強度，且無漏洩冷媒氣體者。第106條對高壓氣體灌氣容器等亦有相同要求；第206條並定冷凍機器之冷媒設備應具有可防止振動、衝擊、腐蝕等致使冷媒氣體外洩者。	Article 108; compare Articles 106 and 206.	draft	11		
Q3535	OSH	OSH-41	高壓氣體勞工安全規則	第110條	民國111年9月14日	高壓氣體-供應	3	供應事業單位（不含液化石油氣及冷凍用高壓氣體者）之供應設施，其容器放置場、儲槽及導管各準用何規定？	容器以配管連接者準用容器儲存及儲存場規定，其他者準用容器放置場規定；儲槽及導管另有準用	容器一律準用加氣站灌裝之規定；儲槽準用埋設於地盤內之規定；導管準用二重管構造之規定	容器一律準用固定於車輛容器之運輸規定；儲槽準用防液堤規定；導管準用冷媒設備試驗之規定	容器一律準用霧劑製造之規定；儲槽準用耐震構造之規定；導管準用毒性氣體除毒設備之規定	For a supply enterprise, which rules apply to cylinder yards, storage tanks and pipelines?	Pipe-connected cylinders follow container storage and yard rules, others the cylinder yard rules; tanks and pipelines separately	All cylinders follow the gas filling station rules; tanks follow the rules on burial in the ground; pipelines follow double-pipe rules	All cylinders follow the rules for containers fixed on vehicles; tanks follow dike rules; pipelines follow refrigerant test rules	All cylinders follow the aerosol manufacturing rules; tanks follow earthquake-resistant rules; pipelines follow detox equipment rules	a	第110條：供應事業單位之供應設施除依第104條、第106條、第107條、第109條（不含第六款、第八款）外，容器以配管連接者其容器放置場及灌氣容器等準用第116條及第121條第一款，其他者準用第79條；儲槽準用第113條及第119條；導管準用第80條之規定。	Article 110 lists the provisions applied by reference.	draft	11		
Q3536	OSH	OSH-41	高壓氣體勞工安全規則	第111條	民國111年9月14日	高壓氣體-液化石油氣	1	液化石油氣之容器放置場及灌氣容器等，其設置準用何規定？	準用固定於車輛容器之防波板、高度檢知桿、工作箱距離及液面計材質等相關規定	準用冷凍設備之壓縮機設置限制、冷媒設備耐壓氣密試驗及承液器液面計等規定	準用毒性氣體製造設施之防毒措施、二重管構造及毒性危害標示等相關之各項規定	準用容器放置場之警戒標示、輕質屋頂、不滯留構造、滅火設備及溫度四十度以下等規定	Which rules apply by reference to LPG cylinder yards and filled cylinders?	The rules for vehicle-mounted containers on baffles, height detectors, tool box distances and level gauge materials	The refrigeration rules on compressor siting limits, refrigerant equipment testing and receiver level gauges	The rules for toxic gas manufacturing on anti-poison measures, double-pipe construction and hazard marking	The cylinder yard rules on warning signs, light roofs, non-accumulating structure, extinguishers and 40 C limit	d	第111條：液化石油氣容器放置場及灌氣容器等，準用第79條之規定。第79條要求容器放置場明確標示並設警戒標示、輕質屋頂、可燃性氣體漏洩不滯留構造、除毒設備、滅火設備、灌氣與殘氣容器分別放置、四周二公尺內禁煙火、溫度保持攝氏四十度以下、防翻倒掉落措施及不得攜入火源機具等。	Article 111, applying Article 79.	draft	11		
Q3537	OSH	OSH-41	高壓氣體勞工安全規則	第112條	民國111年9月14日	高壓氣體-液化石油氣	2	以第二種供應設備供應液化石油氣時，其設置準用何規定？	準用冷凍機器容器之超音波探傷、放射線檢查及磁粉探傷試驗等相關之規定	準用加氣站承受灌裝車輛距離、拆卸連接部分及添加臭劑等相關之各項規定內容	準用毒性氣體之防毒措施、熔接接合、二重管構造及毒性危害標示等相關規定	準用消防設備、供應紀錄簿冊、容器狀態、消費設備確認、儲槽儲存及容器儲存等規定	Which rules apply by reference to supplying LPG with Class 2 supply equipment?	Refrigeration container rules on ultrasonic testing, radiographic examination and magnetic particle testing	Gas filling station rules on vehicle distance, disconnecting the loading equipment and adding odorant to the gas	Toxic gas rules on anti-poison measures, welded joints, double-pipe construction and toxicity hazard marking	Fire equipment, supply record books, cylinder condition, consumer equipment checks, tank storage and container storage	d	第112條：以第二種供應設備供應液化石油氣時，其設置準用第67條、第105條至第107條、第109條、第113條、第116條、第120條、第122條之規定，即消防設備、消費事業單位安全狀況紀錄簿冊、容器不得腐蝕裂痕、壓縮天然氣有效期限、消費設備之確認事項、以儲槽儲存、以容器儲存及液化石油氣儲存場等規定。第24條並定第二種供應設備為第一種以外者。	Article 112 lists the provisions applied by reference.	draft	11		
Q3538	OSH	OSH-41	高壓氣體勞工安全規則	第114條	民國111年9月14日	高壓氣體-冷凍	1	冷凍設備對於翻落、翻倒引起之衝擊，應如何處理？	應採取因振動、共振等引起之疲勞之檢測措施	應採取因高溫、低溫等引起之變形之絕熱措施	應採取因翻落、翻倒等引起之衝擊之預防措施	應採取因腐蝕、劣化等引起之破裂之補強措施	What must be done about impact from falling or toppling of refrigeration equipment?	Measures detecting fatigue caused by vibration or resonance of the equipment	Measures insulating against deformation caused by high or low temperature	Measures preventing impact caused by falling or toppling over of the equipment	Measures reinforcing against rupture caused by corrosion or deterioration	c	第114條：冷凍設備應採取因翻落、翻倒等引起之衝擊之預防措施。第115條規定冷凍高壓氣體之儲存準用本條；第79條第十款對灌氣容器等（內容積五公升以下者除外）亦要求採取防止因翻倒、掉落引起衝擊及損傷附屬閥等之措施。	Article 114; applied to storage by Article 115.	draft	11		
Q3539	OSH	OSH-41	高壓氣體勞工安全規則	第115條	民國111年9月14日	高壓氣體-冷凍	1	冷凍高壓氣體之儲存，準用何項規定？	準用冷凍設備應採取翻落翻倒衝擊預防措施之規定	準用容器儲存氰化氫應每日檢點一次以上之規定	準用儲槽儲存高壓氣體之通風良好與禁煙火規定	準用高壓氣體儲存場應設專用儲存場之相關規定	Which rule applies by reference to the storage of refrigeration high-pressure gas?	The rule requiring measures preventing impact from falling or toppling over	The rule requiring daily checks of hydrogen cyanide containers in storage	The rule requiring good ventilation and no open flames for tank storage	The rule requiring a dedicated storage yard for high-pressure gas storage	a	第115條：冷凍高壓氣體之儲存，準用第114條之規定，即應採取因翻落、翻倒等引起之衝擊之預防措施。第243條規定第113條、第116條至第119條、第121條等儲存規定不適用於冷凍用高壓氣體，故冷凍高壓氣體之儲存僅準用第114條。	Article 115, applying Article 114; see Article 243.	draft	11		
Q3540	OSH	OSH-41	高壓氣體勞工安全規則	第117條	民國111年9月14日	高壓氣體-儲存	3	儲槽或容器之容積在多少以下者，不受以儲槽及以容器儲存高壓氣體規定之限制？液化氣體如何換算容積？	容積在零點零四立方公尺以下者；液化氣體以質量五十公斤換算為容積一立方公尺	容積在一點五立方公尺以下者；液化氣體以質量五公斤換算為容積一立方公尺	容積在零點五立方公尺以下者；液化氣體以質量一百公斤換算為容積一立方公尺	容積在零點一五立方公尺以下者；液化氣體以質量十公斤換算為容積一立方公尺	Below what volume are tanks or containers exempt from the storage rules, and how is liquefied gas converted?	Volume of 0.04 cubic metre or less; liquefied gas converts 50 kg of mass to 1 cubic metre	Volume of 1.5 cubic metres or less; liquefied gas converts 5 kg of mass to 1 cubic metre	Volume of 0.5 cubic metre or less; liquefied gas converts 100 kg of mass to 1 cubic metre	Volume of 0.15 cubic metre or less; liquefied gas converts 10 kg of mass to 1 cubic metre	d	第117條：儲槽或容器之容積在零點一五立方公尺以下者，不受第113條及第116條規定之限制；高壓氣體為液化氣體時，前項之容積以質量十公斤換算為容積一立方公尺。第118條並定儲存容積在三百立方公尺或三千公斤以上之事業單位應設專用高壓氣體儲存場。	Article 117 sets the exemption threshold and the conversion.	draft	11		
Q3541	OSH	OSH-41	高壓氣體勞工安全規則	第118條	民國111年9月14日	高壓氣體-儲存	2	儲存高壓氣體之容積達多少之事業單位，應設專用之高壓氣體儲存場？	容積在一千立方公尺或一萬公斤以上者；但加氣站、第二種供應事業單位經許可者除外	容積在一百立方公尺或一千公斤以上者；但乙類製造事業單位、消費事業單位經許可者除外	容積在三百立方公尺或三千公斤以上者；但甲類製造事業單位、供應事業單位經許可者除外	容積在三十立方公尺或三百公斤以上者；但冷凍用製造事業單位、消費事業單位經許可者除外	Undertakings storing what volume of high-pressure gas must set up a dedicated storage yard?	1,000 cubic metres or 10,000 kg or more; filling stations and Class 2 supply enterprises with permission are exempt	100 cubic metres or 1,000 kg or more; Class B manufacturers and consuming enterprises with permission are exempt	300 cubic metres or 3,000 kg or more; Class A manufacturers and supply enterprises with permission are exempt	30 cubic metres or 300 kg or more; refrigeration manufacturers and consuming enterprises with permission are exempt	c	第118條：儲存高壓氣體之容積在三百立方公尺或三千公斤以上之事業單位應設專用儲存場（高壓氣體儲存場）；但甲類製造事業單位、供應事業單位經許可者，不在此限。第119條至第122條並分別規定以儲槽或容器儲存高壓氣體、液化石油氣之儲存場其設置準用之條文。	Article 118; Articles 119 to 122 detail the storage yards.	draft	11		
Q3542	OSH	OSH-41	高壓氣體勞工安全規則	第119條	民國111年9月14日	高壓氣體-儲存	3	以儲槽儲存高壓氣體之高壓氣體儲存場，下列何者屬其準用之規定？	霧劑製造之四周二公尺限制、溫水試驗槽攝氏四十八度及倒轉台等相關之規定	加氣站承受灌裝車輛距離、拆卸連接部分後始得移動車輛及添加臭劑等相關規定	冷凍機器容器之超音波探傷檢查、放射線檢查及磁粉探傷試驗合格等相關規定	境界警戒標示、儲槽間安全距離、防液堤、耐震構造、緊急遮斷裝置及漏洩警報等規定	Which rules apply by reference to a high-pressure gas storage yard using storage tanks?	Aerosol manufacturing rules on the two-metre limit, the 48 degree water bath test and the container turning table	Gas filling station rules on vehicle distance, disconnecting before moving the vehicle and adding odorant to the gas	Refrigeration container rules on ultrasonic testing, radiographic examination and magnetic particle testing passes	Boundary warning signs, tank separation distances, dikes, earthquake-resistant construction, shut-off devices and leak alarms	d	第119條：以儲槽儲存高壓氣體之高壓氣體儲存場，其設置準用第31條、第33條、第35條至第38條、第41條、第43條至第48條、第49條第一款及第二款、第50條至第53條及第60條、第62條至第69條之規定，包括境界警戒標示、與煙火設備八公尺距離、儲槽間距離、防液堤、耐震構造、緊急遮斷裝置及氣體漏洩檢知警報設備等。	Article 119 lists the provisions applied by reference.	draft	11		
Q3543	OSH	OSH-41	高壓氣體勞工安全規則	第120條	民國111年9月14日	高壓氣體-液化石油氣	3	以儲槽儲存液化石油氣之液化石油氣儲存場，下列何者屬其準用之規定？	儲槽耐熱構造或冷卻撒水設備、儲槽埋設於地盤內、儲槽室構造及防鏽措施等規定	固定於車輛容器之防波板、高度檢知桿、工作箱距離及液面計材質等相關規定	冷凍設備壓縮機設置限制、冷媒設備之氣密與耐壓試驗及承液器液面計等規定	毒性氣體之防毒措施、熔接接合、二重管構造及毒性危害標示等相關之各項規定	Which rules apply by reference to an LPG storage yard using storage tanks?	Heat-resistant tank construction or cooling sprinklers, burial in the ground, tank chamber construction and anti-rust treatment	Rules for vehicle-mounted containers on baffles, height detectors, tool box distances and level gauge material limits	Siting limits for refrigeration compressors, airtightness and pressure testing of refrigerant units and receiver level gauges	Anti-poison measures for toxic gas, welded joints, double-pipe construction and toxicity hazard marking requirements	a	第120條：以儲槽儲存液化石油氣之液化石油氣儲存場，其設置準用第31條、第33條、第35條至第39條、第41條、第43條至第46條、第48條至第53條、第57條、第60條、第66條至第69條及第81條至第83條之規定，其中第57條為儲槽耐熱構造或冷卻撒水設備、第81條至第83條為埋設於地盤內、儲槽室構造及防鏽措施。	Article 120 lists the provisions applied by reference.	draft	11		
Q3544	OSH	OSH-41	高壓氣體勞工安全規則	第121條	民國111年9月14日	高壓氣體-儲存	3	以容器儲存高壓氣體之高壓氣體儲存場，容器以配管連接者與未以配管連接者，其設置有何不同？	以配管連接者準用容器放置場前五款；未以配管連接者僅須準用滅火設備及禁煙火之規定	二者均準用容器放置場全部規定；以配管連接者之配管另應準用二重管構造及熔接接合規定	以配管連接者準用防液堤與耐震構造規定；未以配管連接者準用固定於車輛容器運輸規定	二者均準用容器放置場前五款規定；以配管連接者之配管另應準用耐壓氣密試驗及厚度規定	How do the rules differ for pipe-connected and unconnected containers in a high-pressure gas storage yard?	Pipe-connected ones follow the first five cylinder yard rules; unconnected ones only need extinguishers and no flames	Both follow all the cylinder yard rules; pipe-connected ones also follow double-pipe and welded joint requirements	Pipe-connected ones follow dike and earthquake rules; unconnected ones follow the vehicle transport requirements	Both follow the first five cylinder yard rules; pipe-connected ones also follow the pressure test and thickness rules	d	第121條：以容器儲存高壓氣體之高壓氣體儲存場，容器以配管連接者，準用第79條第一款至第五款之規定；其可流通高壓氣體之配管者，且應準用第41條及第43條高壓氣體設備之規定。容器未以配管連接者，準用第79條第一款至第五款之規定。第122條對液化石油氣儲存場則另定不含第四款除毒設備。	Article 121; compare Article 122 for LPG.	draft	11		
Q3545	OSH	OSH-41	高壓氣體勞工安全規則	第122條	民國111年9月14日	高壓氣體-液化石油氣	3	以容器儲存液化石油氣之液化石油氣儲存場，其準用之範圍為何？	以配管連接者準用容器放置場第一款至第五款（不含第四款）；未連接者準用第一款至第六款（不含第四款）	以配管連接者準用容器放置場第六款至第十一款規定；未連接者準用第一款至第四款之相關規定	以配管連接者準用容器放置場全部十一款規定；未連接者僅準用第一款至第三款之相關各項規定	以配管連接者準用容器放置場第一款至第六款（不含第五款）；未連接者準用第一款至第五款（不含第五款）	What is the scope of provisions applied by reference to an LPG storage yard using containers?	Pipe-connected follow cylinder yard rules 1 to 5 excluding rule 4; unconnected follow rules 1 to 6 excluding rule 4	Pipe-connected follow cylinder yard rules 6 to 11 only; unconnected follow rules 1 to 4 of that article instead	Pipe-connected follow all eleven cylinder yard rules in full; unconnected follow only rules 1 to 3 of that article	Pipe-connected follow cylinder yard rules 1 to 6 excluding rule 5; unconnected follow rules 1 to 5 excluding rule 5	a	第122條：以容器儲存液化石油氣之液化石油氣儲存場，容器以配管連接者準用第79條第一款至第五款（不含第四款）之規定；容器未以配管連接者準用第79條第一款至第六款（不含第四款）之規定。第79條第四款為二氧化硫、氨、氯等毒性氣體容器放置場之除毒設備，與液化石油氣無涉故予排除。	Article 122; rule 4 concerns detox equipment for toxic gases.	draft	11		
Q3546	OSH	OSH-41	高壓氣體勞工安全規則	第123條、第128條、第129條、第135條、第136條、第137條、第138條、第139條、第140條、第141條	民國111年9月14日	高壓氣體-運輸	3	固定於車輛運輸之容器，後方卸出式容器與其他容器對車輛後保險桿之水平距離各應保持多少？	後方卸出式容器之原閥及緊急遮斷閥三十公分以上；其他容器之後面四十公分以上	後方卸出式容器之原閥及緊急遮斷閥二十公分以上；其他容器之後面五十公分以上	後方卸出式容器之原閥及緊急遮斷閥六十公分以上；其他容器之後面二十公分以上	後方卸出式容器之原閥及緊急遮斷閥四十公分以上；其他容器之後面三十公分以上	What horizontal clearance from the rear bumper is required for rear-discharge and other vehicle-mounted containers?	Rear-discharge main and shut-off valves at least 30 cm; other containers at least 40 cm at the rear	Rear-discharge main and shut-off valves at least 20 cm; other containers at least 50 cm at the rear	Rear-discharge main and shut-off valves at least 60 cm; other containers at least 20 cm at the rear	Rear-discharge main and shut-off valves at least 40 cm; other containers at least 30 cm at the rear	d	第128條：容器原閥置於容器後方之後方卸出式容器，應使容器原閥及緊急遮斷裝置之閥與車輛後保險桿後面間之水平距離保持在四十公分以上。第129條：後方卸出式容器以外之容器，其後面與車輛後保險桿後面間之水平距離應保持在三十公分以上。第130條另定突出零件之工作箱距離二十公分以上。第123條及第135條至第141條均已刪除。	Articles 128 and 129; Articles 123 and 135 to 141 have been deleted.	draft	11		
Q3547	OSH	OSH-41	高壓氣體勞工安全規則	第126條	民國111年9月14日	高壓氣體-運輸	2	固定於車輛運輸之液化氣體灌氣容器等，應設何種設施？何者不在此限？	應設可自動偵測液面高度之液面計；符合國際規格之罐式集裝箱及玻璃容器除外	應設可遮蔽日照升溫之絕熱被覆；超低溫容器及低溫容器等絕熱型式容器除外	應設可吸收運輸振動之避震座架；內容積在五千公升以下之容器及無縫容器除外	應設可防止容器內部液面搖動之防波板；符合國際規格之罐式集裝箱及無縫容器除外	What must vehicle-mounted liquefied gas cylinders be fitted with, and what is excluded?	Level gauges automatically sensing liquid height; ISO tank containers and glass containers are excluded	Heat-insulating cladding shielding against sunlight; ultra-low and low-temperature containers excluded	Shock-absorbing mounts absorbing transport vibration; containers under 5,000 litres and seamless ones	Baffle plates preventing internal liquid surge; ISO tank containers and seamless containers are excluded	d	第126條：固定於車輛運輸之液化氣體之灌氣容器等，應設可防止容器內部液面搖動之防波板；但符合國際規格之運輸用罐式集裝箱（ISOTank）及無縫容器不在此限。第132條並禁止液化可燃性氣體、液化毒性氣體或液化氧氣容器使用玻璃或其他易破損材料製造之液面計。	Article 126; compare Article 132.	draft	11		
Q3548	OSH	OSH-41	高壓氣體勞工安全規則	第127條	民國111年9月14日	高壓氣體-運輸	2	固定於車輛運輸之容器，其頂部或突出物最高部超過該車輛最高點者，應設何種設施？	應設緊急遮斷閥	應設高度檢知桿	應設輪擋固定器	應設防波板裝置	What must be fitted when a vehicle-mounted container top or projection exceeds the vehicle high point?	An emergency shut-off valve must be fitted	A height detection pole must be fitted	A wheel chock fixing device must be fitted	A liquid surge baffle plate must be fitted	b	第127條：固定於車輛運輸之容器，其容器頂部或該容器設置之突出物最高部，超過該車輛最高點者，應設高度檢知桿。第130條另定容器原閥、緊急遮斷裝置之閥及其他主要零件突出者應收容於車輛左側以外之堅固工作箱內；第131條要求採取防止零件損傷致漏洩氣體之措施。	Article 127; compare Articles 130 and 131.	draft	11		
Q3549	OSH	OSH-41	高壓氣體勞工安全規則	第130條	民國111年9月14日	高壓氣體-運輸	2	容器之原閥、緊急遮斷裝置之閥及其他主要零件突出者，應如何收容？與後保險桿距離為何？	應收容於設置在車輛頂部之堅固工作箱內；工作箱與後保險桿後面應保持三十公分以上	應收容於設置在車輛左側以外之堅固工作箱內；工作箱與後保險桿後面應保持二十公分以上	應收容於設置在車輛底盤之堅固工作箱內；工作箱與後保險桿後面應保持十公分以上	應收容於設置在車輛左側之堅固工作箱內；工作箱與後保險桿後面應保持四十公分以上	How must projecting main valves and shut-off valves be housed, and what clearance from the rear bumper?	Housed in a strong tool box fitted on the vehicle roof top; at least 30 cm clearance from the rear bumper	Housed in a strong tool box fitted other than on the vehicle left side; at least 20 cm from the rear bumper	Housed in a strong tool box fitted on the vehicle chassis; at least 10 cm clearance from the rear bumper	Housed in a strong tool box fitted on the vehicle left side; at least 40 cm clearance from the rear bumper	b	第130條：容器之原閥、緊急遮斷裝置之閥及其他主要零件突出者，應將此等零件收容於設置於車輛左側以外之堅固工作箱內，且使工作箱與車輛後保險桿後面間之水平距離保持在二十公分以上。第128條、第129條則分別定四十公分及三十公分之距離。	Article 130; compare Articles 128 and 129.	draft	11		
Q3550	OSH	OSH-41	高壓氣體勞工安全規則	第131條	民國111年9月14日	高壓氣體-運輸	2	零件突出之容器，除收容於工作箱及保持距離外，尚應採取何種措施？	應採取防止因此等零件超過車寬致妨礙通行之措施	應採取防止因此等零件引起之損傷致漏洩氣體之措施	應採取防止因此等零件遭受日照致溫度上升之措施	應採取防止因此等零件引起之靜電致發生火花之措施	Besides the tool box and clearances, what further measure is needed for containers with projecting parts?	Measures preventing obstruction to traffic caused by those parts exceeding vehicle width	Measures preventing gas leakage caused by damage arising from those projecting parts	Measures preventing temperature rise caused by sunlight falling on those projecting parts	Measures preventing sparks caused by static electricity arising from those projecting parts	b	第131條：零件突出之容器除依第128條至第130條規定外，應採取防止因此等零件引起之損傷致漏洩氣體之措施。第128條至第130條分別定後方卸出式容器四十公分、其他容器三十公分及工作箱二十公分之水平距離。	Article 131, read with Articles 128 to 130.	draft	11		
Q3551	OSH	OSH-41	高壓氣體勞工安全規則	第132條	民國111年9月14日	高壓氣體-運輸	2	固定於車輛運輸之容器，內存液化可燃性氣體、液化毒性氣體或液化氧氣者，其液面計有何限制？	不得使用玻璃或其他易破損之材料製造之液面計	不得使用浮球式或其他機械式構造之液面計裝置	不得使用電子式或其他需電源供應之液面計裝置	不得使用金屬或其他不透明之材料製造之液面計	What limit applies to level gauges on vehicle-mounted containers holding liquefied flammable, toxic or oxygen gas?	Level gauges made of glass or other easily broken materials may not be used	Level gauges of float type or other mechanical construction may not be used	Level gauges of electronic type or requiring a power supply may not be used	Level gauges made of metal or other non-transparent materials may not be used	a	第132條：固定於車輛運輸之容器，其容器內存液化可燃性氣體、液化毒性氣體或液化氧氣者，不得使用玻璃或其他易破損之材料製造之液面計。第51條對承液器及液化氣體儲槽亦定玻璃管液面計應有防止破損之措施，且氧氣或惰性氣體超低溫儲槽以外之儲槽以採用圓型玻璃管以外之液面計為限。	Article 132; compare Article 51.	draft	11		
Q3552	OSH	OSH-41	高壓氣體勞工安全規則	第133條	民國111年9月14日	高壓氣體-運輸	2	固定於車輛運輸之容器，其閥或旋塞應採取何種措施？使用按鈕方式操作者又如何？	應採自外面可自動遮斷並記錄之措施；按鈕方式者應設置雙人操作之連鎖確認裝置	應採自外面可噴塗紅色警戒色之措施；按鈕方式者應於車輛左側設置防護柵與屏蔽	應採自外面易於識別開閉方向及開閉狀態之措施；按鈕方式者應在操作按鈕採辨識措施	應採自外面可上鎖並加鉛封之措施；按鈕方式者應由駕駛人隨身攜帶操作鑰匙保管	What measure applies to valves or cocks on vehicle-mounted containers, and to button-operated ones?	Measures allowing automatic shut-off and recording from outside; buttons need two-person interlock confirmation	Measures painting warning red colour visible from outside; button types need guard fences on the left side	Measures making open-close direction and status easily identified from outside; buttons must be marked too	Measures allowing locking and lead-sealing from outside; the driver must carry the operating key at all times	c	第133條：固定於車輛運輸之容器，其容器之閥或旋塞，應採取自其外面易於識別開閉方向及開閉狀態之措施；但該閥或旋塞使用按鈕方式操作者，應在該操作按鈕採取辨識措施。第69條對製造設備之閥亦要求標示開閉方向與開閉狀況。	Article 133; compare Article 69.	draft	11		
Q3553	OSH	OSH-41	高壓氣體勞工安全規則	第134條	民國111年9月14日	高壓氣體-運輸	2	以固定於車輛之容器運輸高壓氣體，於運輸之開始或終止時應如何辦理？	應量測容器內壓力及溫度並登錄；發現超標時應即停車並通報消防機關到場	應清洗容器外部並確認標示完整；發現標示脫落時應即補貼並回廠重新檢查	應檢查駕駛人資格及行車紀錄器；發現不符時應即更換駕駛人並重新出車	應檢點有否漏氣等之異常；發現異常時應即採取整修或防止危害之必要措施	What must be done at the start and end of transport by vehicle-mounted containers?	Measure and log internal pressure and temperature; if exceeded, stop and notify the fire authority at once	Wash the container exterior and confirm markings; if markings are lost, re-label and return for inspection	Check driver qualifications and the tachograph; if not compliant, change drivers and restart the journey	Check for leaks or other abnormality; if found, repair or take necessary measures to prevent harm at once	d	第134條：於運輸之開始或終止時，應檢點有否漏氣等之異常；發現異常時，應即採取整修或防止危害之必要措施。第125條並定固定於車輛運輸之灌氣容器等應經常保持其溫度於攝氏四十度以下，內存液化氣體者應設溫度計或可適當檢知溫度之計測裝置。	Article 134; compare Article 125.	draft	11		
Q3554	OSH	OSH-41	高壓氣體勞工安全規則	第142條、第143條、第144條、第145條、第146條、第147條、第148條、第149條、第150條、第151條、第152條	民國111年9月14日	高壓氣體-運輸	2	非固定於車輛之容器運輸高壓氣體時，灌氣容器等之溫度應保持在多少以下？	攝氏四十度以下；可計測氣體溫度之灌氣容器等，以該氣體之溫度為準	攝氏四十八度以下；可計測氣體溫度之灌氣容器等，以水槽溫度為準	攝氏五十度以下；可計測氣體溫度之灌氣容器等，以容器壁溫度為準	攝氏三十五度以下；可計測氣體溫度之灌氣容器等，以外氣溫度為準	For transport of containers not fixed on vehicles, at what temperature must filled cylinders be kept?	At or below 40 degrees Celsius; where gas temperature can be measured, that gas temperature governs	At or below 48 degrees Celsius; where gas temperature can be measured, the bath temperature governs	At or below 50 degrees Celsius; where gas temperature can be measured, the wall temperature governs	At or below 35 degrees Celsius; where gas temperature can be measured, the ambient temperature governs	a	第143條：灌氣容器等應經常保持其溫度（可計測氣體溫度之灌氣容器等，為氣體之溫度）於攝氏四十度以下。第125條對固定於車輛運輸者、第79條第九款對容器放置場、第109條第三款對消費設備、第181條及第190條對消費作業均定攝氏四十度以下之相同標準。本節第142條及第144條至第152條均已刪除。	Article 143; Articles 142 and 144 to 152 have been deleted.	draft	11		
Q3555	OSH	OSH-41	高壓氣體勞工安全規則	第153條	民國111年9月14日	高壓氣體-運輸	1	以導管運輸高壓氣體時，準用何項規定？	準用固定於車輛容器之運輸規定，包括防波板、高度檢知桿及工作箱距離	準用容器放置場之規定，包括警戒標示、輕質屋頂及四周二公尺禁煙火等	準用導管之設置規定，包括埋設深度、耐壓氣密試驗、厚度、防蝕及標示等	準用毒性氣體製造設備之規定，包括防毒措施、熔接接合及二重管構造等	Which rules apply by reference when transporting high-pressure gas by pipeline?	The rules for containers fixed on vehicles, covering baffle plates, height detection poles and tool box clearances	The cylinder yard rules, covering warning signs, light roofs and the ban on flames within two metres around	The pipeline installation rules on burial depth, pressure and airtightness tests, thickness, anti-corrosion and marking	The toxic gas manufacturing rules, covering anti-poison measures, welded joints and double-pipe construction	c	第153條：以導管運輸高壓氣體時，準用第80條之規定。第80條規定導管不得設置於有地塌山崩之虞場所、設於地盤上應距地面安裝並設標示、埋設於地盤下深度應距地面六十公分以上、應經常用壓力一．五倍以上耐壓試驗及常用壓力以上氣密試驗、厚度應能承受常用壓力二倍以上加壓、並應施予防蝕及吸收應力措施等。	Article 153, applying Article 80.	draft	11		
Q3556	OSH	OSH-41	高壓氣體勞工安全規則	第154條	民國111年9月14日	高壓氣體-消費	1	特定高壓氣體消費設施之事業場所，其境界與標示應如何設置？	應設置門禁管制系統，並於場所出入口設置人員識別之管制標示	應以顏色區分消費區域，並於場所內部設置氣體種類之說明標示	應設置高度二公尺以上之圍牆，並於內部設置避難方向指示標示	應有明確之境界線，並於該場所外設置易於辨識之警戒標示	How must the boundary and signage of premises with specified high-pressure gas consumption facilities be arranged?	An access control system and personnel identification signs set at the premises entrances	Colour-coded consumption zones and gas-type explanatory signs set inside the premises	A wall at least two metres high and evacuation direction signs set inside the premises	A clear boundary line and an easily identified warning sign set outside the premises	d	第154條：特定高壓氣體消費設施之事業場所應有明確之境界線，並於該場所外設置易於辨識之警戒標示。第31條對甲類製造事業單位固定式製造設備之事業場所有相同要求；第178條、第189條規定特定液化石油氣消費設備及可燃性氣體等之消費準用本條。	Article 154; compare Article 31.	draft	11		
Q3557	OSH	OSH-41	高壓氣體勞工安全規則	第155條	民國111年9月14日	高壓氣體-消費	2	設置可燃性氣體消費設備之廠房，其構造有何要求？	應具氣體自該設備漏洩時不致滯留之構造	應具厚度九公分以上防護牆之區劃構造	應具可耐受氣體爆炸壓力之防爆牆構造	應具可自動吸收漏洩氣體之除毒室構造	What structural requirement applies to buildings housing flammable gas consumption equipment?	A structure preventing gas leaking from the equipment from accumulating	A partitioned structure using protective walls at least nine centimetres	A blast wall structure able to withstand the pressure of a gas explosion	A detox room structure automatically absorbing any gas that has leaked	a	第155條：設置可燃性氣體消費設備之廠房，應具氣體自該設備漏洩時不致滯留之構造。第38條對設置可燃性氣體製造設備或冷媒設備壓縮機等之廠房亦定不得因氣體漏洩致滯留於廠內之構造；第167條並定消費設備有漏洩積滯之虞場所應設氣體漏洩檢知警報設備，但液氧除外。	Article 155; compare Articles 38 and 167.	draft	11		
Q3558	OSH	OSH-41	高壓氣體勞工安全規則	第156條	民國111年9月14日	高壓氣體-消費	1	特定高壓氣體消費設備之材料，應如何選用？	應使用可承受常用壓力五倍以上厚度且經放射線檢查合格者	應一律使用經超音波探傷檢查合格之低溫用高強度合金鋼材料	應使用中央主管機關指定之標準材料，並全面禁止使用非金屬	應使用足以適應該氣體種類、性狀、溫度及壓力等諸性質要求者	How must materials for specified high-pressure gas consumption equipment be selected?	They must be five times the working pressure in thickness and pass radiographic tests	They must all be low-temperature high-strength alloy steel passing ultrasonic testing	They must be standard materials designated by the authority, banning all non-metals	They must suit the kind, properties, temperature and pressure of the gas concerned	d	第156條：特定高壓氣體消費設備之材料，應使用足以適應該氣體之種類、性狀、溫度及壓力等諸性質之要求者。第44條對氣體設備之材料有完全相同之要求；第158條、第159條則另定儲存相關設備之耐壓氣密試驗及厚度規定。	Article 156; identical to Article 44.	draft	11		
Q3559	OSH	OSH-41	高壓氣體勞工安全規則	第157條	民國111年9月14日	高壓氣體-消費	2	消費設備之基礎，對於一定規模以上儲槽之支柱有何規定？	儲存能力在一千立方公尺或十公噸以上之儲槽支柱，應埋設於地盤內並填足乾砂	儲存能力在五百立方公尺或五公噸以上之儲槽支柱，應以防液堤圍繞並緊密結合	儲存能力在一百立方公尺或一公噸以上之儲槽支柱，應置於同一基礎並緊密結合	儲存能力在三百立方公尺或三公噸以上之儲槽支柱，應分置不同基礎以分散載重	What foundation rule applies to supports of larger tanks in consumption equipment?	Supports of tanks of 1,000 cubic metres or 10 tonnes capacity must be buried and packed with dry sand	Supports of tanks of 500 cubic metres or 5 tonnes capacity must be surrounded by a dike and tightly joined	Supports of tanks of 100 cubic metres or 1 tonne capacity must sit on one foundation, tightly joined	Supports of tanks of 300 cubic metres or 3 tonnes capacity must sit on separate foundations to spread load	c	第157條：消費設備（除配管之基礎外）不得有不均勻沈陷致使該設備發生有害之變形；儲存能力在一百立方公尺或一公噸以上之儲槽之支柱（未置支柱之儲槽者為其底座）應置於同一基礎，並緊密結合。第45條對製造設備有相同規定；第174條並要求儲槽應隨時注意有無沈陷現象。	Article 157; identical in substance to Article 45.	draft	11		
Q3560	OSH	OSH-41	高壓氣體勞工安全規則	第158條	民國111年9月14日	高壓氣體-消費	3	消費設備之儲存相關設備應經何種試驗合格？其中液氯儲存設備之適用範圍為何？	常用壓力二倍以上耐壓試驗及常用壓力一．五倍以上氣密試驗；液氯以三千公斤以上者為限	設計壓力一．二倍以上耐壓試驗及設計壓力以上之氣密試驗；液氯以一萬公斤以上者為限	最高使用壓力三倍以上耐壓試驗及最高使用壓力以上氣密試驗；液氯以五百公斤以上者為限	常用壓力一．五倍以上耐壓試驗及常用壓力以上氣密試驗；液氯以一千公斤以上未滿三千公斤為限	What tests must storage-related consumption equipment pass, and what liquid chlorine range applies?	Hydrostatic at twice working pressure and airtightness at 1.5 times working pressure; liquid chlorine 3,000 kg or more	Hydrostatic at 1.2 times design pressure and airtightness at design pressure; liquid chlorine 10,000 kg or more	Hydrostatic at three times maximum pressure and airtightness at maximum pressure; liquid chlorine 500 kg or more	Hydrostatic at 1.5 times working pressure and airtightness at working pressure; liquid chlorine 1,000 to under 3,000 kg	d	第158條：消費設備之儲存設備、導管、減壓設備及此等設備之配管等（儲存相關設備，但容器除外；且液氯儲存設備以儲存能力在一千公斤以上未滿三千公斤者為限）應經以常用壓力一．五倍以上壓力實施之耐壓試驗及以常用壓力以上壓力實施之氣密試驗或具有同等以上效力之試驗合格者。第28條並定液氯一千公斤以上為特定高壓氣體消費事業單位門檻。	Article 158; compare Article 28.	draft	11		
Q3561	OSH	OSH-41	高壓氣體勞工安全規則	第159條	民國111年9月14日	高壓氣體-消費	2	儲存相關設備之厚度應符合何項要求？	應具有以設計壓力一．二倍以上之壓力加壓時，不致發生變形之厚度	應具有以最高使用壓力三倍以上之壓力加壓時，不致發生破裂之厚度	應具有以常用壓力一．五倍以上之壓力加壓時，不致產生龜裂之厚度	應具有以常用壓力二倍以上之壓力加壓時，不致引起降伏變形之厚度	What thickness requirement applies to storage-related consumption equipment?	A thickness that will not deform when pressurised to at least 1.2 times the design pressure	A thickness that will not rupture when pressurised to at least three times the maximum pressure	A thickness that will not crack when pressurised to at least 1.5 times the working pressure	A thickness that will not yield when pressurised to at least twice the normal working pressure	d	第159條：儲存相關設備應具有以常用壓力二倍以上之壓力加壓時，不致引起降伏變形之厚度或經中央主管機關認定具有同等以上強度者。第43條對高壓氣體設備、第80條第六款對導管亦有相同之常用壓力二倍規定。	Article 159; the same rule appears in Articles 43 and 80.	draft	11		
Q3562	OSH	OSH-41	高壓氣體勞工安全規則	第160條	民國111年9月14日	高壓氣體-消費	2	儲存相關設備應設置何種計器及安全裝置？何者不適用？	應設適當液面計及可自動停止灌裝之遮斷裝置；毒性氣體之消費設備除外	應設適當壓力表及可使壓力恢復至最高使用壓力以下之安全裝置；壓縮氣體之減壓設備除外	應設適當溫度計及可使溫度下降至常用溫度以下之冷卻裝置；液化氣體之儲存設備除外	應設適當流量計及可自動關閉之緊急遮斷閥；可燃性氣體之導管設備除外	What gauge and safety device must storage-related consumption equipment have, and what is excluded?	A suitable level gauge and a shut-off device stopping filling automatically; toxic gas consumption equipment excluded	A suitable pressure gauge and a safety device restoring pressure below the maximum; compressed-gas reducers excluded	A suitable thermometer and a cooling device restoring temperature below the normal level; liquefied gas tanks excluded	A suitable flow meter and an emergency shut-off valve closing automatically; flammable gas pipelines are excluded	b	第160條：儲存相關設備（不含壓縮氣體之減壓設備）應設置適當之壓力表，且應置該設備內壓力超過最高使用壓力時可迅使其壓力恢復至最高使用壓力以下之安全裝置。第48條對高壓氣體設備、儲存設備或冷媒設備有相同規定。	Article 160; compare Article 48.	draft	11		
Q3563	OSH	OSH-41	高壓氣體勞工安全規則	第161條	民國111年9月14日	高壓氣體-消費	2	液氨或液氯之減壓設備與該氣體進行之反應、燃燒設備間之配管，應設何種裝置？	應設氣體漏洩警報	應設二重管之構造	應設逆流防止裝置	應設緊急遮斷裝置	What device must be fitted in the piping between liquid ammonia or chlorine reducers and the reaction or combustion equipment?	A gas leakage detection alarm must be fitted	A double-pipe construction must be provided	A backflow prevention device must be fitted	An emergency shut-off device must be fitted	c	第161條：液氨或液氯之減壓設備與該氣體進行之反應、燃燒設備間之配管，應設逆流防止裝置。第183條對環氧乙烷之消費亦定應於事前以氮氣或二氧化碳置換設備內部之氣體，且在環氧乙烷容器與消費設備間之配管設逆流防止裝置。	Article 161; compare Article 183.	draft	11		
Q3564	OSH	OSH-41	高壓氣體勞工安全規則	第162條	民國111年9月14日	高壓氣體-消費	2	消費設施之可燃性氣體低溫儲槽，應有何種設施？	應有防止其內壓降低至較外壓為低時，不致使該儲槽發生破裂之設施	應有防止其內壓上升超過最高使用壓力時，不致使該儲槽爆炸之設施	應有防止其溫度上升超過攝氏四十度時，不致使該儲槽膨出之設施	應有防止其液面搖動致使槽壁受衝擊時，不致使該儲槽變形之設施	What facility must a low-temperature flammable-gas tank in a consumption facility have?	Facilities preventing rupture when internal pressure falls below the external pressure	Facilities preventing explosion when internal pressure exceeds the maximum pressure	Facilities preventing bulging when the temperature rises above forty degrees Celsius	Facilities preventing deformation when liquid surge impacts the wall of the tank	a	第162條：可燃性氣體低溫儲槽，應有防止其內壓降低至較外壓為低時不致使該儲槽發生破裂之設施。第50條對製造設施之可燃性氣體低溫儲槽有相同規定；第13條並定可燃性氣體低溫儲槽之定義。	Article 162; identical to Article 50.	draft	11		
Q3565	OSH	OSH-41	高壓氣體勞工安全規則	第163條	民國111年9月14日	高壓氣體-消費	2	液氨或液氯之消費設備，應設置氣體漏洩時之除毒措施，其內容為何？	防止漏洩氣體擴散之裝置、依氣體毒性選擇吸收設備及吸收劑、防毒面罩保管於安全場所	設置防液堤及乾砂填充層、以惰性氣體置換設備內部、防毒面罩置於作業現場入口	設置厚度十二公分防護牆、以撒水裝置降溫、防毒面罩由承攬人負責維護及保管	以水噴霧稀釋漏洩氣體、設置排放於大氣之釋放管、防毒面罩由勞工自行保管備用	What detoxification measures must liquid ammonia or chlorine consumption equipment provide?	Devices preventing diffusion, absorbers and absorbents matched to the gas, and masks kept safely maintained	A dike with dry sand fill, inert gas purging of the equipment, and masks placed at the worksite entrance	A protective wall twelve centimetres thick, sprinkler cooling, and masks maintained by the contractor	Water spray dilution of leaked gas, a relief pipe discharging to air, and masks kept by each worker himself	a	第163條：液氨或液氯之消費設備應依下列規定設置氣體漏洩時之除毒措施：一、可適當防止漏洩氣體擴散之裝置。二、應依該氣體毒性、氣體種類、數量及消費狀況，選擇吸收各該氣體之設備及吸收劑。三、除毒使用之防毒面罩及其他防護具，應保管於安全場所，並經常維護於良好狀態。第61條對毒性氣體製造設備有相同架構之規定。	Article 163; compare Article 61.	draft	11		
Q3566	OSH	OSH-41	高壓氣體勞工安全規則	第164條	民國111年9月14日	高壓氣體-消費	2	液氨或液氯之消費設備之配管、管接頭及閥之接合，應採用何種方式？	應採用螺紋接合；不適於螺紋接合者，得以安全上具必要強度之熔接接合代替	應採用熔接接合；不適於熔接接合者，得以安全上具必要強度之凸緣接合代替	應採用可撓管接合；不適於可撓接合者，得以安全上具必要強度之管帶鎖緊代替	應採用套管接合；不適於套管接合者，得以安全上具必要強度之壓接接合代替	How must piping, joints and valves of liquid ammonia or chlorine consumption equipment be connected?	By threaded joints; where threading is unsuitable, welded joints of the necessary strength may be used	By welded joints; where welding is unsuitable, flange joints of the necessary strength may be used	By flexible hose joints; where unsuitable, tightening with hose clamps of necessary strength may be used	By sleeve joints; where sleeving is unsuitable, crimped joints of the necessary strength may be used	b	第164條：液氨或液氯之消費設備之配管、管接頭及閥之接合，應採用熔接接合；但不適於熔接接合者，得以安全上具有必要強度之凸緣接合代替。第64條對毒性氣體之氣體設備配管有完全相同之規定；第165條並定必要處所應採二重管構造。	Article 164; identical to Article 64.	draft	11		
Q3567	OSH	OSH-41	高壓氣體勞工安全規則	第165條	民國111年9月14日	高壓氣體-消費	2	液氨或液氯之消費設備之配管，在必要處所應採用何種構造？	應依氣體種類、性狀、壓力及配管鄰近狀況，在必要處所採用玻璃襯裡構造	應依氣體種類、性狀、壓力及配管鄰近狀況，在必要處所採用二重管構造	應依氣體種類、性狀、壓力及配管鄰近狀況，在必要處所採用可撓管構造	應依氣體種類、性狀、壓力及配管鄰近狀況，在必要處所採用地下埋設構造	What piping construction is required at necessary points for liquid ammonia or chlorine consumption equipment?	Glass-lined construction according to the gas type, properties, pressure and surroundings	Double-pipe construction according to the gas type, properties, pressure and surroundings	Flexible-hose construction according to the gas type, properties, pressure and surroundings	Underground buried construction according to the gas type, properties, pressure and location	b	第165條：液氨或液氯之消費設備之配管，應依各該氣體之種類、性狀、壓力及該配管鄰近狀況，在必要處所採用二重管構造。第65條對毒性氣體之氣體設備配管有完全相同之規定；第164條則定應採熔接接合。	Article 165; identical to Article 65.	draft	11		
Q3568	OSH	OSH-41	高壓氣體勞工安全規則	第166條	民國111年9月14日	高壓氣體-消費	1	可燃性氣體之消費設備，對靜電應採取何種措施？	應採取可探測該設備漏洩氣體之警報器	應採取可降低該設備表面溫度之撒水器	應採取可承受該設備爆炸壓力之防爆牆	應採取可除卻該設備產生之靜電之措施	What must be done about static electricity in flammable gas consumption equipment?	Alarm detectors capable of sensing gas leaking from the equipment concerned	Sprinklers capable of lowering the surface temperature of the equipment	Blast walls capable of withstanding an explosion pressure of the equipment	Measures capable of eliminating static electricity generated by the equipment	d	第166條：可燃性氣體之消費設備，應採取可除卻該設備產生之靜電之措施。第66條對可燃性氣體製造設備有相同規定；第92條第五款、第93條第七款對移動式製造設備之灌裝亦要求除卻靜電。	Article 166; identical to Article 66.	draft	11		
Q3569	OSH	OSH-41	高壓氣體勞工安全規則	第167條	民國111年9月14日	高壓氣體-消費	2	消費設備中有氣體漏洩致積滯之虞之場所，應設置何種設備？何種氣體除外？	應設可探測漏洩氣體且自動發出警報之氣體漏洩檢知警報設備；但液氧除外	應設可遮斷漏洩氣體且自動停止之緊急遮斷裝置及逆止閥；但氫氣除外	應設可稀釋漏洩氣體且自動送風之整體換氣裝置與排氣設備；但液氯除外	應設可吸收漏洩氣體且自動中和之除毒設備及吸收劑儲槽；但液氨除外	What must be installed where leaked gas may accumulate in consumption equipment, and what gas is excluded?	A gas leak detection alarm detecting the gas and sounding automatically; liquid oxygen is excluded	An emergency shut-off device with check valve cutting off the gas supply; hydrogen gas is excluded	General ventilation and exhaust equipment diluting the leaked gas with air; liquid chlorine excluded	A detoxification unit with absorbent tanks absorbing and neutralising the gas; liquid ammonia excluded	a	第167條：消費設備中有氣體漏洩致積滯之虞之場所，應設置可探測該漏洩氣體，且自動發出警報之氣體漏洩檢知警報設備，但液氧除外。第60條對可燃性氣體或毒性氣體之製造設備亦有相同規定；第178條規定特定液化石油氣消費設備準用本條。	Article 167; compare Article 60.	draft	11		
Q3570	OSH	OSH-41	高壓氣體勞工安全規則	第168條	民國111年9月14日	高壓氣體-消費	2	哪些特定高壓氣體之消費設備，應依消防法有關規定設置必要之消防設備？	液化石油氣、環丙烷、甲胺及二甲醚之消費設備	壓縮氫氣、壓縮天然氣、液氧及液氨之消費設備	二氧化碳、氮氣、氬氣及氦氣之惰性氣體消費設備	液氯、液氨、氰化氫及光氣之毒性氣體消費設備	Which specified high-pressure gas consumption equipment must have fire equipment under the Fire Services Act?	Consumption equipment for LPG, cyclopropane, methylamine and dimethyl ether and their mixtures	Consumption equipment for compressed hydrogen, compressed natural gas, liquid oxygen and ammonia	Consumption equipment for inert gases such as carbon dioxide, nitrogen, argon and helium gases	Consumption equipment for toxic gases such as chlorine, ammonia, hydrogen cyanide and phosgene	b	第168條：壓縮氫氣、壓縮天然氣、液氧及液氨之消費設備，應依消防法有關規定設置必要之消防設備。第177條並定特定液化石油氣消費設備應依消防法設必要之消防設備；第67條、第91條對製造設備亦有相同規定。第3條所列特定高壓氣體尚包括液氯及液化石油氣。	Article 168; compare Articles 67, 91 and 177.	draft	11		
Q3571	OSH	OSH-41	高壓氣體勞工安全規則	第170條、第171條	民國111年9月14日	高壓氣體-消費	2	供消費液氧使用之閥及器具，應於事前如何處理？	應於事前實施音響檢查及容器內部之檢查	應於事前除卻石油類、油脂類及可燃性物質	應於事前以熱濕布或溫水加熱至常用溫度	應於事前以氮氣或二氧化碳置換內部氣體	How must valves and appliances used for consuming liquid oxygen be treated beforehand?	A sound inspection and an internal inspection of the container must be done first	Petroleum products, oils and fats and combustible substances must be removed first	They must first be warmed to normal temperature with hot wet cloth or warm water	The internal gas must first be replaced with nitrogen or with carbon dioxide gas	b	第170條：供消費液氧使用之閥及器具，應於事前除卻石油類、油脂類及可燃性物質。第185條對氧氣之消費、第214條對氧氣之廢棄、第97條第二款對灌注氧氣於容器均有相同之除卻石油類油脂類要求。第171條已刪除。	Article 170 (Article 171 has been deleted); compare Articles 185 and 214.	draft	11		
Q3572	OSH	OSH-41	高壓氣體勞工安全規則	第172條	民國111年9月14日	高壓氣體-消費	2	設置於消費設備之閥或旋塞及其開閉按鈕，應準用何項規定？	準用製造設備閥之標示、加鎖鉛封及設置作業台等可使作業人員適當操作之措施	準用固定於車輛容器之閥應自外面易於識別開閉方向及開閉狀態之相關規定	準用安全閥應調整於最高使用壓力以下吹洩並於檢查後固定設定壓力之規定	準用毒性氣體配管應採熔接接合並於必要處所採二重管構造之相關各項規定	Which rules apply by reference to valves, cocks and their buttons on consumption equipment?	The manufacturing equipment rules on marking, locking or lead sealing and providing a work platform	The rules for vehicle-mounted containers on identifying open-close direction and status from outside	The rules requiring safety valves to blow at or below maximum pressure with fixed settings after test	The rules requiring toxic gas piping to be welded and to use double-pipe construction where needed	a	第172條：設置於消費設備之閥或旋塞及以按鈕方式等操作該閥或旋塞之開閉按鈕等，準用第69條之規定採取可使作業人員適當操作該閥或旋塞之措施。第69條包括開閉方向與開閉狀況標示、配管標示流體種類與流動方向、加鎖鉛封及設置作業台等四款規定。	Article 172, applying Article 69.	draft	11		
Q3573	OSH	OSH-41	高壓氣體勞工安全規則	第173條	民國111年9月14日	高壓氣體-消費	2	從事消費設備之修理、清掃等作業，應準用何項規定？	準用容器放置場之警戒標示、輕質屋頂、分區放置及四周二公尺禁煙火等規定	準用實施耐壓試驗與氣密試驗合格、並具常用壓力二倍加壓不降伏變形厚度等規定	準用訂定作業計畫、指定作業負責人、置換內部氣體、設盲板阻隔及懸掛禁止操作標示牌等	準用設置氣體漏洩檢知警報設備、除毒設備及選擇適當吸收劑等相關之各項規定	Which rules apply by reference to repair and cleaning of consumption equipment?	Rules on cylinder yard warning signs, light roofs, separate placement and no flames within two metres	Rules on passing hydrostatic and airtightness tests and on thickness withstanding twice the working pressure	Rules on work plans, a designated person in charge, purging, blind plates and do-not-operate tags with locks	Rules on installing gas leak detection alarms, detoxification equipment and selecting suitable absorbents	c	第173條：從事消費設備之修理等相關作業，準用第75條之規定。第75條要求事前訂定作業計畫並指定作業負責人於其監督下實施、以不易反應之氣體或液體置換內部氣體、必要時再以空氣置換、開放部分前後之閥及旋塞關閉並設盲板阻隔、懸掛禁止操作標示牌並加鎖、作業終了未確認可安全正常動作前不得供製造使用。	Article 173, applying Article 75.	draft	11		
Q3574	OSH	OSH-41	高壓氣體勞工安全規則	第174條	民國111年9月14日	高壓氣體-消費	1	消費設施之儲槽，對沈陷現象應如何處理？	應每三個月測量沈陷量一次，如有沉陷應立即停止使用並拆除重建	應以防液堤圍繞並填足乾砂，如有沉陷應增加乾砂厚度至一公尺以上	應隨時注意有無沈陷現象，如有沉陷應視其程度採取適當因應措施	應於設置時測量基準點即可，其後沈陷情形由目的事業主管機關認定	How must settlement of tanks in consumption facilities be handled?	Measure settlement every three months and, if found, stop use immediately and rebuild the tank	Surround with a dike packed with dry sand and, if settlement occurs, increase the sand to one metre	Watch for settlement at all times and take suitable measures matched to the degree of settlement	Measure the datum point at installation only, later settlement being judged by the sector authority	c	第174條：儲槽應隨時注意有無沈陷現象，如有沉陷現象時，應視其沉陷程度採取適當因應措施。第76條對製造事業單位儲存能力一百立方公尺或一公噸以上之儲槽、第113條第五款對以儲槽儲存高壓氣體者均有相同規定；第157條並定儲槽支柱應置於同一基礎並緊密結合。	Article 174; compare Articles 76 and 113.	draft	11		
Q3575	OSH	OSH-41	高壓氣體勞工安全規則	第175條	民國111年9月14日	高壓氣體-消費	2	操作消費設備之閥時，應考慮何事項？該事項應如何落實？	應考慮閥之材料、構造及使用狀況，防止過巨之力加諸於閥上，並訂入工作守則中	應考慮閥之開啟次數及年限，每屆滿三年即予汰換，並將紀錄保存五年備查	應考慮閥之製造廠牌及價格，防止使用非原廠零件，並報請勞動檢查機構核備	應考慮閥之顏色及編號，由二人以上共同操作，並全程錄影存證備供查核	What must be considered when operating valves on consumption equipment, and how is it implemented?	The valve material, construction and condition, avoiding excessive force, written into the work rules	The number of operations and service life, replacing every three years, with records kept five years	The valve brand and price, avoiding non-original parts, and reported to the labour inspection agency	The valve colour and number, operated by two persons together, with the whole process video recorded	a	第175條：操作消費設備之閥時，應考慮該閥之材料、構造及使用狀況，採取必要之措施以防止過巨之力加諸於閥上，並訂入工作守則中。第77條對製造設備之閥有相同規定；第179條規定操作可燃性氣體、毒性氣體及氧氣之灌氣容器等之閥準用本條；第216條對廢棄時灌氣容器等之閥類亦準用本條。	Article 175; compare Articles 77, 179 and 216.	draft	11		
Q3576	OSH	OSH-41	高壓氣體勞工安全規則	第176條	民國111年9月14日	高壓氣體-液化石油氣	3	自特定液化石油氣消費設備之儲存相關設備外面至處理煙火之設備，應保持多少距離？	應保持五公尺以上距離，或設置防止漏洩氣體流竄至煙火設備之措施	應保持二十公尺以上距離，或設置防止漏洩氣體流竄至煙火設備措施	應保持八公尺以上距離，或設置防止漏洩氣體流竄至煙火設備之措施	應保持十二公尺以上距離，或設置防止漏洩氣體流竄至煙火設備措施	What distance must be kept from specified LPG consumption storage equipment to fire-handling equipment?	At least 5 metres, or measures preventing leaked gas from drifting to the fire equipment	At least 20 metres, or measures preventing leaked gas from drifting to fire equipment	At least 8 metres, or measures preventing leaked gas from drifting to the fire equipment	At least 12 metres, or measures preventing leaked gas from drifting to fire equipment	c	第176條：自特定液化石油氣消費設備之儲存設備、導管、減壓設備及此等設備之配管外面至處理煙火（不含消費設備內使用之煙火）之設備應保持八公尺以上距離，或在該儲存相關設備與處理煙火之設備間設置防止氣體自該設備漏洩時不致使其流竄至煙火設備之措施。第33條對可燃性氣體製造設備亦定八公尺以上。	Article 176; compare Article 33.	draft	11		
Q3577	OSH	OSH-41	高壓氣體勞工安全規則	第177條	民國111年9月14日	高壓氣體-液化石油氣	1	特定液化石油氣消費設備，應依何規定設置消防設備？	應依建築技術規則設置必要之滅火器具	應依消防法有關規定設置必要之消防設備	應依職業安全衛生設施規則設置滅火器	應依危險物品管理辦法設置泡沫滅火設施	Under what law must fire equipment be provided for specified LPG consumption equipment?	Under the Building Technical Regulations for extinguishers	Under the relevant provisions of the Fire Services Act	Under the Occupational Safety and Health Facilities Rules	Under the Regulations on Management of Dangerous Goods	b	第177條：特定消費設備，應依消防法有關規定設置必要之消防設備。第168條對壓縮氫氣、壓縮天然氣、液氧及液氨之消費設備亦有相同規定；第67條、第91條則對製造設備定應依消防法設消防或滅火設備。	Article 177; compare Articles 67, 91 and 168.	draft	11		
Q3578	OSH	OSH-41	高壓氣體勞工安全規則	第178條	民國111年9月14日	高壓氣體-液化石油氣	3	特定液化石油氣消費設備，除距離八公尺及消防設備規定外，下列何者屬其準用之規定？	境界警戒標示、材料選用、耐壓氣密試驗、壓力表安全裝置、漏洩警報及儲存設備五公尺禁煙火	毒性氣體之除毒措施、配管熔接接合、二重管構造及逆流防止裝置等相關之各項規定	冷凍設備壓縮機設置限制、冷媒設備氣密與耐壓試驗及承液器液面計等相關規定	固定於車輛容器之防波板、高度檢知桿、工作箱距離及運輸開始終止檢點等規定	Besides the eight-metre distance and fire equipment, which rules apply to specified LPG consumption equipment?	Boundary signs, materials, pressure tests, gauges and safety devices, leak alarms and the five-metre no-flame rule	Detoxification measures for toxic gases, welded piping joints, double-pipe construction and backflow prevention	Siting limits for refrigeration compressors, airtightness and pressure tests of refrigerant units and level gauges	Baffle plates, height detection poles, tool box clearances and start and end of transport checks for vehicles	a	第178條：特定消費設備除依第176條、第177條規定外，準用第154條至第160條、第162條、第167條、第169條及第172條至第175條之規定，包括境界警戒標示、廠房不滯留構造、材料、基礎、耐壓與氣密試驗、厚度、壓力表與安全裝置、低溫儲槽防破裂、漏洩警報、儲存相關設備四周五公尺禁煙火、閥操作、修理作業、沈陷注意等。第163條至第165條之液氨液氯規定則未列入。	Article 178 lists the provisions applied by reference.	draft	11		
Q3579	OSH	OSH-41	高壓氣體勞工安全規則	第179條	民國111年9月14日	高壓氣體-消費	2	操作可燃性氣體、毒性氣體及氧氣之灌氣容器等之閥，應準用何項規定？	準用容器不得有腐蝕裂隙裂痕皺紋且應無漏氣並標示有效期限之相關各項規定	準用配管應採熔接接合並依氣體性狀於必要處所採二重管構造之相關各項規定	準用考慮閥之材料構造使用狀況以防止過巨之力加諸於閥上並訂入工作守則之規定	準用容器應保持溫度攝氏四十度以下並設溫度計或可檢知溫度計測裝置之規定	Which rule applies by reference when operating valves of filled cylinders of flammable, toxic or oxygen gas?	The rule on cylinders being free of corrosion, cracks and leaks and carrying a validity period marking	The rule on welding piping joints and using double-pipe construction where the gas properties require it	The rule on considering valve material, construction and condition to avoid excessive force, written into work rules	The rule on keeping container temperature at or below 40 degrees with a thermometer or measuring device fitted	c	第179條：操作可燃性氣體、毒性氣體及氧氣（可燃性氣體等）之灌氣容器等之閥，準用第175條之規定，即應考慮該閥之材料、構造及使用狀況，採取必要之措施以防止過巨之力加諸於閥上，並訂入工作守則中。第216條對廢棄時之灌氣容器等閥類亦準用第175條。	Article 179, applying Article 175.	draft	11		
Q3580	OSH	OSH-41	高壓氣體勞工安全規則	第180條	民國111年9月14日	高壓氣體-消費	2	加熱灌氣容器等、閥或配管時，應使用何種方式？何者不在此限？	應使用蒸汽管或溫度攝氏一百度以下之熱水；設有壓力表及手動控制之加熱器配管除外	應使用電熱毯或溫度攝氏六十度以下之溫風；設有液面計及緊急遮斷裝置之配管除外	應使用熱濕布或溫度攝氏四十度以下之溫水；設有安全閥及自動控制之加熱器內配管除外	應使用紅外線燈或溫度攝氏八十度以下之熱媒；設有防波板及逆止閥之容器配管除外	How may filled cylinders, valves or piping be heated, and what is excluded?	Steam pipes or hot water at or below 100 C; piping inside heaters with pressure gauges and manual control excluded	Electric blankets or warm air at or below 60 C; piping fitted with level gauges and emergency shut-off excluded	Hot wet cloth or warm water at or below 40 C; piping inside heaters with safety valves and automatic control excluded	Infrared lamps or heat medium at or below 80 C; container piping fitted with baffles and check valves excluded	c	第180條：加熱灌氣容器等、閥或配管時，應使用熱濕布或溫度在攝氏四十度以下之溫水；但設有安全閥及可調節壓力或溫度之自動控制之加熱器內之配管，不在此限。第97條第三款、第217條、第78條第六款亦有相同之熱濕布或攝氏四十度以下溫水規定。	Article 180; compare Articles 97, 217 and 78.	draft	11		
Q3581	OSH	OSH-41	高壓氣體勞工安全規則	第181條	民國111年9月14日	高壓氣體-消費	2	可燃性氣體或毒性氣體之消費，應在何種場所為之？容器溫度應如何保持？	應在通風良好之場所為之；且應保持其容器在攝氏四十度以下	應在密閉負壓之場所為之；且應保持其容器在攝氏五十度以下	應在設有防液堤場所為之；且應保持其容器在攝氏六十度以下	應在具防爆構造場所為之；且應保持其容器在攝氏三十度以下	Where must flammable or toxic gas be consumed, and at what container temperature?	In a well-ventilated place; containers kept at or below 40 degrees Celsius	In a sealed negative-pressure place; containers kept at or below 50 degrees	In a place provided with a liquid dike; containers kept at or below 60 degrees	In an explosion-proof structure place; containers kept at or below 30 degrees	a	第181條：可燃性氣體或毒性氣體之消費，應在通風良好之場所為之，且應保持其容器在攝氏四十度以下。第190條對一般液化石油氣之消費、第116條第一款對以容器儲存可燃性或毒性氣體、第79條第九款對容器放置場均有通風良好或攝氏四十度以下之規定。第242條定本條不適用於液化石油氣。	Article 181; compare Articles 79, 116 and 190.	draft	11		
Q3582	OSH	OSH-41	高壓氣體勞工安全規則	第182條	民國111年9月14日	高壓氣體-消費	3	氰化氫之消費，對灌裝日期有何限制？何種情形不在此限？	應使用灌裝於容器後不超過六十日者；純度百分之九十八以上且未著色者不在此限	應使用灌裝於容器後不超過三十日者；純度百分之九十以上且未著色者不在此限	應使用灌裝於容器後不超過一百八十日者；純度百分之九十九以上且已著色者除外	應使用灌裝於容器後不超過九十日者；純度百分之九十五以上且已著色者不在此限	What time limit applies to consuming hydrogen cyanide, and what is excepted?	It must be used within 60 days of filling; purity of 98 percent or more and uncoloured is excepted	It must be used within 30 days of filling; purity of 90 percent or more and uncoloured is excepted	It must be used within 180 days of filling; purity of 99 percent or more and coloured is excepted	It must be used within 90 days of filling; purity of 95 percent or more and coloured is excepted	a	第182條：氰化氫之消費，應使用灌裝於容器後不超過六十日者；但純度在百分之九十八以上，且未著色者，不在此限。第116條第三款對氰化氫之儲存、第97條第四款對氰化氫移注他容器均有相同之六十日與百分之九十八規定；第72條第三款並定氰化氫灌氣容器應於灌裝後靜置二十四小時以上確認無漏洩。	Article 182; compare Articles 72, 97 and 116.	draft	11		
Q3583	OSH	OSH-41	高壓氣體勞工安全規則	第183條	民國111年9月14日	高壓氣體-消費	3	環氧乙烷之消費，應於事前如何處理？其配管應設何種裝置？	應事前以氮氣或二氧化碳置換設備內部氣體；容器與消費設備間之配管應設逆流防止裝置	應事前以水蒸氣或熱水沖洗設備內部；容器與消費設備間之配管應設過流防止之閥類	應事前以稀酸或鹼液中和設備內部；容器與消費設備間之配管應設二重管構造之保護	應事前以空氣或氧氣置換設備內部氣體；容器與消費設備間之配管應設緊急遮斷裝置	How must ethylene oxide consumption be prepared, and what device must the piping have?	Purge the equipment with nitrogen or carbon dioxide beforehand; fit a backflow prevention device in the piping	Flush the equipment with steam or hot water beforehand; fit an excess flow prevention valve in the piping	Neutralise the equipment with dilute acid or alkali first; provide double-pipe protection for the piping	Purge the equipment with air or oxygen beforehand; fit an emergency shut-off device in the connecting piping	a	第183條：環氧乙烷之消費，應於事前以氮氣或二氧化碳置換設備內部之氣體，且在環氧乙烷容器與消費所使用之設備間之配管，設逆流防止裝置。第71條第五款對環氧乙烷灌注、第72條第四款及第五款對環氧乙烷儲槽與灌氣容器亦有以氮或二氧化碳置換之規定。	Article 183; compare Articles 71 and 72.	draft	11		
Q3584	OSH	OSH-41	高壓氣體勞工安全規則	第184條	民國111年9月14日	高壓氣體-消費	2	距可燃性氣體或氧氣之消費設備多少範圍內應嚴禁煙火，且不得放置危險性物質？	十公尺以內，但該設備內所使用者除外	五公尺以內，但該設備內所使用者除外	八公尺以內，但該設備內所使用者除外	二公尺以內，但該設備內所使用者除外	Within what distance of flammable gas or oxygen consumption equipment are flames and dangerous substances banned?	Within ten metres, except those used inside the equipment	Within five metres, except those used inside the equipment	Within eight metres, except those used inside the equipment	Within two metres, except those used inside the equipment	b	第184條：距可燃性氣體或氧氣之消費設備五公尺以內，應嚴禁煙火（該設備內所使用者除外），且不得放置危險性物質。第169條對儲存相關設備四周五公尺以內亦有相同規定；第79條第八款則對容器放置場四周二公尺以內定禁煙火及禁放危險性物質。	Article 184; compare Articles 79 and 169.	draft	11		
Q3585	OSH	OSH-41	高壓氣體勞工安全規則	第185條	民國111年9月14日	高壓氣體-消費	2	氧氣之消費所使用之閥或器具，應如何處理後始得使用？	非以熱濕布或攝氏四十度以下溫水加熱後，不得使用	非以氮氣或二氧化碳置換其內部氣體後，不得使用	非除卻石油類、油脂類及其他可燃性物質後，不得使用	非經實施音響檢查及內部檢查合格後，不得使用	How must valves or appliances for oxygen consumption be treated before use?	They may not be used until warmed with hot wet cloth or warm water at or below 40 C	They may not be used until their interior has been purged with nitrogen or carbon dioxide	They may not be used until petroleum, oils and fats and other combustibles are removed	They may not be used until they have passed a sound check and an internal inspection	c	第185條：氧氣之消費所使用之閥或器具，非除卻石油類、油脂類及其他可燃性物質後，不得使用。第170條對消費液氧、第214條對氧氣之廢棄、第97條第二款對灌注氧氣於容器均有相同之除卻石油類油脂類要求，第97條第二款並定容器與閥間不得使用可燃性墊圈。	Article 185; compare Articles 97, 170 and 214.	draft	11		
Q3586	OSH	OSH-41	高壓氣體勞工安全規則	第186條	民國111年9月14日	高壓氣體-消費	2	可燃性氣體、毒性氣體及氧氣於消費後，應如何處理？	應以氮氣置換內部，並採取容器加鎖及鉛封之措施	應開啟其閥洩壓，並採取容器分區放置與標示之措施	應嚴閉其閥，並採取防止容器翻倒及損傷其閥之措施	應立即送回供應事業單位，並採取運輸檢點之措施	What must be done after flammable, toxic or oxygen gas has been consumed?	Purge the interior with nitrogen and take measures locking and lead-sealing the containers	Open the valves to release pressure and take measures for separate placement and marking	Close the valves tightly and take measures preventing the container toppling or valve damage	Return them to the supply enterprise at once and take transport inspection measures first	c	第186條：可燃性氣體等應於消費後嚴閉其閥，並採取防止容器翻倒及損傷其閥之措施。第215條對廢棄後亦有完全相同之規定；第79條第十款對容器放置場之灌氣容器等（內容積五公升以下者除外）亦要求採防止翻倒掉落引起衝擊及損傷附屬閥之措施。	Article 186; identical to Article 215.	draft	11		
Q3587	OSH	OSH-41	高壓氣體勞工安全規則	第187條、第188條	民國111年9月14日	高壓氣體-消費	2	從事高壓氣體消費設備之修理或清掃時，應如何辦理？終了後又如何？	應事前報請勞動檢查機構派員到場監督；終了後應由檢查機構發給合格證後始得消費	應事前以空氣直接吹除內部殘氣；終了後即可立即恢復消費，無須另行確認運轉狀況	應事前以不易與內部氣體反應之氣體或液體置換；終了後未確認可正常安全運轉前不得消費	應事前將設備拆解並送廠外清洗；終了後應重新實施構造檢查及耐壓試驗始得消費	How must repair or cleaning of high-pressure gas consumption equipment be carried out and concluded?	Report beforehand so the labour inspection agency supervises; consumption only after it issues a certificate	Blow out residual gas directly with air beforehand; consumption may resume at once without confirming operation	Purge beforehand with gas or liquid unreactive with the contents; no consumption until safe operation is confirmed	Dismantle and clean the equipment off site beforehand; consumption only after fresh construction and pressure tests	c	第187條：從事高壓氣體消費設備之修理或清掃時，應於事前以不易與其內部氣體反應之氣體或液體置換其內部之氣體等防止危險措施後為之，且於其修理或清掃終了後，未確認該設施可正常安全運轉前，不得從事消費。第75條對氣體設備之修理等相關作業有更完整之規定。第188條已刪除。	Article 187 (Article 188 deleted); compare Article 75.	draft	11		
Q3588	OSH	OSH-41	高壓氣體勞工安全規則	第189條	民國111年9月14日	高壓氣體-消費	2	可燃性氣體、毒性氣體及氧氣之消費，除第一百七十九條至第一百八十七條規定外，準用何項規定？	準用特定高壓氣體消費設施自境界警戒標示至操作閥防止過巨之力等一系列規定	準用固定於車輛之容器運輸自防波板至運輸開始終止檢點等一系列之相關規定	準用冷凍機器容器自超音波探傷檢查至浸透探傷試驗等一系列之相關各項規定	準用甲類製造事業單位加氣站自承受灌裝車輛距離至添加臭劑等一系列之規定	Besides Articles 179 to 187, which rules apply to consuming flammable, toxic or oxygen gas?	The specified high-pressure gas consumption rules from boundary warning signs through to valve operating force	The vehicle-mounted container transport rules from baffle plates through to start and end of transport checks	The refrigeration container rules from ultrasonic testing through to the penetrant testing requirements	The Class A filling station rules from vehicle distance for filling through to the addition of odorant to gas	a	第189條：可燃性氣體等之消費，除依第179條至第187條規定外，準用第154條至第175條之規定，即特定高壓氣體消費設施之境界警戒標示、廠房構造、材料、基礎、耐壓與氣密試驗、厚度、壓力表與安全裝置、逆流防止裝置、低溫儲槽、除毒措施、熔接接合、二重管、靜電、漏洩警報、消防設備、五公尺禁煙火、液氧除油、閥操作、修理作業、沈陷注意等規定。	Article 189, applying Articles 154 to 175.	draft	11		
Q3589	OSH	OSH-41	高壓氣體勞工安全規則	第190條	民國111年9月14日	高壓氣體-液化石油氣	2	一般液化石油氣之消費，應於何種處所為之？灌氣容器等溫度應如何保持？	應於設有防液堤處所為之；其灌氣容器等之溫度應保持於攝氏六十度以下	應於密閉負壓之處所為之；其灌氣容器等之溫度應保持於攝氏五十度以下	應於具防爆構造處所為之；其灌氣容器等之溫度應保持於攝氏三十度以下	應於通風良好之處所為之；其灌氣容器等之溫度應保持於攝氏四十度以下	Where must general LPG be consumed, and at what temperature must filled cylinders be kept?	In a place provided with a liquid dike; filled cylinders kept at or below 60 degrees	In a sealed negative-pressure place; filled cylinders kept at or below 50 degrees	In an explosion-proof structure place; filled cylinders kept at or below 30 degrees	In a well-ventilated place; filled cylinders kept at or below 40 degrees Celsius	d	第190條：一般液化石油氣之消費應於通風良好之處所為之，且其灌氣容器等之溫度應保持於攝氏四十度以下。第30條定一般液化石油氣消費事業單位為特定液化石油氣消費事業單位以外者；第181條對可燃性氣體或毒性氣體之消費亦有通風良好與攝氏四十度以下之規定。	Article 190; compare Articles 30 and 181.	draft	11		
Q3590	OSH	OSH-41	高壓氣體勞工安全規則	第191條	民國111年9月14日	高壓氣體-液化石油氣	1	一般液化石油氣之消費後，應採取何種措施？	應採取容器分區標示之措施	應採取以氮氣置換之措施	應採取防止損傷閥等之措施	應採取立即送回供應商措施	What measure must be taken after general LPG has been consumed?	Measures marking containers by separate zone	Measures purging the container with nitrogen	Measures preventing damage to the valves	Measures returning containers to the supplier	c	第191條：一般液化石油氣之消費後應防止損傷閥等之措施。第186條對可燃性氣體等之消費後則定應嚴閉其閥並採取防止容器翻倒及損傷其閥之措施；第191條之1並對液化石油氣容器串接供廠場使用另定總容量一千公斤以下等管理規定。	Article 191; compare Articles 186 and 191-1.	draft	11		
Q3591	OSH	OSH-41	高壓氣體勞工安全規則	第192條	民國111年9月14日	高壓氣體-液化石油氣	2	一般液化石油氣之消費，除第一百九十條至第一百九十一條之一規定外，準用何項規定？	準用毒性氣體之除毒措施、熔接接合、二重管構造及逆流防止裝置等相關規定	準用儲存相關設備四周五公尺禁煙火、閥操作措施、修理清掃作業及加熱方式等規定	準用固定於車輛容器之防波板、高度檢知桿及工作箱距離等一系列相關之規定	準用境界警戒標示、材料選用、耐壓氣密試驗及壓力表安全裝置等一系列之規定	Besides Articles 190 to 191-1, which rules apply to the consumption of general LPG?	Detoxification measures for toxic gases, welded joints, double-pipe construction and backflow prevention	The five-metre no-flame rule, valve operating measures, repair and cleaning work, and the heating method rule	Baffle plates, height detection poles and tool box clearances for containers mounted on transport vehicles	Boundary warning signs, material selection, pressure and airtightness tests and pressure gauge safety devices	b	第192條：一般液化石油氣之消費除依第190條至第191條之1規定外，準用第169條、第172條、第173條及第180條之規定，即儲存相關設備四周五公尺以內嚴禁煙火且不得置放危險性物質、閥或旋塞之適當操作措施、修理等相關作業之置換與盲板阻隔、加熱應使用熱濕布或攝氏四十度以下溫水。	Article 192 lists the provisions applied by reference.	draft	11		
Q3592	OSH	OSH-41	高壓氣體勞工安全規則	第193條	民國111年9月14日	高壓氣體-冷凍機器	3	冷凍機器之冷媒設備所使用之容器，其材料選用及檢查有何規定？何者除外？	應一律採用低溫用高強度合金鋼，並經認可之放射線檢查全長合格；未滿五公噸者除外	應因應常用壓力與常用溫度採用標準材料，並經認可之磁粉探傷試驗合格；未滿十公噸者除外	應因應最高使用壓力採用不鏽鋼材料，並經認可之浸透探傷試驗合格；未滿三公噸者除外	應因應設計壓力與設計溫度採用適當材料，並經認可之超音波探傷檢查合格；未滿二十公噸者除外	What material and inspection rules apply to containers of refrigeration machinery refrigerant equipment, and what is excluded?	Low-temperature high-strength alloy steel only, passing approved full-length radiography; under 5 tonnes excluded	Standard materials suited to working pressure and temperature, passing magnetic particle tests; under 10 tonnes out	Stainless steel suited to the maximum working pressure, passing approved penetrant testing; under 3 tonnes out	Materials suited to design pressure and temperature, passing approved ultrasonic testing; under 20 tonnes excluded	d	第193條：冷凍機器之冷媒設備（除一日之冷凍能力未滿二十公噸者外）所使用之容器（除與泵或壓縮機相關者外），其材料應因應該容器之設計壓力、設計溫度等採用適當之材料，且應經中央主管機關認可實施之超音波探傷檢查合格者。第194條並定胴板、端板、蓋板或管板之厚度應適應設計壓力、形狀尺寸、材料種類及熔接接頭效率等。	Article 193; see also Article 194.	draft	11		
Q3593	OSH	OSH-41	高壓氣體勞工安全規則	第194條	民國111年9月14日	高壓氣體-冷凍機器	2	冷凍機器容器之胴板、端板、蓋板或管板之厚度，應適應何項因素？	應適應該容器之最高使用壓力、外觀顏色、標示位置、製造廠牌之優劣或價格高低等	應適應該容器之設計壓力、形狀及尺寸、材料種類、熔接接頭之有無或熔接接頭之效率等	應適應該容器之常用壓力、使用年限、操作頻率、檢查週期之長短或保養紀錄之完整等	應適應該容器之耐壓試驗值、運輸距離、儲存場所、氣候條件之變化或日照時數等	What factors must the thickness of shell, end, cover or tube plates of refrigeration containers suit?	The maximum working pressure, exterior colour, marking position, and brand quality or price level	The design pressure, shape and dimensions, material type, and presence or efficiency of welded joints	The working pressure, service life, operating frequency, inspection interval, and completeness of records	The hydrostatic test value, transport distance, storage location, climate variation and hours of sunshine	b	第194條：容器之胴板、端板、蓋板或管板之厚度，應適應該容器之設計壓力、形狀及尺寸、材料種類、熔接接頭之有無或熔接接頭之效率等。第197條並定在胴板、端板或蓋板開啟之孔應適應板厚、孔徑等，必要時應以補強材補強。	Article 194; compare Article 197.	draft	11		
Q3594	OSH	OSH-41	高壓氣體勞工安全規則	第195條	民國111年9月14日	高壓氣體-冷凍機器	1	冷凍機器容器之熔接，應如何實施？	應由持證熔接人員以電弧焊接實施	應於工廠內以自動熔接機全數實施	應適應接頭之種類，以適當方法實施	應於現場以氣體熔接方式全程實施	How must welding of refrigeration machinery containers be performed?	By certified welders using electric arc welding only	Entirely by automatic welding machines in the factory	By suitable methods matched to the type of joint	Entirely by gas welding methods carried out on site	c	第195條：容器之熔接，應適應接頭之種類，以適當方法實施。第196條並定容器之熔接部（熔著金屬部分及承受熔接熱影響致材質變化之母材部分）應具有與母材同等以上之強度；第198條規定熔接部應消除應力，但依母材材質厚度、熔接方法、預熱溫度等被認無須者不在此限。	Article 195; see also Articles 196 and 198.	draft	11		
Q3595	OSH	OSH-41	高壓氣體勞工安全規則	第196條	民國111年9月14日	高壓氣體-冷凍機器	2	冷凍機器容器之熔接部，其強度應如何？所稱熔接部範圍為何？	應具有母材二倍以上之強度；僅含熔著金屬部分，不包括受熱影響之母材部分在內	應具有與母材同等以上之強度；含熔著金屬部分及受熔接熱影響致材質變化之母材部分	應具有與補強材相同之強度；含容器全部板材，不區分熔接部與非熔接部之範圍	應具有母材二分之一以上強度；僅含補強材部分，不包括熔著金屬與母材部分在內	What strength must welds of refrigeration containers have, and what does the weld zone cover?	Strength at least twice the base metal; covering only deposited metal, not heat-affected metal	Strength equal to or above the base metal; covering deposited metal and heat-affected base metal	Strength equal to the reinforcing material; covering all plates without distinguishing welds	Strength at least half the base metal; covering only reinforcing material, not deposited metal	b	第196條：容器之熔接部（謂熔著金屬部分及承受熔接之熱影響而致材質產生變化之母材部分），應具有與母材同等以上之強度。第199條並定對頭熔接部應實施接頭拉伸試驗、自由彎曲試驗、側面彎曲試驗、反面彎曲試驗及衝擊試驗合格。	Article 196; see also Article 199.	draft	11		
Q3596	OSH	OSH-41	高壓氣體勞工安全規則	第197條	民國111年9月14日	高壓氣體-冷凍機器	2	在冷凍機器容器之胴板、端板或蓋板開啟之孔，應如何處理？	應適應其壓力、溫度等，必要時應以絕熱材料被覆	應適應其材質、顏色等，必要時應以塗裝加以標示	應適應其板厚、孔徑等，必要時應以補強材補強	應適應其位置、方向等，必要時應以盲板加以封閉	How must openings in the shell, end or cover plates of a refrigeration container be treated?	Suited to pressure and temperature, covered with heat-insulating material where this is necessary	Suited to material and colour, marked with painted identification where this is considered necessary	Suited to plate thickness and hole diameter, reinforced with reinforcing material where necessary	Suited to position and direction, closed off with blind plates where this is considered necessary	c	第197條：在容器之胴板、端板或蓋板開啟之孔，應適應其板厚、孔徑等，必要時應以補強材補強。第194條並定板厚應適應設計壓力、形狀及尺寸、材料種類與熔接接頭效率等；第196條定熔接部應具與母材同等以上強度。	Article 197; compare Articles 194 and 196.	draft	11		
Q3597	OSH	OSH-41	高壓氣體勞工安全規則	第198條	民國111年9月14日	高壓氣體-冷凍機器	2	冷凍機器容器之熔接部，對應力有何規定？何者不在此限？	熔接部應塗布防鏽塗料；依容器使用環境、儲存場所等被認無須實施者除外	熔接部應消除應力；依母材材質厚度、熔接方法、預熱溫度等被認無須實施者除外	熔接部應實施硬度試驗；依熔接人員資格、施工場所等被認無須實施者除外	熔接部應施加預應力；依容器形狀尺寸、使用年限、檢查週期等被認無須者除外	What rule applies to stress in welds of refrigeration containers, and what is excepted?	Welds must be coated with anti-rust paint; excepted where use environment or storage makes it unnecessary	Welds must be stress relieved; excepted where base metal, thickness, method or preheat make it unnecessary	Welds must undergo hardness testing; excepted where welder qualifications or worksite make it unnecessary	Welds must be prestressed; excepted where container shape, service life or inspection interval make it so	b	第198條：容器之熔接部應消除應力；但依母材之材質或厚度、熔接方法、預熱溫度等，被認無須實施消除應力者，不在此限。第195條定熔接應適應接頭種類以適當方法實施；第196條定熔接部應具與母材同等以上之強度。	Article 198; compare Articles 195 and 196.	draft	11		
Q3598	OSH	OSH-41	高壓氣體勞工安全規則	第199條	民國111年9月14日	高壓氣體-冷凍機器	3	冷凍機器容器實施對頭熔接之熔接部，應實施哪些試驗合格？	接頭壓縮試驗、扭轉試驗、疲勞試驗、潛變試驗及硬度試驗等五種試驗	接頭剪力試驗、落錘試驗、爆破試驗、氣密試驗及耐壓試驗等五種試驗	接頭腐蝕試驗、鹽霧試驗、超音波試驗、放射線試驗及磁粉試驗等五種	接頭拉伸試驗、自由彎曲試驗、側面彎曲試驗、反面彎曲試驗及衝擊試驗	Which tests must butt-welded joints of refrigeration containers pass?	Joint compression, torsion, fatigue, creep and hardness testing	Joint shear, drop weight, burst, airtightness and pressure testing	Joint corrosion, salt spray, ultrasonic, radiographic and magnetic	Joint tensile, free bend, side bend, reverse bend and impact tests	d	第199條：容器之實施對頭熔接之熔接部，應依中央主管機關規定實施接頭拉伸試驗、自由彎曲試驗、側面彎曲試驗、反面彎曲試驗及衝擊試驗合格者。第200條至第204條並另定放射線檢查、超音波探傷檢查、磁粉探傷試驗及浸透探傷試驗之要求。	Article 199; Articles 200 to 204 add non-destructive testing.	draft	11		
Q3599	OSH	OSH-41	高壓氣體勞工安全規則	第200條	民國111年9月14日	高壓氣體-冷凍機器	2	使用對頭熔接之熔接部中，經中央主管機關指定者，應如何檢查？	應對其全長依中央主管機關規定方法實施磁粉探傷試驗	應對其百分之二十長度依規定之方法實施放射線檢查	應對其百分之五十長度依規定之方法實施超音波探傷	應對其全長依中央主管機關規定之方法實施放射線檢查	How must butt welds designated by the central competent authority be inspected?	Magnetic particle testing over their full length by the prescribed method	Radiographic inspection over twenty percent of length by the method	Ultrasonic testing over fifty percent of their length by the method	Radiographic inspection over their full length by the prescribed method	d	第200條：使用對頭熔接之熔接部中，經中央主管機關指定者，應對其全長依中央主管機關規定之方法實施放射線檢查。第201條則定前條以外之對頭熔接部，應以同一熔接方法及同一條件之每一熔接部，就其全長之百分之二十以上長度實施放射線檢查。	Article 200; compare Article 201.	draft	11		
Q3600	OSH	OSH-41	高壓氣體勞工安全規則	第201條	民國111年9月14日	高壓氣體-冷凍機器	3	非經指定之對頭熔接部，應就其全長之多少長度實施放射線檢查？何者不在此限？	百分之二十以上長度；設計上無須實施或僅自外面承受壓力之熔接部除外	百分之百之全長長度；經磁粉探傷試驗合格或已補強之熔接部得予以免除	百分之五十以上長度；設計上無須實施或僅自內面承受壓力之熔接部除外	百分之十以上之長度；經超音波探傷檢查合格或已消除應力之熔接部除外	For non-designated butt welds, what proportion of length needs radiography, and what is excepted?	At least 20 percent of full length; welds designed as unnecessary or pressured only from outside excepted	The entire full length in all cases; welds passing magnetic testing or already reinforced are excepted	At least 50 percent of full length; welds designed as unnecessary or pressured only from inside excepted	At least 10 percent of full length; welds passing ultrasonic testing or already stress relieved excepted	a	第201條：第200條規定熔接部以外之對頭熔接部，應以同一熔接方法及同一條件之每一熔接部，就其全長之百分之二十以上長度實施放射線檢查；但設計上被認無須實施放射線檢查或僅自其外面承受壓力之熔接部，不在此限。第200條所指定者則須全長實施。	Article 201, read with Article 200.	draft	11		
Q3601	OSH	OSH-41	高壓氣體勞工安全規則	第202條	民國111年9月14日	高壓氣體-冷凍機器	2	中央主管機關指定之冷凍機器容器之熔接部，應經何種檢查合格？	應經中央主管機關規定之常用壓力耐壓試驗	應經中央主管機關規定之全長放射線檢查合格	應經中央主管機關規定之超音波探傷檢查合格	應經中央主管機關規定之接頭拉伸試驗合格	What inspection must welds of containers designated by the authority pass?	A hydrostatic test at normal working pressure set by the authority	Full-length radiographic inspection prescribed by the authority	Ultrasonic testing prescribed by the central competent authority	Joint tensile testing prescribed by the central competent authority	c	第202條：中央主管機關指定之容器之熔接部，應經中央主管機關規定之超音波探傷檢查合格。第203條並定指定容器之熔接部應就其全長實施磁粉探傷試驗合格；第204條則定實施磁粉探傷困難者應實施浸透探傷試驗。第193條對容器材料亦要求超音波探傷檢查合格。	Article 202; compare Articles 193, 203 and 204.	draft	11		
Q3602	OSH	OSH-41	高壓氣體勞工安全規則	第203條	民國111年9月14日	高壓氣體-冷凍機器	2	中央主管機關指定之冷凍機器容器之熔接部，應就其全長實施何種試驗？	應就其全長依規定之方法實施超音波探傷合格	應就其全長依規定之方法實施浸透探傷試驗合格	應就其全長依規定之方法實施接頭衝擊試驗合格	應就其全長依規定之方法實施磁粉探傷試驗合格	What test must welds of containers designated by the authority undergo over their full length?	Ultrasonic testing over the full length by the prescribed method used	Penetrant testing over the full length by the prescribed method used	Joint impact testing over the full length by the prescribed method used	Magnetic particle testing over the full length by the prescribed method	d	第203條：中央主管機關指定之容器之熔接部，應就其全長依中央主管機關規定之方法就其全長實施磁粉探傷試驗合格。第204條並定該熔接部及以耐蝕、耐熱合金及其他可因熔接而易生缺陷之金屬為母材之熔接部中，被認實施磁粉探傷試驗為困難者，應依規定實施浸透探傷試驗。	Article 203; compare Article 204.	draft	11		
Q3603	OSH	OSH-41	高壓氣體勞工安全規則	第204條	民國111年9月14日	高壓氣體-冷凍機器	3	哪些熔接部於實施磁粉探傷試驗有困難時，應改實施浸透探傷試驗？	僅限指定容器之對頭熔接部，其他熔接部一律免除任何非破壞檢驗之要求	僅限現場組裝之熔接部，工廠內熔接者一律以超音波探傷檢查代替之處理	僅限以碳鋼為母材且板厚超過五十毫米之熔接部，其餘一律實施放射線檢查	指定容器之熔接部及以耐蝕耐熱合金等因熔接易生缺陷金屬為母材之熔接部	Which welds must undergo penetrant testing when magnetic particle testing is difficult?	Only butt welds of designated containers, all other welds being exempt from any non-destructive examination	Only welds assembled on site, all factory welds being replaced by ultrasonic testing as an alternative method	Only welds with carbon steel base metal over fifty millimetres thick, all others undergoing radiography instead	Welds of designated containers and welds whose base metal is corrosion or heat resistant alloy prone to defects	d	第204條：第203條之熔接部及耐蝕、耐熱合金及其他可因熔接而易生缺陷之金屬為母材之熔接部者中，被認實施磁粉探傷試驗為困難者，應依中央主管機關之規定實施浸透探傷試驗。磁粉探傷對非磁性材料不適用，故以浸透探傷試驗替代。	Article 204, read with Article 203.	draft	11		
Q3604	OSH	OSH-41	高壓氣體勞工安全規則	第205條	民國111年9月14日	高壓氣體-冷凍機器	3	冷凍機器之冷媒設備，其氣密試驗及耐壓試驗之壓力各為何？	以常用壓力以上之壓力實施氣密試驗；配管以外部分以常用壓力二倍以上實施耐壓試驗	以設計壓力一．五倍以上之壓力實施氣密試驗；配管以外部分以設計壓力以上實施耐壓試驗	以設計壓力以上之壓力實施氣密試驗；配管以外部分以設計壓力一．五倍以上實施耐壓試驗	以最高使用壓力二倍之壓力實施氣密試驗；配管以外部分以最高使用壓力三倍實施耐壓	What pressures apply to airtightness and hydrostatic tests of refrigeration machinery refrigerant equipment?	Airtightness at or above normal working pressure; parts other than piping hydrostatic at twice that pressure	Airtightness at 1.5 times design pressure; parts other than piping hydrostatic at or above design pressure	Airtightness at or above design pressure; parts other than piping hydrostatic at 1.5 times design pressure	Airtightness at twice maximum working pressure; parts other than piping hydrostatic at three times that	c	第205條：冷凍機器應就冷媒設備以設計壓力以上之壓力實施氣密試驗；其配管以外之部分，應以設計壓力一．五倍以上之壓力實施耐壓試驗。第42條對冷媒設備則以最高使用壓力為基準；第41條對高壓氣體設備以常用壓力為基準。第207條並定冷媒設備之材料及構造應適合第205條及第206條規定。	Article 205; compare Articles 41 and 42.	draft	11		
Q3605	OSH	OSH-41	高壓氣體勞工安全規則	第206條	民國111年9月14日	高壓氣體-冷凍機器	2	冷凍機器之冷媒設備，應具有何種性能？	應具有可防止日照、雨水、積雪等致使冷媒氣體結冰者	應具有可防止靜電、火花、雷擊等致使冷媒氣體著火者	應具有可防止振動、衝擊、腐蝕等致使冷媒氣體外洩者	應具有可承受地震影響並防止基礎不均勻沈陷之耐震者	What performance must refrigeration machinery refrigerant equipment provide?	It must prevent refrigerant freezing caused by sunlight, rain or accumulated snow	It must prevent refrigerant ignition caused by static, sparks or lightning strikes	It must prevent refrigerant leakage caused by vibration, impact or corrosion	It must resist earthquakes and prevent uneven settlement of its own foundation	c	第206條：冷凍機器之冷媒設備，應具有可防止振動、衝擊、腐蝕等致使冷媒氣體外洩者。第40條對冷凍用高壓氣體之製造設備有相同要求；第207條並定冷媒設備（除第193條至第204條規定之容器外）之材料及構造應適合第205條及第206條之規定。	Article 206; identical to Article 40.	draft	11		
Q3606	OSH	OSH-41	高壓氣體勞工安全規則	第207條	民國111年9月14日	高壓氣體-冷凍機器	2	冷凍機器之冷媒設備中，除受容器規定規範者外，其材料及構造應適合何項規定？	應適合氣密與耐壓試驗壓力規定，及防止振動衝擊腐蝕致冷媒外洩之規定	應適合接頭拉伸試驗與彎曲試驗規定，及磁粉浸透探傷試驗之相關規定	應適合超音波探傷檢查與放射線檢查規定，及熔接部消除應力之相關規定	應適合材料選用與板厚計算規定，及開孔應以補強材補強之相關各項規定	For refrigerant equipment other than the regulated containers, what must the materials and construction satisfy?	The airtightness and hydrostatic test pressure rules, and the rule preventing leakage from vibration or corrosion	The joint tensile and bend testing rules, and the rules on magnetic particle and penetrant testing methods	The ultrasonic and radiographic inspection rules, and the rule requiring stress relief of the welded joints	The material selection and plate thickness rules, and the rule requiring openings to be reinforced properly	a	第207條：冷凍機器之冷媒設備（除第193條至第204條規定之容器外）之材料及構造，應適合第205條及前條之規定者，即以設計壓力以上實施氣密試驗、配管以外部分以設計壓力一．五倍以上實施耐壓試驗，並應具有可防止振動、衝擊、腐蝕等致使冷媒氣體外洩之性能。	Article 207, applying Articles 205 and 206.	draft	11		
Q3607	OSH	OSH-41	高壓氣體勞工安全規則	第208條	民國111年9月14日	高壓氣體-特殊標準	2	中央主管機關對高壓氣體之製造，認定製造事業單位設施情況特殊者，得如何處理？	得使其延長改善期限至五年，期間內不受任何安全設施規定之限制與處分	得使其不受第四章儲存安全設施規定之限制，另以適當標準為儲存設施標準	得使其免除全部安全設施規定，改由目的事業主管機關逕行核定其設施內容	得使其不受第二章製造安全設施規定之限制，另以適當標準為製造設施標準	Where the authority finds a manufacturer facility situation special, what may it do?	Extend its improvement period to five years, free from any safety facility rules or penalties meanwhile	Exempt it from Chapter 4 storage safety rules and set suitable storage facility standards for it instead	Exempt it from all safety facility rules, leaving the sector authority to approve the facility content	Exempt it from Chapter 2 manufacturing safety rules and set suitable manufacturing facility standards instead	d	第208條：中央主管機關對高壓氣體之製造，依各該氣體之種類、製造設施之規模、事業場所四周環境之狀況、製造方法及其他相關事項，認定製造事業單位之設施情況特殊，得使其不受第二章規定之限制，另以適當標準為製造設施標準。第209條對高壓氣體之儲存亦有相對應之規定，得不受第四章規定之限制。第242條定本條不適用於液化石油氣。	Article 208; Article 209 does the same for storage.	draft	11		
Q3608	OSH	OSH-41	高壓氣體勞工安全規則	第209條	民國111年9月14日	高壓氣體-特殊標準	2	中央主管機關對高壓氣體之儲存，認定儲存設施情況特殊者，得如何處理？	得使其不受第四章儲存安全設施規定之限制，另以適當標準為儲存設施標準	得使其不受第二章製造安全設施規定之限制，另以適當標準為製造設施標準	得使其免除全部安全設施規定，改由目的事業主管機關逕行核定其設施內容	得使其延長改善期限至五年，期間內不受任何安全設施規定之限制與處分	Where the authority finds a storage facility situation special, what may it do?	Exempt it from Chapter 4 storage safety rules and set suitable storage facility standards for it instead	Exempt it from Chapter 2 manufacturing safety rules and set suitable manufacturing standards instead	Exempt it from all safety facility rules, leaving the sector authority to approve the facility content	Extend its improvement period to five years, free from any safety facility rules or penalties meanwhile	a	第209條：中央主管機關對高壓氣體之儲存，依各該氣體之種類、高壓氣體儲存場所之規模、儲存場所四周環境之狀況、儲存方法及其他相關事項，認定高壓氣體儲存場所之儲存設施情況特殊，得使其不受第四章規定之限制，另以適當標準為儲存設施標準。第208條則為製造設施之相對應規定。	Article 209; Article 208 does the same for manufacturing.	draft	11		
Q3609	OSH	OSH-41	高壓氣體勞工安全規則	第211條	民國111年9月14日	高壓氣體-廢棄	2	可燃性氣體之廢棄，對場所及排放方式有何規定？	不得近接電力設施或變電所等場所及其附近；排放於大氣時應於夜間以加壓方式快速排放	不得近接水源保護區或河川出海口及其附近；排放於大氣時應於低窪處所以水霧沖淡後排放	不得近接住宅區或學校醫院等場所及其附近；排放於大氣時應於密閉容器內迅速一次排放完畢	不得近接煙火處置場所或放置危險性物質場所及其附近；排放於大氣時應於通風良好場所緩緩排放	What rules govern the place and manner of discarding flammable gas?	Not near power facilities or substations and their vicinity; when released to air, rapidly at night under pressurisation	Not near water source protection zones or river mouths nearby; when released to air, in low ground diluted by water mist	Not near residential areas or schools and hospitals nearby; when released to air, rapidly and at once in a closed vessel	Not near places handling flames or holding dangerous substances; when released to air, slowly in a well-ventilated place	d	第211條：可燃性氣體之廢棄，不得近接於煙火之處置場所或放置有危險性物質之場所及其附近場所為之；排放於大氣中時，應於通風良好之場所緩緩排放。第210條並定可燃性氣體等不得併同容器廢棄；第213條規定連續廢棄可燃性氣體或毒性氣體時應檢測滯留濃度並採適當措施。	Article 211; compare Articles 210 and 213.	draft	11		
Q3610	OSH	OSH-41	高壓氣體勞工安全規則	第212條	民國111年9月14日	高壓氣體-廢棄	1	排放毒性氣體於大氣中時，應依何規定辦理？	應依建築管理法規規定辦理	應依交通運輸法規規定辦理	應依消防法有關規定辦理	應依環境保護有關規定辦理	Under what law must toxic gas be released into the atmosphere?	Under the relevant building administration regulations	Under the relevant transport and traffic regulations	Under the relevant provisions of the Fire Services Act	Under the relevant environmental protection provisions	d	第212條：排放毒性氣體於大氣中時，應依環境保護有關規定。第211條對可燃性氣體之排放定應於通風良好場所緩緩排放；第213條規定連續廢棄可燃性氣體或毒性氣體時，應檢測各該氣體之滯留濃度並採取適當之措施。第242條定本條不適用於液化石油氣。	Article 212; compare Articles 211 and 213.	draft	11		
Q3611	OSH	OSH-41	高壓氣體勞工安全規則	第213條	民國111年9月14日	高壓氣體-廢棄	2	連續廢棄可燃性氣體或毒性氣體時，應如何辦理？	應檢測各該氣體之純度與色澤，並張貼標示於容器	應檢測各該氣體之滯留濃度，並採取適當之措施	應檢測各該氣體之容器壓力，並記錄保存三年備查	應檢測各該氣體之排放流量，並填具申報表備查	What must be done when flammable or toxic gas is discarded continuously?	Measure the purity and colour of each gas and attach a label on each container	Measure the accumulated concentration of each gas and take suitable measures	Measure the container pressure of each gas and keep the records for three years	Measure the discharge flow rate of each gas and file a declaration form for record	b	第213條：連續廢棄可燃性氣體或毒性氣體時，應檢測各該氣體之滯留濃度，並採取適當之措施。第211條、第212條分別規定可燃性氣體與毒性氣體之排放方式；第60條、第167條並定有漏洩積滯之虞場所應設氣體漏洩檢知警報設備。	Article 213; compare Articles 60, 167, 211 and 212.	draft	11		
Q3612	OSH	OSH-41	高壓氣體勞工安全規則	第214條	民國111年9月14日	高壓氣體-廢棄	2	氧氣之廢棄所使用之閥或器具，應如何處理後始得使用？	非以熱濕布或攝氏四十度以下溫水加熱後，不得使用	非經實施音響檢查及容器內部檢查後，不得使用	非除卻石油類、油脂類及其他可燃性氣體後，不得使用	非以氮氣或二氧化碳置換其內部氣體後，不得使用	How must valves or appliances used for discarding oxygen be treated before use?	They may not be used until warmed with hot wet cloth or warm water at or below 40 C	They may not be used until they have passed a sound check and an internal inspection	They may not be used until petroleum, oils and fats and other combustible gases are removed	They may not be used until their interior has been purged with nitrogen or carbon dioxide	c	第214條：氧氣之廢棄所使用之閥或器具，非除卻石油類、油脂類及其他可燃性氣體後，不得使用。第185條對氧氣之消費、第170條對液氧之消費、第97條第二款對灌注氧氣於容器均有相同之除卻石油類油脂類要求。第242條定本條不適用於液化石油氣。	Article 214; compare Articles 97, 170 and 185.	draft	11		
Q3613	OSH	OSH-41	高壓氣體勞工安全規則	第215條	民國111年9月14日	高壓氣體-廢棄	2	可燃性氣體、毒性氣體及氧氣於廢棄後，應如何處理？	應開啟其閥洩壓，並採取容器分區放置與標示之措施	應以氮氣置換內部，並採取容器加鎖及鉛封之措施	應立即送回供應事業單位，並採取運輸檢點之措施	應嚴閉其閥，並採取防止容器翻倒及損傷其閥之措施	What must be done after flammable, toxic or oxygen gas has been discarded?	Open the valves to release pressure and take measures for separate placement and marking	Purge the interior with nitrogen and take measures locking and lead-sealing the containers	Return them to the supply enterprise at once and take transport inspection measures first	Close the valves tightly and take measures preventing the container toppling or valve damage	d	第215條：可燃性氣體等應於廢棄後嚴閉其閥，並採取防止容器翻倒及損傷其閥之措施。第186條對消費後亦有完全相同之規定；第210條並定可燃性氣體等不得併同容器廢棄。	Article 215; identical to Article 186.	draft	11		
Q3614	OSH	OSH-41	高壓氣體勞工安全規則	第216條	民國111年9月14日	高壓氣體-廢棄	2	廢棄作業中灌氣容器等之閥類，應準用何項規定？	準用考慮閥之材料構造使用狀況以防止過巨之力加諸於閥上並訂入工作守則之規定	準用配管應採熔接接合並依氣體性狀於必要處所採二重管構造之相關各項規定	準用容器不得有腐蝕裂隙裂痕皺紋且應無漏氣並標示有效期限之相關各項規定	準用容器應保持溫度攝氏四十度以下並設溫度計或可檢知溫度計測裝置之規定	Which rule applies by reference to valves of filled cylinders during discarding operations?	The rule on considering valve material, construction and condition to avoid excessive force, written into work rules	The rule on welding piping joints and using double-pipe construction where the gas properties require it	The rule on cylinders being free of corrosion, cracks and leaks and carrying a validity period marking	The rule on keeping container temperature at or below 40 degrees with a thermometer or measuring device fitted	a	第216條：灌氣容器等之閥類，準用第175條之規定，即操作時應考慮該閥之材料、構造及使用狀況，採取必要之措施以防止過巨之力加諸於閥上，並訂入工作守則中。第179條對消費作業中可燃性氣體等灌氣容器之閥亦準用第175條。第242條定本條不適用於液化石油氣。	Article 216, applying Article 175.	draft	11		
Q3615	OSH	OSH-41	高壓氣體勞工安全規則	第217條	民國111年9月14日	高壓氣體-廢棄	2	廢棄作業中加熱於灌氣容器等、閥或配管時，應使用何種方式？	應使用紅外線燈或溫度在攝氏八十度以下熱媒	應使用蒸汽管或溫度在攝氏一百度以下之熱水	應使用電熱毯或溫度在攝氏六十度以下之溫風	應使用熱濕布或溫度在攝氏四十度以下之溫水	How may filled cylinders, valves or piping be heated during discarding operations?	With an infrared lamp or with heat medium at or below 80 degrees Celsius	With steam piping or with hot water at or below 100 degrees Celsius	With an electric blanket or with warm air at or below 60 degrees Celsius	With hot wet cloth or with warm water at or below 40 degrees Celsius	d	第217條：加熱於灌氣容器等、閥或配管時，應使用熱濕布或溫度在攝氏四十度以下之溫水。第180條對消費作業、第97條第三款對乙類製造事業單位之製造作業、第78條第六款對霧劑製造均有相同之熱濕布或攝氏四十度以下溫水規定。	Article 217; compare Articles 78, 97 and 180.	draft	11		
Q3616	OSH	OSH-41	高壓氣體勞工安全規則	第220條	民國111年9月14日	高壓氣體-安全管理	3	哪些甲類製造事業單位應於製造開始之日選任高壓氣體製造安全主任？其任務與訓練要求為何？	液化石油氣、冷凍用高壓氣體以外之甲類事業單位；輔助製造安全負責人並應受安全主任訓練	全部甲類及乙類製造事業單位；負責指揮監督勞工作業並應受製造安全規劃人員訓練	液化石油氣及冷凍用高壓氣體之甲類事業單位；綜理製造安全業務並應受作業主管訓練	僅一日製造容積一百萬立方公尺以上者；規劃安全教育計畫並應受消費作業主管訓練	Which Class A enterprises must appoint a high-pressure gas manufacturing safety officer, with what role and training?	Class A units other than LPG and refrigeration ones; assisting the safety principal and taking safety officer training	All Class A and Class B manufacturing enterprises; directing workers and taking safety planner training	Class A units engaged in LPG and refrigeration gas; managing all safety affairs and taking supervisor training	Only those producing a million cubic metres a day; planning safety education and taking consumption training	a	第220條：液化石油氣、冷凍用高壓氣體製造事業單位以外之甲類製造事業單位，應於製造開始之日，依各該事業製程狀況，按第221條規定分別選任高壓氣體製造安全主任，輔助高壓氣體製造安全負責人從事製造安全技術管理事務；並應依職業安全衛生教育訓練規則接受高壓氣體製造安全主任安全衛生教育訓練。第219條則規定製造安全負責人之指派與報備。	Article 220; compare Article 219.	draft	11		
Q3617	OSH	OSH-41	高壓氣體勞工安全規則	第221條	民國111年9月14日	高壓氣體-安全管理	2	甲類製造事業單位應於何時選任高壓氣體製造安全作業主管？其選任依據及訓練要求為何？	應於發生災害之日，依災害嚴重程度分別選任；並應接受規劃人員之在職進修與複訓等課程	應於勞動檢查機構通知之日，依勞工人數多寡分別選任；並應接受安全負責人之專業教育訓練	應於製造開始之日，依事業單位之資本額大小分別選任；並應接受安全主任安全衛生教育訓練	應於製造設備設置之日，依高壓氣體之製造種類分別選任；並應接受作業主管安全衛生教育訓練	When must a Class A enterprise appoint a manufacturing safety supervisor, on what basis, and with what training?	On the day a disaster occurs, by the severity of the disaster concerned; planner refresher training required	On the day the labour inspection agency gives notice, by the number of workers; safety principal training required	On the day manufacturing starts, by the amount of the capital of the enterprise; safety officer training required	On the day the manufacturing equipment is installed, by type of gas manufactured; supervisor safety training required	d	第221條：第220條之甲類製造事業單位，應於該條表所定製造設備設置之日，依高壓氣體之製造種類，分別選任高壓氣體製造安全作業主管；擔任者應依職業安全衛生教育訓練規則規定，接受高壓氣體製造安全作業主管安全衛生教育訓練。第224條並定其應維持製造設備符合法令基準、監督實施自動檢查、實施巡視與檢點等職責。	Article 221; see also Article 224 on duties.	draft	11		
Q3618	OSH	OSH-41	高壓氣體勞工安全規則	第222條	民國111年9月14日	高壓氣體-安全管理	3	選任高壓氣體製造安全作業主管時，何種情形之製造設備得歸納於同一種類？	表列第一款至第十七款設備與第十八款設備相鄰接且配置一體管理，並於同一計器室控制或安全管理具同等功能	表列設備之操作人員採用輪班制，且各班次人數相同者，即得歸納於同一種類並由一人擔任主管	表列全部十八款設備不論是否相鄰接，只要屬同一事業單位所有且由同一負責人管理即得歸納於同一種類	表列設備之處理能力合計未滿一百立方公尺，且經勞動檢查機構核准者，即得歸納於同一種類辦理	When may manufacturing equipment be grouped as one type for appointing a manufacturing safety supervisor?	Items 1 to 17 adjoin items 18, are laid out for integrated management, and are controlled in one instrument room or equivalent	The operators of the listed equipment work in shifts and each shift has the same number of workers assigned to it	All eighteen listed items regardless of adjacency, provided they belong to one enterprise under one responsible person	The listed equipment has combined processing capacity under 100 cubic metres and the inspection agency approves it	a	第222條：依第221條選任高壓氣體製造安全作業主管時，該條表列第一款至第十七款所列之一種或二種以上之製造設備與同表第十八款所列之一種或二種以上之製造設備相鄰接，且其配置設計為一體實施管理，並於同一計器室內控制其操作，或在安全管理具有同等功能者，該製造設備等可歸納於同一種類；對同一高壓氣體製造種類內之二種以上之製造設備亦同。	Article 222 sets the grouping conditions.	draft	11		
Q3619	OSH	OSH-41	高壓氣體勞工安全規則	第223條	民國111年9月14日	高壓氣體-安全管理	3	依第二百二十一條選任作業主管時，哪些情形之設備得歸納於同一類？操作採輪班制者又如何？	處理能力一千立方公尺以下、以導管輸送原料氣體、以儲槽儲存毒性氣體者；輪班制免予選任主管	處理能力三百立方公尺以下、以壓縮機製可燃性氣體、以冷凍設備製液氧者；輪班制得合併選任一人	處理能力五十立方公尺以下、以容器灌裝液化石油氣、以加氣站灌裝車輛者；輪班制由負責人兼任	處理能力一百立方公尺以下、以氣化器減壓閥製氧氮氬氦、以氣化器製二氧化碳者；輪班制應分別選任	Which equipment may be grouped as one class, and what applies where operators work shifts?	Processing capacity 1,000 m3 or less, pipeline transport of raw gas, tank storage of toxic gas; shifts need no supervisor at all	Processing capacity 300 m3 or less, compressors for flammable gas, refrigeration for liquid oxygen; shifts may share one supervisor	Processing capacity 50 m3 or less, cylinder filling of LPG, filling station work for vehicles; shifts covered by the principal	Processing capacity 100 m3 or less, vaporiser or reducer for oxygen nitrogen argon helium, vaporiser for CO2; shifts appoint separately	d	第223條：設備之任一設備以外之設備之全部適於下列規定之一者得歸納同一類：一、處理設備之處理能力在一百立方公尺以下時（設有可燃性氣體之液化氣體加壓泵者除外）。二、使用氣化器或減壓閥製造氧氣、氮氣、氬氣或氦氣之製造設備時。三、使用氣化器製造二氧化碳之製造設備。另製造設備之操作由二以上系列形成且非於同一計器室控制，或操作人員採輪班制時，應依操作控制系列或依班次分別選任作業主管。	Article 223 sets the grouping conditions and the shift rule.	draft	11		
Q3620	OSH	OSH-41	高壓氣體勞工安全規則	第226條	民國111年9月14日	高壓氣體-安全管理	3	高壓氣體製造安全規劃人員，輔導製造安全負責人規劃之事項包括下列何者？	規劃訂定製造安全工作守則、規劃安全教育計畫、規劃防災訓練及災害原因調查與檢討防災對策	代表事業單位向勞動檢查機構申請許可、辦理檢查合格證換發及繳納檢查規費等行政事務	負責指揮監督操作人員作業、簽認每日檢點表單、擔任緊急應變指揮官及對外發布新聞稿	負責高壓氣體之採購與議價、審核供應商資格、簽訂運輸契約及管理容器之進出庫存量	Which matters does the manufacturing safety planner help the safety principal to plan?	Drafting safety work rules, planning safety education, planning disaster drills, and investigating causes and countermeasures	Applying to the labour inspection agency for permits, renewing inspection certificates and paying inspection fees	Directing and supervising operators, signing daily checklists, acting as emergency commander and issuing press releases	Purchasing and negotiating gas prices, vetting suppliers, signing transport contracts and managing cylinder stock	a	第226條：製造安全規劃人員輔導製造安全負責人規劃下列事項：一、規劃訂定有關高壓氣體製造安全工作守則。二、規劃安全教育計畫並予推展。三、有關製造安全之基本對策。四、提供作業標準、設備管理基準或承攬管理及防災措施基準之建議並實施指導。五、規劃防災訓練及推展。六、發生災害時之災害原因調查及檢討防災對策。七、蒐集有關製造高壓氣體之資料。第231條對液化石油氣製造安全規劃人員有相同架構之規定。	Article 226; compare Article 231 for LPG.	draft	11		
Q3621	OSH	OSH-41	高壓氣體勞工安全規則	第227條	民國111年9月14日	高壓氣體-液化石油氣	3	處理能力達多少之液化石油氣甲類製造事業單位，應選任高壓氣體製造安全主任？純供灌裝者門檻為何？	處理能力五十萬立方公尺以上；設置儲槽純供灌裝者為一百萬立方公尺以上	處理能力一百萬立方公尺以上；設置儲槽純供灌裝者為二百萬立方公尺以上	處理能力十萬立方公尺以上；設置儲槽純供灌裝者為二十萬立方公尺以上	處理能力三百萬立方公尺以上；設置儲槽純供灌裝者為五百萬立方公尺以上	At what processing capacity must a Class A LPG enterprise appoint a manufacturing safety officer, and what applies to pure filling?	Five hundred thousand cubic metres or more; one million cubic metres or more where tanks are for filling	One million cubic metres or more; two million cubic metres or more where tanks are used purely for filling	One hundred thousand cubic metres or more; two hundred thousand cubic metres or more for pure filling	Three million cubic metres or more; five million cubic metres or more where tanks are used for filling	b	第227條：處理能力在一百萬立方公尺以上之液化石油氣甲類製造事業單位，應於製造開始之日，依各該事業製程狀況，分別選任高壓氣體製造安全主任，輔助製造安全負責人從事製造安全技術管理事務；設置儲槽純供灌裝液化石油氣之事業單位，前項處理能力為二百萬立方公尺以上。擔任者並應接受高壓氣體製造安全主任安全衛生教育訓練。第225條對非液化石油氣者亦定一百萬與二百萬立方公尺之門檻。	Article 227; compare Article 225.	draft	11		
Q3622	OSH	OSH-41	高壓氣體勞工安全規則	第228條	民國111年9月14日	高壓氣體-液化石油氣	3	液化石油氣甲類製造事業單位之輸液總量達多少者，應選任高壓氣體製造安全作業主管？氣態如何換算？	攝氏三十五度時每小時輸液量合計八十立方公尺以上；氣態以容積五立方公尺換算輸液量一立方公尺	攝氏十五度時每小時輸液量合計三百立方公尺以上；氣態以容積二十立方公尺換算輸液量一立方公尺	攝氏三十五度時每小時輸液量合計一百六十立方公尺以上；氣態以容積十立方公尺換算輸液量一立方公尺	攝氏零度時每小時輸液量合計五十立方公尺以上；氣態以容積一百立方公尺換算輸液量一立方公尺	At what total liquid transfer volume must an LPG Class A enterprise appoint a safety supervisor, and how is gas converted?	Hourly transfer totalling 80 cubic metres at 35 C; gaseous LPG converts 5 cubic metres of volume to 1 of transfer	Hourly transfer totalling 300 cubic metres at 15 C; gaseous LPG converts 20 cubic metres of volume to 1 transfer	Hourly transfer totalling 160 cubic metres at 35 C; gaseous LPG converts 10 cubic metres of volume to 1 of transfer	Hourly transfer totalling 50 cubic metres at 0 C; gaseous LPG converts 100 cubic metres of volume to 1 transfer	c	第228條：第227條之甲類製造事業單位，於溫度在攝氏三十五度時，其處理設備之每小時液化石油氣輸液量之合計量（輸液總量）在一百六十立方公尺以上者，應於該設備設置之日選任高壓氣體製造安全作業主管；輸液總量之計算，對氣體狀態之液化石油氣，應以容積十立方公尺換算為輸液量一立方公尺。擔任者並應接受作業主管安全衛生教育訓練。	Article 228 sets the threshold and the conversion factor.	draft	11		
Q3623	OSH	OSH-41	高壓氣體勞工安全規則	第229條	民國111年9月14日	高壓氣體-液化石油氣	2	依第二百二十八條選任之高壓氣體製造安全作業主管，應擔負哪些技術事項？	負責勞工體格與健康檢查、辦理特殊健康檢查分級管理、指定醫護人員及規劃健康促進活動等	訂定採購規範與驗收標準、審核承攬商報價、辦理保險理賠及編製事業單位年度預算與決算表	維持製造設備及製造方法符合法令基準、監督實施自動檢查、實施巡視與檢點並於災害時採必要措施	核發製造許可與檢查合格證、辦理容器重新檢查、簽署運輸文件並向消防機關辦理危險物品申報	What technical duties does the LPG manufacturing safety supervisor carry?	Arranging worker physical and health examinations, grading special health checks and planning health promotion work	Setting purchasing specifications, vetting contractor quotes, handling insurance claims and preparing annual budgets	Keeping equipment and methods lawful, supervising automatic inspections, patrolling and checking, and acting in a disaster	Issuing manufacturing permits and inspection certificates, re-inspecting containers and filing dangerous goods reports	c	第229條：依第228條選任之高壓氣體製造安全作業主管，應擔負維持製造設備之安全、監視製造方法與液化石油氣製造有關之下列技術事項並監督指揮勞工作業：一、維持製造設備符合法令規定基準。二、維持製造方法符合法令規定基準。三、監督實施自動檢查。四、實施巡視與檢點。五、對安全作業標準、設備管理基準、承攬管理基準及災害必要措施提供建議。六、於發生災害或有發生災害之虞時立即採取必要措施。第224條對高壓氣體製造安全作業主管有相同架構之規定。	Article 229; compare Article 224.	draft	11		
Q3624	OSH	OSH-41	高壓氣體勞工安全規則	第230條	民國111年9月14日	高壓氣體-安全管理	3	液化石油氣製造安全規劃人員之選任資格為何？何種情形不在此限？	高中職以上學校畢業，且曾任製造安全主任三年以上，或作業主管與安全主任合計五年以上；操作人員具同等資格者除外	碩士以上理工科系畢業，且曾任製造安全主任二年以上，或作業主管與安全主任合計三年以上；檢查員具同等資格者除外	大專院校理工科系畢業，且曾任製造安全主任五年以上，或作業主管與安全主任合計七年以上；製造安全負責人具同等資格者除外	大專院校任何科系畢業，且曾任操作人員十年以上，或作業主管與操作人員合計十五年以上；承攬人具同等資格者除外	What qualifications are required for an LPG manufacturing safety planner, and what is excepted?	A senior high school diploma plus three years as safety officer, or five years combined; a qualified operator is excepted	A masters degree in engineering plus two years as safety officer, or three years combined; a qualified inspector excepted	A science or engineering degree plus five years as safety officer, or seven years combined; a qualified safety principal excepted	A degree in any discipline plus ten years as an operator, or fifteen years combined; a qualified contractor is excepted	c	第230條：第227條規定之甲類製造事業單位應就大專院校理工科系畢業，並具有下列規定者中選任液化石油氣製造安全規劃人員：一、曾擔任製造安全主任之經驗年資在五年以上者。二、曾擔任製造安全作業主管及製造安全主任之合計經驗年資在七年以上者。但製造安全負責人具有同等資格者不在此限。第225條對高壓氣體製造安全規劃人員有相同之年資規定。	Article 230; compare Article 225.	draft	11		
Q3625	OSH	OSH-41	高壓氣體勞工安全規則	第231條	民國111年9月14日	高壓氣體-安全管理	3	液化石油氣製造安全規劃人員，輔助製造安全負責人規劃之事項包括下列何者？	負責指揮監督操作人員作業、簽認每日檢點表單、擔任緊急應變指揮官及對外發布新聞稿	規劃訂定製造安全工作守則、規劃安全教育計畫、規劃防災訓練及災害原因調查與檢討防災對策	代表事業單位向勞動檢查機構申請許可、辦理檢查合格證換發及繳納檢查規費等行政事務	負責液化石油氣之採購與議價、審核供應商資格、簽訂運輸契約及管理容器之進出庫存量	Which matters does the LPG manufacturing safety planner help the safety principal to plan?	Directing and supervising operators, signing daily checklists, acting as emergency commander and issuing press releases	Drafting safety work rules, planning safety education, planning disaster drills, and investigating causes and countermeasures	Applying to the labour inspection agency for permits, renewing inspection certificates and paying inspection fees	Purchasing and negotiating LPG prices, vetting suppliers, signing transport contracts and managing cylinder stock	b	第231條：製造安全規劃人員輔助製造安全負責人規劃下列液化石油氣製造安全有關事項：一、規劃訂定有關液化石油氣製造安全工作守則。二、規劃安全教育計畫並予推展。三、有關製造安全之基本對策。四、提供作業標準、設備管理基準或承攬管理及防災措施基準之建議並實施指導。五、規劃防災訓練及推展。六、發生災害時之災害原因調查及檢討防災對策。七、蒐集有關製造液化石油氣之資料。第226條對高壓氣體製造安全規劃人員有相同架構之規定。	Article 231; compare Article 226.	draft	11		
Q3626	OSH	OSH-41	高壓氣體勞工安全規則	第232條	民國111年9月14日	高壓氣體-冷凍	2	冷凍用高壓氣體製造事業單位應於何時選任何種人員？其任務及訓練要求為何？	應於發生災害之日選任高壓氣體消費作業主管，擔任消費安全技術事項；並應接受消費作業主管安全衛生訓練	應於製造開始之日選任高壓氣體製造安全規劃人員，綜理製造安全業務；並應接受規劃人員安全衛生教育訓練	應於製造設備設置之日選任高壓氣體供應安全作業主管，擔任供應技術事項；並應接受供應作業主管教育訓練	應於製造開始之日選任高壓氣體製造安全作業主管，輔助製造安全負責人；並應接受作業主管安全衛生教育訓練	When must a refrigeration high-pressure gas manufacturer appoint whom, with what role and training?	On the day a disaster occurs, a consumption supervisor handling consumption technical matters; consumption training needed	On the day manufacturing starts, a manufacturing safety planner managing all safety affairs; planner training is required	On the day equipment is installed, a supply safety supervisor handling supply technical matters; supply training required	On the day manufacturing starts, a manufacturing safety supervisor assisting the safety principal; supervisor training required	d	第232條：第219條之冷凍用高壓氣體製造事業單位，應於製造開始之日，選任高壓氣體製造安全作業主管，輔助製造安全負責人從事製造安全技術管理業務；擔任者應依職業安全衛生教育訓練規則規定，接受高壓氣體製造安全作業主管安全衛生教育訓練。第233條並定其職責六款。	Article 232; Article 233 sets out the duties.	draft	11		
Q3627	OSH	OSH-41	高壓氣體勞工安全規則	第233條	民國111年9月14日	高壓氣體-冷凍	2	冷凍用高壓氣體製造事業單位選任之製造安全作業主管，應擔負哪些技術事項？	訂定採購規範與驗收標準、審核承攬商報價、辦理保險理賠及編製事業單位年度預算與決算報表	負責勞工體格與健康檢查、辦理特殊健康檢查分級管理、指定醫護人員及規劃健康促進活動等	核發製造許可與檢查合格證、辦理容器重新檢查、簽署運輸文件並向消防機關辦理危險物品之申報	維持製造設備及作業方法符合法令基準、監督實施檢點、實施巡視與自動檢查並於災害時立即採必要措施	What technical duties does the refrigeration manufacturing safety supervisor carry?	Setting purchasing specifications, vetting contractor quotes, handling insurance claims and preparing annual budgets	Arranging worker physical and health examinations, grading special health checks and planning health promotion work	Issuing manufacturing permits and inspection certificates, re-inspecting containers and filing dangerous goods reports	Keeping equipment and methods lawful, supervising checks, patrolling and self-inspection, and acting at once in a disaster	d	第233條：依第232條選任之高壓氣體製造安全作業主管，應擔負維持製造設備之安全、監視製造方法與高壓氣體製造有關之下列技術事項並監督指揮勞工作業：一、維持製造設備符合法令規定基準。二、維持作業方法符合法令規定基準。三、監督實施檢點。四、實施巡視與自動檢查。五、對安全作業標準、設備管理、承攬管理及防止災害之必要措施提供建議。六、於發生災害或有發生災害之虞時立即採取必要措施。	Article 233; compare Articles 224 and 229.	draft	11		
Q3628	OSH	OSH-41	高壓氣體勞工安全規則	第235條	民國111年9月14日	高壓氣體-供應	2	供應液化石油氣之供應事業單位，應於何時選任何種人員？其應接受何種訓練？	應於容器出廠之日選任高壓氣體製造安全作業主管；應接受高壓氣體製造安全作業主管安全衛生教育訓練	應於供應開始之日選任高壓氣體製造安全主任；應接受高壓氣體製造安全主任之安全衛生教育訓練課程	應於契約簽訂之日選任高壓氣體製造安全規劃人員；應接受高壓氣體製造安全規劃人員安全衛生教育訓練	應於供應開始之日選任高壓氣體供應安全作業主管；應接受高壓氣體供應及消費作業主管安全衛生教育訓練	When must an LPG supply enterprise appoint whom, and what training is required?	On the day cylinders leave the plant, a manufacturing safety supervisor; manufacturing supervisor training required	On the day supply starts, a manufacturing safety officer; manufacturing safety officer safety training is required	On the day the contract is signed, a manufacturing safety planner; manufacturing safety planner training required	On the day supply starts, a supply safety supervisor; supply and consumption supervisor safety training is required	d	第235條：供應液化石油氣之供應事業單位，應於供應開始之日，選任高壓氣體供應安全作業主管，擔任液化石油氣供應安全技術事項；擔任者應依職業安全衛生教育訓練規則規定，接受高壓氣體供應及消費作業主管安全衛生教育訓練。第234條則對供應氨、氯甲烷、氰化氫、乙炔、氯、氫、氧、丁烷等之事業場所定相同之選任義務。	Article 235; compare Article 234.	draft	11		
Q3629	OSH	OSH-41	高壓氣體勞工安全規則	第236條	民國111年9月14日	高壓氣體-消費	2	特定高壓氣體消費事業單位，應於何時、依何單位選任高壓氣體消費作業主管？	應於契約簽訂之日，依供應事業單位之家數分別選任；並應接受高壓氣體製造安全規劃人員教育訓練	應於設備設置之日，依製造設備之種類分別選任主管；並應接受高壓氣體製造安全作業主管教育訓練	應於消費開始之日，依全公司統一選任一名主管即可；並應接受高壓氣體製造安全主任之教育訓練課程	應於消費開始之日，依消費事業單位或各分支消費事業單位分別選任；並應接受供應及消費作業主管訓練	When and by which unit must a specified high-pressure gas consuming enterprise appoint a consumption supervisor?	On the day the contract is signed, by the number of supply enterprises; manufacturing safety planner training required	On the day equipment is installed, by the type of manufacturing equipment; manufacturing supervisor training is required	On the day consumption starts, one supervisor for the whole company suffices; manufacturing safety officer training needed	On the day consumption starts, for the enterprise or each branch separately; supply and consumption training is required	d	第236條：特定高壓氣體消費事業單位，應於消費開始之日，依消費事業單位或各分支消費事業單位，選任高壓氣體消費作業主管，擔任高壓氣體消費安全技術事項；擔任者應依職業安全衛生教育訓練規則規定，接受高壓氣體供應及消費作業主管安全衛生教育訓練。第28條並定特定高壓氣體消費事業單位之儲存能力門檻。	Article 236; compare Article 28.	draft	11		
Q3630	OSH	OSH-41	高壓氣體勞工安全規則	第237條	民國111年9月14日	高壓氣體-液化石油氣	2	特定液化石油氣消費事業單位，應於何時、依何單位選任高壓氣體消費作業主管？	應於契約簽訂之日，依供應事業單位家數選任；擔任規劃安全業務並應接受製造安全規劃人員訓練	應於消費開始之日，依消費事業單位選任；擔任液化石油氣消費安全技術事項並應接受供應及消費訓練	應於設備設置之日，依消費設備之種類分別選任；擔任供應安全技術事項並應接受供應作業主管訓練	應於消費開始之日，依各分支消費事業單位分別選任；擔任製造安全技術事項並應接受製造主任訓練	When and by which unit must a specified LPG consuming enterprise appoint a consumption supervisor?	On the day the contract is signed, by the number of supply enterprises; handling planning duties with safety planner training	On the day consumption starts, by the consuming enterprise; handling LPG consumption safety with supply and consumption training	On the day equipment is installed, by the type of consumption equipment; handling supply safety with supply supervisor training	On the day consumption starts, by each branch consuming unit; handling manufacturing safety with safety officer training instead	b	第237條：特定液化石油氣消費事業單位，應於消費開始之日，依消費事業單位，選任高壓氣體消費作業主管，擔任液化石油氣消費安全技術事項；擔任者應依職業安全衛生教育訓練規則規定，接受高壓氣體供應及消費作業主管安全衛生教育訓練。第29條並定特定液化石油氣消費事業單位為儲存能力三千公斤以上或以導管導入者。	Article 237; compare Article 29.	draft	11		
Q3631	OSH	OSH-41	高壓氣體勞工安全規則	第238條	民國111年9月14日	高壓氣體-安全管理	2	製造事業單位對製造安全管理人員之代理人，應如何處理？	於製造安全管理人員離職時始須選任代理人，並報請勞動檢查機構核備後生效	得不設代理人，由製造安全負責人於必要時逕行指定臨時人員代為執行職務	應由勞動檢查機構於接獲通報後指派適當人員代理，事業單位不得自行選任	平時即應選任代理人，於製造安全管理人員因故未能執行職務時代理其職務	How must a manufacturing enterprise handle deputies for its manufacturing safety management personnel?	Deputies need only be appointed when the personnel leave, taking effect after the inspection agency approves	No deputy is needed; the safety principal may designate a temporary person to act whenever necessary	The labour inspection agency assigns a suitable person on notification and the enterprise may not appoint	Deputies must be appointed in advance at all times, acting when the personnel cannot perform their duties	d	第238條：製造事業單位，平時即應選任第219條至第221條及第225條、第227條、第228條、第230條、第232條規定之人員（製造安全管理人員）之代理人，於製造安全管理人員因故未能執行職務時，代理其職務。該等人員包括製造安全負責人、製造安全主任、製造安全作業主管及製造安全規劃人員。	Article 238 lists the personnel needing deputies.	draft	11		
Q3632	OSH	OSH-41	高壓氣體勞工安全規則	第239條	民國111年9月14日	高壓氣體-教育訓練	2	製造事業單位、供應事業單位及消費事業單位，應對哪些人員施予安全知識教育訓練？	應僅對僱用從事操作高壓氣體作業之勞工，施予擔負工作所必要之安全知識教育訓練即為已足	應僅對承攬人及再承攬人所僱用之勞工，施予擔負工作所必要之安全知識教育訓練即可辦理	應僅對新僱用未滿三個月之勞工，施予擔負工作所必要之安全知識教育訓練，其餘免予辦理	應對僱用從事管理、監督、指揮及操作高壓氣體作業者，施予擔負工作所必要之安全知識教育訓練	Which persons must manufacturing, supply and consuming enterprises give safety knowledge training to?	Only workers employed to operate high-pressure gas work need be given the safety knowledge training their job needs	Only workers employed by contractors and subcontractors need be given the safety knowledge training their job needs	Only workers newly employed for less than three months need be given the safety knowledge training their job needs	Those employed to manage, supervise, direct and operate high-pressure gas work must get the training their job needs	d	第239條：製造事業單位、供應事業單位及消費事業單位應對其僱用從事管理、監督、指揮及操作高壓氣體作業者，施予擔負工作所必要之安全知識教育訓練。第220條、第221條、第232條、第235條至第237條並定各類作業主管與安全主任應依職業安全衛生教育訓練規則接受專門之安全衛生教育訓練。	Article 239; compare the supervisor training rules.	draft	11		
Q3633	OSH	OSH-41	高壓氣體勞工安全規則	第240條	民國111年9月14日	高壓氣體-安全維護	3	製造、供應及消費高壓氣體之事業單位，對高壓氣體設備及管線應如何維護？	應實施定期安全維護保養及檢點，對腐蝕劣化缺損破裂等有礙安全部分採取補修汰換或其他改善措施	應於發生事故後始實施檢點及補修，平時僅需維持外觀清潔並張貼檢查合格證影本於明顯處所	應每五年委託代行檢查機構實施構造檢查一次，對不合格部分報請勞動檢查機構核定後始得改善	應每年實施耐壓試驗及氣密試驗各一次，對未通過試驗之設備一律報廢並不得以補修方式處理	How must enterprises manufacturing, supplying or consuming high-pressure gas maintain equipment and pipelines?	Carry out periodic maintenance, servicing and checks, and repair, replace or improve corroded, deteriorated or cracked parts	Carry out checks and repairs only after an accident, otherwise keeping it clean and posting the inspection certificate	Commission an agency to carry out a construction inspection every five years and improve only after agency approval	Carry out one hydrostatic and one airtightness test each year and scrap any equipment failing rather than repairing	a	第240條第一項：製造、供應及消費高壓氣體之事業單位，應對所設置之高壓氣體設備及其管線，實施定期安全維護、保養及檢點，並對有發生腐蝕、劣化、缺損、破裂等有礙安全部分，採取必要補修、汰換或其他改善措施，以確保高壓氣體設施之安全運作。第二項並定應於製造安全主任、作業主管等專業技術主管督導下實施。	Article 240, paragraph 1.	draft	11		
Q3634	OSH	OSH-41	高壓氣體勞工安全規則	第240條	民國111年9月14日	高壓氣體-安全維護	2	高壓氣體設施之安全維護、保養、檢點、補修或汰換等措施，應由誰督導實施？紀錄應保存多久？	應於勞動檢查機構檢查員或代行檢查機構人員督導下實施；紀錄留存五年並應每年函報主管機關備查	應於承攬人或再承攬人所指派之工地主任督導下實施；紀錄留存十年並應公告於事業場所明顯處所	應於製造安全主任、製造安全作業主管、供應及消費作業主管或其他專業技術主管督導下實施；紀錄留存三年	應於事業單位負責人或其指定之行政人員督導下實施；紀錄留存一年備查即可，無須另行置備紀錄簿冊	Who supervises maintenance, checks, repair or replacement of high-pressure gas facilities, and how long are records kept?	Labour inspectors or personnel of an authorised inspection agency; five years, reported to the authority every year as well	A site manager designated by the contractor or subcontractor; ten years, and posted conspicuously at the premises as well	Manufacturing safety officers, manufacturing supervisors, supply and consumption supervisors or other technical heads; three years	The enterprise responsible person or an administrative staff member designated by him; one year, with no record book needed	c	第240條第二項、第三項：安全維護、保養、檢點、補修或汰換等措施，應於高壓氣體製造安全主任、高壓氣體製造安全作業主管、高壓氣體供應及消費作業主管或其他專業技術主管之督導下實施；所定事項之執行應置備紀錄，並留存三年備查。	Article 240, paragraphs 2 and 3.	draft	11		
Q3635	OSH	OSH-41	高壓氣體勞工安全規則	第241條	民國111年9月14日	高壓氣體-適用範圍	3	下列哪一組高壓氣體不適用本規則？	甲類製造事業單位內、乙類製造事業單位內及冷凍機器內所使用之壓縮氣體與液化氣體等高壓氣體	液化石油氣加氣站內、供應事業場所內、消費事業單位內及高壓氣體儲存場內所使用之全部高壓氣體	高壓鍋爐及其導管內之高壓蒸氣、鐵路車輛冷氣設備內、船舶設備內、航空器內及原子能設施內使用者	特定高壓氣體消費設施內、可燃性氣體消費設施內及一般液化石油氣消費設施內使用之全部氣體	Which group of high-pressure gases falls outside these Rules?	All compressed and liquefied high-pressure gas used inside Class A and Class B manufacturers and refrigeration machinery	All high-pressure gas used inside LPG filling stations, supply premises, consuming enterprises and gas storage yards	High-pressure steam in boilers and their pipes, and gas in railway air conditioning, ships, aircraft and nuclear facilities	All gas used inside specified high-pressure gas, flammable gas and general LPG consumption facilities of any kind	c	第241條：本規則不適用於高壓鍋爐及其導管內之高壓蒸氣、鐵路車輛設置之冷氣設備內、船舶設備內、礦場設施內、航空器內、發電變電輸電電力設備內、原子能設施內使用之高壓氣體，內燃機起動、輪胎充氣、打鉚鑽岩或土木工程用壓縮裝置內之壓縮氣體，冷凍能力未滿三公噸之冷凍設備內高壓氣體等共十三款。	Article 241 lists thirteen categories of exclusion.	draft	11		
Q3636	OSH	OSH-41	高壓氣體勞工安全規則	第241條	民國111年9月14日	高壓氣體-適用範圍	3	本規則不適用之高壓氣體中，冷凍設備、清涼飲料水用氣體及少量液化氣體之數值門檻各為何？	冷凍能力未滿三公噸；液化氣體質量佔總質量百分之十五以下且攝氏三十五度時壓力六公斤以下；質量五百公克以下且壓力八公斤以下	冷凍能力未滿二十公噸；液化氣體質量佔總質量百分之三十以下且攝氏三十五度時壓力十公斤以下；質量一公斤以下且壓力十公斤以下	冷凍能力未滿十公噸；液化氣體質量佔總質量百分之五以下且攝氏十五度時壓力二公斤以下；質量一百公克以下且壓力二公斤以下	冷凍能力未滿五公噸；液化氣體質量佔總質量百分之五十以下且攝氏五十度時壓力二十公斤以下；質量二公斤以下且壓力十五公斤以下	What numerical thresholds exclude refrigeration, beverage gases and small amounts of liquefied gas?	Refrigeration under 3 tonnes; liquefied gas up to 15 percent of mass and 6 kg/cm2 at 35 C; up to 500 g and 8 kg/cm2	Refrigeration under 20 tonnes; liquefied gas up to 30 percent of mass and 10 kg/cm2 at 35 C; up to 1 kg and 10 kg/cm2	Refrigeration under 10 tonnes; liquefied gas up to 5 percent of mass and 2 kg/cm2 at 15 C; up to 100 g and 2 kg/cm2	Refrigeration under 5 tonnes; liquefied gas up to 50 percent of mass and 20 kg/cm2 at 50 C; up to 2 kg and 15 kg/cm2	a	第241條第九款、第十二款、第十三款：冷凍能力未滿三公噸之冷凍設備內之高壓氣體；液化氣體與液化氣體以外液體之混合液中，液化氣體質量佔總質量百分之十五以下，且溫度攝氏三十五度時壓力在每平方公分六公斤以下之清涼飲料水、水果酒、啤酒及發泡酒用高壓氣體；液化氣體製造設備外之質量在五百公克以下之該氣體，且於溫度攝氏三十五度時壓力在每平方公分八公斤以下者中經中央主管機關指定者。	Article 241, subparagraphs 9, 12 and 13.	draft	11		
Q3637	OSH	OSH-41	高壓氣體勞工安全規則	第242條	民國111年9月14日	高壓氣體-適用範圍	2	本規則對液化石油氣之適用，有何特別規定？	全部條文一律適用於液化石油氣，並無任何排除規定，液化石油氣應遵守本規則之所有條文	部分條文明定不適用於液化石油氣，包括安全距離、防毒措施、霧劑製造及毒性氣體排放等規定	液化石油氣完全不適用本規則，應改依消防法及石油管理法之相關規定辦理其安全管理事項	液化石油氣僅適用第一章總則之定義規定，其餘各章之規定一律不適用於液化石油氣之事業	What special rule applies to LPG under these Rules?	All articles apply to LPG without any exclusion, so LPG must comply with every provision contained in these Rules	Certain articles are expressly inapplicable to LPG: separation distances, anti-poison measures, aerosols and toxic discharge	LPG is entirely outside these Rules and its safety is governed instead by the Fire Services Act and the Petroleum Act	LPG is subject only to the definitions in Chapter 1, all provisions of the remaining chapters being inapplicable to it	b	第242條：本規則第34條、第47條、第58條、第59條、第61條至第65條、第71條第二款至第五款、第72條、第78條、第92條、第95條至第97條、第104條、第124條、第179條、第181條至第187條、第189條、第208條、第212條、第214條、第216條不適用於液化石油氣。第243條則列不適用於冷凍用高壓氣體之條文。	Article 242 lists the articles inapplicable to LPG.	draft	11		
Q3638	OSH	OSH-41	高壓氣體勞工安全規則	第243條	民國111年9月14日	高壓氣體-適用範圍	2	本規則對冷凍用高壓氣體之適用，有何特別規定？	部分條文明定不適用於冷凍用高壓氣體，包括安全距離、灌裝規定、第五章運輸及第六章消費等	冷凍用高壓氣體完全不適用本規則，應改依機械設備器具安全標準之相關規定辦理安全管理	全部條文一律適用於冷凍用高壓氣體，並無任何排除規定，冷凍設備應遵守本規則所有條文	冷凍用高壓氣體僅適用第七章冷凍機器之規定，其餘各章之規定一律不適用於冷凍用高壓氣體	What special rule applies to refrigeration high-pressure gas under these Rules?	Certain articles are expressly inapplicable, including separation distances, filling rules, Chapter 5 transport and Chapter 6 consumption	Refrigeration high-pressure gas is entirely outside these Rules and is governed by the machinery and equipment safety standards	All articles apply to refrigeration high-pressure gas without exclusion, so such equipment must comply with every provision	Refrigeration high-pressure gas is subject only to Chapter 7 on refrigeration machinery, all other chapters being inapplicable	a	第243條：本規則第33條至第36條、第39條、第41條、第43條至第45條、第47條、第52條、第53條、第55條、第56條、第58條、第59條、第62條至第66條、第68條、第70條至第72條、第76條、第78條至第80條、第88條至第92條、第95條至第97條、第106條、第107條、第113條、第116條至第119條、第121條、第五章、第六章、第210條、第213條至第217條不適用於冷凍用高壓氣體。	Article 243 lists the articles inapplicable to refrigeration gas.	draft	11		
Q3639	OSH	OSH-41	高壓氣體勞工安全規則	第244條、第245條	民國111年9月14日	高壓氣體-施行	2	本規則之施行日期為何？一百十一年九月十四日修正發布之條文有何特別規定？	本規則自發布後六個月施行；一百十一年修正之第一百九十一條之一及第一百九十二條自一百十二年九月十四日施行	本規則自發布日施行；一百十一年修正之第一百九十一條之一及第一百九十二條自一百十一年九月十四日當日施行	本規則自發布後一年施行；一百十一年修正之第一百九十一條之一及第一百九十二條自一百十三年一月一日開始施行	本規則自發布後三個月施行；一百十一年修正之第一百九十一條之一及第一百九十二條自一百十二年一月一日開始施行	When do these Rules take effect, and what special rule applies to the 2022 amendments?	Six months after promulgation; the 2022 amendments to Articles 191-1 and 192 take effect on 14 September 2023	On the day of promulgation; the 2022 amendments to Articles 191-1 and 192 take effect that same day, 14 September 2022	One year after promulgation; the 2022 amendments to Articles 191-1 and 192 take effect on 1 January 2024 instead	Three months after promulgation; the 2022 amendments to Articles 191-1 and 192 take effect on 1 January 2023 instead	a	第245條：本規則自發布後六個月施行；本規則修正條文，除中華民國一百零三年六月二十七日修正發布之條文自一百零三年七月三日施行、一百十一年九月十四日修正發布之第191條之1及第192條自一百十二年九月十四日施行外，自發布日施行。第191條之1為液化石油氣容器串接供廠場使用之管理規定，總容量不得超過一千公斤。第244條已刪除。	Article 245 (Article 244 has been deleted).	draft	11		
Q3640	OSH	OSH-44	鍋爐及壓力容器安全規則	第1條	民國103年7月1日	鍋爐-法源	1	鍋爐及壓力容器安全規則係依職業安全衛生法之何條項規定訂定？	職業安全衛生法第七條第三項	職業安全衛生法第五條第二項	職業安全衛生法第二十三條第四項	職業安全衛生法第六條第三項	Under which provision of the Occupational Safety and Health Act are the Boiler and Pressure Vessel Safety Rules enacted?	Article 7, paragraph 3 of the OSH Act	Article 5, paragraph 2 of the OSH Act	Article 23, paragraph 4 of the OSH Act	Article 6, paragraph 3 of the OSH Act	d	第1條：本規則依職業安全衛生法第六條第三項規定訂定之。第37條並定本規則自發布日施行，一百零三年七月一日修正條文自一百零三年七月三日施行。高壓氣體勞工安全規則則依職業安全衛生法第六條第三項及第二十三條第四項訂定。	Article 1 states the statutory authority.	draft	11		
Q3641	OSH	OSH-44	鍋爐及壓力容器安全規則	第6條	民國103年7月1日	鍋爐-定義	2	本規則所稱最高使用壓力，係指下列何者？	蒸汽鍋爐、熱水鍋爐及壓力容器在常用溫度下，實際運轉時所量測到之平均運轉壓力	蒸汽鍋爐、熱水鍋爐及壓力容器在最低溫度下，安全閥吹洩時所設定之最低吹洩壓力	蒸汽鍋爐、熱水鍋爐及壓力容器在指定溫度下，構造上最高容許使用之壓力或水頭壓力	蒸汽鍋爐、熱水鍋爐及壓力容器在試驗溫度下，實施耐壓試驗時所加壓之最高試驗壓力	What does maximum working pressure mean under these Rules?	The average operating pressure actually measured for steam and hot water boilers and pressure vessels at normal temperature	The lowest blow-off pressure set for the safety valve of steam and hot water boilers and pressure vessels at low temperature	The highest pressure or head structurally allowed for steam and hot water boilers and pressure vessels at a designated temperature	The highest test pressure applied during hydrostatic testing of steam and hot water boilers and pressure vessels when tested	c	第6條：本規則所稱最高使用壓力，指蒸汽鍋爐、熱水鍋爐、第一種壓力容器、第二種壓力容器在指定溫度下，其構造上最高容許使用之壓力或水頭壓力。第17條第一款、第30條第一款並定安全閥應調整於最高使用壓力以下吹洩；設二具以上者其他安全閥得調整於最高使用壓力一點零三倍以下吹洩。	Article 6; compare Articles 17 and 30.	draft	11		
Q3642	OSH	OSH-44	鍋爐及壓力容器安全規則	第7條	民國103年7月1日	鍋爐-傳熱面積	3	本規則所稱傳熱面積，其計算依據為何？何者不包括在內？電熱鍋爐如何換算？	依國家標準一○二三一鍋爐水水質標準計算；不包括汽水分離器；電熱鍋爐以十瓩相當一平方公尺	依國家標準二一三九陸用鋼製鍋爐計算；不包括過熱器及節煤器；電熱鍋爐以二十瓩相當一平方公尺	依國家標準一四九六七小型壓力容器計算；不包括水管及鰭片；電熱鍋爐以一百瓩相當一平方公尺	依國家標準一○八九七小型鍋爐規定計算；不包括胴體及集管器；電熱鍋爐以五十瓩相當一平方公尺	How is heating surface area calculated, what is excluded, and how are electric boilers converted?	By CNS 10231 on boiler water quality; steam separators excluded; electric boilers 10 kW equals 1 square metre of area	By CNS 2139 for land steel boilers; superheaters and economisers excluded; electric boilers 20 kW equals 1 square metre	By CNS 14967 for small pressure vessels; tubes and fins excluded; electric boilers 100 kW equals 1 square metre	By CNS 10897 for small boilers; shells and headers excluded; electric boilers 50 kW equals 1 square metre of the area	b	第7條：傳熱面積指按照鍋爐型式，依國家標準二一三九陸用鋼製鍋爐規定方法計算，且分別測計之面積，但不包括過熱器及節煤器之傳熱面積；電熱鍋爐以電力設備容量二十瓩相當一平方公尺，按最大輸入電力設備容量換算之面積。第15條並以傳熱面積合計數決定鍋爐作業主管之資格等級。	Article 7; compare Article 15.	draft	11		
Q3643	OSH	OSH-44	鍋爐及壓力容器安全規則	第7條	民國103年7月1日	鍋爐-傳熱面積	3	以縱向裝設鰭片之水管，其鰭片兩面均接觸燃燒氣體等時，及兩面均受輻射熱時，係數各為多少？	兩面均接觸燃燒氣體等為○．二；兩面受輻射熱時為○．七	兩面均接觸燃燒氣體等為○．七；兩面受輻射熱時為○．五	兩面均接觸燃燒氣體等為○．四；兩面受輻射熱時為一．○	兩面均接觸燃燒氣體等為一．○；兩面受輻射熱時為○．四	For longitudinal fin tubes with both fin faces touching combustion gas, and both faces receiving radiant heat, what coefficients apply?	Both faces touching combustion gas 0.2; both faces receiving radiant heat 0.7	Both faces touching combustion gas 0.7; both faces receiving radiant heat 0.5	Both faces touching combustion gas 0.4; both faces receiving radiant heat 1.0	Both faces touching combustion gas 1.0; both faces receiving radiant heat 0.4	c	第7條第三款第二目：以縱向裝設鰭片之水管，其鰭片兩面均接觸燃燒氣體等者，依熱傳遞種類，兩面受輻射熱時係數一．○、一面受輻射熱另一面接燃燒氣體等時○．七、兩面均接觸燃燒氣體等時○．四。第三目對單面接觸者則定受輻射熱時○．五、接觸燃燒氣體等時○．二；第四目對圓周方向或螺旋狀鰭片以單面面積百分之二十計算。	Article 7, subparagraph 3(2).	draft	11		
Q3644	OSH	OSH-44	鍋爐及壓力容器安全規則	第9條	民國103年7月1日	鍋爐-安裝	1	雇主對鍋爐之基礎及構架，應如何處理？	應使鍋爐最頂端至天花板維持一點二公尺以上淨距，並於側方維持四十五公分	應使鍋爐外側十五公分內不得堆置可燃性物料，並以非金屬不燃性材料被覆	應使鍋爐安裝維持穩固與防止發生基礎沉陷及構架扭曲，並妥為安全設計及維護	應使鍋爐安裝於專用建築物內或以障壁分隔之場所，並設置二個以上之出入口	What must the employer do about the foundation and framework of a boiler?	Keep at least 1.2 metres clearance from the boiler top to the ceiling and 45 centimetres clearance at the sides	Keep combustible materials out of 15 centimetres around the boiler and clad it with non-metallic incombustibles	Keep the boiler firmly installed, prevent foundation settlement and frame distortion, and design and maintain it safely	Install the boiler in a dedicated building or a space partitioned by barriers, and provide two or more entrances to it	c	第9條：雇主對鍋爐之基礎及構架，應使鍋爐安裝維持穩固與防止發生基礎沉陷及構架扭曲，並妥為安全設計及維護。第8條規定鍋爐應安裝於鍋爐房，第11條定上方淨距一點二公尺及側方四十五公分，第12條定煙囪外側十五公分內不得堆置可燃性物料。	Article 9; compare Articles 8, 11 and 12.	draft	11		
Q3645	OSH	OSH-44	鍋爐及壓力容器安全規則	第10條	民國103年7月1日	鍋爐-鍋爐房	1	雇主應於鍋爐房設置幾個出入口？何種情形不在此限？	應設置四個以上之出入口；但傳熱面積在三平方公尺以下者不在此限	應設置二個以上之出入口；但無礙鍋爐操作人員緊急避難者不在此限	應設置一個以上之出入口；但無礙鍋爐操作人員緊急避難者不在此限	應設置三個以上之出入口；但已設置自動滅火設備者不在此限之規定	How many entrances must be provided for a boiler room, and what is excepted?	Four or more entrances; excepted where the heating surface area is 3 square metres or less	Two or more entrances; excepted where emergency escape of boiler operators is not hindered	One or more entrances; excepted where emergency escape of boiler operators is not hindered	Three or more entrances; excepted where automatic fire extinguishing systems are installed	b	第10條：雇主應於鍋爐房設置二個以上之出入口，但無礙鍋爐操作人員緊急避難者，不在此限。第8條並定鍋爐應安裝於專用建築物內或以障壁分隔之鍋爐房，但移動式鍋爐、屋外式鍋爐或傳熱面積在三平方公尺以下之鍋爐不在此限。	Article 10; compare Article 8.	draft	11		
Q3646	OSH	OSH-44	鍋爐及壓力容器安全規則	第13條	民國103年7月1日	鍋爐-燃料	2	雇主於鍋爐房或鍋爐設置場所儲存燃料時，固體燃料與液體或氣體燃料應距離鍋爐外側多少？	固體燃料二公尺以上；液體燃料或氣體燃料一點二公尺以上	固體燃料一點二公尺以上；液體燃料或氣體燃料二公尺以上	固體燃料零點五公尺以上；液體燃料或氣體燃料一公尺以上	固體燃料三公尺以上；液體燃料或氣體燃料五公尺以上之距離	How far from the boiler must solid fuel and liquid or gaseous fuel be stored?	Solid fuel at least 2 metres; liquid or gaseous fuel at least 1.2 metres away	Solid fuel at least 1.2 metres; liquid or gaseous fuel at least 2 metres away	Solid fuel at least 0.5 metre; liquid or gaseous fuel at least 1 metre away	Solid fuel at least 3 metres; liquid or gaseous fuel at least 5 metres away	b	第13條：雇主於鍋爐房或鍋爐設置場所儲存燃料時，固體燃料應距離鍋爐外側一點二公尺以上，液體燃料或氣體燃料應距離鍋爐外側二公尺以上；但鍋爐與燃料或燃料容器之間設有適當防火障壁或其他同等防火效能者，其距離得縮減之。第12條並定煙囪外側十五公分內不得堆置可燃性物料。	Article 13; fire barriers allow the distance to be reduced.	draft	11		
Q3647	OSH	OSH-44	鍋爐及壓力容器安全規則	第19條	民國103年7月1日	鍋爐-點火	2	雇主於鍋爐點火前，應使鍋爐操作人員確認何事項？	確認安全閥設定壓力正確，非經實施耐壓試驗合格後不得予以點火	確認水位在常用水位以上，非經化驗鍋爐用水水質後不得予以點火	確認節氣閘門確實開放，非經燃燒室及煙道內充分換氣後不得點火	確認壓力表指針歸零，非經拆卸給水裝置檢查後不得予以點火作業	What must boiler operators confirm before lighting the boiler?	That safety valve settings are correct, and no ignition until a hydrostatic test has been passed	That the water level is above normal level, and no ignition until the water quality is analysed	That the damper is fully open, and no ignition until the furnace and flue are thoroughly purged	That the pressure gauge reads zero, and no ignition until the feedwater unit is dismantled	c	第19條：雇主於鍋爐點火前，應使鍋爐操作人員確認節氣閘門確實開放，非經燃燒室及煙道內充分換氣後，不得點火。第20條並定應改善燃燒方法避免廢氣滯留室內，且應於鍋爐房設置必要之通風設備或採其他排除廢氣措施。	Article 19; compare Article 20.	draft	11		
Q3648	OSH	OSH-44	鍋爐及壓力容器安全規則	第20條	民國103年7月1日	鍋爐-通風	2	雇主對鍋爐燃燒產生之廢氣，應如何處理？何種情形不在此限？	應改善燃燒方法避免廢氣滯留室內，並於鍋爐房設置必要之通風設備或其他排除廢氣措施；無滯留之虞者除外	應以水噴霧沖淡後排放於大氣中，並於鍋爐房設置防液堤蓄積廢水；傳熱面積三平方公尺以下者除外	應將廢氣導入除毒設備吸收後排放，並設置氣體漏洩檢知警報設備自動偵測；屋外式鍋爐除外之情形	應加裝空氣污染防制設備並申請固定污染源操作許可證，並每半年檢測排放濃度一次；小型鍋爐除外	How must exhaust gas from boiler combustion be handled, and what is excepted?	Improve combustion to avoid indoor accumulation and provide ventilation or other removal measures; no risk of accumulation excepted	Dilute with water spray before discharge to the air and provide a dike in the boiler room; boilers under 3 square metres excepted	Route exhaust through detoxification absorbers before discharge and fit automatic gas leak alarms; outdoor boilers are excepted	Install air pollution control equipment, obtain a stationary source operating permit and test emissions every six months; small boilers excepted	a	第20條：雇主應改善鍋爐之燃燒方法，避免鍋爐燃燒產生廢氣滯留室內，並應於鍋爐房設置必要之通風設備或採其他排除廢氣措施；但無廢氣滯留之虞者，不在此限。第35條之1並定鍋爐通風設備之排煙裝置、排煙風管、逆風檔及鍋爐房之防火區劃等，應依建築管理法規及消防法規辦理。	Article 20; compare Article 35-1.	draft	11		
Q3649	OSH	OSH-44	鍋爐及壓力容器安全規則	第21條	民國103年7月1日	鍋爐-沖放	2	雇主於鍋爐操作人員沖放鍋爐水時，有何限制？	不得使其於夜間從事沖放，且應由二人以上共同操作同一座鍋爐之沖放工作	不得使其從事其他作業，且不得使單獨一人同時從事二座以上鍋爐之沖放工作	不得使其於運轉中沖放，且應先經鍋爐作業主管書面核准後始得進行沖放	不得使其連續沖放超過一小時，且應每三十分鐘輪替操作人員一次以上	What limits apply when a boiler operator is blowing down boiler water?	He may not blow down at night, and two or more persons must jointly operate the blowdown of one boiler	He may not do other work, and one person alone may not blow down two or more boilers at the same time	He may not blow down while running, and written approval of the boiler supervisor must be obtained first	He may not blow down for over one hour continuously, and operators must be rotated every thirty minutes	b	第21條：雇主於鍋爐操作人員沖放鍋爐水時，不得使其從事其他作業，並不得使單獨一人同時從事二座以上鍋爐之沖放工作。第16條第六款並要求確保鍋爐水質、適時化驗鍋爐用水並適當實施沖放鍋爐水，防止鍋爐水之濃縮；第14條定操作人員於鍋爐運轉中不得從事與鍋爐操作無關之工作。	Article 21; compare Articles 14 and 16.	draft	11		
Q3650	OSH	OSH-44	鍋爐及壓力容器安全規則	第22條	民國103年7月1日	鍋爐-水質	2	雇主對於鍋爐用水，應合於何項國家標準？並應如何防止水垢？	應合於國家標準一○二三一鍋爐給水與鍋爐水水質標準；並應適時清洗胴體內部防止累積水垢	應合於國家標準二一三九陸用鋼製鍋爐之規定標準；並應每年更換全部鍋爐用水一次以上	應合於國家標準一四九六七小型壓力容器之規定標準；並應以逆滲透設備處理全部用水	應合於國家標準一○八九七小型鍋爐之規定標準；並應每月添加除垢劑一次以上以防水垢	Which national standard must boiler water meet, and how must scale be prevented?	CNS 10231 on boiler feedwater and boiler water quality; the shell interior must be cleaned in good time to prevent scale	CNS 2139 on land steel boilers; the whole boiler water charge must be replaced at least once every year to prevent scale	CNS 14967 on small pressure vessels; all water used must be treated by reverse osmosis equipment to prevent scale	CNS 10897 on small boilers; a descaling agent must be added at least once every month in order to prevent scale forming	a	第22條：雇主對於鍋爐用水，應合於國家標準一○二三一鍋爐給水與鍋爐水水質標準之規定，並應適時清洗胴體內部，以防止累積水垢。第16條第六款並要求鍋爐操作人員確保鍋爐水質、適時化驗鍋爐用水，並適當實施沖放鍋爐水以防止鍋爐水之濃縮。	Article 22; compare Article 16.	draft	11		
Q3651	OSH	OSH-44	鍋爐及壓力容器安全規則	第24條	民國103年7月1日	鍋爐-小型鍋爐	1	雇主對於小型鍋爐之構造，應合於何項國家標準？	國家標準一○二三一鍋爐水水質標準	國家標準一四九六七小型壓力容器規定	國家標準二一三九陸用鋼製鍋爐規定	國家標準一○八九七小型鍋爐之規定	Which national standard must the construction of a small boiler meet?	CNS 10231 on boiler water quality	CNS 14967 on small pressure vessels	CNS 2139 on land steel boilers	CNS 10897 on small boilers	d	第24條：雇主對於小型鍋爐之構造，應合於國家標準一○八九七小型鍋爐之規定。第32條則定小型壓力容器之構造應合於國家標準一四九六七小型壓力容器之規定；第25條並定小型鍋爐之安全閥應調整於每平方公分一公斤以下吹洩，但小型貫流鍋爐應調整於最高使用壓力以下吹洩。	Article 24; compare Articles 25 and 32.	draft	11		
Q3652	OSH	OSH-44	鍋爐及壓力容器安全規則	第27條	民國103年7月1日	壓力容器-作業主管	2	同一作業場所設有二座以上第一種壓力容器者，應指派何人擔任作業主管？相關紀錄應保存多久？	應指派具甲級鍋爐操作人員資格及五年以上經驗者；業務執行紀錄及簽認表單應保存五年備查	應指派由代行檢查機構派駐之專業檢查員擔任；業務執行紀錄及簽認表單應保存十年備查	應指派事業單位之職業安全衛生管理人員兼任；業務執行紀錄及簽認表單應保存一年備查即可	應指派具第一種壓力容器操作人員資格及相當專業知識經驗者；業務執行紀錄及簽認表單保存三年	Who must be appointed supervisor where two or more Class 1 pressure vessels are in one workplace, and how long are records kept?	A person qualified as a Grade A boiler operator with five years of experience; execution records and sign-off forms kept five years	A professional inspector stationed by an authorised inspection agency; execution records and sign-off forms kept for ten years	A safety and health management staff member of the enterprise concurrently; execution records and sign-off forms kept one year	A person qualified as a Class 1 pressure vessel operator with suitable expertise; execution records and sign-off forms kept three years	d	第27條：雇主對於同一作業場所中，設有二座以上第一種壓力容器者，應指派具有第一種壓力容器操作人員資格及相當專業知識經驗者，擔任第一種壓力容器作業主管，負責指揮、監督第一種壓力容器之操作、管理及異常處置等有關工作；前項業務執行紀錄及簽認表單，應保存三年備查。第26條並定應僱用專任操作人員且運轉中不得從事無關工作。	Article 27; compare Article 26.	draft	11		
Q3653	OSH	OSH-44	鍋爐及壓力容器安全規則	第28條	民國103年7月1日	壓力容器-操作	3	雇主應使第一種壓力容器操作人員實施之事項，包括下列何者？	確認節氣閘門開放後點火、實施燃燒室及煙道換氣、清除煙道砌磚裂縫並儘速予以適當修補	辦理容器重新檢查與構造檢查申請、繳納檢查規費、換發檢查合格證並揭示於明顯處所等	監視溫度壓力等運轉動態、避免急劇負荷變動、防止壓力超過最高使用壓力、保持冷卻裝置機能正常	監視水位與燃燒狀態、每日檢點水位測定裝置一次以上、適時化驗用水並實施沖放以防止濃縮	Which duties must Class 1 pressure vessel operators perform?	Confirming the damper is open before ignition, purging furnace and flue, and promptly repairing cracks in flue brickwork	Applying for container re-inspection and construction inspection, paying fees, renewing certificates and posting them up	Watching temperature and pressure, avoiding abrupt load changes, preventing overpressure and keeping cooling units working	Watching water level and combustion, checking the level device daily, analysing water and blowing down to prevent concentration	c	第28條：雇主應使第一種壓力容器操作人員實施下列事項：一、監視溫度、壓力等運轉動態。二、避免發生急劇負荷變動之現象。三、防止壓力上升超過最高使用壓力。四、保持壓力表、安全閥及其他安全裝置之機能正常。五、檢點及調整自動控制裝置以保持機能正常。六、保持冷卻裝置之機能正常。七、發現第一種壓力容器及配管有異狀時應即採取必要措施。第16條則為鍋爐操作人員之應實施事項。	Article 28; Article 16 covers boiler operators.	draft	11		
Q3654	OSH	OSH-44	鍋爐及壓力容器安全規則	第29條	民國103年7月1日	壓力容器-操作	2	第一種壓力容器於初次使用、變更操作方法或變更內容物種類時，雇主應如何辦理？	應事前告知相關作業方法及操作注意事項使勞工遵循，並由作業主管或指派專人指揮監督該作業	應事前報請勞動檢查機構核准並取得變更檢查合格證後，始得由操作人員自行變更操作與使用	應事前對全體勞工實施三小時以上教育訓練並測驗合格，且應由檢查機構派員全程在場監督	應事前實施耐壓試驗及氣密試驗合格，並將試驗紀錄函報中央主管機關備查後始得開始使用	What must the employer do on first use, change of operating method, or change of contents of a Class 1 pressure vessel?	Inform workers beforehand of the work method and precautions to follow, with a supervisor or designated person directing the work	Apply beforehand to the labour inspection agency and obtain a modification certificate before operators may change the operation	Give all workers at least three hours of training with a pass mark beforehand, with an inspector present throughout the work	Pass hydrostatic and airtightness tests beforehand and file the test records with the central authority before starting use	a	第29條：雇主對於第一種壓力容器於初次使用、變更操作方法或變更內容物種類時，應事前將相關作業方法及操作必要注意事項告知操作勞工，使其遵循，並由第一種壓力容器作業主管或指派專人指揮、監督該作業。第27條並定二座以上者應指派第一種壓力容器作業主管。	Article 29; compare Article 27.	draft	11		
Q3655	OSH	OSH-44	鍋爐及壓力容器安全規則	第30條	民國103年7月1日	壓力容器-安全閥	3	壓力容器設有二具以上安全閥者，其吹洩壓力應如何調整？	其中至少一具調整於最高使用壓力以下吹洩，其他可調整於超過最高使用壓力至一點零三倍以下吹洩	全部均應調整於常用壓力一點五倍以下吹洩，並應於每次檢查後重新設定其吹洩壓力數值	其中至少一具調整於最高使用壓力二倍以下吹洩，其他可調整於超過二倍至二點五倍以下吹洩	全部均應調整於最高使用壓力一點一六倍以下吹洩，並得於運轉中隨時視需要調整設定壓力	Where a pressure vessel has two or more safety valves, how must their blow-off pressures be set?	At least one at or below maximum working pressure; the others may be set above it up to 1.03 times that pressure	All must be set at or below 1.5 times the normal working pressure and must be reset after each inspection made	At least one at or below twice the maximum working pressure; the others may be set from twice up to 2.5 times	All must be set at or below 1.16 times the maximum working pressure and may be reset at any time during running	a	第30條第一款：安全閥應調整於最高使用壓力以下吹洩；但設有二具以上安全閥者，其中至少一具應調整於最高使用壓力以下吹洩，其他安全閥可調整於超過最高使用壓力至最高使用壓力之一點零三倍以下吹洩。經檢查後應予固定設定壓力，不得變動。第17條第一款對鍋爐有相同規定，並另定具釋壓裝置之貫流鍋爐得調整於一點一六倍以下吹洩。	Article 30, subparagraph 1; compare Article 17.	draft	11		
Q3656	OSH	OSH-44	鍋爐及壓力容器安全規則	第30條	民國103年7月1日	壓力容器-壓力表	2	壓力容器之壓力表，應依何項規定管理？	應每三個月校正一次並張貼校正標籤，採防止陽光直射之遮蔽措施，並標示耐壓試驗壓力之位置與數值	應每次運轉前拆卸清洗並更換墊片，採防止腐蝕之防鏽塗裝措施，並標示製造年月日與廠牌之相關資訊	應避免使用中發生有礙機能之振動，採防止內部凍結或溫度超過攝氏八十度之措施，並標示最高使用壓力位置	應避免使用中發生有礙機能之振動，採防止內部凍結或溫度超過攝氏四十度之措施，並標示常用壓力之位置	How must the pressure gauge of a pressure vessel be managed?	Calibrate every three months with a calibration label, shield from direct sunlight, and mark the hydrostatic test pressure value	Dismantle and clean with new gaskets before each run, apply anti-rust coating, and mark the manufacturing date and brand	Avoid vibration impairing function, prevent internal freezing or temperature above 80 C, and mark the maximum working pressure	Avoid vibration impairing function, prevent internal freezing or temperature above 40 C, and mark the normal working pressure	c	第30條第二款、第三款：壓力表應避免在使用中發生有礙機能之振動，且應採取防止其內部凍結或溫度超過攝氏八十度之措施；壓力表之刻度板上，應明顯標示最高使用壓力之位置。第17條第四款、第五款對鍋爐之壓力表或水高計有相同規定，第六款並要求在玻璃水位計上標示蒸汽鍋爐之常用水位。	Article 30, subparagraphs 2 and 3; compare Article 17.	draft	11		
Q3657	OSH	OSH-44	鍋爐及壓力容器安全規則	第31條	民國103年7月1日	壓力容器-內部作業	3	勞工進入壓力容器內部從事清掃、修繕、保養等作業時，雇主應依哪些規定辦理？	適當加熱並保持正壓、移動電線用一般橡膠電纜、與其他使用中設備以閥類關閉即可、置紀錄人員	實施耐壓試驗合格並取得許可、移動電燈免裝護罩、與其他設備以軟管連通、由操作人員單獨作業	報請勞動檢查機構派員在場、移動電線用高壓電纜、與其他設備維持連通以利排氣、置急救人員	適當冷卻並實施通風換氣、移動電線用可撓性雙重絕緣電纜、與其他使用中設備確實隔斷、置監視人員	What must the employer do when workers enter a pressure vessel to clean, repair or maintain it?	Heat it properly and keep positive pressure, use ordinary rubber cable, simply close valves to connected units, post a recorder	Pass a hydrostatic test and get a permit, omit lamp guards, connect other equipment by hose, and let one operator work alone	Ask the inspection agency to attend, use high-voltage cable, keep other equipment connected for venting, and post a first aider	Cool it properly and ventilate, use flexible double-insulated cable, positively isolate connected equipment, and post a watcher	d	第31條：勞工進入壓力容器內部從事清掃、修繕、保養等作業時，應依下列規定：一、將壓力容器適當冷卻。二、實施壓力容器內部之通風換氣。三、內部使用之移動電線應為可撓性雙重絕緣電纜或具同等以上絕緣效力及強度者，移動電燈應裝設適當護罩。四、與其他使用中之鍋爐或壓力容器有管連通者應確實隔斷或阻斷。五、置監視人員隨時保持連絡，如有災害發生之虞時立即採取危害防止、通報、緊急應變及搶救等必要措施。第23條對鍋爐內部作業有相同規定。	Article 31; Article 23 covers boilers.	draft	11		
Q3658	OSH	OSH-44	鍋爐及壓力容器安全規則	第32條	民國103年7月1日	壓力容器-小型	1	雇主對於小型壓力容器之構造，應合於何項國家標準？	國家標準二一三九陸用鋼製鍋爐規定	國家標準一○八九七小型鍋爐之規定	國家標準一○二三一鍋爐水水質標準	國家標準一四九六七小型壓力容器規定	Which national standard must the construction of a small pressure vessel meet?	CNS 2139 on land steel boilers standard	CNS 10897 on small boilers standard	CNS 10231 on boiler water quality	CNS 14967 on small pressure vessels	d	第32條：雇主對於小型壓力容器之構造，應合於國家標準一四九六七小型壓力容器之規定。第24條則定小型鍋爐之構造應合於國家標準一○八九七小型鍋爐之規定；第5條並定小型壓力容器係指第一種壓力容器中最高使用壓力每平方公分一公斤以下且內容積零點二立方公尺以下等三種情形之一者。	Article 32; compare Articles 5 and 24.	draft	11		
Q3659	OSH	OSH-44	鍋爐及壓力容器安全規則	第33條	民國103年7月1日	壓力容器-安全閥	3	小型壓力容器之安全閥吹洩壓力應如何調整？	第五條第一款、第二款者調整於最高使用壓力以下吹洩；第三款者調整於每平方公分一公斤以下吹洩	第五條第一款、第二款者調整於每平方公分一公斤以下吹洩；第三款者調整於最高使用壓力以下吹洩	第五條各款一律調整於每平方公分十公斤以下吹洩；並得於運轉中視需要隨時變更其設定之壓力	第五條各款一律調整於常用壓力一點五倍以下吹洩；並應於每次檢查後重新設定其吹洩壓力數值	How must the blow-off pressure of a small pressure vessel safety valve be set?	Items 1 and 2 of Article 5 at or below maximum working pressure; item 3 at or below 1 kg/cm2 gauge pressure	Items 1 and 2 of Article 5 at or below 1 kg/cm2; item 3 at or below the maximum working pressure of the vessel	All items of Article 5 at or below 10 kg/cm2 uniformly, and the setting may be changed at any time while running	All items of Article 5 at or below 1.5 times normal working pressure, and reset after every inspection carried out	b	第33條：雇主對於第5條第一款、第二款之小型壓力容器之安全閥，應調整於每平方公分一公斤以下或零點一百萬帕斯卡以下之壓力吹洩；第5條第三款之小型壓力容器之安全閥，應調整於最高使用壓力以下吹洩。第25條對小型鍋爐亦定調整於每平方公分一公斤以下吹洩，但小型貫流鍋爐應調整於最高使用壓力以下吹洩。	Article 33; compare Article 25 for small boilers.	draft	11		
Q3660	OSH	OSH-44	鍋爐及壓力容器安全規則	第35條	民國103年7月1日	鍋爐-管轄	2	鍋爐或壓力容器裝設於特定用途者，分別由何機關管理？	航空器船舶鐵公路交通工具由交通主管機關；核能設施由中央核能主管機關；國防軍事用途由國防主管機關	航空器船舶鐵公路交通工具由消防主管機關；核能設施由交通主管機關；國防軍事用途由經濟主管機關	航空器船舶鐵公路交通工具由勞動檢查機構；核能設施由環境主管機關；國防軍事用途由內政主管機關	航空器船舶鐵公路交通工具由中央主管機關；核能設施由地方主管機關；國防軍事用途由交通主管機關	Which authorities manage boilers or pressure vessels installed for particular uses?	Aircraft, ships and road or rail vehicles by the transport authority; nuclear facilities by the nuclear authority; military by defence	Aircraft, ships and road or rail vehicles by the fire authority; nuclear facilities by the transport authority; military by economic affairs	Aircraft, ships and road or rail vehicles by labour inspection agencies; nuclear facilities by the environment authority; military by interior	Aircraft, ships and road or rail vehicles by the central authority; nuclear facilities by local authorities; military by the transport authority	a	第35條：鍋爐或壓力容器裝設於航空器、船舶、鐵公路交通工具者，應由交通主管機關依其相關規定管理；使用於核能設施之核子反應器壓力槽、壓水式反應槽之蒸汽發生器及調壓器者，由中央核能主管機關管理；國防軍事用途之鍋爐或壓力容器，由國防主管機關管理。第36條並列不適用本規則之鍋爐及壓力容器。	Article 35; compare Article 36.	draft	11		
Q3661	OSH	OSH-44	鍋爐及壓力容器安全規則	第35條之1	民國103年7月1日	鍋爐-防火	2	鍋爐通風設備之排煙裝置、排煙風管、逆風檔及鍋爐房之防火區劃等，應依何規定辦理？	應依職業安全衛生設施規則之相關規定辦理	應依建築管理法規及消防法規之相關規定辦理	應依空氣污染防制法及其子法之相關規定辦理	應依危險性機械及設備安全檢查規則之規定辦理	Under which regulations must boiler smoke exhaust devices, ducts, draught hoods and boiler room fire compartments be handled?	Under the relevant Occupational Safety and Health Facilities Rules	Under the relevant building administration and fire regulations	Under the Air Pollution Control Act and its subordinate regulations	Under the Safety Inspection Rules for Dangerous Machinery and Equipment	b	第35條之1：有關鍋爐通風設備之排煙裝置、排煙風管、逆風檔及鍋爐房之防火區劃等，應依建築管理法規及消防法規之相關規定辦理。第20條並定應改善燃燒方法避免廢氣滯留室內，於鍋爐房設置必要之通風設備或採其他排除廢氣措施。	Article 35-1; compare Article 20.	draft	11		
Q3662	OSH	OSH-44	鍋爐及壓力容器安全規則	第36條	民國103年7月1日	鍋爐-適用範圍	3	下列蒸汽鍋爐何者不適用本規則？	最高使用壓力每平方公分十公斤以下且傳熱面積十平方公尺以下之蒸汽鍋爐	最高使用壓力每平方公分一公斤以下且傳熱面積零點五平方公尺以下之蒸汽鍋爐	最高使用壓力每平方公分三公斤以下且傳熱面積三點五平方公尺以下之蒸汽鍋爐	最高使用壓力每平方公分一公斤以下且傳熱面積一平方公尺以下之蒸汽鍋爐	Which steam boiler falls outside these Rules?	A steam boiler at 10 kg/cm2 or less with heating surface of 10 square metres or less	A steam boiler at 1 kg/cm2 or less with heating surface of 0.5 square metre or less	A steam boiler at 3 kg/cm2 or less with heating surface of 3.5 square metres or less	A steam boiler at 1 kg/cm2 or less with heating surface of 1 square metre or less	b	第36條第一款：最高使用壓力在每平方公分一公斤以下或零點一百萬帕斯卡以下，且傳熱面積在零點五平方公尺以下之蒸汽鍋爐不適用本規則。第3條第一款之小型鍋爐則為壓力一公斤以下且傳熱面積一平方公尺以下者，仍適用本規則但適用第24條、第25條之特別規定；選項三、選項四分別接近第3條第三款及第六款之小型鍋爐定義。	Article 36, subparagraph 1; compare Article 3 on small boilers.	draft	11		
Q3663	OSH	OSH-44	鍋爐及壓力容器安全規則	第36條	民國103年7月1日	壓力容器-適用範圍	3	下列第一種壓力容器何者不適用本規則？	最高使用壓力每平方公分二公斤以上且內容積零點零四立方公尺以上之第一種壓力容器	最高使用壓力每平方公分一公斤以下且內容積零點零四立方公尺以下之第一種壓力容器	最高使用壓力每平方公分三公斤以下且內容積零點零零三立方公尺以下之第一種容器	最高使用壓力每平方公分一公斤以下且內容積零點二立方公尺以下之第一種壓力容器	Which Class 1 pressure vessel falls outside these Rules?	A Class 1 pressure vessel at 2 kg/cm2 or more with internal volume of 0.04 cubic metre or more	A Class 1 pressure vessel at 1 kg/cm2 or less with internal volume of 0.04 cubic metre or less	A Class 1 pressure vessel at 3 kg/cm2 or less with internal volume of 0.003 cubic metre or less	A Class 1 pressure vessel at 1 kg/cm2 or less with internal volume of 0.2 cubic metre or less	b	第36條第九款至第十一款：最高使用壓力在每平方公分一公斤以下且內容積在零點零四立方公尺以下之第一種壓力容器、胴體內徑二百毫米以下且長度一千毫米以下之第一種壓力容器，以及壓力數值與內容積數值乘積在零點零四以下者，均不適用本規則。第5條第一款之小型壓力容器則為壓力一公斤以下且內容積零點二立方公尺以下者，仍適用本規則。	Article 36, subparagraphs 9 to 11; compare Article 5.	draft	11		
Q3664	OSH	OSH-44	鍋爐及壓力容器安全規則	第36條之1	民國103年7月1日	鍋爐-適用對象	2	本規則對自營作業者及受工作場所負責人指揮監督從事勞動之人員，有何規定？	自營作業者準用有關勞工義務之規定；受指揮監督從事勞動者比照該事業單位之雇主適用本規則	自營作業者準用有關雇主義務之規定；受指揮監督從事勞動者比照該事業單位之勞工適用本規則	自營作業者應向勞動檢查機構申請認定後始準用；受指揮監督從事勞動者應由承攬人另行負責	自營作業者不適用本規則之任何規定；受指揮監督從事勞動者亦不適用本規則之任何相關規定	How do these Rules apply to self-employed workers and to persons working under a workplace supervisor?	Self-employed workers follow the worker duties by analogy; supervised workers are treated as employers of that enterprise	Self-employed workers follow the employer duties by analogy; supervised workers are treated as workers of that enterprise	Self-employed workers must first apply to the inspection agency; supervised workers are the responsibility of contractors	Self-employed workers are outside these Rules entirely; supervised workers are likewise outside these Rules entirely	b	第36條之1：自營作業者，準用本規則有關雇主義務之規定；受工作場所負責人指揮或監督從事勞動之人員，於事業單位工作場所從事勞動，比照該事業單位之勞工，適用本規則之規定。此與職業安全衛生法第51條之規範架構一致。	Article 36-1, mirroring Article 51 of the OSH Act.	draft	11		
Q3665	OSH	OSH-44	鍋爐及壓力容器安全規則	第37條	民國103年7月1日	鍋爐-施行	1	本規則之施行日期為何？一百零三年七月一日修正條文自何日施行？	本規則自發布後一年施行；一百零三年七月一日修正條文自一百零四年一月施行	本規則自發布日施行；一百零三年七月一日修正條文自一百零三年七月三日施行	本規則自公告日施行；一百零三年七月一日修正條文自一百零三年七月一日施行	本規則自發布後六個月施行；一百零三年七月一日修正條文自同年十月一日施行	When do these Rules take effect, and when do the amendments of 1 July 2014 take effect?	One year after promulgation; the 1 July 2014 amendments take effect in January 2015	On the day of promulgation; the 1 July 2014 amendments take effect on 3 July 2014	On the day of announcement; the 1 July 2014 amendments take effect on 1 July 2014	Six months after promulgation; the 1 July 2014 amendments take effect on 1 October	b	第37條：本規則自發布日施行；本規則中華民國一百零三年七月一日修正發布之條文，自一百零三年七月三日施行。一百零三年七月三日為職業安全衛生法全面施行之日，故配合該日施行。第1條並定本規則依職業安全衛生法第六條第三項規定訂定。	Article 37.	draft	11		
Q3666	OSH	OSH-36	營造安全衛生設施標準	第1條	民國115年6月30日	營造安全-法源	1	營造安全衛生設施標準之訂定法源為何？本標準未規定之事項應如何處理？	依勞動檢查法第八條第一項規定訂定；本標準未規定者，適用建築技術規則有關施工安全之規定	依職業安全衛生法第五條第二項規定訂定；本標準未規定者，由地方主管機關另行公告補充規定	依職業安全衛生設施規則第三條規定訂定；本標準未規定者，由事業單位自行訂定作業規範辦理	依職業安全衛生法第六條第三項規定訂定；本標準未規定者，適用其他有關職業安全衛生法令之規定	What is the legal basis of this Standard, and what applies to matters it does not cover?	Issued under Article 8(1) of the Labor Inspection Act; matters not covered follow the building technical rules	Issued under Article 5(2) of the OSH Act; matters not covered are supplemented by local authority notices	Issued under Article 3 of the OSH Facilities Rules; matters not covered are self-regulated by each enterprise	Issued under Article 6(3) of the OSH Act; matters not covered follow other occupational safety and health laws	d	第1條：本標準依職業安全衛生法第六條第三項規定訂定；本標準未規定者，適用其他有關職業安全衛生法令之規定。第2條並定明本標準適用於從事營造作業之有關事業。	Article 1.	draft	11		
Q3667	OSH	OSH-36	營造安全衛生設施標準	第2條	民國115年6月30日	營造安全-適用範圍	1	營造安全衛生設施標準之適用對象範圍為何？	僅適用於僱用勞工人數三十人以上之營造業事業單位及其承攬人	適用於從事營造作業之有關事業，凡從事營造作業者均應依本標準辦理	僅適用於承攬公共工程且工程金額達一億元以上之營造業廠商	僅適用於領有建築執照之建築工程，土木及管線工程不在適用範圍	What is the scope of application of this Standard?	It applies only to construction undertakings employing thirty or more workers and their contractors	It applies to all undertakings engaged in construction work, regardless of size or contract value	It applies only to contractors of public works with a contract value of NT$100 million or more	It applies only to building works holding a building permit, excluding civil and pipeline works	b	第2條：本標準適用於從事營造作業之有關事業，不以工程金額、工程種類或勞工人數設限。第1條並定明本標準未規定者適用其他職業安全衛生法令。	Article 2.	draft	11		
Q3668	OSH	OSH-36	營造安全衛生設施標準	第4條	民國115年6月30日	營造安全-勞工義務	2	對於雇主依本標準設置之安全衛生設備及措施，雇主應規定勞工遵守哪些事項？	非經工作場所負責人同意不得使用；發現被拆卸或失效時應自行修復完成後再向雇主提出書面報告	應於每日作業前實施檢點並簽名；發現被拆卸或失效時應通知承攬商於三日內完成補修並留存紀錄	不得任意拆卸或使其失效以保持應有效能；發現被拆卸或失效時應即停止作業並報告雇主或直屬主管人員	得視作業需要自行調整或暫時拆卸；發現被拆卸或失效時應於當日工作結束後填表送交安全衛生單位	What must employers require workers to observe regarding safety and health equipment?	It may not be used without the site manager's consent; if found removed, repair it first and then report in writing	Check and sign off daily before work; if found removed, tell the contractor to repair within three days and record	Not to dismantle it or render it ineffective; on finding it removed or ineffective, stop work at once and report	They may adjust or remove it as work requires; if found removed, file a form with the safety unit that day	c	第4條：雇主應規定勞工不得任意拆卸安全衛生設備或使其失效，並於發現被拆卸或失效時，應即停止作業並報告雇主或直屬主管人員。第3條則課予雇主經常注意保養、異常時即補修之義務。	Article 4.	draft	11		
Q3669	OSH	OSH-36	營造安全衛生設施標準	第6條	民國115年6月30日	營造安全-風險評估	2	雇主使勞工於營造工程工作場所作業前，應由何人再實施風險評估？其結果應如何處理？	應由當地勞動檢查機構派員會同工地負責人實施，並將評估結果函報中央主管機關備查後始得開工	應指派所僱職業安全衛生人員、工作場所負責人或專任工程人員，或委託專業單位實施，並將防護設施列入施工計畫	應由監造單位之建築師或技師獨立實施，其防護設施得於施工中視實際狀況隨時調整不必列入計畫	應由工地全體勞工以會議方式共同實施，評估紀錄僅須留存工地備查，無須納入施工計畫之內容	Who must re-conduct the risk assessment before work at a construction site, and how is the result handled?	The local labor inspection agency must jointly conduct it, and the result must be filed with the central authority before work starts	In-house OSH staff, site supervisors or full-time engineers, or a commissioned professional unit; protections go into the plan	The supervising architect or engineer conducts it alone, and protections may be adjusted during work without entering any plan	All site workers jointly conduct it in a meeting; keeping the record on site suffices and it need not enter the construction plan	b	第6條：作業前應指派所僱之職業安全衛生人員、工作場所負責人、專任工程人員等專業人員，或委託專業單位，依施工規劃階段之風險評估及施工計畫等資料再實施風險評估，並採適當防護設施；依營建法規應有施工計畫者，並應將防護設施列入施工計畫執行。	Article 6.	draft	11		
Q3670	OSH	OSH-36	營造安全衛生設施標準	第7條	民國115年6月30日	營造安全-工作場所	1	營造工程用之模板、施工架等材料拆除後，對於凸出之鐵釘、鐵條，雇主應採何種防護措施？	應於拆除後七日內集中堆置於指定區域，並派人於周邊全時監視管制	應以帆布或塑膠布覆蓋於材料表面，並於材料上標示禁止勞工攀爬字樣	應採取拔除或釘入之防護措施，避免凸出之鐵釘、鐵條刺傷勞工	應以紅色噴漆標示位置並設置警告標示，提醒勞工通行時注意閃避	What must be done with protruding nails and bars on formwork and scaffold materials after dismantling?	The materials must be stacked in a designated area within seven days and watched full time	The materials must be covered with canvas or plastic sheet and marked with a no-climbing sign	They must be pulled out or hammered flush so that they cannot injure workers	Their positions must be marked in red paint with warning signs so workers can avoid them	c	第7條：雇主對於營造工程用之模板、施工架等材料拆除後，應採取拔除或釘入凸出之鐵釘、鐵條等防護措施。第5條並要求對暴露之鋼筋、鋼材採彎曲尖端、加蓋或加裝護套等防護。	Article 7.	draft	11		
Q3671	OSH	OSH-36	營造安全衛生設施標準	第8條之1	民國115年6月30日	營造安全-車輛機械	2	為避免車輛機械作業時翻落或表土崩塌，雇主應事先調查哪些事項？其中哪些應於作業前告知勞工？	應調查天候地質地形、機械種類性能、行經路線及作業方法；其中行經路線及作業方法應於作業前告知勞工	應調查機械檢查合格證、操作人員證照及保養紀錄；其中操作人員證照應於作業前告知勞工週知	應調查鄰近建物產權、施工噪音及交通流量；其中噪音及交通流量應於作業前告知勞工並公告	應調查工程預算、工期及材料來源等資料；其中工期及材料來源應於作業前告知勞工並張貼公布	What must be surveyed in advance for vehicle-type machinery, and which items must be told to workers beforehand?	Weather, geology and terrain, machine type and capacity, travel routes and work methods; routes and methods must be told beforehand	Inspection certificates, operator licences and maintenance records; operator licences must be announced to workers beforehand	Neighbouring property titles, construction noise and traffic volume; noise and traffic must be announced beforehand	Project budget, schedule and material sources; the schedule and material sources must be posted for workers beforehand	a	第8條之1：雇主應就作業場所天候地質地形、車輛機械種類及性能、行經路線、作業方法等事先調查；調查有危害之虞者應整理工作場所，且行經路線與作業方法應於作業前告知勞工。	Article 8-1.	draft	11		
Q3672	OSH	OSH-36	營造安全衛生設施標準	第9條	民國115年6月30日	營造安全-管線防護	2	工作場所中原有之電力、電信、給水、煤氣等管線如有安全之虞時，雇主應如何處理？	應報請當地勞動檢查機構核准後始得挖掘或移動，管線權責單位之同意與否不影響施工進行	應先以警示帶圍出管線位置即可施工，僅於管線破損致外洩時，方須通知管線權責單位處理	得由工地負責人指派專人先行剪接移動，事後三日內以書面通知管線權責單位補辦同意手續	應確實掌握狀況妥善處理，非經管線權責單位同意，不得任意挖掘、剪接、移動或於其鄰近從事加熱工作	How must existing power, telecom, water and gas lines that pose a safety risk be handled?	Approval from the local labor inspection agency suffices for excavation or relocation; the utility owner's consent is not needed	Marking the line position with warning tape suffices; the utility owner need be told only if a line is damaged and leaks	The site manager may assign someone to cut or move them first and notify the utility owner in writing within three days	Ascertain and properly handle them; no excavation, cutting, moving or nearby heating without the utility owner's consent	d	第9條：對工作場所原有電線、電力配管、電信管線、給水管、石油產品管線、煤氣管線、危險物或有害物管線等妨礙施工安全者應妥善處理；有安全之虞者，非經管線權責單位同意，不得任意挖掘、剪接、移動或於其鄰近從事加熱工作。	Article 9.	draft	11		
Q3673	OSH	OSH-36	營造安全衛生設施標準	第10條	民國115年6月30日	營造安全-條文沿革	1	營造安全衛生設施標準第十條之現行狀態，以及工作場所原有管線妨礙施工安全時之處理依據為何？	該條仍為現行有效條文；原有管線妨礙施工安全者，依該條規定報請中央主管機關核定處理方式	該條業經刪除；原有管線妨礙施工安全者，依現行第九條規定妥善處理並取得管線權責單位同意	該條僅停止適用而未刪除；原有管線妨礙施工安全者，仍得依該條規定由工地負責人逕行處理	該條業經刪除；原有管線妨礙施工安全者，改依職業安全衛生設施規則有關電氣安全章節辦理	What is the current status of Article 10, and which article governs existing utility lines that obstruct safe construction?	It remains in force; obstructing utility lines are handled by reporting to the central competent authority for approval	It has been deleted; obstructing utility lines are handled under the current Article 9 with the utility owner's consent	It is merely suspended rather than deleted; the site manager may still handle obstructing lines directly under it	It has been deleted; obstructing utility lines are instead handled under the electrical safety chapter of the Facilities Rules	b	第10條已刪除，不再有實質規範內容。工作場所原有電線、管線妨礙工程施工安全者，現行係依第9條規定妥善處理，且有安全之虞時非經管線權責單位同意不得挖掘、剪接或移動。	Article 10 (deleted).	draft	11		
Q3674	OSH	OSH-36	營造安全衛生設施標準	第10條之1	民國115年6月30日	營造安全-軌道作業	2	於軌道上或鄰近軌道場所作業時，為防止軌道機械碰觸引起之危害，應依何規定辦理？	軌道兩側應各設置高度九十公分之固定式護欄，並於每五十公尺設置一處人員專用之地下穿越通道	應由作業勞工自行攜帶手持式警示旗與哨音器，於機械接近時互相通報，不必另設監視警報裝置	應於軌道全線設置自動遮斷機及紅色閃光號誌，作業期間並應請軌道經營機構全面停止列車運行	坑道隧道橋梁之通行軌道應於適當間隔處設避難處所，車輛有碰觸之虞者應設監視警報裝置或配置監視人員	What measures apply to work on or adjacent to rail tracks to prevent contact by rail machinery?	Fixed 90 cm guardrails on both sides of the track and an underpass for workers every fifty metres of track	Workers carry hand flags and whistles to warn each other as machines approach, with no separate alarm device needed	Automatic barriers and red flashing signals along the whole line, with the operator suspending all train movements	Refuges at suitable intervals on tracks in tunnels and bridges, plus alarm devices or a watchman where contact is possible	d	第10條之1：設置於坑道、隧道、橋梁等供勞工通行之軌道，應於適當間隔處設置避難處所；軌道上車輛有碰觸勞工之虞時，應設置能於車輛接近前發出電鈴或蜂鳴器等監視警報裝置或配置監視人員；軌道維護、機械替換連結作業並應保持必要照明。	Article 10-1.	draft	11		
Q3675	OSH	OSH-36	營造安全衛生設施標準	第11條之1	民國115年6月30日	營造安全-防護具	1	對於進入營繕工程工作場所之作業人員，雇主在頭部防護上應盡何種義務？	應提供適當之安全帽，但僅限於高處作業人員使用	應於工地入口設置安全帽借用箱供人員自由取用	應提供適當之安全帽，並使作業人員正確戴用	應要求作業人員自行準備安全帽並負擔購置費用	What is the employer's duty on head protection for persons entering a building works site?	Provide suitable safety helmets, but only for those working at height	Place a helmet loan box at the site entrance for anyone to take freely	Provide suitable safety helmets and ensure that they are worn correctly	Require workers to supply their own helmets and bear the purchase cost	c	第11條之1：雇主對於進入營繕工程工作場所作業人員，應提供適當安全帽，並使其正確戴用。第11條之2另定明作業人員應事前接受中央主管機關指定之營造作業安全訓練。	Article 11-1.	draft	11		
Q3676	OSH	OSH-36	營造安全衛生設施標準	第12條	民國115年6月30日	營造安全-易燃物料	2	工作場所儲存有易燃性物料時，雇主應辦理之事項為何？	應設防止太陽直接照射之遮蔽物，並隔離儲存、設置禁止煙火之警告標誌及適當之滅火器材	應設置密閉式冷藏庫房存放，並於庫房內裝設自動撒水設備及二十四小時錄影監視系統	應存放於工地辦公室相鄰之獨立房間，並指派專責保管人員於上下班時清點數量並登記	應以防火毯覆蓋後堆置於工地角落，並於每週實施一次庫存盤點及容器外觀檢查並紀錄	What must be done where flammable materials are stored at the workplace?	Provide shading from direct sunlight, store them separately, post no-fire warning signs and provide suitable extinguishers	Store them in a sealed refrigerated store fitted with automatic sprinklers and round-the-clock video surveillance	Store them in a separate room next to the site office with a custodian counting and logging them each shift	Cover them with fire blankets in a corner of the site and inventory and inspect the containers once each week	a	第12條：工作場所儲存易燃性物料時，除應有防止太陽直接照射之遮蔽物外，並應隔離儲存、設置禁止煙火之警告標誌及適當之滅火器材。	Article 12.	draft	11		
Q3677	OSH	OSH-36	營造安全衛生設施標準	第13條	民國115年6月30日	營造安全-倒塌防止	2	依規定，雇主使勞工於哪些有發生倒塌、崩塌之虞之場所作業時，應設置防止倒塌崩塌之設施？	僅限於高度七公尺以上之施工架及模板支撐所在位置及其鄰近之區域	邊坡上方或其周邊，以及構造物或其他物體之上方、內部或其周邊等場所	僅限於開挖深度達一點五公尺以上之露天開挖區及其相鄰之作業場所	僅限於擋土支撐已完成組立且尚未拆除之區域及其正下方之通行走道	At which places with a risk of collapse must the employer provide collapse-prevention facilities?	Only at scaffolds and formwork supports 7 metres or more high and the areas nearby	Above or around a slope, and above, inside or around a structure or other object	Only in open excavation areas at least 1.5 metres deep and the adjacent work areas	Only in areas where earth retaining shoring is erected and the walkways directly below	b	第13條：雇主使勞工於邊坡上方或其周邊，及構造物或其他物體之上方、內部或其周邊等有發生倒塌、崩塌之虞之場所作業者，應有防止發生倒塌、崩塌之設施。	Article 13.	draft	11		
Q3678	OSH	OSH-36	營造安全衛生設施標準	第15條	民國115年6月30日	營造安全-水位暴漲	3	使勞工於有發生水位暴漲或土石流之地區作業者，除落水防護外，尚應辦理哪些事項？	應於作業區上游一公里處設置自動水位計，並委託氣象機構每小時提供一次降雨預報資料存查	應由工地負責人每日填寫水情紀錄表，於雨量達到警戒值時報請當地水利主管機關核備後撤離	應建立含無線連絡器材、連絡信號及連絡人員之作業連絡系統，並選任專責警戒人員辦理監視及通知撤離	應投保營造綜合保險及僱主意外責任保險，並於工務所張貼保險證明與理賠申請流程供查閱	Besides fall-into-water protection, what must be done for work in areas prone to flash floods or debris flows?	Install an automatic water gauge one kilometre upstream and obtain hourly rainfall forecasts from a weather agency	Have the site manager log water conditions daily and report to the water authority for approval before evacuating	Set up a liaison system with radios, signals and liaison staff, and appoint dedicated sentries to monitor and order evacuation	Take out construction and employer's liability insurance and post the certificates and claim procedure at the site office	c	第15條：於水位暴漲或土石流地區作業者，應建立作業連絡系統（含無線連絡器材、連絡信號、連絡人員），並選任專責警戒人員，隨時與河川管理當局連絡了解降雨量、監視上游水位或土石流狀況、獲知暴漲時即通知勞工撤離、不及撤離時啟動緊急應變體系。	Article 15.	draft	11		
Q3679	OSH	OSH-36	營造安全衛生設施標準	第16條	民國115年6月30日	營造安全-緊急應變	3	使勞工於有遭受溺水或土石流淹沒危險地區作業，關於救生器材檢點及紀錄留存之規定為何？	救生衣、救生圈、救生船、警報系統等應維護保養，作業期間每日實施檢點；相關計畫與紀錄應留存至完工前備查	救生器材應於每次颱風過後實施檢點，訓練紀錄與維護紀錄由承攬商自行保管，不必留存於工務所	救生器材應每月實施檢點一次，相關緊急應變計畫與訓練紀錄應於作業結束後三個月內銷毀不再留存	救生器材應每季委託專業機構檢驗，檢驗報告應於次年度開工前函報當地勞動檢查機構核備始得使用	What are the inspection and record-keeping rules for lifesaving gear where drowning or debris-flow burial is possible?	Lifejackets, rings, boats and alarms must be maintained and checked daily during work; plans and records kept until completion	Lifesaving gear must be checked after each typhoon, with training and maintenance records kept by the contractor off site	Lifesaving gear must be checked monthly, and emergency plans and training records destroyed within three months after work ends	Lifesaving gear must be tested quarterly by a professional body and the report filed with the labor inspection agency yearly	a	第16條：應擬訂含通報系統、撤離程序、救援程序之緊急應變計畫並訓練勞工；第14條、第15條之救生衣、救生圈、救生繩索、救生船、警報系統等應維護保養，作業期間每日實施檢點；通報與救援單位連絡人姓名電話應揭示於工務所；緊急應變計畫、訓練紀錄及檢點紀錄在完工前應留存備查。	Article 16.	draft	11		
Q3680	OSH	OSH-36	營造安全衛生設施標準	第18條之1	民國115年6月30日	營造安全-條文沿革	1	營造安全衛生設施標準第十八條之一之現行狀態為何？屋頂作業之安全規定現應依何條辦理？	該條僅暫緩施行而非刪除；屋頂作業於該條施行前，得由雇主自行訂定作業標準取代法定防護措施	該條業經刪除；屋頂作業之安全規定改依高架作業勞工保護措施標準有關規定辦理，不適用本標準	該條仍為現行有效條文；屋頂作業之踏板寬度與安全網設置規定，全部依該條規定辦理不適用他條	該條業經刪除；屋頂作業之指派專人督導、護欄踏板及屋頂作業主管等規定，依現行第十八條辦理	What is the status of Article 18-1, and which article now governs roof work safety?	It is only deferred rather than deleted; until it starts, employers may set their own rules in place of legal protections	It has been deleted; roof work is instead governed by the standards on protective measures for elevated work	It remains in force; treading board width and safety net requirements for roof work are governed solely by that article	It has been deleted; supervision, guardrails, treading boards and the roof work supervisor follow the current Article 18	d	第18條之1已刪除。現行屋頂作業之規定見第18條：應指派專人督導，斜度大於三十四度或滑溜屋頂應設護欄、寬度四十公分以上工作臺及梯子，易踏穿材料屋頂應設寬度三十公分以上踏板並於下方裝設格柵或安全網，且應指派屋頂作業主管於現場辦理法定事項。	Article 18-1 (deleted).	draft	11		
Q3681	OSH	OSH-36	營造安全衛生設施標準	第19條	民國115年6月30日	營造安全-墜落防止	2	高度二公尺以上之屋頂、鋼梁、開口部分、工作臺、橋梁墩柱等處作業有墜落之虞時，應設置何種防護設備？	應設置警示線及管制通行區並派員監視，僅於開口面積超過二平方公尺時始須另設護欄或護蓋	應一律設置固定式鋼構護籠並全面張掛安全網，任何情形下均不得以使用安全帶之方式替代設置	應由勞工佩掛安全帶並繫於就近之施工架杆件，不須另行設置護欄、護蓋或安全網等防護設備	應設置護欄、護蓋或安全網等防護設備；設置有困難或因作業需要臨時開啟拆除者，應使勞工使用安全帶	What fall protection is required for work 2 m or higher on roofs, steel beams, openings, platforms and bridge piers?	Warning lines, controlled zones and a watchman suffice; guardrails are added only where an opening exceeds two square metres	Fixed steel cages and full safety netting are always required, and safety harnesses may never be used as a substitute	Workers need only hook a harness onto a nearby scaffold member; guardrails, covers or safety nets are not required at all	Guardrails, covers or safety nets; where these are impracticable or temporarily removed, workers must use safety harnesses	d	第19條：高度二公尺以上之屋頂、鋼梁、開口部分、階梯、樓梯、坡道、工作臺、擋土牆、擋土支撐、施工構臺、橋梁墩柱及上部結構、橋臺等處作業有墜落之虞者，應設置護欄、護蓋或安全網；設置困難或因作業需要臨時開啟、拆除者，應採取使勞工使用安全帶等防墜措施，困難原因消失後仍應回復設置。	Article 19.	draft	11		
Q3682	OSH	OSH-36	營造安全衛生設施標準	第19條	民國115年6月30日	營造安全-墜落防止	2	因作業需要臨時將護欄、護蓋或安全網等防護設備開啟或拆除者，其後續處理義務為何？	應採取使勞工使用安全帶等防止墜落措施，且設置困難之原因消失後，應即回復依原規定設置防護設備	應改以警示線及管制通行區代替，該替代措施得於工程結束前持續使用而不必再回復原防護設備	應報請當地勞動檢查機構核准後始得開啟或拆除，核准期間並得免除使用安全帶等防墜落措施	得於該作業期間全面免除防墜設備，並於作業完成後由工地負責人填具紀錄表存查即可不再回復	What follow-up duty applies when guardrails, covers or nets are temporarily opened or removed for work?	Workers must use safety harnesses etc., and once the obstacle to installation ends the protection must be reinstated	Warning lines and controlled zones may replace them permanently until the project ends, with no need to reinstate	Prior approval of the labor inspection agency is needed, and during approval harness use may also be dispensed with	Fall protection may be waived entirely for that period, and a record filed by the site manager ends the obligation	a	第19條第2項：設置護欄、護蓋或安全網有困難，或因作業需要臨時開啟、拆除者，應採取使勞工使用安全帶等防止墜落措施；但其設置困難之原因消失後，應依第1項規定回復設置。第17條並要求先以設計工法、護欄護蓋、安全網等順序控制墜落風險。	Article 19(2).	draft	11		
Q3683	OSH	OSH-36	營造安全衛生設施標準	第25條	民國115年6月30日	營造安全-開口防護	1	對於廢止使用之開口及暫不使用之開口，雇主應分別如何處理以防止勞工墜落？	廢止使用之開口應加蓋；暫不使用之開口應設置警示帶並標示禁止跨越之字樣	廢止使用之開口應予封閉；暫不使用之開口應採取加蓋等設備以防止勞工墜落	廢止使用之開口應設置護欄；暫不使用之開口得於周邊噴漆標示後不另設防護	廢止使用之開口應張掛安全網；暫不使用之開口應派專人於作業時間全時監視	How must openings that are abolished and openings temporarily out of use be dealt with?	Abolished openings must be covered; openings temporarily unused need warning tape and a no-crossing sign	Abolished openings must be sealed off; openings temporarily unused must be fitted with covers or the like	Abolished openings must be railed; openings temporarily unused need only paint marking around the edges	Abolished openings must be netted; openings temporarily unused need a watchman throughout working hours	b	第25條：雇主對廢止使用之開口應予封閉，對暫不使用之開口應採取加蓋等設備，以防止勞工墜落。第21條並定明護蓋應具足夠強度、防止滑溜掀出移動，臨時性開口之護蓋表面漆黃色並書警告訊息。	Article 25.	draft	11		
Q3684	OSH	OSH-36	營造安全衛生設施標準	第27條	民國115年6月30日	營造安全-物體飛落	3	設置覆網攔截位能小於十二公斤‧公尺之高處物件時，其網目與衝擊強度規定為何？	方形菱形網目任一邊長不得大於五公分，其餘形狀網目不得大於十平方公分，並能承受直徑三十公分、重五十公斤物體自二公尺落下之衝擊	方形菱形網目任一邊長不得大於十公分，其餘形狀網目不得大於十五平方公分，並能承受直徑六十公分、重一百公斤物體自三公尺落下之衝擊	方形菱形網目任一邊長不得大於一公分，其餘形狀網目不得大於二平方公分，並能承受直徑二十公分、重二十五公斤物體自五公尺落下之衝擊	方形菱形網目任一邊長不得大於二公分，其餘形狀網目不得大於四平方公分，並能承受直徑四十五公分、重七十五公斤物體自一公尺落下之衝擊	What are the mesh size and impact strength requirements for catch nets for objects under 12 kg·m of potential energy?	Square or diamond mesh sides not over 5 cm, other shapes not over 10 cm²; withstanding a 30 cm, 50 kg object dropped from 2 m	Square or diamond mesh sides not over 10 cm, other shapes not over 15 cm²; withstanding a 60 cm, 100 kg object dropped from 3 m	Square or diamond mesh sides not over 1 cm, other shapes not over 2 cm²; withstanding a 20 cm, 25 kg object dropped from 5 m	Square or diamond mesh sides not over 2 cm, other shapes not over 4 cm²; withstanding a 45 cm, 75 kg object dropped from 1 m	d	第27條：覆網之方形、菱形網目任一邊長不得大於二公分，其餘形狀之網目不得大於四平方公分，強度應能承受直徑四十五公分、重七十五公斤之物體自高度一公尺處落下之衝擊力，張掛方式比照第22條第1款之安全網規定。第26條並定明位能超過十二公斤‧公尺之高處物件應予固定。	Article 27.	draft	11		
Q3685	OSH	OSH-36	營造安全衛生設施標準	第27條	民國115年6月30日	營造安全-物體飛落	2	覆網下之最低點與作業勞工工作平面之距離規定為何？攔截之飛落物件應如何處理？	覆網下最低點應離作業勞工工作平面七公尺以上，距離不足時應加設警示線；攔截物件應每月清理並作成紀錄	覆網下最低點應離作業勞工工作平面五公尺以上，距離不足時應停止上方作業；攔截物件應於工程完工後清理	覆網下最低點應離作業勞工工作平面三公尺以上，距離不足時應改以其他設施防護；攔截之飛落物件應隨時清理	覆網下最低點應離作業勞工工作平面一公尺以上，距離不足時得加掛第二層覆網；攔截物件應每週清理一次	How far must the lowest point of a catch net be above the working surface, and how are caught objects handled?	At least 7 m above the working surface; if less, warning lines are added, and caught objects cleared monthly with a record	At least 5 m above the working surface; if less, work above must stop, and caught objects cleared after completion	At least 3 m above the working surface; if less, other protection must be used, and caught objects cleared at all times	At least 1 m above the working surface; if less, a second net may be hung, and caught objects cleared once a week	c	第27條：覆網下之最低點應離作業勞工工作平面三公尺以上，如距離不足三公尺應改以其他設施防護；覆網攔截之飛落物件應隨時清理；覆網有劣化、破損、腐蝕等情況應即更換。	Article 27.	draft	11		
Q3686	OSH	OSH-36	營造安全衛生設施標準	第29條	民國115年6月30日	營造安全-物料儲存	2	營造用各類物料之儲存堆積排列，關於儲存位置及倉庫設備之規定為何？	應井然有序，且不得儲存於距庫門或升降機五公尺範圍以內之地點；倉庫內應設置自動撒水設備及排煙風機	應井然有序，且不得儲存於距庫門或升降機一公尺範圍以內之地點；倉庫內應設置除濕設備及溫濕度紀錄器	應井然有序，且不得儲存於距庫門或升降機十公尺範圍以內之地點；倉庫內應設置監視系統及門禁管制設備	應井然有序，且不得儲存於距庫門或升降機二公尺範圍以內或妨礙交通之地點；倉庫內應設警告標示、護圍及防火設備	What are the location and warehouse equipment rules for storing construction materials?	Orderly storage, not within 5 m of a warehouse door or lift; automatic sprinklers and smoke extraction fans inside the warehouse	Orderly storage, not within 1 m of a warehouse door or lift; dehumidifiers and temperature-humidity recorders inside	Orderly storage, not within 10 m of a warehouse door or lift; surveillance systems and access control equipment inside	Orderly storage, not within 2 m of a warehouse door or lift or obstructing traffic; warning signs, guards and fire equipment inside	d	第29條：營造用各類物料之儲存、堆積及排列應井然有序，不得儲存於距庫門或升降機二公尺範圍以內或足以妨礙交通之地點；倉庫內應設必要之警告標示、護圍及防火設備。	Article 29.	draft	11		
Q3687	OSH	OSH-36	營造安全衛生設施標準	第30條	民國115年6月30日	營造安全-物料儲存	1	對於放置各類物料之構造物或平臺，本標準之基本要求為何？	應每三個月委託技師實施一次結構安全鑑定並報備	應於表面標示核准放置之物料種類與其製造廠商	應具安全之負荷強度，足以承受所放置物料之重量	應以鋼板全面覆蓋並於四周設置高度一公尺護欄	What is the basic requirement for structures or platforms used to place materials?	They must be structurally appraised by an engineer every three months and filed	They must be marked with the approved material types and their manufacturers	They must have a safe load-bearing strength for the materials placed on them	They must be fully covered with steel plate and railed to one metre all around	c	第30條：雇主對於放置各類物料之構造物或平臺，應具安全之負荷強度。第31條並要求物料儲存不得妨礙火警警報器、滅火器、急救設備、通道、電氣開關及保險絲盒等緊急設備之使用狀態。	Article 30.	draft	11		
Q3688	OSH	OSH-36	營造安全衛生設施標準	第31條	民國115年6月30日	營造安全-物料儲存	2	各類物料之儲存規劃，不得妨礙哪些緊急設備之使用狀態？	不得妨礙工務所、休息室、盥洗設備及飲用水設備等勞工福利設施之使用狀態	不得妨礙火警警報器、滅火器、急救設備、通道、電氣開關及保險絲盒等緊急設備之使用狀態	不得妨礙測量儀器、放樣基準點、鋼筋加工區及混凝土泵浦等施工設備之運作狀態	不得妨礙工地大門、警衛室、車輛引導人員及施工電梯等進出設施之正常使用狀態	Which emergency facilities must material storage not obstruct?	Site offices, rest rooms, washing facilities and drinking water facilities for worker welfare	Fire alarms, extinguishers, first-aid equipment, passageways, electrical switches and fuse boxes	Survey instruments, setting-out benchmarks, rebar yards and concrete pumps used in the works	Site gates, guard posts, traffic marshals and construction lifts used for entry and exit	b	第31條：雇主對於各類物料之儲存應妥為規劃，不得妨礙火警警報器、滅火器、急救設備、通道、電氣開關及保險絲盒等緊急設備之使用狀態。	Article 31.	draft	11		
Q3689	OSH	OSH-36	營造安全衛生設施標準	第32條	民國115年6月30日	營造安全-鋼材儲存	2	鋼材之儲存，依規定應辦理之事項為何？	應以帆布全面覆蓋防止鏽蝕，場地應設置排水溝，各堆間距不得小於五公尺並派人全時看管	應預防傾斜滾落必要時以纜索捆紮，場地應為堅固地面，各堆間應有適當距離，並避免置於電線上下方	應每堆高度不得超過一點八公尺，場地應鋪設瀝青混凝土，並於每堆四周設置高度九十公分之護欄	應依鋼材規格分別存放於獨立倉庫，場地應鋪設木質棧板，並於每日下班前實施數量清點作業	What are the requirements for storing steel materials?	Cover fully with canvas against rust, provide drains, keep stacks at least 5 m apart and post a full-time watchman	Prevent tilting and rolling, lash with cables if needed, use firm ground, keep proper gaps between stacks, avoid power lines	Keep each stack under 1.8 m high, pave the yard with asphalt concrete, and rail each stack to a height of 90 cm	Store each steel grade in a separate warehouse, lay timber pallets, and count the stock before the end of each day	b	第32條：鋼材儲存應預防傾斜、滾落，必要時以纜索等適當捆紮；儲存場地應為堅固之地面；各堆鋼材之間應有適當距離；置放地點應避免在電線下方或上方；採起重機吊運時應顯明標示鋼材重量，並避免在電力線下操作。	Article 32.	draft	11		
Q3690	OSH	OSH-36	營造安全衛生設施標準	第33條	民國115年6月30日	營造安全-砂石堆積	2	砂、石等之堆積，依規定應辦理之事項為何？	應以圍籬區隔並設置地磅，進退路處應設置洗車臺，清倉時應先報請當地環保機關同意後為之	不得妨礙勞工出入並避免於電線下方，進退路處不得有懸垂物，清倉時應使勞工佩掛安全帶並設監視人員	應分級存放於獨立料倉，進退路處應設置紅綠燈號誌，清倉時應停止工地其他一切作業並淨空	應堆積成金字塔形且高度不得超過三公尺，進退路處應鋪設鋼板，清倉時應由二人以上共同作業	What must be observed when stockpiling sand and stone?	Fence the area and install a weighbridge, provide a wheel wash on access routes, and get environmental approval to clear	Do not obstruct access or sit under power lines; no overhangs on access routes; use harnesses and a watchman when clearing	Store by grade in separate bins, install traffic lights on access routes, and stop all other site work when clearing	Pile in a pyramid no higher than 3 m, lay steel plates on access routes, and have at least two people clear the pile	b	第33條：砂、石堆積不得妨礙勞工出入，並避免於電線下方或接近電線之處；堆積場於勞工進退路處不得有任何懸垂物；砂、石清倉時應使勞工佩掛安全帶並設置監視人員；堆積場所應經常灑水或予以覆蓋，以避免塵土飛揚。	Article 33.	draft	11		
Q3691	OSH	OSH-36	營造安全衛生設施標準	第34條	民國115年6月30日	營造安全-物料堆放	2	樁、柱、鋼套管、鋼筋籠等易滑動、滾動物件之堆放，應如何辦理？	應置於倉庫內部之棚架，並依規格分層排列且每層之間應加設金屬隔板固定	應置於工地邊坡之下方，並以纜索懸吊固定於鄰近之施工架或構造物立柱上	應置於鋪設鋼板之區域，並以堆高機每日搬動一次以避免長期壓陷地面沉陷	應置於堅實、平坦之處，並加以適當之墊襯、擋樁或其他防止滑動之必要措施	How must piles, columns, casings and rebar cages that easily slide or roll be stacked?	On racks inside a warehouse, layered by size with a metal divider fixed between each of the layers	Below the site slope, suspended and fixed by cables to a nearby scaffold or structural column	On a steel-plated area, moved once a day by forklift so that the ground does not settle under load	On firm and level ground, with suitable packing, chocks or other necessary measures to prevent sliding	d	第34條：雇主對於樁、柱、鋼套管、鋼筋籠等易滑動、滾動物件之堆放，應置於堅實、平坦之處，並加以適當之墊襯、擋樁或其他防止滑動之必要措施。第35條並定明磚瓦木塊管料鋼筋等堆放高度不得超過一點八公尺。	Article 34.	draft	11		
Q3692	OSH	OSH-36	營造安全衛生設施標準	第37條	民國115年6月30日	營造安全-管料儲存	2	管料之儲存，依規定應辦理之事項為何？	應儲存於地面之沙坑內以防滾動，依材質分別排列，堆放高度不得超過二公尺並以纜索捆紮固定	應儲存於工地圍籬外側之空地，依施工順序排列，並於管料兩端加裝橡膠護套後以鐵鏈鎖固	應儲存於密閉倉庫並保持通風乾燥，依採購批次排列，每層之間應鋪設帆布以免管料互相碰撞	應儲存於堅固平坦之臺架並預防尾端突出滾落，依規格大小長度分別排列，分層疊放每層置一隔板	What are the requirements for storing pipe materials?	In a ground sand pit to stop rolling, sorted by material, stacked no higher than 2 m and lashed with cables	On open ground outside the site fence, sorted by work sequence, with rubber caps on both ends and chained	In a sealed warehouse kept ventilated and dry, sorted by purchase batch, with canvas laid between the layers	On firm level racks preventing ends protruding or rolling, sorted by size and length, stacked in layers with a divider	d	第37條：管料應儲存於堅固而平坦之臺架上，並預防尾端突出、伸展或滾落；依規格大小及長度分別排列以利取用；分層疊放，每層中置一隔板以均勻壓力並防止管料滑出；管料之置放應避免在電線上方或下方。	Article 37.	draft	11		
Q3693	OSH	OSH-36	營造安全衛生設施標準	第38條	民國115年6月30日	營造安全-條文沿革	1	營造安全衛生設施標準第三十八條之現行狀態為何？物料儲存章之現行規範重點為何？	該條業經刪除；物料之儲存事項改依危害性化學品標示及通識規則有關貯存規定辦理不適用本標準	該條仍為現行有效條文；物料之儲存章現行規範重點僅為袋裝材料堆放層數與交錯方向之技術規定	該條僅暫停適用；物料之儲存於該條恢復適用前，得由事業單位依其內部管理規定自行決定辦理	該條業經刪除；物料之儲存章現行規範重點為儲存位置、負荷強度、緊急設備不受妨礙及各類材料堆放方式	What is the status of Article 38, and what does the materials storage chapter now cover?	It has been deleted; material storage is instead governed by the hazardous chemical labelling and communication rules	It remains in force; the chapter now covers only the layer count and alternating direction rules for bagged materials	It is merely suspended; until it revives, enterprises may decide material storage under their own internal rules	It has been deleted; the chapter now covers storage location, load strength, unobstructed emergency gear and stacking rules	d	第38條已刪除。本標準第三章物料之儲存現行內容包括第29條儲存位置與倉庫設備、第30條平臺負荷強度、第31條不得妨礙緊急設備、第32條至第37條鋼材、砂石、易滾動物件、一般建材、袋裝材料及管料之堆放規定。	Article 38 (deleted).	draft	11		
Q3694	OSH	OSH-36	營造安全衛生設施標準	第39條	民國115年6月30日	營造安全-施工架	1	何種情形下雇主應設置適當之施工架？	對於所有建築物外牆之粉刷、貼磚及油漆作業，不論高度一律應設置適當之鋼管施工架	對於工期超過六個月且樓層數達五層以上之建築工程，應於開工前設置適當之施工架	對於不能藉高空工作車或其他方法安全完成之二公尺以上高處營造作業，應設置適當之施工架	對於不能藉高空工作車或其他方法安全完成之五公尺以上高處營造作業，應設置適當之施工架	When must the employer erect suitable scaffolding?	For all exterior wall plastering, tiling and painting work on buildings, regardless of the working height	For building projects lasting over six months and reaching five storeys, before construction commences	For construction work at 2 m or more that cannot be safely done by aerial work vehicle or other means	For construction work at 5 m or more that cannot be safely done by aerial work vehicle or other means	c	第39條：雇主對於不能藉高空工作車或其他方法安全完成之二公尺以上高處營造作業，應設置適當之施工架。第40條並定明特定施工架及施工構臺之構築拆除，應由專任工程人員或執業技師設計並簽章確認。	Article 39.	draft	11		
Q3695	OSH	OSH-36	營造安全衛生設施標準	第44條	民國115年6月30日	營造安全-施工架	1	對於施工架及施工構臺之維護，本標準課予雇主之基本義務為何？	應經常予以適當之保養，並維持各部分之牢穩	應於架體外側懸掛保養責任人姓名及聯絡電話	應每半年委託原設計技師實施一次整體結構檢測	應於每次使用前後拆解檢查各構件並更換插銷	What is the employer's basic duty for maintaining scaffolds and work platforms?	To maintain them properly at all times and keep every part firm and stable	To hang the name and phone number of the maintenance officer on the outer frame	To have the original design engineer test the whole structure every six months	To dismantle and inspect every member and replace pins before and after each use	a	第44條：雇主對於施工架及施工構臺，應經常予以適當之保養並維持各部分之牢穩。第45條並列舉維持穩定之七款規定，包括不得與模板支撐連接、與構造物連接間隔垂直不超過五點五公尺、水平不超過七點五公尺等。	Article 44.	draft	11		
Q3696	OSH	OSH-36	營造安全衛生設施標準	第46條	民國115年6月30日	營造安全-施工架	2	施工架上物料之運送、儲存及荷重分配，依規定應如何辦理？	應於每日下班前將物料全部清空，動力機械設備得於白天置於架上，載重限制僅須記載於施工計畫內	應避免施工架發生突然振動，不得放置或運轉動力機械設備或作為固定混凝土輸送管之用，載重限制應明顯標示	應以人力搬運為原則並禁止使用吊索，動力機械設備得置於架上但須加設防震墊，載重限制得口頭告知	應於架體中央集中堆置以維持平衡，動力機械設備得固定於架上使用，載重限制由工地負責人自行認定	How must material handling, storage and load distribution on scaffolds be managed?	Clear all materials before the end of each day; powered machinery may sit on it by day; limits appear only in the work plan	Avoid sudden vibration, do not place or run powered machinery or fix concrete delivery pipes on it, and post load limits clearly	Handle by hand only and ban slings; powered machinery may sit on the scaffold on anti-vibration pads; limits may be told orally	Stack centrally to keep balance; powered machinery may be fixed on the scaffold; the site manager decides the load limits	b	第46條：於施工架上放置或搬運物料時應避免施工架突然振動；施工架上不得放置或運轉動力機械及設備，或以施工架作為固定混凝土輸送管、垃圾管槽之用（無作業危險之虞者除外）；載重限制應於明顯易見處明確標示，不得超過荷重限制並避免不均衡。	Article 46.	draft	11		
Q3697	OSH	OSH-36	營造安全衛生設施標準	第49條	民國115年6月30日	營造安全-條文沿革	1	營造安全衛生設施標準第四十九條之現行狀態為何？高度二公尺以上施工架上作業之工作臺規定現依何條？	該條業經刪除；施工架上工作臺寬度四十公分以上、踏板縫隙三公分以下等規定，現依第四十八條辦理	該條仍為現行有效條文；施工架上工作臺之寬度與踏板規格全部依該條規定辦理，不適用其他條文	該條僅停止適用而未刪除；施工架上工作臺於恢復適用前，由雇主參照國家標準自行決定其規格	該條業經刪除；施工架上工作臺之規定改依高空工作車安全檢查構造標準有關工作臺規定辦理	What is the status of Article 49, and which article now governs work platforms on scaffolds above 2 m?	It has been deleted; platform width of 40 cm and board gaps under 3 cm are now governed by Article 48	It remains in force; platform width and board specifications on scaffolds are governed solely by that article	It is only suspended, not deleted; until it revives, employers set platform specifications by national standards	It has been deleted; scaffold work platforms are instead governed by the aerial work vehicle construction standards	a	第49條已刪除。現行高度二公尺以上施工架上作業之工作臺規定見第48條：應供給足夠強度之工作臺，寬度在四十公分以上並舖滿密接踏板，支撐點二處以上並綁結固定，踏板間縫隙不得大於三公分，工作臺應低於施工架立柱頂點一公尺以上。	Article 49 (deleted).	draft	11		
Q3698	OSH	OSH-36	營造安全衛生設施標準	第50條	民國115年6月30日	營造安全-條文沿革	1	營造安全衛生設施標準第五十條之現行狀態為何？施工架上人員上下設備之現行規定為何？	該條業經刪除；施工架上人員上下設備應檢查穩固性並補強，任一處步行至最近上下設備距離應在三十公尺以下	該條僅暫緩施行；施工架上人員上下設備於施行前，得由工地負責人依現場狀況自行決定其配置	該條仍為現行有效條文；施工架上人員上下設備之間距及檢查方式全部依該條規定辦理不適用他條	該條業經刪除；施工架上人員上下設備改依固定式起重機安全檢查構造標準有關階梯規定辦理	What is the status of Article 50, and what now governs access equipment on scaffolds?	It has been deleted; stability must be checked and reinforced, and any point must be within 30 m of the nearest access	It is merely deferred; until it starts, the site manager may decide access arrangements according to site conditions	It remains in force; the spacing and inspection of scaffold access equipment are governed solely by that article	It has been deleted; scaffold access equipment is instead governed by the stationary crane construction standards	a	第50條已刪除。現行施工架上設置人員上下設備之規定見第51條：應確實檢查施工架各部分穩固性，必要時適當補強，並將上下設備架設處之立柱與建築物堅實部分牢固連接；施工架任一處步行至最近上下設備之距離應在三十公尺以下。	Article 50 (deleted).	draft	11		
Q3699	OSH	OSH-36	營造安全衛生設施標準	第52條	民國115年6月30日	營造安全-施工架	2	構築施工架時，有鄰近結構物之周遭或跨越工作走道者，應於其下方設置何種設施？	應於其下方設計斜籬及防護網等，以防止物體飛落引起災害	應於其下方設置臨時性構臺及扶手，以供勞工安全通行使用	應於其下方設置排水溝及集水井，以防止雨水積聚影響通行	應於其下方設置移動式圍籬及警示帶，以管制人員不得通行	What must be provided below a scaffold that is near a structure or spans a walkway?	Inclined fans and protective nets designed below it, to prevent falling objects causing accidents	A temporary platform and handrails below it, so that workers may pass through in safety	Drainage channels and sumps below it, so that rainwater does not pond and hinder passage	Movable fencing and warning tape below it, so that people are barred from passing through	a	第52條：雇主構築施工架時，有鄰近結構物之周遭或跨越工作走道者，應於其下方設計斜籬及防護網等，以防止物體飛落引起災害。第53條並定明鄰近或跨越車輛通道者，應於該通道設置護籠等安全設施。	Article 52.	draft	11		
Q3700	OSH	OSH-36	營造安全衛生設施標準	第53條	民國115年6月30日	營造安全-施工架	1	構築施工架時，有鄰近或跨越車輛通道者，應於該通道設置何種安全設施？	應於該通道設置護籠等安全設施，以防車輛之碰撞危險	應於該通道設置洗車臺及沉砂池，以避免車輛帶泥上路	應於該通道設置臨時號誌及枕木，以引導車輛依序通行	應於該通道設置減速丘及測速照相，以限制車輛之車速	What safety facility must be provided where a scaffold adjoins or spans a vehicle route?	Protective cages or the like on that route, to guard against vehicle collision	A wheel wash and settling pit on that route, to stop vehicles carrying mud out	Temporary signals and sleepers on that route, to guide vehicles through in order	Speed humps and speed cameras on that route, to restrict the speed of vehicles	a	第53條：雇主構築施工架時，有鄰近或跨越車輛通道者，應於該通道設置護籠等安全設施，以防車輛之碰撞危險。第52條則規範鄰近結構物或跨越工作走道時應於下方設置斜籬及防護網。	Article 53.	draft	11		
Q3701	OSH	OSH-36	營造安全衛生設施標準	第54條	民國115年6月30日	營造安全-原木施工架	3	原木施工架之立柱間距、接頭搭接長度及捆綁處數之規定為何？	立柱排列間距不大於五公尺；搭接式接頭搭接部分應有三公尺以上長度並捆綁四處以上；對接式應以五公尺以上補強材捆綁八處以上	立柱排列間距不大於一點五公尺；搭接式接頭搭接部分應有二公尺以上長度並捆綁三處以上；對接式應以三公尺以上補強材捆綁六處以上	立柱排列間距不大於三點五公尺；搭接式接頭搭接部分應有零點五公尺以上長度並捆綁一處以上；對接式應以一公尺以上補強材捆綁二處以上	立柱排列間距不大於二點五公尺；搭接式接頭搭接部分應有一公尺以上長度並捆綁二處以上；對接式應以一點八公尺以上補強材捆綁四處以上	What are the column spacing, joint lap length and lashing counts for timber scaffolds?	Columns spaced not over 5 m; lap joints lapped at least 3 m and lashed at 4 or more points; butt joints use a 5 m splice lashed at 8 or more points	Columns spaced not over 1.5 m; lap joints lapped at least 2 m and lashed at 3 or more points; butt joints use a 3 m splice lashed at 6 or more points	Columns spaced not over 3.5 m; lap joints lapped at least 0.5 m and lashed at 1 or more point; butt joints use a 1 m splice lashed at 2 or more points	Columns spaced not over 2.5 m; lap joints lapped at least 1 m and lashed at 2 or more points; butt joints use a 1.8 m splice lashed at 4 or more points	d	第54條：原木施工架立柱應垂直或稍向構造物傾斜，排列間距不大於二點五公尺；立柱延伸接頭屬搭接式者搭接部分應有一公尺以上長度且捆綁二處以上，屬對接式者應以一點八公尺以上長度之補強材捆綁於二對接立柱並捆綁四處以上。	Article 54.	draft	11		
Q3702	OSH	OSH-36	營造安全衛生設施標準	第54條	民國115年6月30日	營造安全-原木施工架	3	原木施工架支持工作臺之兩相鄰踏腳桁間距，依踏板厚度應如何限制？	以不及四公分厚之踏板構築者不得超過零點五公尺；四至五公分厚者不得超過一公尺；五公分厚以上者不得超過一點五公尺	以不及四公分厚之踏板構築者不得超過一點五公尺；四至五公分厚者不得超過二公尺；五公分厚以上者不得超過二點五公尺	以不及四公分厚之踏板構築者不得超過二公尺；四至五公分厚者不得超過三公尺；五公分厚以上者不得超過四公尺	以不及四公分厚之踏板構築者不得超過一公尺；四至五公分厚者不得超過一點五公尺；五公分厚以上者不得超過二公尺	How is the spacing of adjacent ledgers supporting a timber scaffold platform limited by board thickness?	Boards under 4 cm thick: not over 0.5 m; boards 4 to 5 cm thick: not over 1 m; boards 5 cm or thicker: not over 1.5 m	Boards under 4 cm thick: not over 1.5 m; boards 4 to 5 cm thick: not over 2 m; boards 5 cm or thicker: not over 2.5 m	Boards under 4 cm thick: not over 2 m; boards 4 to 5 cm thick: not over 3 m; boards 5 cm or thicker: not over 4 m	Boards under 4 cm thick: not over 1 m; boards 4 to 5 cm thick: not over 1.5 m; boards 5 cm or thicker: not over 2 m	d	第54條第7款第5目：支持工作臺之兩相鄰踏腳桁之間距，應視預期載重及工作臺舖板之材質厚度定之；以不及四公分厚之踏板構築者間距不得超過一公尺，以四至五公分厚之踏板構築者不得超過一點五公尺，以五公分厚以上之踏板構築者不得超過二公尺。	Article 54(7)(5).	draft	11		
Q3703	OSH	OSH-36	營造安全衛生設施標準	第55條	民國115年6月30日	營造安全-圓竹施工架	3	使用圓竹構築之施工架，其型式限制、立柱間距及橫檔垂直間距規定為何？	以獨立直柱式施工架為限；立柱間距不得大於一點八公尺；橫檔垂直間距不得大於二公尺且最低位置不高於地面二公尺	以框式施工架為限；立柱間距不得大於三公尺；橫檔垂直間距不得大於五公尺且最低位置不高於地面五公尺	以懸吊式施工架為限；立柱間距不得大於二點五公尺；橫檔垂直間距不得大於四公尺且最低位置不高於地面三公尺	以棧橋式施工架為限；立柱間距不得大於一公尺；橫檔垂直間距不得大於一公尺且最低位置不高於地面一公尺	What type limit, column spacing and ledger vertical spacing apply to bamboo scaffolds?	Independent upright type only; columns not over 1.8 m apart; ledgers not over 2 m apart with the lowest not above 2 m	Frame type only; columns not over 3 m apart; ledgers not over 5 m apart with the lowest one not above 5 m	Suspended type only; columns not over 2.5 m apart; ledgers not over 4 m apart with the lowest not above 3 m	Trestle type only; columns not over 1 m apart; ledgers not over 1 m apart with the lowest one not above 1 m	a	第55條：圓竹構築之施工架以獨立直柱式施工架為限；立柱間距不得大於一點八公尺；主柱橫檔延伸應於節點處搭接並以十號以下鍍鋅鐵線紮結牢固；橫檔垂直間距不得大於二公尺，最低位置不得高於地面二公尺以上。	Article 55.	draft	11		
Q3704	OSH	OSH-36	營造安全衛生設施標準	第58條	民國115年6月30日	營造安全-懸臂式施工架	2	懸臂式施工架之設置，依規定應辦理之事項為何？	應設置於建築物室內側並以千斤頂頂撐固定；各部分得以模板支撐支持；托架應以鐵線捆綁於鄰近之鋼筋上	應以鋼索懸吊於上層樓板並設安全係數十以上之吊纜；各部分得以施工架立柱支持；托架僅須以膨脹螺栓固定即可	應依長度斷面設計足夠強度必要時以斜撐補強並與構造物錨定；各部分應以構造物堅固部分支持；托架應設斜撐並與牆壁紮牢	應由工地負責人依經驗決定其斷面尺寸；各部分得以砂包壓重固定；托架應每週實施一次目視檢查並紀錄	What requirements apply to cantilever scaffolds?	Erect indoors and hold with jacks, support on formwork shoring, and lash brackets to nearby reinforcing bars with steel wire	Suspend by wire ropes from the floor above with a safety factor of ten, support on scaffold columns, fix brackets with expansion bolts only	Design adequate strength by length and section, brace and anchor to the structure, support on solid parts, brace and tie brackets to the wall	Let the site manager set the section size by experience, hold with sandbag ballast, and inspect brackets visually each week	c	第58條：懸臂式施工架應依其長度及斷面設計足夠之強度，必要時以斜撐補強並與構造物妥為錨定；施工架各部分應以構造物之堅固部分支持之；工作臺置於嵌入牆內之托架上者，該托架應設斜撐並與牆壁紮牢。	Article 58.	draft	11		
Q3705	OSH	OSH-36	營造安全衛生設施標準	第60條之1	民國115年6月30日	營造安全-系統式施工架	3	系統式施工架之構築，關於連接方式與材質之規定為何？	立柱橫桿斜撐得以繩索捆綁後再加鋼夾固定，交叉處應以水泥砂漿包覆；輪盤插銷扣件採一般碳鋼且無須另作表面處理	立柱橫桿斜撐應以輪盤八角盤及插銷扣件連接成牢固系統，交叉處不得以活扣或鐵線代替；插銷扣件採SS400或同等以上材質	立柱橫桿斜撐得以鐵線或活扣紮結成系統構架，交叉處應加設木楔補強；輪盤插銷扣件採鑄鐵或塑鋼等具耐蝕性之材質即可	立柱橫桿斜撐應以焊接方式於現場一體成型，不得使用任何插銷或扣件；輪盤插銷扣件採鋁合金或不鏽鋼等輕質金屬材質	What are the connection and material rules for system scaffolds?	Columns, ledgers and braces may be roped and clamped, with mortar wrapped at crossings; plain carbon steel couplers need no finish	Columns, ledgers and braces join via rosettes and pin couplers into a tight system; no snap ties or wire at crossings; SS400 or better metal	Columns, ledgers and braces may be tied with wire or snap ties, with wedges at crossings; cast iron or plastic-steel couplers suffice	Columns, ledgers and braces must be welded into one piece on site with no pins or couplers; aluminium or stainless couplers are used	b	第60條之1：系統式施工架所有立柱、橫桿及斜撐等應以輪盤、八角盤或其他類似功能構件及插銷扣件等組配件連接成緊密牢固之系統構架，連接交叉處不得以各式活扣緊結或鐵線代替；金屬材料等應符合CNS4750；輪盤、插銷扣件及續連端之金屬材料應採SS400或具同等以上抗拉強度之材質。	Article 60-1.	draft	11		
Q3706	OSH	OSH-36	營造安全衛生設施標準	第62條	民國115年6月30日	營造安全-鋼管識別	1	同一作業場所使用之鋼管，其厚度、外徑及強度相異時，為防止混淆應如何處理？	應分別對該鋼管以顏色或其他方式標示等，使勞工易於識別	應將不同規格之鋼管全數退回供應商換為同一規格之鋼管	應將不同規格之鋼管分別存放於不同工區並禁止交互使用	應由工地負責人於每日作業前召集勞工說明規格差異事項	How must steel tubes of differing thickness, diameter or strength at one site be handled?	Each must be marked by colour or another method so that workers can identify them easily	All tubes of differing specification must be returned to the supplier and exchanged for one type	Tubes of different specification must be stored in separate zones and never used together	The site manager must brief workers on the specification differences before work each day	a	第62條：雇主對於同一作業場所使用之鋼管，其厚度、外徑及強度相異時，為防止鋼管之混淆，應分別對該鋼管以顏色或其他方式標示等，使勞工易於識別。	Article 62.	draft	11		
Q3707	OSH	OSH-36	營造安全衛生設施標準	第62條之1	民國115年6月30日	營造安全-施工構臺	2	施工構臺之設置，關於支柱、連結部分及覆工板間隙之規定為何？	支柱應每三公尺設置一支且不得使用墊板；連結部分得以插銷鬆配合；高度十公尺以上構臺覆工板間隙應在一公分以下	支柱應直接置於原地面不得埋入以利拆除；連結部分應全面焊接固定；高度五公尺以上構臺覆工板間隙應在五公分以下	支柱應埋入適當深度或襯以墊板座鈑防止滑動下沈；連結接觸安裝部分應以螺栓鉚釘固定；高度二公尺以上構臺覆工板間隙應在三公分以下	支柱應以砂石回填夯實並加設混凝土基座；連結部分得以鐵線捆綁固定；高度二公尺以上構臺覆工板間隙應在十公分以下	What rules govern posts, connections and decking gaps of construction work platforms?	Posts every 3 m with no base plates allowed; connections loosely pinned; decking gaps under 1 cm for platforms over 10 m	Posts set on existing ground without embedment for easy removal; connections fully welded; gaps under 5 cm above 5 m	Posts embedded deep enough or on base plates; connections fixed by bolts or rivets; decking gaps under 3 cm for platforms over 2 m	Posts backfilled with compacted gravel on concrete pads; connections may be wire-tied; decking gaps under 10 cm above 2 m	c	第62條之1：施工構臺支柱應依土壤性質埋入適當深度或於柱腳部襯以墊板、座鈑等防止滑動或下沈；支柱、水平繫材、斜撐材及構臺之梁等連結、接觸及安裝部分應以螺栓或鉚釘等金屬連結器材固定；高度二公尺以上構臺之覆工板等板料間隙應在三公分以下；構臺寬度應足供機具運轉通行並預留起重機外伸撐座場地。	Article 62-1.	draft	11		
Q3708	OSH	OSH-36	營造安全衛生設施標準	第62條之1	民國115年6月30日	營造安全-施工構臺	2	施工構臺之設置寬度，依規定應如何考量？	設置寬度應足供所需機具運轉通行之用，並依施工計畫預留起重機外伸撐座伸展及材料堆置之場地	設置寬度由工地負責人依現場地形自行決定，僅須確保勞工得以側身通過即符合本標準規定	設置寬度依構臺高度決定，高度每增加一公尺應加寬零點五公尺，並不得供車輛機械通行使用	設置寬度一律應在四公尺以上，且不得於構臺上堆置任何材料或設置起重機具之外伸撐座	How must the width of a construction work platform be determined?	Wide enough for the machinery to travel and operate, with space reserved for crane outriggers and material stacking	By the site manager according to terrain, needing only enough room for a worker to pass through sideways	By platform height, adding 0.5 m of width per extra metre of height, and it may not be used by vehicle machinery	At least 4 m in all cases, with no materials stacked on it and no crane outriggers allowed to be deployed on it	a	第62條之1第4款：構臺設置寬度應足供所需機具運轉通行之用，並依施工計畫預留起重機外伸撐座伸展及材料堆置之場地。第62條之2並要求惡劣氣候、四級以上地震後或局部解體變更後，作業前應確認主要構材狀況。	Article 62-1(4).	draft	11		
Q3709	OSH	OSH-36	營造安全衛生設施標準	第63條	民國115年6月30日	營造安全-露天開挖	3	從事露天開挖作業前，為防止地面崩塌及損壞地下埋設物，應調查之內容為何？	工程預算及工期、承攬商之財務狀況、鄰近土地公告現值、開挖土方之處理場所及運輸路線之交通流量統計資料	地面形狀地層地質及鄰近建築物、地面龜裂與地下水位及地層凍結狀況、有無地下埋設物、地下有無危險或有害氣體	鄰近工地之施工進度、材料供應商之名冊、開挖機具購置年份、工地監視系統之攝影機配置與錄影保存時數	勞工人數及年齡分布、機械操作人員之證照、工地周邊住戶意見、開挖期間之氣象預報與空氣品質指標數值	What must be surveyed before open excavation to prevent ground collapse and damage to buried services?	Project budget and schedule, contractor finances, land values nearby, and traffic counts on the spoil haulage routes	Ground form, strata, geology and nearby buildings; cracking, groundwater and frozen ground; buried services; hazardous gases	Progress of nearby sites, the supplier list, the purchase year of the excavators, and the site CCTV layout and recording hours	Worker numbers and ages, operator licences, opinions of nearby residents, and weather forecasts and air quality indices	b	第63條：露天開挖作業前應就作業地點及其附近施以鑽探、試挖或其他適當方法調查：一、地面形狀、地層、地質、鄰近建築物及交通影響情形；二、地面有否龜裂、地下水位狀況及地層凍結狀況；三、有無地下埋設物及其狀況；四、地下有無高溫、危險或有害之氣體、蒸氣及其狀況。	Article 63.	draft	11		
Q3710	OSH	OSH-36	營造安全衛生設施標準	第63條	民國115年6月30日	營造安全-露天開挖	2	依露天開挖調查結果所擬訂之開挖計畫，其內容應包括哪些事項？	應包括勞工出勤紀錄、加班費計算方式、伙食安排、宿舍配置及每日朝會宣導主題等管理事項	應包括開挖方法、順序、進度、使用機械種類、降低水位、穩定地層方法及土壓觀測系統等事項	應包括土方外運車輛之車牌、司機姓名、每日趟次、過磅單編號及棄土場收容證明等文件資料	應包括工程契約金額、付款辦法、保固年限、爭議處理程序及承攬商保險理賠之申請流程等事項	What must the excavation plan drawn up from the survey results contain?	Worker attendance records, overtime calculation, catering, dormitory layout and the daily toolbox meeting topics	Excavation method, sequence, schedule, machine types, dewatering, ground stabilisation and earth pressure monitoring	Spoil truck plate numbers, driver names, daily trips, weighbridge ticket numbers and disposal site receipt copies	Contract value, payment terms, warranty period, dispute procedures and the contractor's insurance claim process forms	b	第63條第2項：依調查結果擬訂之開挖計畫，其內容應包括開挖方法、順序、進度、使用機械種類、降低水位、穩定地層方法及土壓觀測系統等。第64條並規範人工開挖自由面之傾斜度與開挖面高度限制。	Article 63(2).	draft	11		
Q3711	OSH	OSH-36	營造安全衛生設施標準	第67條	民國115年6月30日	營造安全-露天開挖	2	於接近磚壁或水泥隔牆等構造物之場所從事開挖作業前，應採取何種預防設施？	應於構造物外側噴塗警示漆並張貼裂縫觀測貼片，發現裂縫擴大時再行辦理補強作業	應將開挖深度限制在一公尺以內並以人工方式施作，即可免除地盤改良及構造物保護	應採取地盤改良及構造物保護等有效之預防設施，以防止構造物損壞變形或倒塌致危害勞工	應先請鄰房所有權人簽署同意書並辦理鑑定，開挖期間得免除任何地盤改良或保護措施	What preventive measures are required before excavating near brick walls or cement partitions?	Warning paint and crack monitoring patches on the outside, with reinforcement only once cracks are seen to widen	Limiting the excavation depth to one metre and digging by hand, which exempts ground improvement and protection	Effective measures such as ground improvement and structure protection, to stop damage, deformation or collapse harming workers	A consent form signed by the neighbouring owner plus a survey, after which no ground or structure measures are needed	c	第67條：雇主於接近磚壁或水泥隔牆等構造物之場所從事開挖作業前，為防止構造物損壞、變形或倒塌致危害勞工，應採取地盤改良及構造物保護等有效之預防設施。第68條並要求為防止損壞地下管線，應懸吊或支撐管線或予以移設，並指派專人現場指揮。	Article 67.	draft	11		
Q3712	OSH	OSH-36	營造安全衛生設施標準	第68條	民國115年6月30日	營造安全-露天開挖	2	露天開挖作業為防止損壞地下管線致危害勞工，應採取何種必要措施？	應先切斷該管線之供應並拆除管線後施工，事後再由承攬商負責回復原狀	應報請當地勞動檢查機構會勘後施工，施工期間得免除指派專人現場指揮	應採取懸吊或支撐該管線，或予以移設等必要措施，並指派專人於現場指揮施工	應以警示帶標示管線位置並加設鋼板保護，即可由機械操作人員逕行開挖	What measures prevent damage to buried pipelines during open excavation?	Cut off supply and remove the pipeline before working, restoring it afterwards by the contractor	Report to the labor inspection agency for a joint visit, after which no site director is needed	Suspend or support the pipeline, or relocate it, and assign a person to direct the work on site	Mark the line with warning tape and steel plate protection, then let the operator excavate freely	c	第68條：雇主對於露天開挖作業，為防止損壞地下管線致危害勞工，應採取懸吊或支撐該管線，或予以移設等必要措施，並指派專人於現場指揮施工。第9條並定明有安全之虞者非經管線權責單位同意不得挖掘移動。	Article 68.	draft	11		
Q3713	OSH	OSH-36	營造安全衛生設施標準	第70條	民國115年6月30日	營造安全-露天開挖	1	僱用勞工於採光不良之場所從事露天開挖作業時，雇主應如何辦理？	應調整為僅於日間施工，不得於採光不良之場所從事開挖	應每二小時輪換作業人員一次，以避免視線不良造成危害	應由勞工自行攜帶頭燈作業，雇主不須另設固定照明設備	應裝設作業安全所必需之照明設備，以維持作業所需之照度	What must be done for open excavation work at poorly lit locations?	Restrict work to daylight hours and never excavate at poorly lit locations	Rotate the work crew every two hours to avoid harm caused by poor visibility	Let workers bring their own headlamps, with no fixed lighting by the employer	Install the lighting equipment necessary for safe work at the required level	d	第70條：雇主僱用勞工於採光不良之場所從事露天開挖作業，應裝設作業安全所必需之照明設備。第65條並要求作業前、大雨或四級以上地震後應指定專人確認地面龜裂、湧水及地層變化等情形。	Article 70.	draft	11		
Q3714	OSH	OSH-36	營造安全衛生設施標準	第72條	民國115年6月30日	營造安全-擋土支撐	1	對於供作擋土支撐之材料，本標準之基本要求為何？	應每半年送請認可機構實施一次材質及硬度之試驗	應由專任工程人員於每根材料上簽名並標示使用期限	應一律使用新品，曾使用過之材料不得再用於支撐	不得有顯著之損傷、變形或腐蝕，以確保其結構強度	What is the basic requirement for materials used as earth retaining shoring?	They must undergo material and hardness testing every six months	A full-time engineer must sign each member and mark its service life	Only new items may be used; previously used members are forbidden	They must be free of significant damage, deformation or corrosion	d	第72條：雇主對於供作擋土支撐之材料，不得有顯著之損傷、變形或腐蝕。第73條則規範擋土支撐構築之十一款規定，包括依地質鑽探資料妥為設計、繪製構築圖樣及擬訂施工計畫等。	Article 72.	draft	11		
Q3715	OSH	OSH-36	營造安全衛生設施標準	第74條	民國115年6月30日	營造安全-作業主管	2	擋土支撐組配、拆除作業，雇主應指派何人於作業現場辦理法定事項？其職責為何？	應指派擋土支撐作業主管，決定作業方法指揮勞工、實施檢點汰換不良品、監督使用防護具及確認設備有效狀況	應指派監造單位技師，負責審查施工圖說、辦理材料抽驗、簽署施工日誌及查核契約履約情形	應指派工地主任，負責核算工程數量、審查估驗計價、管制施工進度及協調各承攬商之界面事項	應指派職業安全衛生管理員，負責每月填報職業災害統計、辦理教育訓練及製作安全衛生管理計畫	Who must be assigned for earth retaining shoring assembly and dismantling, and with what duties?	A shoring operations supervisor: decide methods and direct workers, check and cull tools, supervise PPE use, confirm safety measures	An engineer of the supervising unit: review drawings, sample materials, sign the site diary and audit contract performance	A site agent: compute quantities, review interim valuations, control progress and coordinate interfaces between contractors	An OSH management officer: file monthly accident statistics, arrange education and training and draft the OSH management plan	a	第74條：擋土支撐組配、拆除作業應指派擋土支撐作業主管於作業現場辦理：決定作業方法指揮勞工作業、實施檢點檢查材料工具器具並汰換不良品、監督勞工確實使用個人防護具、確認安全衛生設備及措施之有效狀況、未確認前管制人員不得進入、其他必要之設備及措施。	Article 74.	draft	11		
Q3716	OSH	OSH-36	營造安全衛生設施標準	第76條	民國115年6月30日	營造安全-擋土支撐	1	對於設置擋土支撐之工作場所，本標準要求雇主必要時應如何準備？	必要時應購置全套地下水位觀測井及自動記錄之儀器	必要時應委託原設計技師常駐工地全時監督支撐狀況	必要時應於工地周界設置雙層鋼板樁及止水灌漿設施	必要時應置備加強、修補擋土支撐工程用之材料與器材	What must the employer prepare where earth retaining shoring is installed?	A full set of groundwater observation wells with automatic recording instruments	The original design engineer stationed full time on site to watch the shoring	Double sheet pile walls and cut-off grouting along the site boundary as needed	Materials and equipment for strengthening and repairing the shoring, when necessary	d	第76條：雇主對於設置擋土支撐之工作場所，必要時應置備加強、修補擋土支撐工程用材料與器材。第75條並要求開挖進行中每週或四級以上地震後、大雨後或土壓變化異常時實施構材檢查。	Article 76.	draft	11		
Q3717	OSH	OSH-36	營造安全衛生設施標準	第77條	民國115年6月30日	營造安全-露天開挖	2	露天開挖場所有地面崩塌或土石飛落之虞時，應設置何種防護設施？	應依工期長短決定是否設置支撐，工期在三個月以下者得免設置	應依地質及環境狀況，設置適當之擋土支撐或邊坡保護等防護設施	應依承攬商之施工經驗自行判斷，僅於曾發生崩塌時始須設支撐	應依開挖深度設置圍籬及警示帶，並派專人於作業期間全時監視	What protection is required where an open excavation risks ground collapse or falling rocks?	Shoring decided by project duration, with projects of three months or less exempt from it	Suitable earth retaining shoring or slope protection, according to the geology and surroundings	Shoring at the contractor's own discretion, required only if a collapse has already occurred	Fencing and warning tape according to depth, with a watchman present throughout the work	b	第77條：雇主對於露天開挖場所有地面崩塌或土石飛落之虞時，應依地質及環境狀況，設置適當擋土支撐或邊坡保護等防護設施。第71條並定明開挖深度在一點五公尺以上使勞工進入開挖面作業者應設擋土支撐。	Article 77.	draft	11		
Q3718	OSH	OSH-36	營造安全衛生設施標準	第78條	民國115年6月30日	營造安全-露天開挖	1	露天開挖作業之工作場所，為管制人員進入應設置何種設施？	應設有固定式圍牆及警衛崗哨，二十四小時派員駐守於現場	應設有紅外線感應警報器，於非工作時間偵測人員違規進入	應設有警告標示、標誌杆或防禦物，禁止與工作無關人員進入	應設有門禁刷卡機及人臉辨識設備，逐一登錄進出人員資料	What must be provided at an open excavation site to control entry?	A fixed boundary wall and guard post staffed around the clock at the excavation site	Infrared alarm sensors detecting unauthorised entry outside of normal working hours	Warning signs, marker posts or barriers prohibiting entry by persons unrelated to the work	Card access and face recognition equipment logging every person entering and leaving	c	第78條：雇主對於露天開挖作業之工作場所，應設有警告標示、標誌杆或防禦物，禁止與工作無關人員進入。第8條並要求工作場所周圍設置固定式圍籬與警告標示。	Article 78.	draft	11		
Q3719	OSH	OSH-36	營造安全衛生設施標準	第79條之1	民國115年6月30日	營造安全-開挖作業	1	使勞工於非露天開挖場所從事開挖作業時，其安全規定應如何適用？	不適用本標準之規定，改依隧道坑道開挖章之落磐湧水防止規定全部辦理	準用露天開挖章之規定，包括事前調查、傾斜度、擋土支撐及作業主管等規定	僅適用作業主管指派之規定，其餘調查、傾斜度及擋土支撐規定均不適用	由雇主參照國家標準自行訂定作業程序，本標準開挖章之規定不生拘束力	How do the rules apply to excavation work at places that are not open excavations?	This Standard does not apply; the tunnel chapter on rockfall and inrush prevention applies instead	The open excavation chapter applies mutatis mutandis, covering survey, slope, shoring and supervisors	Only the supervisor appointment rule applies; survey, slope and shoring requirements do not apply	The employer sets its own procedures by national standards and the excavation chapter does not bind	b	第79條之1：雇主使勞工於非露天開挖場所從事開挖作業，準用本章（第五章露天開挖）之規定，故第63條調查、第64條傾斜度、第66條作業主管、第71條擋土支撐等規定均有準用。	Article 79-1.	draft	11		
Q3720	OSH	OSH-36	營造安全衛生設施標準	第81條	民國115年6月30日	營造安全-隧道開挖	2	隧道、坑道開挖作業應就開挖現場及周圍狀況採取措施，以防止哪些危害？其施工計畫應如何處理？	應防止落磐、湧水、高溫氣體、蒸氣、缺氧空氣、粉塵、可燃性氣體等危害；確認結果發現施工計畫不合適時應即變更並依新計畫施工	應防止勞工中暑及熱衰竭等熱危害；確認結果發現施工計畫不合適時，應報請中央主管機關核定後始得變更	應防止機具故障及停電等作業中斷；確認結果發現施工計畫不合適時，由監造單位逕行指示承攬商調整工序	應防止交通事故、噪音及振動等公害；確認結果發現施工計畫不合適時，得於工程結束後檢討修正並作成報告存查	Which hazards must tunnel and shaft excavation measures prevent, and how is the construction plan handled?	Rockfall, water inrush, hot gases, vapours, oxygen deficiency, dust and flammable gases; an unsuitable plan must be changed at once	Heat stroke and heat exhaustion among workers; an unsuitable plan may be changed only after the central authority approves	Machine breakdown and power cuts interrupting work; an unsuitable plan is adjusted by the supervising unit's direct instruction	Traffic accidents, noise and vibration nuisance; an unsuitable plan may be reviewed and reported after the works are completed	a	第81條：對於隧道、坑道開挖作業，應就開挖現場及周圍之地表、地質及地層狀況採取適當措施，以防止發生落磐、湧水、高溫氣體、蒸氣、缺氧空氣、粉塵、可燃性氣體等危害；依第80條及本條實施確認之結果，發現原訂施工計畫已不合適時，應即變更該計畫並依變更之新施工計畫施工。	Article 81.	draft	11		
Q3721	OSH	OSH-36	營造安全衛生設施標準	第82條	民國115年6月30日	營造安全-隧道開挖	3	隧道、坑道開挖作業為防止落磐、湧水、開炸炸傷等危害，應指派專人確認哪些事項？	每週或颱風過後隧道內溫濕度正常、施炸前已完成人員清點、施炸後已恢復通風換氣、爆破噪音未超過管制標準	每月或停工復工前照明燈具功能正常、施炸前已通知鄰近住戶、施炸後已測量地表沉陷、爆破振動未影響鄰房	每季或機具更換後軌道平整無異狀、施炸前已備妥急救藥品、施炸後已清點器材數量、爆破粉塵已完成灑水	每日或四級以上地震後內部無浮石岩磐嚴重龜裂含水湧水不正常變化、施炸前鑽孔裝藥適當、施炸後無浮石龜裂及未引爆炸藥	What must a designated person confirm in tunnel excavation to prevent rockfall, inrush and blasting injury?	Weekly or after typhoons: normal temperature and humidity; a head count before blasting; ventilation restored; noise within limits	Monthly or before resuming work: lights functioning; neighbours notified before blasting; settlement surveyed; vibration checked	Quarterly or after machine changes: tracks even; first aid kits ready before blasting; equipment counted; dust wetted down after	Daily or after a level 4 quake: no loose rock, severe cracking or abnormal water; proper charging before blasting; no misfires after	d	第82條：應指派專人確認：一、於每日或四級以上地震後，隧道、坑道等內部無浮石、岩磐嚴重龜裂、含水、湧水不正常之變化等；二、施炸前鑽孔之裝藥適當；三、施炸後之場所及其周圍無浮石及岩磐龜裂，鑽孔及石碴堆、出碴堆無未引爆之炸藥，施工軌道無損壞；四、不得同時作鑽孔及裝炸藥作業。	Article 82.	draft	11		
Q3722	OSH	OSH-36	營造安全衛生設施標準	第82條	民國115年6月30日	營造安全-隧道開挖	2	隧道、坑道開挖作業中，關於鑽孔與裝炸藥作業之關係，本標準之規定為何？	不得同時作鑽孔及裝炸藥作業，以免引起爆炸傷及人員	得同時作鑽孔及裝炸藥作業，但應全程錄影並留存紀錄	得同時作鑽孔及裝炸藥作業，但應相隔十公尺以上距離	得同時作鑽孔及裝炸藥作業，但應由不同班別勞工進行	What is the rule on drilling and charging explosives at the same time in tunnel work?	Drilling and charging may not be carried out at the same time, to avoid explosion injury	They may be done at the same time, provided the work is filmed and recorded	They may be done at the same time, provided they are at least ten metres apart	They may be done at the same time, provided different shifts carry out each task	a	第82條第4款：不得同時作鑽孔及裝炸藥作業，以免引起爆炸傷及人員。同條並要求施炸前確認鑽孔裝藥適當、施炸後確認場所周圍無浮石龜裂及未引爆之炸藥。	Article 82(4).	draft	11		
Q3723	OSH	OSH-36	營造安全衛生設施標準	第83條	民國115年6月30日	營造安全-隧道支撐	2	隧道、坑道作業為防止落磐或土石崩塌危害勞工，應設置何種支持構造？	應設置警示標誌、防護網及安全母索，並派專人全時監視	應設置軌道、臺車及出碴設備，並縮短每次之開挖進尺量	應設置支撐、岩栓、噴凝土、環片等支持構造，並清除浮石	應設置抽水機、通風機及照明燈具，並隨時保持洞內乾燥	What supporting structures must be provided in tunnel work against rockfall or collapse?	Warning signs, protective nets and lifelines, together with a watchman on duty at all times	Tracks, trolleys and mucking equipment, together with a reduced advance per excavation round	Shoring, rock bolts, shotcrete and segments as supports, together with removal of loose rock	Pumps, ventilation fans and lighting, keeping the inside of the tunnel dry at all times	c	第83條：雇主對於隧道、坑道作業為防止落磐或土石崩塌危害勞工，應設置支撐、岩栓、噴凝土、環片等支持構造，並清除浮石等。第84條並規範進出口附近表土崩塌之防護措施。	Article 83.	draft	11		
Q3724	OSH	OSH-36	營造安全衛生設施標準	第84條	民國115年6月30日	營造安全-隧道開挖	2	為防止隧道、坑道進出口附近表土崩塌或土石飛落，應採取哪些措施？地質惡劣時應如何處理？	應設置擋土支撐、張設防護網、清除浮石或採取邊坡保護；地質惡劣時應採用鋼筋混凝土洞口或邊坡保護等措施	應設置移動式圍籬、噴灑抑塵劑或加設遮陽棚；地質惡劣時應暫停施工並俟雨季結束後再行復工作業	應設置監測儀器並每日觀測沉陷量；地質惡劣時應加快開挖速度以縮短洞口段暴露於風險之時間	應設置排水明溝、集水井及抽水機組；地質惡劣時應改採明挖覆蓋工法施工並取消洞口段之支撐設置	What measures guard the ground near tunnel portals, and what applies where the geology is poor?	Earth retaining shoring, protective nets, removal of loose rock or slope protection; poor geology needs RC portals or slope protection	Movable fencing, dust suppressant spraying or sun shades; poor geology means suspending work until the rainy season ends	Monitoring instruments read daily for settlement; poor geology means excavating faster to shorten the exposure at the portal	Open drains, sumps and pump sets; poor geology means switching to cut-and-cover and omitting support at the portal section	a	第84條：為防止隧道、坑道進出口附近表土之崩塌或土石之飛落致有危害勞工之虞者，應設置擋土支撐、張設防護網、清除浮石或採取邊坡保護；如地質惡劣時應採用鋼筋混凝土洞口或邊坡保護等措施。	Article 84.	draft	11		
Q3725	OSH	OSH-36	營造安全衛生設施標準	第85條	民國115年6月30日	營造安全-隧道開挖	2	隧道、坑道作業中，雇主應禁止非工作必要人員進入哪些場所？	已完成襯砌且尚未鋪設路面之區段；通風管與排水管交會處附近有積水或濕滑之虞之場所	正在清除浮石或其下方有土石飛落之虞之場所；支撐作業及支撐補強或整修作業中有落磐或土石崩塌之虞之場所	洞口段之施工便道與棄土場之間；混凝土拌合設備及骨材堆置區有粉塵飛揚之虞之場所	出碴臺車軌道之轉轍器附近區域；電力配電盤與變壓器所在且有感電之虞之場所及其鄰近走道	Which places must persons not needed for the work be barred from during tunnel work?	Sections already lined but not yet paved; near ventilation and drainage duct crossings that may be wet or slippery	Where loose rock is being removed or beneath it; where shoring, strengthening or repair risks rockfall or collapse	Between the portal haul road and the spoil tip; at concrete batching plant and aggregate stockpiles with dust	Near the turnouts of muck car tracks; at switchboards and transformers where there is a risk of electric shock	b	第85條：雇主應禁止非工作必要人員進入下列場所：一、正在清除浮石或其下方有土石飛落之虞之場所；二、隧道、坑道支撐作業及支撐之補強或整修作業中，有落磐或土石崩塌之虞之場所。	Article 85.	draft	11		
Q3726	OSH	OSH-36	營造安全衛生設施標準	第86條	民國115年6月30日	營造安全-隧道開挖	2	隧道、坑道作業有落磐、出水、崩塌或可燃性氣體引起爆炸火災、缺氧氣體中毒危險之虞時，應如何處理？	應即向中央主管機關通報並填具災害調查表，於通報完成後不必停止作業即可繼續施工	應即使作業勞工停止作業並離開作業場所，非經測定確認無危險及採取適當通風換氣後，不得恢復作業	應即通知作業主管到場評估，於作業主管確認後得由勞工佩戴呼吸防護具繼續原有之作業	應即減少同時進入之勞工人數並縮短工時，俟氣體濃度自然下降後即可回復正常作業	What must be done when tunnel work risks rockfall, inrush, collapse, gas explosion or oxygen deficiency?	A report must be filed with the central authority with an accident form, after which work may continue without stopping	Workers must stop work and leave at once; work may resume only after measurement confirms safety and adequate ventilation	The work supervisor must assess on site, after which workers may continue the same work wearing respiratory protection	The number of workers entering must be cut and hours shortened until gas levels fall naturally and work returns to normal	b	第86條：對於隧道、坑道作業，有因落磐、出水、崩塌或可燃性氣體、粉塵存在，引起爆炸火災或缺氧、氣體中毒等危險之虞時，應即使作業勞工停止作業，離開作業場所，非經測定確認無危險及採取適當通風換氣後，不得恢復作業。	Article 86.	draft	11		
Q3727	OSH	OSH-36	營造安全衛生設施標準	第88條	民國115年6月30日	營造安全-隧道開挖	2	使用搬運機械從事隧道、坑道作業時，依規定應辦理之事項為何？	事前決定運行路線進出交會地點及裝卸方法並告知勞工、指派指揮人員、設適當安全照明、加裝防撞擋板等防護設施	事前投保車體險及第三人責任險、限制車速在每小時五公里以下、設置測速照相、加裝防滑鏈及輪胎擋泥板	事前完成機械之定期檢查並張貼合格標章、由操作人員自行決定路線、設置反光錐、加裝倒車顯影及行車紀錄器	事前辦理環境影響評估並取得許可、限制每日進出趟次、設置洗車臺、加裝排氣淨化裝置及低噪音消音器	What applies to the use of haulage machinery in tunnel and shaft work?	Decide routes, passing points and loading methods beforehand and tell workers; assign a director; provide lighting and bumper guards	Take out vehicle and third-party insurance; limit speed to 5 km/h; install speed cameras; fit snow chains and mud flaps	Complete periodic inspection and display a pass label; let operators choose routes; place cones; fit reversing cameras and recorders	Complete environmental assessment and permits; limit daily trips; install a wheel wash; fit exhaust scrubbers and silencers	a	第88條：使用搬運機械從事隧道、坑道作業時，應事前決定運行路線、進出交會地點及此等機械進出土石裝卸場所之方法並告知勞工；應指派指揮人員從事指揮作業；作業場所應有適當之安全照明；搬運機械應加裝防撞擋板等安全防護設施。	Article 88.	draft	11		
Q3728	OSH	OSH-36	營造安全衛生設施標準	第89條	民國115年6月30日	營造安全-隧道支撐	1	隧道、坑道支撐之構築，對於所使用材料之要求為何？	不得使用有顯著損傷、變形或腐蝕之材料，該材料並應具足夠強度	不得使用鋼材以外之任何材料，木材及混凝土構材一律禁止使用	不得使用未經檢驗合格之進口材料，國產材料則不受此限制拘束	不得使用曾經使用過之舊料，所有支撐材料均應為全新之未用品	What is required of materials used to build tunnel and shaft supports?	No materials with significant damage, deformation or corrosion, and they must have adequate strength	No materials other than steel; timber and concrete members are prohibited in all circumstances	No imported materials without passing inspection, while domestic materials are not so restricted	No previously used materials; every support member must be brand new and never used before	a	第89條：雇主對於隧道、坑道支撐之構築，不得使用有顯著損傷、變形或腐蝕之材料，該材料並應具足夠強度。第90條並要求構築前應就表土、地質、含水、湧水、龜裂、浮石狀況及開挖方法等因素妥為設計施工。	Article 89.	draft	11		
Q3729	OSH	OSH-36	營造安全衛生設施標準	第90條	民國115年6月30日	營造安全-隧道支撐	2	隧道、坑道支撐之構築，事前應就哪些因素妥為設計施工？	應就當地氣候雨量、日照時數、風向風速及地表植被等因素決定支撐之材質與厚度	應就工程契約金額、工期長短、承攬商規模及機具數量等因素決定支撐之型式與間距	應就支撐場所之表土、地質、含水、湧水、龜裂、浮石狀況及開挖方法等因素妥為設計施工	應就鄰近道路交通量、地上物產權、拆遷補償及民眾陳情等因素決定支撐之施作順序	Which factors must be considered in designing tunnel and shaft supports beforehand?	Local climate and rainfall, hours of sunshine, wind direction and speed, and the surface vegetation cover	The contract value, project duration, contractor size and the number of machines available for the works	Topsoil, geology, water content, inrush, fissures and loose rock at the support location, and the excavation method	Traffic volume on nearby roads, land ownership, demolition compensation and complaints from residents	c	第90條：雇主對於隧道、坑道支撐之構築，應事前就支撐場所之表土、地質、含水、湧水、龜裂、浮石狀況及開挖方法等因素，妥為設計施工。第80條並要求事前實施地質調查並訂定合適之施工計畫。	Article 90.	draft	11		
Q3730	OSH	OSH-36	營造安全衛生設施標準	第91條	民國115年6月30日	營造安全-隧道支撐	2	隧道、坑道支撐之構築或重組，依規定應辦理之事項為何？	構成支撐組之主構材應以焊接方式連接成整體；木製支撐應於構材表面塗布防火塗料	構成支撐組之主構材應置於同一平面內；木製之隧道坑道支撐，應使支撐之各部構材受力平衡	構成支撐組之主構材應交錯配置於不同平面；木製支撐應由單一構材承受全部之荷重	構成支撐組之主構材應每三公尺設置一組；木製支撐應在使用前浸泡防腐劑七日以上	What applies to building or rebuilding tunnel and shaft supports?	The main members must be welded into one integral unit; timber supports must be coated with fireproof paint on the surface	The main members of a support set must lie in the same plane; timber supports must have balanced loading on each member	The main members must be staggered across different planes; a single member of a timber support may carry the whole load	The main members must be placed every three metres; timber supports must be soaked in preservative for seven days first	b	第91條：雇主對於隧道、坑道支撐之構築或重組，應依下列規定辦理：一、構成支撐組之主構材應置於同一平面內；二、木製之隧道、坑道支撐，應使支撐之各部構材受力平衡。第92條並要求腳部有下沉滑動之虞時應襯以墊板、座鈑。	Article 91.	draft	11		
Q3731	OSH	OSH-36	營造安全衛生設施標準	第92條	民國115年6月30日	營造安全-隧道支撐	1	隧道、坑道之支撐如有腳部下沉、滑動之虞時，應採何種措施？	應以混凝土將支撐腳部整體包覆並俟強度達成後使用	應於支撐腳部加掛配重塊使其穩定並每日量測位移量	應襯以墊板、座鈑等措施，以防止支撐腳部下沉或滑動	應將支撐腳部埋入岩盤深度五十公分以上並灌注水泥	What must be done where the feet of tunnel supports risk settling or sliding?	Encase the support feet wholly in concrete and use them once strength is reached	Hang counterweights on the support feet to steady them and measure movement daily	Pad them with base plates or sole plates to prevent the feet settling or sliding	Embed the support feet at least 50 cm into the rock and grout them with cement	c	第92條：雇主對於隧道、坑道之支撐，如有腳部下沉、滑動之虞，應襯以墊板、座鈑等措施。第96條並要求每日或四級以上地震後確認構材損傷、緊接、連接交叉部分、腳部滑動下沉及頂磐側壁鬆動等情形。	Article 92.	draft	11		
Q3732	OSH	OSH-36	營造安全衛生設施標準	第94條	民國115年6月30日	營造安全-隧道支撐	2	隧道、坑道之木拱支撐，依規定應辦理之事項為何？	接近地面之水平支撐應懸空不得接觸側壁；縱向力量得由襯板單獨承受無須另設措施；構材連接部分應以鐵釘直接釘合	接近地面之水平支撐應以鋼索懸吊於頂拱；縱向傾倒得於發生後再行扶正即可；構材連接部分應以水泥砂漿填塞封閉	接近地面之水平支撐應每公尺設一支且不設斜撐；縱向力量應由噴凝土全部承擔；構材連接部分應保留伸縮縫不固定	接近地面之水平支撐兩端應以斜撐材固定於側壁上；應防止沿隧道縱向力量致傾倒或歪斜；構材連接部分應以牽條等固定	What applies to timber arch supports in tunnels and shafts?	Keep the near-ground horizontal support clear of the side walls; let lagging alone resist longitudinal force; nail the joints	Hang the near-ground horizontal support from the crown by cables; straighten toppling after it occurs; grout the joints shut	Place a horizontal support every metre without braces; let shotcrete take all longitudinal force; leave the joints unfixed	Fix both ends of the near-ground horizontal support to the side walls with braces; prevent longitudinal toppling; tie the joints	d	第94條：隧道、坑道之木拱支撐應依下列規定辦理：一、為防止接近地面之水平支撐移位，其兩端應以斜撐材固定於側壁上；二、為防止沿隧道之縱向力量致傾倒或歪斜，應採取必要之措施；三、構材連接部分，應以牽條等固定。第93條則規範鋼拱支撐間隔應在一點五公尺以下等事項。	Article 94.	draft	11		
Q3733	OSH	OSH-36	營造安全衛生設施標準	第95條	民國115年6月30日	營造安全-隧道支撐	1	拆除承受有荷重之隧道、坑道支撐構材時，應先採取何種措施？	應先由二名以上勞工共同扶持後始得逐一拆除	應先採取荷重移除措施，再行拆除該支撐構材	應先以起重機吊住構材再以氣動工具直接切斷	應先於構材上噴漆標示拆除順序及編號後拆除	What must be done first when dismantling a loaded tunnel or shaft support member?	Two or more workers must hold the member steady before dismantling one by one	Measures to remove the load must be taken before the member is dismantled	The member must be held by a crane and then cut directly with pneumatic tools	The dismantling order and numbering must be spray-marked on the member first	b	第95條：雇主於拆除承受有荷重之隧道、坑道支撐之構材時，應先採取荷重移除措施。第73條第3項就擋土支撐拆除亦有類似規定，拆除壓力構件時應俟壓力完全解除方得拆除護材。	Article 95.	draft	11		
Q3734	OSH	OSH-36	營造安全衛生設施標準	第96條	民國115年6月30日	營造安全-隧道支撐	3	隧道、坑道設置之支撐，應於每日或四級以上地震後確認哪些事項？	構材有無損傷變形腐蝕移位及脫落、構材緊接是否良好、構材連接及交叉部分狀況、腳部有無滑動下沉、頂磐及側壁有無鬆動	洞內溫度濕度是否適宜、照明照度是否足夠、通風量是否達標準、飲用水供應是否正常、急救器材是否齊備	支撐材料之採購單價、進場數量、庫存餘量、供應商交期及品質保證書之有效期限是否仍在有效期間	作業勞工之出勤人數、教育訓練時數、健康檢查紀錄、防護具領用情形及作業主管是否在場執行職務	What must be confirmed for tunnel supports daily or after a level 4 or greater earthquake?	Damage, deformation, corrosion, displacement or dropout; tightness of members; joints and crossings; foot sliding; crown looseness	Whether temperature and humidity are suitable, lighting adequate, ventilation to standard, drinking water supplied, first aid stocked	The unit price of support materials, quantity delivered, stock left, supplier lead time and validity of quality certificates	Attendance of workers, training hours, health check records, PPE issue records and whether the supervisor is present on duty	a	第96條：對於隧道、坑道設置之支撐，應於每日或四級以上地震後就下列事項予以確認，有異狀時應即採取補強或整補措施：一、構材有無損傷、變形、腐蝕、移位及脫落；二、構材緊接是否良好；三、構材之連接及交叉部分之狀況是否良好；四、腳部有無滑動或下沉；五、頂磐及側壁有無鬆動。	Article 96.	draft	11		
Q3735	OSH	OSH-36	營造安全衛生設施標準	第96條	民國115年6月30日	營造安全-隧道支撐	2	隧道、坑道支撐經確認發現有異狀時，雇主應如何處理？	應報請中央主管機關派員複查，核定後始得辦理補強作業	應即採取補強或整補措施，不得於未處理前繼續使用該支撐	應由作業勞工自行判斷是否影響安全，無虞者得免予處理	應於次月定期維修時一併處理，其間得繼續正常作業使用	What must be done if abnormalities are found when checking tunnel supports?	The central authority must re-inspect and approve before strengthening starts	Strengthening or repair measures must be taken at once before further use	Workers may judge whether safety is affected and skip action if it is not	They may be dealt with at the next monthly maintenance while work continues	b	第96條：確認結果如有異狀時，應即採取補強或整補措施。第75條就擋土支撐亦定明檢查認有異狀時應即補強、整修採取必要之設施。	Article 96.	draft	11		
Q3736	OSH	OSH-36	營造安全衛生設施標準	第97條	民國115年6月30日	營造安全-隧道支撐	1	對於隧道、坑道之模板支撐，本標準之要求為何？	應由勞工於現場自行決定其型式	應一律採用鋼製並禁止使用木材	應使其具有承受負荷之堅固構造	應每七日拆除重組一次以利檢查	What is required of formwork supports in tunnels and shafts?	Their type may be decided by workers on site themselves	They must always be of steel and timber may not be used	They must be of a firm construction able to bear the load	They must be dismantled and rebuilt every seven days	c	第97條：雇主應使隧道、坑道模板支撐，具有承受負荷之堅固構造。第131條就一般模板支撐並定明高度七公尺以上且面積達三百三十平方公尺以上者，其構築及拆除應由專任工程人員或執業技師設計並簽章確認。	Article 97.	draft	11		
Q3737	OSH	OSH-36	營造安全衛生設施標準	第99條	民國115年6月30日	營造安全-隧道管線	3	隧道、坑道之電力及其他管線系統，依規定應如何辦理？	電力系統應埋設於隧道底板混凝土內；管線得不必標示用途以避免資訊外洩；通路上方僅須於轉彎處裝設反光片指引方向	電力系統得與水管通風管共用同一管架；管線用途僅須於洞口處集中標示一次；通路照明得於停電時由勞工以手電筒替代使用即可	電力系統應與水管電訊通風管系統隔離；管線應沿隧道適當距離標示用途並懸掛於顯明易見處；通路上方應裝安全通路燈號及停電自動開啟之緊急照明	電力系統應架設於隧道正中央之頂拱處；管線用途以口頭告知作業勞工即可；通路照明於白天得關閉以節省用電及維護費	What rules govern electrical and other utility systems in tunnels and shafts?	Power must be buried in the tunnel invert concrete; line uses need no marking so as to avoid disclosure; only reflectors at bends are needed	Power may share the same rack as water and ventilation ducts; line uses need marking only once at the portal; torches may replace lights in a power cut	Keep power separate from water, telecom and ventilation ducts; mark line uses at intervals in plain view; provide walkway lights and emergency lighting	Power must run along the crown at the tunnel centre; line uses may be told to workers orally; walkway lights may be off by day to save cost	c	第99條：隧道、坑道之電力系統應與水管、電訊、通風管系統隔離；水電通訊等管線應沿隧道適當距離標示其用途，並懸掛於隧道壁顯明易見之場所；應沿工作人員通路上方裝置安全通路燈號及停電時能自動開啟之緊急照明裝置；照明設施均應裝置在工作人員通路同側之隧道壁上方。	Article 99.	draft	11		
Q3738	OSH	OSH-36	營造安全衛生設施標準	第99條	民國115年6月30日	營造安全-隧道管線	3	隧道、坑道之通訊設備、湧水抽排及電力接地，依規定之設置要求為何？	應於洞口設置一處對講機供緊急連絡使用；湧水發生後再行調度抽水設備進場；電力系統僅於潮濕區段裝設接地而乾燥區段得免設置	應於每五百公尺設置與外界隨時保持正常通訊之有線通訊設備；有大量湧水之虞時應置備足夠抽水能力設備及失效警報裝置；電力系統應接地或裝漏電斷路器	應於每二千公尺設置一處無線基地臺即可；有大量湧水之虞時應改採明挖工法施工；電力系統得以絕緣膠帶包覆替代接地及漏電斷路器之設置	應由作業勞工以手機保持連繫不必另設設備；湧水量達每分鐘一公噸以上時始須抽水；電力系統之接地由承攬商視現場狀況自行決定	What are the requirements for communications, dewatering and earthing in tunnels?	One intercom at the portal for emergencies; bring in pumps only after inrush occurs; earth only the damp sections and omit dry sections	Wired communications with the outside every 500 m; pumps of adequate capacity plus a failure alarm where inrush is likely; earthing or RCDs	One radio base station every 2,000 m suffices; switch to cut-and-cover where inrush is likely; insulating tape may replace earthing and RCDs	Workers may keep contact by mobile phone; pump only when inflow exceeds one tonne per minute; the contractor decides on earthing	b	第99條：應於每五百公尺設置與外界隨時保持正常通訊之有線通訊設備；隧道內行駛之動力車應裝置閃光燈號或警報措施；有大量湧水之虞時應置備足夠抽水能力之設備，並置備設備失效時會發出警報之裝置；電力系統均應予以接地（爆破開挖之隧道除外）或裝置感電防止用漏電斷路器，主要電力線路應為雙層絕緣之電纜。	Article 99.	draft	11		
Q3739	OSH	OSH-36	營造安全衛生設施標準	第100條	民國115年6月30日	營造安全-隧道通路	2	隧道、坑道之通路，依規定應如何辦理？	應由作業勞工於每日作業前以三角錐臨時圍設；車輛行駛時人員一律不得於隧道內通行並應退至洞外等候通過	應規劃作業人員專用通路並於車輛或軌道動力車行駛路徑以欄杆等設施隔離；除專用通路外應避免舖設踏板以防人員誤入危險區域	應與車輛行駛路徑共用同一空間以節省斷面並於地面漆設黃線區隔；全隧道均應舖設踏板以利人員通行及縮短逃生時間	應規劃於隧道頂拱處以懸吊式鋼構棧道供人員通行；車輛路徑上方應全面加設鋼板遮蔽以避免落物擊中通行人員	What rules govern walkways in tunnels and shafts?	Let workers set out cones each day before work; workers may not walk in the tunnel at all while vehicles are travelling	Plan a dedicated worker walkway separated by rails from vehicle or rail routes; avoid laying boards elsewhere so workers do not stray	Share one space with vehicle routes to save section and mark a yellow line; lay boards throughout the tunnel to aid escape	Plan a suspended steel catwalk at the crown for workers; fully plate over vehicle routes so that falling objects cannot hit them	b	第100條：隧道、坑道之通路應規劃作業人員專用通路，並於車輛或軌道動力車行駛之路徑，以欄杆或其他足以防護通路安全之設施加以隔離；除工作人員專用通路外，應避免舖設踏板，以防人員誤入危險區域；因隧道斷面設計、施工等因素無法規劃專用通路時，如以車輛或軌道動力車運輸人員者，得不設置專用通路。	Article 100.	draft	11		
Q3740	OSH	OSH-36	營造安全衛生設施標準	第101條之1	民國115年6月30日	營造安全-潛盾工法	2	以潛盾工法施工之隧道、坑道開挖作業，為防止地下水、土砂自鏡面開口處滲湧，應如何辦理？	應於潛盾機內部加裝抽水泵浦，於滲湧發生後立即抽排並持續推進施工	應於鏡面開口處設置防護網及圍籬，並派專人於推進期間全時監視觀察	應於出發及到達工作井處，採取防止地下水、土砂滲湧等必要之工程設施	應於出發井外側設置沉砂池及排水溝，將滲入之土砂及地下水導引排出	How must inrush of groundwater and soil at the shield opening be prevented in shield tunnelling?	Pumps must be fitted inside the shield machine to drain any inrush at once while advance continues	Nets and fencing must be set at the opening face with a watchman observing throughout the advance	Necessary engineering works against groundwater and soil inrush must be provided at the launching and arrival shafts	A settling pit and drains must be built outside the launching shaft to lead away inflowing soil and water	c	第101條之1：雇主對於以潛盾工法施工之隧道、坑道開挖作業，為防止地下水、土砂自鏡面開口處與潛盾機殼間滲湧，應於出發及到達工作井處採取防止地下水、土砂滲湧等必要工程設施。第101條並禁止未經許可在隧道內從事氣體熔接、熔斷或電焊作業及攜帶火源進入。	Article 101-1.	draft	11		
Q3741	OSH	OSH-36	營造安全衛生設施標準	第102條	民國115年6月30日	營造安全-作業主管	2	隧道等挖掘作業或襯砌作業，雇主應指定何人於作業現場辦理法定事項？	應指定急救人員及消防編組成員，負責緊急應變演練、急救器材保管、通報聯繫並於災害發生時執行搶救	應指定工地主任或專任工程人員，負責審查施工圖說、辦理估驗計價、管制施工進度並簽署每日之施工日誌	應指定隧道等挖掘作業主管或隧道等襯砌作業主管，決定作業方法指揮勞工、實施檢點、監督使用防護具並確認設備有效狀況	應指定作業環境監測人員，負責定期實施粉塵及有害氣體監測、製作監測紀錄並將結果通報主管機關備查	Who must be designated on site for tunnel excavation or lining work, and with what duties?	First aiders and fire team members: run emergency drills, keep first aid stock, handle notification and carry out rescue in an accident	A site agent or full-time engineer: review drawings, handle interim valuations, control progress and sign the daily site diary	A tunnel excavation or lining operations supervisor: decide methods and direct workers, check tools, supervise PPE, confirm safety measures	Workplace monitoring personnel: carry out periodic dust and harmful gas monitoring, record results and report them to the authority	c	第102條：對於隧道、坑道挖掘作業或襯砌作業，應指定隧道等挖掘作業主管或隧道等襯砌作業主管於作業現場辦理：決定作業方法指揮勞工作業、實施檢點檢查材料工具器具並汰換不良品、監督勞工確實使用個人防護具、確認安全衛生設備及措施之有效狀況、未確認前管制人員進入、其他必要之設備及措施。	Article 102.	draft	11		
Q3742	OSH	OSH-36	營造安全衛生設施標準	第104條	民國115年6月30日	營造安全-沉箱作業	3	於沉箱、沉筒、井筒等設備內部從事開挖作業時，關於空氣測定及通信系統之規定為何？	應測定空氣中溫度及相對濕度；開挖深度超過五十公尺或連續作業八小時以上時，應設置專供連絡用之無線電對講設備	應測定空氣中氧氣及有害氣體之濃度；開挖深度超過二十公尺或有異常氣壓之虞時，應設置專供連絡用之電話或電鈴等通信系統	應測定空氣中二氧化碳及風速；開挖深度超過三十公尺或作業超過三日時，應設置專供連絡用之視訊監看系統	應測定空氣中粉塵及噪音之數值；開挖深度超過十公尺或勞工人數五人以上時，應設置專供連絡用之廣播擴音系統	What are the air measurement and communication rules for excavation inside caissons and wells?	Measure air temperature and relative humidity; provide radio intercoms when depth exceeds 50 m or work runs over eight hours	Measure oxygen and harmful gas concentrations; provide a telephone or bell system when depth exceeds 20 m or abnormal pressure is likely	Measure carbon dioxide and air velocity; provide video monitoring when depth exceeds 30 m or the work lasts more than three days	Measure dust levels and noise readings; provide a public address system when depth exceeds 10 m or five or more workers are used	b	第104條：於沉箱、沉筒、井筒等設備內部從事開挖作業時，應測定空氣中氧氣及有害氣體之濃度；應有使勞工安全升降之設備；開挖深度超過二十公尺或有異常氣壓之虞時，該作業場所應設置專供連絡用之電話或電鈴等通信系統。	Article 104.	draft	11		
Q3743	OSH	OSH-36	營造安全衛生設施標準	第104條	民國115年6月30日	營造安全-沉箱作業	2	沉箱、沉筒、井筒等設備內部開挖作業，於何種情形應設置換氣裝置並供應充分之空氣？	開挖深度超越二十公尺，或空氣中氧氣及有害氣體濃度測定結果異常時，應設置換氣裝置並供應充分之空氣	開挖深度超越五公尺，或勞工反映感覺悶熱不適時，應設置換氣裝置並提供冰塊及電風扇降溫使用	開挖深度超越五十公尺，或連續施工超過三十日時，應設置換氣裝置並每週委外實施一次空氣品質檢測	開挖深度超越一百公尺，或於夏季高溫期間施工時，應設置換氣裝置並縮短勞工每日之作業時間為四小時	When must ventilation equipment and an adequate air supply be provided in caisson excavation?	When the depth exceeds 20 m, or the measured oxygen and harmful gas concentrations are abnormal	When the depth exceeds 5 m, or workers report feeling stuffy, with ice and electric fans for cooling	When the depth exceeds 50 m, or work runs beyond 30 days, with weekly outsourced air quality testing	When the depth exceeds 100 m, or work is done in the hot summer, cutting daily hours to four per worker	a	第104條第4款：開挖深度超越二十公尺，或依第1款規定測定空氣中氧氣及有害氣體濃度結果異常時，應設置換氣裝置並供應充分之空氣。第103條並定明刃口至頂版或梁底之淨距應在一點八公尺以上，刃口下端不得下挖五十公分以上。	Article 104(4).	draft	11		
Q3744	OSH	OSH-36	營造安全衛生設施標準	第105條	民國115年6月30日	營造安全-沉箱作業	2	以預鑄法施放沉箱時，依規定應辦理之事項為何？	預鑄沉箱應浸泡於海水中養護；沉箱面上作業應搭設全罩式棚架；施放前應實施水下攝影存證；拖曳航道應每日測量並繪製海圖送審	預鑄沉箱應以吊車全時吊掛待命；沉箱面上禁止任何人員進入作業；施放前應報請航港機關派員監督；拖曳航道應全面禁止其他船舶通行	預鑄沉箱得暫置於工地任一空地；沉箱面上作業由勞工佩戴救生衣即可；施放前由拖船船長口頭確認；拖曳航道由船長於當日臨時決定	預鑄沉箱堆置應平穩堅固；沉箱面上作業應有防墜設備；施放前應確認拖船鋼索固定裝置無異常；拖曳航道應事先規劃且深度不足應疏濬	What applies to launching precast caissons?	Precast caissons must cure submerged in seawater; a full canopy is needed on top; film underwater for evidence; survey and chart the channel daily	Precast caissons must hang from a crane on standby; nobody may work on top; the port authority must supervise; close the channel to all vessels	Precast caissons may sit on any spare ground; lifejackets suffice on top; the tug master confirms orally; the channel is chosen on the day	Stack precast caissons stably; provide fall protection for work on top; confirm tug, ropes and fixings before launch; plan and dredge the tow channel	d	第105條：以預鑄法施放沉箱時，預鑄沉箱堆置應平穩、堅固；於沉箱面上作業時應有防止人員、車輛、機具墜落之設備；施放作業前對拖船、施放鋼索、固定裝置等應確認無異常狀態；對拖曳航道應事先規劃，如深度不足時應即予疏濬；水面、水下作業人員共同作業時應建立統一信號系統。	Article 105.	draft	11		
Q3745	OSH	OSH-36	營造安全衛生設施標準	第107條	民國115年6月30日	營造安全-圍堰作業	3	使勞工從事圍堰作業時，關於圍堰強度、溢水處理及緊急信號之規定為何？	圍堰強度應以混凝土強度試驗報告認定；有自堰頂溢進之虞時應加設抽水機於堰外抽水；緊急時以廣播系統通知鄰近住戶避難	圍堰強度得由承攬商依經驗自行決定即可；有自堰頂溢進之虞時應以砂包臨時加高堰頂；緊急時由現場勞工互相口頭呼喊通知退避	圍堰強度應依設計施工之水位高度設計保持適當強度；有自堰頂溢進之虞時應有清除堰內水量之設備；並建立緊急時能迅速警告勞工退避之信號	圍堰強度應依鄰近建物之基礎深度設計；有自堰頂溢進之虞時應暫停一切作業並拆除圍堰；緊急信號由主管機關統一規定並公告	What rules govern cofferdam strength, overtopping and emergency signals?	Strength judged from concrete test reports; pumps added outside the dam where overtopping is likely; residents warned by loudspeaker	Strength decided by the contractor from experience; sandbags raised on the crest where overtopping is likely; workers shout to each other	Strength designed for the design water level; equipment to clear water inside where overtopping is likely; a signal to warn workers to retreat	Strength designed from the foundation depth of nearby buildings; all work stopped and the dam removed if overtopping is likely	c	第107條：圍堰強度應依設計施工之水位高度設計，保持適當強度；如高水位之水有自堰頂溢進堰內之虞時，應有清除堰內水量之設備；並建立於緊急時能迅速警告勞工退避之緊急信號，且告知勞工。	Article 107.	draft	11		
Q3746	OSH	OSH-36	營造安全衛生設施標準	第107條	民國115年6月30日	營造安全-圍堰作業	2	圍堰作業之退避設備、緊急出口及靠近航道之防撞措施，依規定為何？	應備梯子救生圈救生衣及小船供危急時退避；走道橋梁至少應設二個緊急出口之坡道並設護欄；靠近航道者應有防船撞措施及夜間閃光警示燈	應備防水手電筒及哨子供危急時使用；走道橋梁應設四個以上出口並全部加蓋；靠近航道者應於堰體外側加設消波塊及浮動式攔油索	應備安全帽及反光背心供危急時使用；走道橋梁設一個出口即可且得免設護欄；靠近航道者僅須於白天派人以旗號指揮往來船隻通行	應備氧氣瓶及擔架供危急時搶救；走道橋梁之出口數量由工地負責人決定；靠近航道者應請航港機關全面禁止船舶進入該水域航行	What escape equipment, emergency exits and anti-collision measures apply to cofferdam work?	Ladders, rings, lifejackets and a boat for escape; two emergency exit ramps with guardrails on walkways; collision guards and flashing lights	Waterproof torches and whistles for emergencies; four or more exits all covered over; wave blocks and floating booms outside the dam body	Helmets and reflective vests for emergencies; one exit on walkways with no guardrails needed; flag signalling to passing vessels by day only	Oxygen cylinders and stretchers for rescue; the number of exits decided by the site manager; the port authority bans all vessels from the water	a	第107條：圍堰作業應備有梯子、救生圈、救生衣及小船等供勞工於情況危急時能及時退避；圍堰之走道、橋梁至少應設二個緊急出口之坡道，並依規定設置護欄；靠近航道設置之圍堰，應有防範通行船隻撞及堰體之措施，夜間或光線不良時應裝設閃光警示燈。	Article 107.	draft	11		
Q3747	OSH	OSH-36	營造安全衛生設施標準	第108條	民國115年6月30日	營造安全-基樁設備	2	以動力打擊、振動、預鑽等方式從事打樁、拔樁之基樁等施工設備，其機體及附屬裝置零件應具備何種條件？	應具有全新未使用之狀態，使用滿三年之設備一律不得再用於打樁作業	應具有製造廠出具之保固證明，並於每次使用前後委外實施非破壞檢測	應具有適當其使用目的之必要強度，並不得有顯著之損傷、磨損、變形或腐蝕	應具有中央主管機關核發之型式檢定合格證，並於機體標示檢定合格編號	What condition must the body and fittings of pile driving and extracting equipment meet?	A brand new unused condition; equipment more than three years old may never be used for pile driving	A manufacturer's warranty certificate, with non-destructive testing outsourced before and after each use	Necessary strength for their intended purpose, free of significant damage, wear, deformation or corrosion	A type approval certificate from the central authority, with the approval number marked on the machine	c	第108條：雇主對於以動力打擊、振動、預鑽等方式從事打樁、拔樁等樁或基樁施工設備之機體及其附屬裝置、零件，應具有適當其使用目的之必要強度，並不得有顯著之損傷、磨損、變形或腐蝕。第114條並要求該設備應能充分抗振且各部份結合處應安裝牢固。	Article 108.	draft	11		
Q3748	OSH	OSH-36	營造安全衛生設施標準	第109條	民國115年6月30日	營造安全-基樁設備	3	為防止動力基樁等施工設備之倒塌，依規定應辦理之事項為何？	設置於鬆軟地磐者應加大機體自重以增加穩定；腳部有滑動之虞時應噴灑防滑劑；以軌道移動者應拆除軌夾以免限制機體之伸縮	設置於鬆軟地磐者應襯以墊板座鈑或敷設混凝土；腳部或架台有滑動之虞時應以樁或鏈等固定；以軌道或滾木移動者應以軌夾等固定	設置於鬆軟地磐者應限制作業時間在二小時內；腳部有滑動之虞時應暫停作業待地面自然乾燥；以軌道移動者應每日更換軌道位置	設置於鬆軟地磐者應改以浮筒支撐；腳部或架台有滑動之虞時應由勞工以人力扶持；以軌道移動者應於作業中持續緩慢移動避免下陷	What measures prevent collapse of powered pile driving equipment?	Extra machine weight for stability on soft ground; anti-slip spray on the feet; removing rail clamps so the body is free to expand	Base plates or concrete on soft ground; stakes or chains where the feet or frame may slide; rail clamps where it moves on rails or rollers	Work limited to two hours on soft ground; suspending work until the ground dries where the feet may slide; moving the rails daily	Pontoon support on soft ground; workers holding the feet by hand where sliding is possible; continuous slow movement to avoid sinking	b	第109條：為防止動力基樁等施工設備倒塌，設置於鬆軟地磐上者應襯以墊板、座鈑或敷設混凝土；裝置設備物時應確認其耐用及強度，不足時應即補強；腳部或架台有滑動之虞時應以樁或鏈等固定；以軌道或滾木移動者應以軌夾等固定；以控材或控索固定頂部者其數目應在三以上並等間隔配置；以重力均衡方式固定者應確實固定平衡錘於腳架。	Article 109.	draft	11		
Q3749	OSH	OSH-36	營造安全衛生設施標準	第109條	民國115年6月30日	營造安全-基樁設備	2	以控材或控索固定基樁等施工設備頂部時，其數目及配置規定為何？	其數目應在六以上，其末端應集中固定於同一錨錠點	其數目應在二以上，其末端得任意配置不必等間隔	其數目應在三以上，其末端應固定且等間隔配置	其數目應在一以上，其末端應固定於機體本身之腳架	How many guys are required to secure the top of pile driving equipment, and how are they arranged?	Six or more, with their ends all fixed together at a single anchor point	Two or more, with their ends arranged freely without equal intervals	Three or more, with their ends fixed and arranged at equal intervals	One or more, with their ends fixed to the machine's own base frame	c	第109條第5款：以控材或控索固定該設備頂部時，其數目應在三以上，其末端應固定且等間隔配置。同條第6款並定明以重力均衡方式固定者，為防止平衡錘移動應確實固定於腳架。	Article 109(5).	draft	11		
Q3750	OSH	OSH-36	營造安全衛生設施標準	第111條	民國115年6月30日	營造安全-基樁設備	2	基樁等施工設備之捲揚鋼纜使用規定，關於捲胴保留卷數及固定方式為何？	打樁及拔樁作業時捲揚裝置之鋼纜在捲胴上至少應保留二卷以上；應使用夾鉗鋼索夾等確實固定於捲胴	打樁及拔樁作業時捲揚裝置之鋼纜在捲胴上至少應保留半卷以上；得以打結方式固定於捲胴之軸心	打樁及拔樁作業時捲揚裝置之鋼纜在捲胴上得全部放出使用；固定方式由操作人員視現場自行決定	打樁及拔樁作業時捲揚裝置之鋼纜在捲胴上至少應保留十卷以上；應以焊接方式永久固定於捲胴表面	How many turns must remain on the drum, and how must the hoisting rope be fixed?	At least two turns must remain on the drum during driving and extracting; the rope must be clamped securely to the drum	At least half a turn must remain on the drum during driving and extracting; the rope may be knotted onto the drum shaft	The rope may be let out entirely from the drum during driving and extracting; the operator decides how it is fixed	At least ten turns must remain on the drum during driving and extracting; the rope must be welded to the drum surface	a	第111條：使用於基樁等施工設備之捲揚鋼纜，打樁及拔樁作業時其捲揚裝置之鋼纜在捲胴上至少應保留二卷以上；應使用夾鉗、鋼索夾等確實固定於捲揚裝置之捲胴；捲揚鋼纜與落錘或樁錘等之套結，應使用夾鉗或鋼索夾等確實固定。第110條並列舉不得使用之鋼纜情形。	Article 111.	draft	11		
Q3751	OSH	OSH-36	營造安全衛生設施標準	第112條	民國115年6月30日	營造安全-基樁設備	2	拔樁設備之捲揚鋼纜、滑車等與樁之連結，依規定應如何辦理？	應以電焊方式將鋼纜末端焊接於樁頭並於拔出後切割分離	應使用尼龍吊帶纏繞於樁身並以人力拉緊後開始起拔作業	應使用具有充分強度之鉤環或金屬固定具與樁等確實連結	應以鋼纜直接繞樁三圈後打結固定即可不必使用固定具	How must the hoisting rope and blocks of pile extracting equipment be connected to the pile?	By welding the rope end to the pile head and cutting it off after extraction	By wrapping a nylon sling around the pile shaft and pulling it tight by hand	By shackles or metal fixings of adequate strength securely connected to the pile	By winding the rope three times around the pile and knotting it without fixings	c	第112條：雇主對於拔樁設備之捲揚鋼纜、滑車等，應使用具有充分強度之鉤環或金屬固定具與樁等確實連結等。第111條並要求捲揚鋼纜與落錘或樁錘等之套結應使用夾鉗或鋼索夾確實固定。	Article 112.	draft	11		
Q3752	OSH	OSH-36	營造安全衛生設施標準	第113條	民國115年6月30日	營造安全-基樁設備	1	基樁等施工設備之捲揚機，應設置何種裝置？	應設過捲預防裝置及超載警報裝置	應設固定夾或金屬擋齒等剎車裝置	應設遠端遙控裝置及影像監視系統	應設自動停電裝置及緊急發電機組	What device must be fitted to the winch of pile driving equipment?	An over-hoist prevention device and an overload alarm	A brake device such as a locking clamp or metal pawl	A remote control device and a video surveillance system	An automatic power cut-off device and a standby generator	b	第113條：雇主對於基樁設備等施工設備之捲揚機，應設固定夾或金屬擋齒等剎車裝置。第119條並要求捲揚裝置於有荷重下停止運轉時，應以金屬擋齒阻擋或以固定夾確實剎車使其完全靜止。	Article 113.	draft	11		
Q3753	OSH	OSH-36	營造安全衛生設施標準	第114條	民國115年6月30日	營造安全-基樁設備	1	對於基樁等施工設備之抗振及結合，本標準之要求為何？	應加裝彈簧避震器並每年更換一次橡膠墊	應於作業時降低轉速以避免產生共振現象	應能充分抗振，且各部份結合處應安裝牢固	應每月實施一次振動量測並作成紀錄留存	What is required of pile driving equipment regarding vibration and connections?	Spring dampers must be fitted and the rubber pads replaced once a year	The speed must be reduced during work so that resonance does not occur	It must adequately resist vibration and every joint must be firmly fitted	Vibration must be measured monthly and the readings recorded and kept	c	第114條：雇主對於基樁等施工設備，應能充分抗振，且各部份結合處應安裝牢固。第108條並要求該設備之機體及附屬裝置、零件應具必要強度且不得有顯著損傷、磨損、變形或腐蝕。	Article 114.	draft	11		
Q3754	OSH	OSH-36	營造安全衛生設施標準	第116條	民國115年6月30日	營造安全-基樁設備	2	基樁等施工設備之環槽滑輪安裝，依規定應如何固定？	應使用不因荷重而破裂之金屬固定具、鉤環或鋼纜等確實固定之	應使用膨脹螺栓直接固定於鄰近之混凝土構造物上以分擔荷重	應使用高強度尼龍繩索綁紮固定並於每次作業前檢查磨損情形	應使用木楔嵌入滑輪軸座後再以鐵絲纏繞數圈之方式加以固定	How must the sheave of pile driving equipment be fixed?	Securely by metal fixings, shackles or wire ropes that will not fracture under load	Securely by expansion bolts into a nearby concrete structure so as to share the load	Securely by high strength nylon rope, with wear checked before each work session	Securely by driving wooden wedges into the sheave seat and winding wire around it	a	第116條：雇主對於基樁等施工設備之環槽滑輪之安裝，應使用不因荷重而破裂之金屬固定具、鉤環或鋼纜等確實固定之。第115條並規範捲胴軸與頭一個環槽滑輪軸間距離應保持在捲胴寬度十五倍以上。	Article 116.	draft	11		
Q3755	OSH	OSH-36	營造安全衛生設施標準	第117條	民國115年6月30日	營造安全-基樁設備	2	以蒸氣或壓縮空氣為動力之基樁等施工設備，依規定應辦理之事項為何？	為防止軟管破損或脫落，應將軟管直接纏繞於落錘本體上加以固定；遮斷裝置應設置於機房內由專人依指令操作啟閉	為防止軟管破損或脫落，應每日更換全新軟管一次並回收舊品；遮斷裝置應設置於距機體十公尺外之獨立控制室內	為防止軟管破損或脫落，應以鋼管取代軟管並全部埋設於地下；遮斷裝置應設置於工地入口處由警衛人員負責管制	為防止軟管破損或脫落，應使軟管固定於落錘接觸部分以外之處所；並將遮斷蒸氣或空氣之裝置設置於操作者易於操作之位置	What applies to pile driving equipment powered by steam or compressed air?	Wind the hoses directly around the hammer body to hold them; place the shut-off device in the plant room worked by a dedicated person	Replace all hoses with new ones daily and recycle the old; place the shut-off device in a control room ten metres from the machine	Replace hoses with steel pipe buried underground; place the shut-off device at the site entrance under the guard's control	Fix hoses away from the part contacting the hammer to prevent damage or dropout; place the shut-off device where the operator can reach it	d	第117條：以蒸氣或壓縮空氣為動力之基樁等施工設備，為防止落錘動作致蒸氣或空氣軟管與落錘接觸部份之破損或脫落，應使該等軟管固定於落錘接觸部分以外之處所；應將遮斷蒸氣或空氣之裝置，設置於落錘操作者易於操作之位置。	Article 117.	draft	11		
Q3756	OSH	OSH-36	營造安全衛生設施標準	第118條	民國115年6月30日	營造安全-基樁設備	1	基樁等施工設備之捲揚裝置，當其捲胴上鋼纜發生亂股時，應如何處理？	得繼續作業但應降低荷重為原設計之二分之一	不得在該鋼纜上加以荷重，應先排除亂股情形	得繼續作業但應於作業後填具異常紀錄表存查	得繼續作業但應由二人以上共同監看鋼纜狀況	What must be done when the rope on the winch drum of pile driving equipment becomes tangled?	Work may continue but the load must be halved from the design value	No load may be applied to that rope; the tangle must be cleared first	Work may continue but an abnormality record must be filed afterwards	Work may continue but two or more people must watch the rope together	b	第118條：雇主對於基樁等施工設備之捲揚裝置，當其捲胴上鋼纜發生亂股時，不得在鋼纜上加以荷重。第110條並列舉有接頭、素線截斷達百分之十、直徑減少達百分之七、已扭結或顯著變形腐蝕之捲揚鋼纜不得使用。	Article 118.	draft	11		
Q3757	OSH	OSH-36	營造安全衛生設施標準	第119條	民國115年6月30日	營造安全-基樁設備	2	基樁等施工設備之捲揚裝置於有荷重下停止運轉時，應如何處理？	應以金屬擋齒阻擋或以固定夾確實剎車，使其完全靜止	應將荷重卸除至地面後再停止運轉並關閉電源總開關	應由操作者持續握持操作桿以人力維持荷重不致下墜	應以鋼索另行綁縛於鄰近構造物上作為第二道之保護	What must be done when the winch of pile driving equipment stops while under load?	It must be blocked by a metal pawl or braked firmly by a clamp until fully still	The load must be lowered to the ground first and then the main power switched off	The operator must keep holding the lever to hold the load up by muscular effort	A separate wire rope must be tied to a nearby structure as a second protection	a	第119條：雇主對於基樁等施工設備之捲揚裝置於有荷重下停止運轉時，應以金屬擋齒阻擋或以固定夾確實剎車，使其完全靜止。第113條並要求捲揚機應設固定夾或金屬擋齒等剎車裝置。	Article 119.	draft	11		
Q3758	OSH	OSH-36	營造安全衛生設施標準	第120條	民國115年6月30日	營造安全-基樁設備	1	基樁等設備之操作者，於機械有荷重時可否離開操作位置？	不得擅離操作位置，應持續留守於操作位置監控機械狀況	得於通知現場指揮人員後離開，並由其代為監看機械狀況	得於荷重未超過額定二分之一時短暫離開操作位置十分鐘	得於設置警示標誌並拉起警戒線後離開操作位置從事他務	May the operator of pile driving equipment leave the control position while the machine is loaded?	No; the operator must stay at the control position and keep watching the machine	Yes, after telling the site director, who then watches the machine on their behalf	Yes, briefly for ten minutes when the load is under half of the rated capacity	Yes, after posting warning signs and cordoning off the area to do other tasks	a	第120條：雇主不得使基樁等設備之操作者，於該機械有荷重時擅離操作位置。第123條並要求基樁等施工設備之作業應訂定一定信號並指派專人傳達，操作者應遵從該信號。	Article 120.	draft	11		
Q3759	OSH	OSH-36	營造安全衛生設施標準	第121條	民國115年6月30日	營造安全-基樁設備	2	為防止環槽滑輪、滑車裝置破損致鋼纜彈躍或破裂飛散所生危險，應如何管制勞工？	應禁止勞工站立於捲揚機之後方及其電源開關之附近處	應禁止勞工進入運轉中之捲揚用鋼纜彎曲部份之內側	應禁止勞工於作業期間進入基樁設備半徑十公尺範圍內	應禁止勞工於下雨或強風天候時進入基樁設備作業區域	How must workers be controlled against rope whip or sheave fragments from pile driving equipment?	Workers must be barred from standing behind the winch and near its power switch	Workers must be barred from the inside of the bend of a hoisting rope in motion	Workers must be barred from within ten metres of the equipment during operation	Workers must be barred from the equipment area in rainy or strong wind weather	b	第121條：雇主為防止因基樁設備之環槽滑輪、滑車裝置破損致鋼纜彈躍或環槽滑輪、滑車裝置等之破裂飛散所生之危險，應禁止勞工進入運轉中之捲揚用鋼纜彎曲部份之內側。	Article 121.	draft	11		
Q3760	OSH	OSH-36	營造安全衛生設施標準	第122條	民國115年6月30日	營造安全-基樁設備	2	以基樁等施工設備吊升樁時，其懸掛部份之位置規定為何？	其懸掛部份應吊升於機體重心與樁位連線之中點位置	其懸掛部份應吊升於捲揚機捲胴之正上方以減少偏拉	其懸掛部份應吊升於距離環槽滑輪二公尺以外之位置	其懸掛部份應吊升於環槽滑輪或滑車裝置之正下方	Where must the suspended part be when a pile is hoisted by pile driving equipment?	The suspended part must be hoisted midway between the body and the pile	The suspended part must be hoisted directly above the winch drum itself	The suspended part must be hoisted at least two metres from the sheave	The suspended part must be hoisted directly below the sheave or block	d	第122條：雇主對於以基樁等施工設備吊升樁時，其懸掛部份應吊升於環槽滑輪或滑車裝置之正下方。第121條並禁止勞工進入運轉中捲揚用鋼纜彎曲部份之內側。	Article 122.	draft	11		
Q3761	OSH	OSH-36	營造安全衛生設施標準	第124條	民國115年6月30日	營造安全-基樁設備	2	基樁等施工設備之裝配、解體、變更或移動等作業，應如何辦理？	應由操作人員依其操作經驗自行決定作業程序	應指派專人依安全作業標準指揮勞工作業	應委託原製造廠商派員全程施工不得自行辦理	應報請當地勞動檢查機構派員到場監督作業	How must assembly, dismantling, alteration or movement of pile driving equipment be handled?	The operator may decide the work procedure based on their own experience	A designated person must direct the workers in line with safe work standards	The original manufacturer must be commissioned to carry out all such work	The local labor inspection agency must send an officer to supervise the work	b	第124條：雇主對於基樁等施工設備之裝配、解體、變更或移動等作業，應指派專人依安全作業標準指揮勞工作業。第126條並要求組配時應逐一確認構件無異狀、繫結無鬆弛損傷、剎車性能良好、牽條配置固定良好、基腳穩定等事項。	Article 124.	draft	11		
Q3762	OSH	OSH-36	營造安全衛生設施標準	第125條	民國115年6月30日	營造安全-基樁設備	3	藉牽條支持之基樁等施工設備支柱或雙桿架，整體藉動力機械移動其腳部時，應如何防止倒塌？	應於移動前先將牽條全部鬆開，使支柱得以自由傾斜而不致產生應力集中	應於移動路徑上先鋪設鋼板並灑水潤滑，使腳部得以快速滑移縮短作業時間	應於移動時加派勞工在支柱底部以人力扶持，並隨時觀察傾斜角度之變化	應於對側以拉力配重、捲揚機等確實控制，以防止腳部之過度移動引起倒塌	How is collapse prevented when moving the feet of a guyed pile driving mast by powered machinery?	Release all the guys before moving, so that the mast may tilt freely without stress concentration	Lay steel plates on the path and wet them so the feet slide fast and shorten the operation	Post extra workers to hold the mast base by hand while watching the change in tilt angle	Control it firmly from the opposite side with tension ballast or a winch, to stop the feet moving too far	d	第125條：對於藉牽條支持之基樁等施工設備之支柱或雙桿架等整體藉動力驅動之捲揚機或其他機械移動其腳部時，為防止腳部之過度移動引起之倒塌，應於對側以拉力配重、捲揚機等確實控制。第127條並規範控索放鬆時應使用拉力配重或捲揚機等適當方法。	Article 125.	draft	11		
Q3763	OSH	OSH-36	營造安全衛生設施標準	第126條	民國115年6月30日	營造安全-基樁設備	3	基樁等施工設備之組配，依規定應逐一確認哪些事項？	設備已完成年度定期檢查、已張貼檢查合格標章、已備妥操作手冊、已標示最大吊升荷重、已設置滅火器及急救藥品箱	工地已完成整地及排水、已設置臨時電力及照明、已規劃機具停放位置、已備妥備用零件、已安排維修人員全時候命	構件無異狀方得組配、機體繫結部份無鬆弛損傷、捲揚用鋼纜環槽滑輪安裝良好、剎車系統性能良好、牽條配置固定良好、基腳穩定避免倒塌	組配人員均持有證照、作業前已完成安全衛生教育訓練、已投保意外保險、已填寫作業許可單、已通知鄰近住戶並取得同意書	What must be confirmed item by item when assembling pile driving equipment?	Annual inspection completed; pass label displayed; operating manual ready; maximum load marked; extinguisher and first aid kit set	Site levelled and drained; temporary power and lighting set; plant parking planned; spares ready; a mechanic on standby all day	Members free of defects; no slack or damage at joints; rope and sheave well fitted; brakes sound; guys well arranged; base stable	All erectors licensed; safety training done beforehand; accident insurance taken; permit form filled; neighbours' consent obtained	c	第126條：基樁等施工設備之組配，應就下列規定逐一確認：構件無異狀方得組配；機體繫結部份無鬆弛及損傷；捲揚用鋼纜、環槽滑輪及滑車裝置之安裝狀況良好；捲揚裝置之剎車系統之性能良好；捲揚機安裝狀況良好；牽條之配置及固定狀況良好；基腳穩定避免倒塌。	Article 126.	draft	11		
Q3764	OSH	OSH-36	營造安全衛生設施標準	第127條	民國115年6月30日	營造安全-基樁設備	2	基樁等施工設備控索之放鬆，依規定應如何辦理？	應使用拉力配重或捲揚機等適當方法，且不得加載荷重超過從事放鬆控索勞工負荷之程度	應由三名以上勞工共同以人力拉住控索後緩緩放鬆，不必使用配重或捲揚機等器材	應於放鬆前將機體全部拆解至地面高度，控索之放鬆順序由現場操作人員自行決定	應先將控索末端固定於鄰近構造物後一次全部剪斷，以免放鬆過程中發生彈跳危險	How must the guys of pile driving equipment be slackened?	By suitable means such as tension ballast or a winch, with no load beyond what the worker slackening it can bear	By three or more workers holding the guy by hand and easing it off, without ballast or winch equipment	By first dismantling the whole machine down to ground level, with the operator choosing the guy order	By fixing the guy end to a nearby structure and cutting it all at once to avoid whipping while slackening	a	第127條：雇主對於基樁等施工設備控索之放鬆時，應使用拉力配重或捲揚機等適當方法，並不得加載荷重超過從事放鬆控索之勞工負荷之程度。第125條並規範移動腳部時應於對側以拉力配重、捲揚機等確實控制。	Article 127.	draft	11		
Q3765	OSH	OSH-36	營造安全衛生設施標準	第128條	民國115年6月30日	營造安全-基樁設備	2	基樁等施工設備之作業，為防止損及地下管線或埋設物致危害勞工，應如何辦理？	應委由土地所有權人提供管線圖說並負全部責任，雇主毋須自行查詢管線權責單位	應於施工中發現管線時立即停工並通報，事前無須實施任何調查以免延誤工程之進度	應事前就工作地點實施調查並查詢埋設之管線權責單位確認狀況，並將所得資料通知作業勞工	應由機械操作人員憑經驗判斷埋設物位置，於作業時放慢速度即可避免損及地下管線	How must damage to buried services be prevented in pile driving work?	Have the landowner supply the service drawings and bear full liability, with no enquiry by the employer needed	Stop work and report only when a line is met during work, with no survey beforehand so the schedule is not delayed	Survey the site beforehand and ask the utility owners to confirm conditions, then inform the workers of the data obtained	Let the operator judge the position of buried services from experience and simply work slowly to avoid damage	c	第128條：對於基樁等施工設備之作業，為防止損及危險物或有害物管線、地下電纜、自來水管或其他埋設物等致有危害勞工之虞時，應事前就工作地點實施調查並查詢該等埋設之管線權責單位，確認其狀況，並將所得資料通知作業勞工。	Article 128.	draft	11		
Q3766	OSH	OSH-36	營造安全衛生設施標準	第130條	民國115年6月30日	營造安全-模板支撐	1	對於供作模板支撐之材料，本標準之基本要求為何？	應一律使用可調鋼管支柱，不得使用木材或型鋼構材	不得有明顯之損壞、變形或腐蝕，以確保支撐之強度	應於每根支柱標示製造年份及最大容許荷重之數值	應經檢查機構逐批檢驗合格並發給合格證後始得使用	What is the basic requirement for materials used as formwork supports?	Only adjustable steel props may be used; timber and section steel are not permitted	They must be free of obvious damage, deformation or corrosion so strength is assured	Each prop must be marked with its year of manufacture and maximum allowable load	Each batch must pass inspection by an inspection body and be certified before use	b	第130條：雇主對於供作模板支撐之材料，不得有明顯之損壞、變形或腐蝕。第131條並規範高度七公尺以上且面積達三百三十平方公尺以上之模板支撐，其構築及拆除應由專任工程人員或執業技師依結構力學原理妥為設計並簽章確認。	Article 130.	draft	11		
Q3767	OSH	OSH-36	營造安全衛生設施標準	第131條之1	民國115年6月30日	營造安全-橋梁工法	3	橋梁工程採支撐先進工法、懸臂工法或節塊吊裝工法施工時，工作車之構築及拆除應依何程序辦理？	應由工地主任依現場經驗決定其構築方式，施工圖說得於施工完成後補行製作，並由承攬商自行辦理查驗及紀錄之留存	應報請中央主管機關審查核定後始得構築，施工圖說應每月送交勞動檢查機構備查；查驗機制由檢查機構代為建立之	應由專任工程人員或執業技師依結構力學原理設計，置備施工圖說及強度計算書經簽章確認後執行；並訂定混凝土澆置計畫	應由監造單位逕行指定廠商辦理設計，其強度計算書免經簽章即可執行；混凝土澆置計畫得以口頭方式向作業勞工說明	What procedure applies to erecting and dismantling a form traveller in bridge works?	The site agent decides the method from experience, drawings may be produced afterwards, and the contractor does its own checking and records	Central authority approval is needed before erection, drawings are filed monthly with the inspection agency, which sets up the checking	Design by a full-time or licensed engineer on mechanics principles, with signed drawings and calculations, plus a pouring plan and checking regime	The supervising unit names a designer directly and calculations need no signature; the pouring plan may be explained orally to workers	c	第131條之1：橋梁工程採支撐先進工法、懸臂工法及以起重機從事節塊吊裝或全跨吊裝工法施工時，對工作車之構築及拆除、節塊之構築，應事先就工作車及其支撐、懸吊及錨定系統，依預期荷重、混凝土澆置方法及推進時移動荷重等因素，由所僱之專任工程人員或委由相關執業技師依結構力學原理妥為設計，置備施工圖說及強度計算書經簽章確認後據以執行；並訂定混凝土澆置計畫及建立按施工圖說施作之查驗機制。	Article 131-1.	draft	11		
Q3768	OSH	OSH-36	營造安全衛生設施標準	第131條之1	民國115年6月30日	營造安全-橋梁工法	3	組立、拆除工作車時，指派之專人應確認哪些事項？工作車推進時之防護規定為何？	應確認混凝土強度試體已送驗、模板已塗布脫模劑、鋼筋已完成綁紮；推進時應暫停橋下河川之航行並通知水利主管機關	應確認勞工已完成教育訓練、已佩戴安全帽、已投保意外險；推進時應於橋面兩端設置紅色三角錐並限制車輛通行速度	應確認依施工圖說施工、推進前軌道確實錨錠、推進或灌漿前箱型梁節塊具備充分預力強度；推進時應設置防止人員進入推進路線下方之設施	應確認工作車已完成年度保養、油壓油量足夠、電瓶電量充足；推進時應於工作車四周懸掛防塵網並派員灑水抑制粉塵	What must the designated person confirm when erecting or dismantling a form traveller, and what protection applies during launching?	Concrete test cubes sent, formwork release agent applied, rebar tied; river navigation below suspended and the water authority notified	Workers trained, helmets worn, accident insurance taken; red cones at both bridge ends and a speed limit on vehicles during launching	Work per the drawings, rails firmly anchored before launching, box girder segments adequately prestressed; barriers stopping entry beneath the path	Annual servicing done, hydraulic oil sufficient, batteries charged; dust nets hung around the traveller and water sprayed to suppress dust	c	第131條之1第2款、第5款：組立、拆除工作車時應指派專人決定作業方法並於現場直接指揮，並確認依施工圖說施工、工作車推進前軌道應確實錨錠、工作車推進或灌漿前承載之箱型梁節塊應具備充分之預力強度；工作車、節塊推進時，應設置防止人員進入推進路線下方之設施，工作車並應設置制動停止裝置。	Article 131-1(2)(5).	draft	11		
Q3769	OSH	OSH-36	營造安全衛生設施標準	第131條之2	民國115年6月30日	營造安全-預力施作	3	預力混凝土構造物之預力施作，依規定應如何辦理？	應俟混凝土達一定強度始得放鬆或施拉鋼鍵，千斤頂及油壓機應妥為固定；並設置防止鋼鍵射出危害之設備及禁止人員出入之設施與警告標示	應俟混凝土達設計強度百分之五十始得施拉，千斤頂應每日校正一次；射出方向得由作業勞工自行注意閃避不必設施防護	得於混凝土初凝後即行施拉鋼鍵以縮短工期，千斤頂得以人力扶持；射出方向僅須於施拉完成後檢查有無鋼鍵鬆脫即可	應於施拉前報請專業技師到場監督，千斤頂應加裝壓力錄影設備；射出方向應設置攝影機錄影存證以備事故發生後查證	What applies to prestressing work on prestressed concrete structures?	Release or tension tendons only after the concrete reaches strength, fix jacks and pumps firmly, and provide ejection guards, exclusion and warning signs	Tension only at half the design strength, calibrate the jacks daily, and let workers watch out for the ejection direction without protection	Tendons may be tensioned once the concrete has set to shorten the schedule, jacks may be held by hand, and tendons checked only after tensioning	Have a licensed engineer supervise before tensioning, fit pressure recording to the jacks, and film the ejection direction for later evidence	a	第131條之2：雇主對於預力混凝土構造物之預力施作，應俟混凝土達一定之強度，始得放鬆或施拉鋼鍵，且施拉預力之千斤頂及油壓機等機具應妥為固定；施拉預力時及施拉預力後，應設置防止鋼鍵等射出危害勞工之設備，並採取射出方向禁止人員出入之設施及設置警告標示。	Article 131-2.	draft	11		
Q3770	OSH	OSH-36	營造安全衛生設施標準	第132條	民國115年6月30日	營造安全-模板支撐	3	模板支撐支柱之基礎，依土質狀況應辦理之事項為何？	應保留原地表植被以增加摩擦力、回填工地開挖之廢土、以人力踩踏整平、鋪設帆布防水、鋪設木質棧板供支柱立設	應挖除表土及軟弱土層、回填礫石再生粒料或其他回填料、整平並滾壓夯實、鋪築混凝土層、鋪設足夠強度之覆工板	應以高壓噴射灌漿改良全部基地、回填爐石粉及飛灰、以震動機震實、鋪築瀝青層、鋪設鋼板網並焊接固定於支柱	應挖除至岩盤深度並灌注混凝土、回填工程用砂、以水沖法密實、鋪築水泥砂漿、鋪設橡膠墊以吸收支柱之振動	What must be done for the foundation of formwork support props according to soil conditions?	Keep the surface vegetation for friction, backfill with site spoil, level by treading, lay canvas for waterproofing, lay timber pallets	Strip topsoil and soft layers, backfill with gravel or recycled aggregate, level and roll-compact, lay a concrete layer, lay strong decking	Improve the whole base by jet grouting, backfill with slag and fly ash, compact by vibrator, lay asphalt, weld steel mesh to the props	Excavate to rock and pour concrete, backfill with builder's sand, densify by water jetting, lay mortar, lay rubber pads under props	b	第132條：模板支撐支柱之基礎應依土質狀況辦理：挖除表土及軟弱土層；回填礫石、再生粒料或其他相關回填料；整平並滾壓夯實；鋪築混凝土層；鋪設足夠強度之覆工板；注意場撐基地週邊之排水，豪大雨後排水應宣洩流暢不得積水；農田路段或軟弱地盤應加強改善並強化支柱下之土壤承載力。	Article 132.	draft	11		
Q3771	OSH	OSH-36	營造安全衛生設施標準	第132條	民國115年6月30日	營造安全-模板支撐	2	模板支撐場撐基地週邊之排水及軟弱地盤處理，依規定應如何辦理？	應於豪大雨後停止一切作業並待地面自然乾燥；軟弱地盤應以增加支柱數量方式因應不必強化土壤承載力	應於基地週邊設置擋水牆使雨水滯留於基地內；農田路段得逕行於原地表立設支柱不必另行改善其土壤之承載力	應注意場撐基地週邊之排水，豪大雨後排水應宣洩流暢不得積水；農田路段或軟弱地盤應加強改善並強化支柱下之土壤承載力	應將基地週邊之排水導引至鄰地排放；農田路段及軟弱地盤應改採懸吊式模板施工不得設置落地之支撐	What are the drainage and soft ground rules for a formwork support base?	Stop all work after heavy rain and wait for the ground to dry; on soft ground simply add more props without strengthening bearing	Build a bund around the base so rainwater is retained inside; props may stand on farmland ground without improving bearing capacity	Mind drainage around the base, keep it free draining and unponded after heavy rain; improve farmland or soft ground and strengthen bearing	Divert drainage from the base onto adjoining land; on farmland and soft ground use suspended forms with no ground-borne props	c	第132條第6款、第7款：應注意場撐基地週邊之排水，豪大雨後排水應宣洩流暢，不得積水；農田路段或軟弱地盤應加強改善，並強化支柱下之土壤承載力。第133條並要求模板支撐組配、拆除作業應指派模板支撐作業主管於現場辦理法定事項。	Article 132(6)(7).	draft	11		
Q3772	OSH	OSH-36	營造安全衛生設施標準	第134條	民國115年6月30日	營造安全-模板支撐	2	以一般鋼管為模板支撐之支柱時，其水平繫條及上端支承之規定為何？	高度不論多寡均不必設置水平繫條僅須加大支柱管徑；上端支以梁或軌枕時應以砂漿填實支柱與貫材間縫隙	高度每隔五公尺內設置水平繫條即可且不必與構造物連結；上端支以梁或軌枕時得以木楔填塞於支柱與貫材之間隙	高度每隔十公尺內設置水平繫條並以鐵線捆綁固定即可；上端支以梁或軌枕時應以鋼筋穿過支柱頂端並焊接固定	高度每隔二公尺內應設足夠強度之縱向橫向水平繫條並與牆柱橋墩妥實連結；上端支以梁或軌枕時應置鋼製頂板或托架	What are the horizontal tie and top bearing rules for ordinary steel tube props in formwork supports?	No ties are needed at any height provided the tube diameter is enlarged; mortar packed into all gaps between prop and bearer on top	Ties within every 5 m of height suffice without tying to any structure; wedges may be driven into the gap between prop and bearer on top	Ties within every 10 m of height lashed with steel wire; a bar passed through the prop head and welded to the bearer on top	Longitudinal and transverse ties within every 2 m of height tied to walls, columns or piers; a steel head plate or bracket fixing the bearer on top	d	第134條：以一般鋼管為模板支撐之支柱時，高度每隔二公尺內應設置足夠強度之縱向、橫向之水平繫條，並與牆、柱、橋墩等構造物或穩固之牆模、柱模等妥實連結，以防止支柱移位；上端支以梁或軌枕等貫材時，應置鋼製頂板或托架，並將貫材固定其上。	Article 134.	draft	11		
Q3773	OSH	OSH-36	營造安全衛生設施標準	第136條	民國115年6月30日	營造安全-模板支撐	3	以鋼管施工架為模板支撐之支柱時，關於交叉斜撐材與水平繫條之規定為何？	鋼管架間得免設交叉斜撐材；於最上層及每隔十層以內之模板支撐側面設置水平繫條即可且不必與構造物連結	鋼管架間應以鐵線斜向拉結替代斜撐材；於底層及每隔二層以內之架面方向設水平繫條並捆綁於鄰近之鋼筋	鋼管架間應設置交叉斜撐材；於最上層及每隔五層以內之側面架面及每隔五架以內，應設水平繫條並與構造物連結	鋼管架間應全面焊接成為整體構架；於最上層設置一道水平繫條即可，其餘各層得於拆除前再行補設繫條	What are the cross brace and horizontal tie rules for steel tube scaffold props in formwork supports?	Cross braces may be omitted; ties at the top layer and within every ten layers on the side face suffice without tying to any structure	Wire diagonals may replace cross braces; ties at the bottom and within every two layers, lashed by wire to nearby reinforcing bars	Cross braces between frames; ties of adequate strength at the top layer and within every five layers and five frames, tied to the structure	Frames must be welded into one unit; a single tie at the top layer suffices and other ties may be added before dismantling	c	第136條：以鋼管施工架為模板支撐之支柱時，鋼管架間應設置交叉斜撐材；於最上層及每隔五層以內，模板支撐之側面、架面及每隔五架以內之交叉斜撐材面方向，應設置足夠強度之水平繫條，並與牆、柱、橋墩等構造物或穩固之牆模、柱模等妥實連結，以防止支柱移位。	Article 136.	draft	11		
Q3774	OSH	OSH-36	營造安全衛生設施標準	第136條	民國115年6月30日	營造安全-模板支撐	2	以鋼管施工架為模板支撐之支柱時，其支撐底部及上端支承應如何辦理？	支撐底部應以可調型基腳座鈑調整在同一水平面；上端支以梁或軌枕等貫材時應置鋼製頂板或托架並將貫材固定其上	支撐底部應加設彈簧墊以吸收澆置時之衝擊；上端支以梁或軌枕等貫材時應保留二公分以上之伸縮縫不得固定	支撐底部得直接置於未整平之原地面上；上端支以梁或軌枕等貫材時得以磚塊或木塊墊高調整至所需之高度	支撐底部應埋入地面五十公分以上並灌注混凝土；上端支以梁或軌枕等貫材時應以鐵線捆綁三處以上加以固定	How must the base and top bearing of steel tube scaffold formwork props be arranged?	Level the base to one plane with adjustable base plates; place a steel head plate or bracket on top and fix the bearer to it	Add spring pads at the base to absorb pouring impact; leave a movement joint over 2 cm at the top without fixing the bearer	The base may sit directly on unlevelled ground; bricks or timber blocks may be used on top to pack up to the needed height	Embed the base at least 50 cm into the ground with concrete; lash the bearer at three or more points with steel wire on top	a	第136條第4款、第5款：上端支以梁或軌枕等貫材時，應置鋼製頂板或托架，並將貫材固定其上；支撐底部應以可調型基腳座鈑調整在同一水平面。第132條並規範支柱基礎應挖除表土軟弱土層、回填夯實並鋪築混凝土層等。	Article 136(4)(5).	draft	11		
Q3775	OSH	OSH-36	營造安全衛生設施標準	第137條	民國115年6月30日	營造安全-模板支撐	2	以型鋼之組合鋼柱為模板支撐之支柱時，水平繫條之設置規定為何？	支柱高度超過十公尺者，應每隔十公尺內設置足夠強度之縱向、橫向水平繫條，並得不必與任何構造物連結固定	支柱高度不論多寡，均應每隔一公尺設置足夠強度之縱向、橫向水平繫條，並應於繫條上加設交叉斜撐材補強	支柱高度超過四公尺者，應每隔四公尺內設置足夠強度之縱向、橫向水平繫條，並與牆柱橋墩等構造物妥實連結	支柱高度超過二公尺者，應每隔二公尺內設置足夠強度之縱向、橫向水平繫條，並以鐵線捆綁於鄰近之鋼筋上	What horizontal tie rule applies to built-up section steel columns as formwork support props?	Where the prop exceeds 10 m in height, ties of adequate strength within every 10 m without tying to any structure	Whatever the height, ties of adequate strength every 1 m, with cross bracing added on the ties as reinforcement	Where the prop exceeds 4 m in height, ties of adequate strength within every 4 m tied to walls, columns or piers	Where the prop exceeds 2 m in height, ties of adequate strength within every 2 m lashed by wire to nearby rebar	c	第137條：以型鋼之組合鋼柱為模板支撐之支柱時，支柱高度超過四公尺者，應每隔四公尺內設置足夠強度之縱向、橫向之水平繫條，並與牆、柱、橋墩等構造物或穩固之牆模、柱模等妥實連結，以防止支柱移位；上端支以梁或軌枕等貫材時，應置鋼製頂板或托架並將貫材固定其上。	Article 137.	draft	11		
Q3776	OSH	OSH-36	營造安全衛生設施標準	第139條	民國115年6月30日	營造安全-模板支撐	2	模板支撐以梁支持時，依規定應辦理之事項為何？	應將梁之一端固定另一端保持自由以利伸縮；梁與梁之間應保持淨距二公尺以上不設繫條	應將梁直接置放於支撐物上以摩擦力固定即可；梁與梁之間應以砂漿填塞使其結合為整體	應將梁之兩端固定於支撐物以防止滑落及脫落；並於梁與梁之間設置繫條以防止橫向移動	應將梁以鋼索懸吊於上層樓板結構之下方；梁與梁之間應加設彈性墊片以吸收澆置振動	What applies where formwork supports are carried on beams?	Fix one beam end and leave the other free for movement, with beams at least 2 m clear apart and no ties between	Rest beams directly on the supports relying on friction, and pack mortar between beams to unite them into one	Fix both beam ends to the supports against slipping and dropping, and set ties between beams against lateral movement	Suspend the beams by wire ropes below the slab above, and add elastic pads between beams to absorb vibration	c	第139條：雇主對模板支撐以梁支持時，應將梁之兩端固定於支撐物，以防止滑落及脫落；於梁與梁之間設置繫條，以防止橫向移動。第138條則規範以木材為支柱時之接頭、淨高及最小斷面積等要求。	Article 139.	draft	11		
Q3777	OSH	OSH-36	營造安全衛生設施標準	第140條	民國115年6月30日	營造安全-混凝土作業	2	置有容積一立方公尺以上漏斗之混凝土拌合機，依規定應設置何種設施？	應有防止人體自開口處捲入之防護裝置、清掃裝置與護欄	應有防止機體傾倒之地錨、避雷裝置與緊急停止之拉繩開關	應有防止漏斗溢流之感測器、自動停機裝置與液位顯示儀表	應有防止骨材飛濺之擋板、集塵裝置與噪音防制之隔音罩	What must be fitted to a concrete mixer with a hopper of 1 m³ or more?	Guards preventing a person being drawn in at the opening, a cleaning device and a guardrail	Ground anchors against toppling, lightning protection and an emergency stop pull-cord switch	Overflow sensors for the hopper, an automatic shutdown device and a level indicator gauge	Splash boards against aggregate, a dust collector and an acoustic enclosure against noise	a	第140條：雇主對於置有容積一立方公尺以上之漏斗之混凝土拌合機，應有防止人體自開口處捲入之防護裝置、清掃裝置與護欄。第143條並要求以泵輸送混凝土作業時攪拌器攪刀之護蓋不得開啟。	Article 140.	draft	11		
Q3778	OSH	OSH-36	營造安全衛生設施標準	第141條	民國115年6月30日	營造安全-混凝土作業	2	支撐混凝土輸送管之固定架設計，應考慮哪些因素？輸送管管端及彎曲處應如何處理？	固定架之設計應考慮日照及溫度之影響；輸送管之管端及彎曲處應保持自由伸縮	固定架之設計應考慮荷重及振動之影響；輸送管之管端及彎曲處應妥善固定	固定架之設計應考慮風速及雨量之影響；輸送管之管端及彎曲處應以帆布加以包覆	固定架之設計應考慮成本及工期之影響；輸送管之管端及彎曲處應每日拆卸後清洗	What must the design of concrete delivery pipe support frames consider, and how are pipe ends and bends handled?	The design must consider sunlight and temperature; pipe ends and bends must be left free to move	The design must consider load and vibration effects; pipe ends and bends must be properly fixed	The design must consider wind speed and rainfall; pipe ends and bends must be wrapped in canvas	The design must consider cost and schedule; pipe ends and bends must be removed and washed daily	b	第141條：雇主對於支撐混凝土輸送管之固定架之設計，應考慮荷重及振動之影響；輸送管之管端及彎曲處應妥善固定。第142條並禁止勞工位於混凝土輸送管下方作業，且以泵輸送時輸送管與接頭應有適當強度。	Article 141.	draft	11		
Q3779	OSH	OSH-36	營造安全衛生設施標準	第143條	民國115年6月30日	營造安全-混凝土作業	2	以泵輸送混凝土作業前及作業中，依規定應如何辦理？	作業前應確認泵送車已完成年度檢驗；作業時應由勞工以手持工具伸入攪拌器攪動	作業前應確認攪拌器及輸送管接頭狀況良好；作業時攪拌器攪刀之護蓋不得開啟	作業前應確認水泥出廠日期及配比設計；作業時攪拌器護蓋得視需要隨時開啟清理	作業前應確認輸送管長度不超過五十公尺；作業時應每三十分鐘停機拆管清洗一次	What applies before and during pumped concrete delivery?	Confirm the pump truck has passed annual testing; workers may reach into the agitator with hand tools during work	Confirm the agitator and pipe joints are sound beforehand; the agitator blade cover may not be opened during work	Confirm the cement date and mix design beforehand; the agitator cover may be opened for cleaning whenever needed	Confirm the pipe run is under fifty metres beforehand; stop and dismantle the pipe for washing every thirty minutes	b	第143條：雇主對於以泵輸送混凝土作業前，應確認攪拌器及輸送管接頭狀況良好，作業時攪拌器攪刀之護蓋不得開啟。第142條第11款並要求以泵輸送混凝土時，其輸送管與接頭應有適當強度以防混凝土噴濺及物體飛落。	Article 143.	draft	11		
Q3780	OSH	OSH-36	營造安全衛生設施標準	第144條	民國115年6月30日	營造安全-模板吊運	3	模板之吊運，依規定應辦理之事項為何？	使用起重機吊運應由信號人員以口哨指揮；吊運垂直模板時應以人力於高處拉住模板一端；吊升模板時下方得於警示後准許人員通行	使用起重機吊運應限制每次吊運一片模板；吊運垂直模板時應加掛配重塊以維持水平；吊升模板時下方應鋪設安全網即可准許作業	使用起重機或索道吊運應以足夠強度之索具捆紮牢固並事前檢查缺陷；吊運垂直模板未設妥支撐受力處前不得放鬆吊索；吊升模板時下方不得有人員進入	使用起重機吊運得以鐵線捆綁替代索具；吊運垂直模板時應先放鬆吊索使模板自行找到平衡位置；吊升模板時下方應派人扶持導引就位	What applies to hoisting formwork?	A signaller directs by whistle; workers hold one end of the panel by hand at height; people may pass below once they have been warned	Only one panel may be hoisted at a time; counterweights keep it level while hoisting; a safety net below allows work to go on beneath	Lash securely with adequate slings and check them for defects beforehand; do not slacken until supports are set; keep people from below	Wire may replace slings for hoisting; slacken the sling first so the panel finds its own balance; have someone below guide it into place	c	第144條：模板之吊運應依下列規定辦理：使用起重機或索道吊運時應以足夠強度之鋼索、纖維索或尼龍繩索捆紮牢固，吊運前應檢查吊掛索具不得有影響強度之缺陷，且所吊物件已確實掛妥；吊運垂直模板或將模板吊於高處時，在未設妥支撐受力處或安放妥當前不得放鬆吊索；吊升模板時其下方不得有人員進入；放置模板材料之地點其下方支撐強度須事先確認結構安全。	Article 144.	draft	11		
Q3781	OSH	OSH-36	營造安全衛生設施標準	第145條	民國115年6月30日	營造安全-模板拆除	1	拆除模板時，對於拆下之模板物料，雇主應如何處理？	應將該模板物料於拆除後堆置於樓梯間	應將該模板物料於拆除後就地焚燒銷毀	應將該模板物料於拆除後立即運離工地	應將該模板物料於拆除後妥為整理堆放	How must formwork materials be dealt with after stripping?	They must be stacked inside the stairwell after being stripped	They must be burnt and destroyed on the spot after being stripped	They must be hauled away from the site immediately after stripping	They must be properly sorted and stacked after being stripped	d	第145條：雇主於拆除模板時，應將該模板物料於拆除後妥為整理堆放。第7條並要求模板拆除後應採取拔除或釘入凸出之鐵釘、鐵條等防護措施。	Article 145.	draft	11		
Q3782	OSH	OSH-36	營造安全衛生設施標準	第146條	民國115年6月30日	營造安全-混凝土作業	2	拆除模板後之部分結構物施工，以及新澆置樓板上繼續澆置上層樓板時，應如何辦理？	得由工地主任依經驗決定堆載位置及數量；新澆置樓板上繼續澆置上層樓板時僅須確認混凝土已初凝即可施作	應報請監造單位核准後始得堆載任何物料；新澆置樓板上繼續澆置上層樓板時應於樓板下方全面鋪設安全網	非經專人之周詳設計考慮不得荷載超過設計規定之容許荷重；新澆置樓板上繼續澆置上層樓板時應充分考慮該新置樓板之受力荷重	應限制堆載重量在每平方公尺一百公斤以下；新澆置樓板上繼續澆置上層樓板時應間隔三十日以上始得施工	What applies to work on partly stripped structures and to pouring an upper slab on a newly cast slab?	The site agent may decide loading positions and amounts by experience; only initial set of the new slab need be confirmed before pouring	The supervising unit must approve before any material is stacked; a safety net must be spread under the whole slab before pouring above	No loading beyond the design allowable load without a specialist's careful design; the new slab's load capacity must be fully considered	Loading is limited to 100 kg per square metre; at least thirty days must pass before the upper slab may be poured on the new slab	c	第146條：雇主對於拆除模板後之部分結構物施工時，非經由專人之周詳設計、考慮，不得荷載超過設計規定之容許荷重；新澆置之樓板上繼續澆置其上層樓板之混凝土時，應充分考慮該新置樓板之受力荷重。第147條並規範拆模時間應確認構造物已達安全強度。	Article 146.	draft	11		
Q3783	OSH	OSH-36	營造安全衛生設施標準	第147條	民國115年6月30日	營造安全-模板拆除	2	雇主應依哪些因素確認構造物已達到安全強度之拆模時間？	應依模板之材質與周轉次數、拆模工人之人數、起重機具之調度及運輸車輛之排班等因素確認	應依主管機關公告之統一拆模日程表確認，各類構造物均以澆置後滿七日為法定拆模之時間	應依構造物之物質、形狀、混凝土之強度及其試驗結果、構造物上方之工作情形及當地氣候之情況確認	應依契約工期、承攬商之進度壓力、模板租金負擔及後續工項之銜接需求等因素綜合考量後確認	On what factors must the safe stripping time of formwork be confirmed?	The formwork material and reuse count, the number of stripping workers, crane availability and haulage truck scheduling	A uniform stripping timetable announced by the authority, under which seven days after pouring is the legal time for all	The material and shape of the structure, concrete strength and test results, work above the structure, and local weather conditions	The contract schedule, the contractor's progress pressure, formwork rental cost and the need to start the following trades	c	第147條：雇主應依構造物之物質、形狀、混凝土之強度及其試驗結果、構造物上方之工作情形及當地氣候之情況，確認構造物已達到安全強度之拆模時間，方得拆除模板。第146條並要求拆模後之結構物不得荷載超過設計容許荷重。	Article 147.	draft	11		
Q3784	OSH	OSH-36	營造安全衛生設施標準	第149條之1	民國115年6月30日	營造安全-鋼構組配	2	進行鋼構組配作業前，雇主應擬訂之作業計畫應包括哪些事項？	鄰近道路交通維持計畫、噪音振動監測計畫、廢棄物清運計畫、空氣污染防制設施之設置與維護	工程進度網圖及要徑分析、鋼材採購訂單及交期、吊裝機具租賃契約、鋼構廠之品質管理系統驗證文件	安全作業方法及標準作業程序、防止構材及組配件飛落或倒塌之方法、防止勞工墜落之設備及設置方法、人員進出作業區之管制	勞工薪資結構及加班規定、伙食及住宿安排、工地福利設施配置、勞工保險與健康保險之投保紀錄	What must the work plan for steel structure erection contain?	Traffic maintenance plan for nearby roads, noise and vibration monitoring, waste haulage plan, air pollution control facilities upkeep	Progress network and critical path, steel purchase orders and delivery dates, crane hire contracts, the fabricator's quality certification	Safe work methods and standard procedures, ways to prevent members falling or collapsing, fall protection and its installation, entry control	Wage structure and overtime rules, catering and accommodation, welfare facility layout, labour and health insurance enrolment records	c	第149條之1：雇主進行鋼構組配作業前，應擬訂包括下列事項之作業計畫並使勞工遵循：一、安全作業方法及標準作業程序；二、防止構材及其組配件飛落或倒塌之方法；三、設置能防止作業勞工發生墜落之設備及其設置方法；四、人員進出作業區之管制。並應於勞工作業前將計畫內容使勞工確實知悉。	Article 149-1.	draft	11		
Q3785	OSH	OSH-36	營造安全衛生設施標準	第152條	民國115年6月30日	營造安全-鋼構組配	2	鋼構之組配，地面或最高永久性樓板層上，尚未鉚接、熔接或螺栓緊之鋼構層數限制為何？	不得有超過四層樓以上之鋼構尚未鉚接、熔接或螺栓緊	不得有超過八層樓以上之鋼構尚未鉚接、熔接或螺栓緊	不得有超過二十層樓以上之鋼構尚未鉚接、熔接或螺栓緊	不得有超過十二層樓以上之鋼構尚未鉚接、熔接或螺栓緊	How many storeys of steel frame may remain unriveted, unwelded or unbolted above ground or the top permanent floor?	Not more than four storeys of steel frame may remain unriveted, unwelded or unbolted	Not more than eight storeys of steel frame may remain unriveted, unwelded or unbolted	Not more than twenty storeys of steel frame may remain unriveted, unwelded or unbolted	Not more than twelve storeys of steel frame may remain unriveted, unwelded or unbolted	a	第152條：雇主對於鋼構之組配，地面或最高永久性樓板層上，不得有超過四層樓以上之鋼構尚未鉚接、熔接或螺栓緊者。第150條並定明於最高永久性樓板上組合之骨架不得超過八層（設計上已考慮整體安全性者除外）。	Article 152.	draft	11		
Q3786	OSH	OSH-36	營造安全衛生設施標準	第153條	民國115年6月30日	營造安全-鋼構組配	3	鋼構組配作業之焊接、栓接、鉚接作業，關於工具與作業位置之規定為何？	敲出栓桿衝梢或鉚釘頭時應採適當方法及工具防止飛落；撞擊栓緊板手應有防止套座滑出之鎖緊裝置；不得於人員通路上方或可燃物堆集場所附近施作	敲出栓桿衝梢時應於下方張掛帆布承接；撞擊栓緊板手應由二人共同操作以策安全；於人員通路上方施作應於夜間無人時段實施作業	敲出栓桿衝梢時應先以磁鐵吸附再行敲擊；撞擊栓緊板手應每日以潤滑油浸泡保養；於可燃物堆集場所附近施作應加派人員以水管待命	敲出栓桿衝梢時得以徒手直接拍落於下方地面；撞擊栓緊板手得以鐵線纏繞替代鎖緊裝置；於人員通路上方施作時僅須口頭告知通行者注意	What tool and location rules apply to welding, bolting and riveting in steel erection?	Use proper methods and tools when driving out pins or rivet heads; impact wrenches need a socket retaining lock; no work above walkways or near combustibles	Hang canvas below to catch driven-out pins; impact wrenches must be worked by two people; work above walkways only at night when nobody is about	Pins should be held with a magnet before striking; impact wrenches should be soaked in oil daily; keep a hose crew standing by near combustibles	Pins may be knocked out by hand to the ground below; wire may replace the retaining lock on impact wrenches; warn passers-by orally when working above	a	第153條：於敲出栓桿、衝梢或鉚釘頭時應採取適當之方法及工具以防止其任意飛落；撞擊栓緊板手應有防止套座滑出之鎖緊裝置；不得於人員、通路上方或可燃物堆集場所之附近從事焊接、栓接、鉚接工作，但已採取防風防火架、火花承接盒、防火毯或其他適當措施者不在此限。	Article 153.	draft	11		
Q3787	OSH	OSH-36	營造安全衛生設施標準	第153條	民國115年6月30日	營造安全-鋼構組配	3	鋼構組配作業使用氣動鉚釘鎚時，其把手及鉚釘頭模之安全鐵線規格為何？	把手及鉚釘頭模應適當安裝安全鐵線，其鐵線分別不得小於十四號及二十號鐵線	把手及鉚釘頭模應適當安裝安全鐵線，其鐵線分別不得小於九號及十四號鐵線	把手及鉚釘頭模應適當安裝安全鐵線，其鐵線分別不得小於三號及六號之粗鐵線	把手及鉚釘頭模應適當安裝安全鐵線，其鐵線分別不得小於二十號及二十六號鐵線	What wire gauges are required for the safety wires on a pneumatic riveting hammer's handle and rivet set?	Safety wires must be fitted, not smaller than No. 14 wire on the handle and No. 20 wire on the rivet set	Safety wires must be fitted, not smaller than No. 9 wire on the handle and No. 14 wire on the rivet set	Safety wires must be fitted, not smaller than No. 3 heavy wire on the handle and No. 6 wire on the rivet set	Safety wires must be fitted, not smaller than No. 20 wire on the handle and No. 26 wire on the rivet set	b	第153條第4款：使用氣動鉚釘鎚之把手及鉚釘頭模，應適當安裝安全鐵線；裝置於把手及鉚釘頭模之鐵線，分別不得小於九號及十四號鐵線。同條並要求豎立鋼構所使用之接頭應有防止脫開之裝置，拉索移動時應由專人指揮。	Article 153(4).	draft	11		
Q3788	OSH	OSH-36	營造安全衛生設施標準	第154條	民國115年6月30日	營造安全-鋼構組配	1	鋼構組配作業之勞工從事栓接、鉚接、熔接或檢測作業時，雇主應如何辦理？	應使其於作業時全程由作業主管在旁以人力扶持之	應使其每二小時輪換一次工作以避免疲勞造成失誤	應使其佩帶適當之個人防護具，以防止作業中之危害	應使其於作業前接受作業環境監測人員之訓練課程	What must the employer do for workers bolting, riveting, welding or testing in steel erection?	Make them work throughout with the work supervisor physically supporting them	Make them rotate their tasks every two hours so that fatigue does not cause mistakes	Make them wear suitable personal protective equipment against the hazards of the work	Make them take a training course from workplace monitoring personnel before working	c	第154條：雇主對於鋼構組配作業之勞工從事栓接、鉚接、熔接或檢測作業，應使其佩帶適當之個人防護具。第149條並要求鋼構組配作業應指派鋼構組配作業主管於現場監督勞工確實使用個人防護具。	Article 154.	draft	11		
Q3789	OSH	OSH-36	營造安全衛生設施標準	第156條	民國115年6月30日	營造安全-拆除作業	1	構造物之拆除，雇主應如何辦理現場之指揮監督？	應報請當地主管建築機關派員到場全程監督	應選任專人於現場指揮監督拆除作業之進行	應由拆除工班之領班自行決定其作業之順序	應由原設計建築師負責現場之指揮監督工作	How must supervision on site be arranged for demolition of structures?	The local building authority must send an officer to supervise throughout	A designated person must be appointed to direct and supervise on site	The demolition gang foreman may decide the work sequence on their own	The original design architect must take charge of on-site supervision	b	第156條：雇主對於構造物之拆除，應選任專人於現場指揮監督。第155條並要求拆除前應檢查各構件、支撐不穩定部分、切斷電源及可燃性氣體管線、設置圍柵標示禁止非作業人員進入等。	Article 156.	draft	11		
Q3790	OSH	OSH-36	營造安全衛生設施標準	第158條	民國115年6月30日	營造安全-拆除作業	2	構造物拆除區之勞工出入通路，依規定應如何設置？	應由勞工利用既有之未拆除樓梯進出，並於拆除完成後再行設置扶手及照明設備供驗收人員使用	應設置勞工安全出入通路，惟樓梯得免設扶手以利搬運；通路之採光照明由勞工自行攜帶頭燈解決	應設置勞工安全出入通路，如使用樓梯者應設置扶手；勞工出入之通路、階梯等應有適當之採光照明	應以施工電梯作為唯一之出入通路並禁止使用樓梯；電梯內部應設置扶手及緊急照明供勞工使用	How must worker access routes be provided in a demolition area?	Workers should use the existing undemolished stairs, with handrails and lighting added afterwards for the inspection team	Provide safe access routes, but stairs may omit handrails to ease carrying, and workers may bring their own headlamps	Provide safe access routes; handrails where stairs are used; and adequate lighting for the routes and stairs used by workers	A construction lift must be the only access and stairs are forbidden; the lift must have handrails and emergency lighting	c	第158條：雇主對構造物拆除區，應設置勞工安全出入通路，如使用樓梯者，應設置扶手；勞工出入之通路、階梯等，應有適當之採光照明。第155條並要求在鄰近通道之人員保護設施完成前不得進行拆除工程。	Article 158.	draft	11		
Q3791	OSH	OSH-36	營造安全衛生設施標準	第161條	民國115年6月30日	營造安全-拆除作業	3	拆除結構物之牆、柱或其他類似構造物時，依規定應辦理之事項為何？	應自下至上逐次拆除以利卸落；拆除無支撐之牆柱得任其自然倒塌後再行清運；以拉倒方式拆除時勞工得於作業區內操作機具	應依承攬商之施工便利決定順序；拆除無支撐之牆柱應以水柱沖擊使其軟化；以拉倒方式拆除時應於夜間實施以減少影響	應自上至下逐次拆除；拆除無支撐之牆柱應以適當支撐或控制避免任意倒塌；以拉倒方式拆除時應使勞工站立於作業區外並防範破片飛擊	應自中間層向兩端同時拆除；拆除無支撐之牆柱應先以爆破方式打斷底部；以拉倒方式拆除時應由勞工以人力拉曳鋼索施力	What applies when demolishing walls, columns or similar structures?	Demolish from the bottom up to ease dropping; let unsupported walls fall naturally and clear afterwards; workers may work inside the zone	Order the work by the contractor's convenience; soften unsupported walls with water jets; pull down at night to reduce the disturbance	Demolish successively from top down; support or control unsupported walls against collapse; keep workers outside the zone when pulling down	Demolish from the middle outwards to both ends; blast the base of unsupported walls first; workers pull the cable by hand when pulling down	c	第161條：拆除結構物之牆、柱或其他類似構造物時應自上至下逐次拆除；拆除無支撐之牆、柱或類似構造物時應以適當支撐或控制避免其任意倒塌；以拉倒方式進行拆除時應使勞工站立於作業區外並防範破片之飛擊；無法設置作業區時應設置承受臺、施工架或採取適當防範措施；以人工方式切割時應採取防止粉塵之適當措施。	Article 161.	draft	11		
Q3792	OSH	OSH-36	營造安全衛生設施標準	第161條	民國115年6月30日	營造安全-拆除作業	2	拆除牆、柱等構造物時，如無法設置作業區，以及以人工方式切割時，應分別採取何種措施？	無法設置作業區時應暫停拆除俟取得鄰地使用同意；以人工方式切割時應於切割面噴塗防火漆以防火災	無法設置作業區時應改以爆破方式一次拆除完成；以人工方式切割時應由勞工佩戴耳塞以防止噪音危害	無法設置作業區時應設置承受臺、施工架或採取適當防範措施；以人工方式切割時應採取防止粉塵之適當措施	無法設置作業區時得由監視人員以口哨管制通行即可；以人工方式切割時應每小時輪換勞工一次以防疲勞	What applies where no work zone can be set out, and where walls are cut by hand?	Suspend demolition until the neighbour consents to use of the land; and spray fire retardant on the cut face against fire	Switch to blasting to demolish in one go; and have workers wear ear plugs against noise when cutting the structure by hand	Provide a catch platform, scaffold or other suitable measures; and take suitable dust prevention measures when cutting by hand	A watchman with a whistle controlling passage suffices; and rotate workers hourly against fatigue when cutting by hand	c	第161條第4款、第5款：無法設置作業區時，應設置承受臺、施工架或採取適當防範措施；以人工方式切割牆、柱或其他類似構造物時，應採取防止粉塵之適當措施。第160條並規範承受臺寬應在一點五公尺以上，並能承受每平方公尺六百公斤以上之活載重。	Article 161(4)(5).	draft	11		
Q3793	OSH	OSH-36	營造安全衛生設施標準	第162條	民國115年6月30日	營造安全-拆除作業	2	樓板或橋面板等構造物之拆除，依規定應辦理之事項為何？	拆除作業中應由勞工站立於待拆樓板上以人力敲除；卸落開口邊緣應設置滑槽導引；拆除後底下四周應改設遮陽棚供休息	拆除作業中應以水霧噴灑降低粉塵並保持濕潤；卸落開口邊緣應鋪設塑膠布承接；拆除後底下四周應設置臨時廁所設施	拆除作業中應將樓板一次整片切割卸落以求效率；卸落拆除物之開口邊緣得以警示帶標示；拆除後底下區域得開放人員通行	拆除作業中或勞工須行走時應採防止人體墜落及物體飛落之措施；卸落拆除物之開口邊緣應設護欄；拆除後其底下四周應加圍柵	What applies to demolishing slabs and bridge decks?	Workers stand on the slab to be demolished and break it by hand; chutes guide the drop openings; sun shades are set beneath for resting	Spray water mist to damp down dust during work; plastic sheeting catches material at drop openings; temporary toilets are set beneath	Cut and drop the slab in one piece for efficiency; warning tape suffices at the drop opening edges; the area beneath may be opened to passage	Take fall and falling object measures during work and when workers walk there; guardrail the drop opening edges; fence around beneath after removal	d	第162條：雇主對於樓板或橋面板等構造物之拆除，應依下列規定辦理：一、拆除作業中或勞工須於作業場所行走時，應採取防止人體墜落及物體飛落之措施；二、卸落拆除物之開口邊緣，應設護欄；三、拆除樓板、橋面板等後，其底下四周應加圍柵。	Article 162.	draft	11		
Q3794	OSH	OSH-36	營造安全衛生設施標準	第163條	民國115年6月30日	營造安全-拆除作業	2	鋼鐵等構造物之拆除，依規定應辦理之事項為何？	拆除鋼構件時得以氣焊一次切斷後任其自由掉落；應由下而上逐層拆除以利重心穩定；構件得自高處拋擲至指定之堆置區域	拆除鋼構件時應先噴水冷卻以避免火花產生；應由中央向四周逐層拆除；構件應以人力搬運下樓不得使用起重機吊運	拆除鋼構件時應保留原有之螺栓不予拆除；應依承攬商指定順序拆除；構件應堆置於未拆除之樓板上以待統一清運	拆除鋼構鐵構件或鋼筋混凝土構件時應有防止突然扭轉反彈或倒塌之適當設備或措施；應由上而下逐層拆除；應以纜索卸落構件不得自高處拋擲	What applies to the demolition of steel and iron structures?	Cut steel members by gas torch and let them fall freely; demolish from the bottom up for a stable centre of gravity; members may be thrown down	Cool steel members with water spray to avoid sparks; demolish from the centre outwards; carry members down by hand rather than by crane	Leave the existing bolts in place when cutting members; follow the contractor's chosen order; stack members on the remaining floors	Provide measures against sudden twisting, springing back or collapse; demolish layer by layer from the top down; lower members by cable, never throw them	d	第163條：雇主對鋼鐵等構造物之拆除，應依下列規定辦理：一、拆除鋼構、鐵構件或鋼筋混凝土構件時，應有防止各該構件突然扭轉、反彈或倒塌等之適當設備或措施；二、應由上而下逐層拆除；三、應以纜索卸落構件，不得自高處拋擲，但經採取特別措施者不在此限。	Article 163.	draft	11		
Q3795	OSH	OSH-36	營造安全衛生設施標準	第165條	民國115年6月30日	營造安全-拆除作業	1	對於從事構造物拆除作業之勞工，雇主應如何辦理防護？	應使其佩帶適當之個人防護具以防止拆除作業之危害	應使其於作業時全程由監視人員以繩索繫身牽引移動	應使其每日作業前接受二小時之安全衛生教育訓練課程	應使其與雇主簽訂危險作業同意書後始得從事拆除作業	What protection must be provided for workers engaged in demolition?	They must wear suitable personal protective equipment against demolition hazards	They must be roped to a watchman who guides their movement throughout the work	They must take a two-hour safety and health training course before work each day	They must sign a hazardous work consent form with the employer before starting	a	第165條：雇主對於從事構造物拆除作業之勞工，應使其佩帶適當之個人防護具。第156條並要求構造物之拆除應選任專人於現場指揮監督。	Article 165.	draft	11		
Q3796	OSH	OSH-36	營造安全衛生設施標準	第166條	民國115年6月30日	營造安全-油漆作業	1	油漆作業場所，為防止易燃或有害氣體之危害，應如何辦理？	應於作業場所放置活性碳包及植栽以吸附有害之氣體	應每三十分鐘停止作業一次並使勞工至戶外休息十分鐘	應將門窗全部緊閉以避免有害氣體逸散至鄰近之區域	應有適當之通風、換氣，以防易燃或有害氣體之危害	How must flammable or harmful gas hazards be controlled at painting workplaces?	By placing activated carbon packs and plants to absorb the harmful gases	By stopping work every thirty minutes and resting workers outdoors for ten	By keeping all doors and windows shut so gases do not escape to nearby areas	By adequate ventilation and air exchange against flammable or harmful gases	d	第166條：雇主對於油漆作業場所，應有適當之通風、換氣，以防易燃或有害氣體之危害。第167條並規定噴漆作業場所不得有明火、加熱器或其他火源發生之虞之裝置或作業，並應揭示嚴禁煙火之標示。	Article 166.	draft	11		
Q3797	OSH	OSH-36	營造安全衛生設施標準	第168條	民國115年6月30日	營造安全-瀝青作業	1	對於正在加熱中之瀝青鍋，雇主應採取何種設施？	應採取防止雨水滲入之遮雨設施	應採取防止異味逸散之除臭設施	應採取防止瀝青凝固之保溫設施	應採取防止勞工燙傷之設施	What must be provided for an asphalt kettle that is being heated?	Rain shelter facilities to keep rainwater out	Deodorising facilities to stop odour escaping	Insulation facilities to stop the asphalt setting	Facilities to prevent workers being scalded	d	第168條：雇主對於正在加熱中之瀝青鍋，應採取防止勞工燙傷之設施。第170條並要求應提供從事瀝青作業所必須之防護具，並使勞工確實使用。	Article 168.	draft	11		
Q3798	OSH	OSH-36	營造安全衛生設施標準	第169條	民國115年6月30日	營造安全-瀝青作業	2	熱瀝青之噴撒作業，依規定應如何辦理？	應由噴撒作業人員站立於軟管正下方以利控制方向；人工操作噴撒時應以雙手直接握持軟管末端施作	應將軟管固定於柏油機上不得由人員手持操作；人工操作噴撒時應先將瀝青冷卻至常溫後始得進行	應由二名勞工共同扶持軟管並輪流操作噴撒；人工操作噴撒時應以塑膠軟管替代金屬軟管以減輕重量	不得使噴撒作業人員在柏油機噴撒軟管下操作；如人工操作噴撒時應有隔離之把手及可彎曲之金屬軟管	What applies to spraying hot asphalt?	Workers should stand directly beneath the hose to control direction; manual spraying means gripping the hose end by hand	The hose must be fixed to the machine and never hand-held; manual spraying is allowed only after the asphalt cools	Two workers should hold the hose and take turns spraying; a plastic hose may replace the metal hose to reduce weight	Workers may not work beneath the sprayer hose; manual spraying needs an insulated handle and a flexible metal hose	d	第169條：雇主不得使熱瀝青之噴撒作業人員在柏油機噴撒軟管下操作，如人工操作噴撒時，應有隔離之把手及可彎曲之金屬軟管。第168條並要求正在加熱中之瀝青鍋應採取防止勞工燙傷之設施。	Article 169.	draft	11		
Q3799	OSH	OSH-36	營造安全衛生設施標準	第170條	民國115年6月30日	營造安全-瀝青作業	1	對於從事瀝青作業所必須之防護具，雇主應如何辦理？	應提供防護具但其使用與否由勞工自行決定	應於工地備置防護具供勞工於需要時借用之	應由勞工自行採購防護具並得請領補助費	應提供必須之防護具，並使勞工確實使用	What must the employer do about protective equipment for asphalt work?	Provide the equipment but leave its use to each worker's own decision	Keep equipment at the site for workers to borrow whenever they need it	Have workers buy their own equipment and claim a subsidy for the cost	Provide the necessary equipment and ensure that workers actually use it	d	第170條：雇主應提供給從事瀝青作業所必須之防護具，並使勞工確實使用。第165條、第154條就拆除作業及鋼構組配作業亦有佩帶適當個人防護具之規定。	Article 170.	draft	11		
Q3800	OSH	OSH-36	營造安全衛生設施標準	第171條	民國115年6月30日	營造安全-衛生	1	營造工程工作場所之環境衛生，依規定應如何維護？	應保持環境衛生，寢室廚房浴室或廁所應指定專人負責環境衛生之維護以保持清潔	應保持環境衛生，寢室廚房浴室或廁所應每月委託清潔公司大掃除一次即為已足	應保持環境衛生，寢室廚房浴室或廁所應設置於工地圍籬外側以避免影響施工作業	應保持環境衛生，寢室廚房浴室或廁所之清潔由使用之勞工按日輪值自行負責維護	How must environmental hygiene be maintained at a construction workplace?	Keep the site hygienic and assign a designated person to maintain hygiene in dormitories, kitchens, bathrooms and toilets	Keep the site hygienic, and a monthly deep clean of dormitories, kitchens, bathrooms and toilets by a firm suffices	Keep the site hygienic, and place dormitories, kitchens, bathrooms and toilets outside the fence so work is not affected	Keep the site hygienic, with the workers who use the dormitories, kitchens, bathrooms and toilets taking daily turns	a	第171條：雇主對於營造工程工作場所應保持環境衛生。寢室、廚房、浴室或廁所應指定專人負責環境衛生之維護，以保持清潔。第172條並規範臨時房舍應選擇乾燥排水良好地點搭建、有適當通風照明、使用合於飲用水衛生標準之飲用水等。	Article 171.	draft	11		
Q3801	OSH	OSH-36	營造安全衛生設施標準	第173條	民國115年6月30日	營造安全-急救設施	2	營造工程工作場所之急救設施，除依一般工作場所規定外，尚應辦理哪些事項？	應由勞工自行準備個人常用藥品並登記備查；備置防蚊液及蛇藥於各人置物櫃內；並應於雨季前後各實施一次環境清掃	於有毒樹木危險蟲類出現場所作業之勞工應教以預防急救方法及疾病症候；於毒蛇經常出入地區應備置防治急救品；並應防止昆蟲老鼠孳生並予撲滅	於工地入口設置急救站並派駐護理人員全時值班；備置自動體外心臟電擊去顫器及氧氣瓶；並應每月實施一次全工地之消毒作業	應與鄰近醫院簽訂緊急醫療契約並安排救護車待命；備置外傷手術器材及輸血設備；並應由醫師每週到場實施巡迴健康檢查	Besides the general workplace rules, what first aid arrangements apply on construction sites?	Have workers keep their own usual medicines on record; stock insect repellent and snake medicine in lockers; and clean up twice a year	Teach workers prevention, first aid and symptoms where poisonous trees or insects occur; stock snakebite first aid; and control insects and rodents	Set a first aid post at the entrance staffed by a nurse at all times; stock an AED and oxygen cylinders; and disinfect the whole site monthly	Sign an emergency medical contract with a nearby hospital with an ambulance on call; stock surgical and transfusion equipment for trauma	b	第173條：工作場所之急救設施除依一般工作場所之急救設施規定外，並應依下列規定辦理：一、於有毒樹木、危險蟲類等出現場所作業之勞工，應教以有關預防急救方法及疾病症候等；二、於毒蛇經常出入之地區，應備置防治急救品；三、應防止昆蟲、老鼠等孳生並予以撲滅；四、其他必要之急救設備或措施。	Article 173.	draft	11		
Q3802	OSH	OSH-36	營造安全衛生設施標準	第173條	民國115年6月30日	營造安全-急救設施	2	於有毒樹木、危險蟲類等出現場所作業之勞工，以及毒蛇經常出入之地區，雇主應分別如何辦理？	對前者應限制其連續作業時間不得超過二小時；對後者應於工地周界設置高度二公尺圍牆	對前者應每日實施體溫量測並記錄健康狀況；對後者應僱用專業捕蛇人員於現場全時待命	對前者應提供全身式防護衣並禁止單獨作業；對後者應於作業區噴灑農藥並設置捕蛇籠	對前者應教以有關預防急救方法及疾病症候等；對後者應備置防治急救品以供緊急時使用	What applies to workers where poisonous trees or dangerous insects occur, and to areas frequented by venomous snakes?	For the former, limit continuous work to two hours; for the latter, build a two-metre wall along the site boundary	For the former, take daily temperatures and log health status; for the latter, employ a snake catcher on standby at all times	For the former, supply full body suits and ban lone working; for the latter, spray pesticide and set snake traps in the area	For the former, teach prevention, first aid methods and disease symptoms; for the latter, stock snakebite first aid supplies	d	第173條第1款、第2款：於有毒樹木、危險蟲類等出現場所作業之勞工，應教以有關預防急救方法及疾病症候等；於毒蛇經常出入之地區，應備置防治急救品。同條第3款並要求防止昆蟲、老鼠等孳生並予以撲滅。	Article 173(1)(2).	draft	11		
Q3803	OSH	OSH-36	營造安全衛生設施標準	第174條	民國115年6月30日	營造安全-施行日期	2	營造安全衛生設施標準一百十五年六月三十日修正發布之條文，其施行日期規定為何？	除第十八條自一百十七年一月一日施行外，自一百十六年七月一日施行	全部條文一律自發布日即一百十五年六月三十日起生效施行不另定日期	除第十一條之二自一百十五年七月一日施行外，自一百十六年一月一日施行	除第十一條之二自一百十六年七月一日施行外，自一百十五年七月一日施行	When do the provisions amended on 30 June 2026 (ROC 115) of this Standard take effect?	On 1 July 2027 (ROC 116), except Article 18 which takes effect on 1 January 2028 (ROC 117)	All provisions take effect on the promulgation date of 30 June 2026 with no separate date	On 1 January 2027 (ROC 116), except Article 11-2 which takes effect on 1 July 2026 (ROC 115)	On 1 July 2026 (ROC 115), except Article 11-2 which takes effect on 1 July 2027 (ROC 116)	d	第174條：本標準自發布日施行；一百零三年六月二十六日修正發布之條文，除第十八條第二項自一百零四年七月三日施行外，自一百零三年七月三日施行；一百十年一月六日修正發布之第十八條之一自一百十一年一月一日施行；一百十五年六月三十日修正發布之條文，除第十一條之二自一百十六年七月一日施行外，自一百十五年七月一日施行。	Article 174.	draft	11		
Q3804	OSH	OSH-42	起重升降機具安全規則	第1條	民國109年8月20日	起重升降-總則	1	起重升降機具安全規則之訂定法源依據為何？	職業安全衛生法第十六條第四項	職業安全衛生法第五條第三項	職業安全衛生法第六條第三項	職業安全衛生法第二十三條第二項	What is the statutory basis for the Safety Rules for Lifting Appliances?	Article 16, paragraph 4 of the Occupational Safety and Health Act	Article 5, paragraph 3 of the Occupational Safety and Health Act	Article 6, paragraph 3 of the Occupational Safety and Health Act	Article 23, paragraph 2 of the Occupational Safety and Health Act	c	第1條：本規則依職業安全衛生法第六條第三項規定訂定之。該項為雇主安全衛生設備及措施標準之授權依據。至於固定式起重機等機具之安全檢查構造標準，則另依同法第十六條第四項訂定。	Article 1: issued under Article 6(3) of the OSH Act.	draft	11		
Q3805	OSH	OSH-42	起重升降機具安全規則	第4條	民國109年8月20日	起重升降-適用範圍	2	下列何種起重升降機具不適用本規則，而應依職業安全衛生設施規則辦理？	吊升荷重未滿三公噸之固定式起重機、移動式起重機及人字臂起重桿	升降路或導軌高度未滿二十公尺之營建用提升機及簡易提升機	積載荷重未滿一公噸之升降機、營建用提升機及簡易提升機	吊升荷重未滿零點五公噸之固定式起重機、移動式起重機及人字臂起重桿	Which lifting appliance is excluded from these Rules and governed by the OSH Facilities Rules?	Fixed cranes, mobile cranes and derricks with a lifting load under 3 tonnes	Construction hoists and simple hoists with a guide rail height under 20 metres	Elevators, construction hoists and simple hoists with rated load under 1 tonne	Fixed cranes, mobile cranes and derricks with a lifting load under 0.5 tonne	d	第4條：吊升荷重未滿零點五公噸之固定式起重機、移動式起重機及人字臂起重桿，積載荷重未滿零點二五公噸之升降機、營建用提升機及簡易提升機，及升降路或導軌高度未滿十公尺之營建用提升機，不適用本規則，改依職業安全衛生設施規則辦理。	Article 4 lists the appliances excluded from these Rules.	draft	11		
Q3806	OSH	OSH-42	起重升降機具安全規則	第6條	民國109年8月20日	起重升降-定義	2	未具伸臂之固定式起重機，其額定荷重應如何認定？	自吊升荷重扣除吊鉤、抓斗等吊具之重量所得之荷重	自吊升荷重加計吊鉤、抓斗等吊具之重量所得之荷重	自吊升荷重扣除鋼索及捲胴等機械部分之重量所得者	自積載荷重扣除吊鉤、抓斗等吊具之重量所得之荷重	How is the rated load of a fixed crane without a jib determined?	The lifting load minus the weight of hooks, grabs and other lifting gear	The lifting load plus the weight of hooks, grabs and other lifting gear	The lifting load minus the weight of ropes, drums and mechanical parts	The rated carrying load minus the weight of hooks, grabs and lifting gear	a	第6條：未具伸臂之固定式起重機或未具吊桿之人字臂起重桿，額定荷重指自吊升荷重扣除吊鉤、抓斗等吊具之重量所得之荷重。具伸臂者則須再依構造材質、傾斜角、長度及吊運車位置決定最大荷重後扣除吊具重量。	Article 6: rated load equals lifting load less the lifting gear weight.	draft	11		
Q3807	OSH	OSH-42	起重升降機具安全規則	第7條	民國109年8月20日	起重升降-定義	2	具有吊臂之吊籠，其積載荷重應以何種狀態計算？	於水平狀態下，依構造材質於工作台上乘載人員或荷物下降之最大荷重	於最大傾斜角狀態下，依構造材質於工作台上乘載人員或荷物上升之最大荷重	於最小傾斜角狀態下，依構造材質於工作台上乘載人員或荷物上升之最大荷重	於最小傾斜角狀態下，依構造材質於搬器上乘載人員之平均容許荷重	Under what condition is the rated carrying load of a jib-type suspended cage determined?	In the horizontal position, the maximum load lowered on the working platform	At the maximum inclination angle, the maximum load raised on the working platform	At the minimum inclination angle, the maximum load raised on the working platform	At the minimum inclination angle, the average permitted load carried in the car	c	第7條：具有吊臂之吊籠之積載荷重，指於其最小傾斜角狀態下，依其構造、材質，於其工作台上乘載人員或荷物上升之最大荷重。僅供下降使用之吊籠，則指工作台上所能承受之最大荷重。	Article 7 defines rated carrying load for jib-type cages.	draft	11		
Q3808	OSH	OSH-42	起重升降機具安全規則	第8條	民國109年8月20日	起重升降-定義	2	升降機、簡易提升機、營建用提升機或吊籠之額定速率，係指何者？	搬器在積載荷重下，使其上升之最高速率	搬器在吊升荷重下，使其上升之最高速率	搬器在積載荷重下，使其下降之最高速率	搬器在無荷重狀態下，使其上升之平均速率	What is the rated speed for an elevator, hoist or suspended cage?	The maximum ascending speed of the car under the rated carrying load	The maximum ascending speed of the car under the crane lifting load	The maximum descending speed of the car under the rated carrying load	The average ascending speed of the car under a no-load condition	a	第8條：升降機、簡易提升機、營建用提升機或吊籠之額定速率，指搬器在積載荷重下使其上升之最高速率；固定式起重機、移動式起重機或人字臂起重桿則指額定荷重下上升、直行、迴轉或橫行之各該最高速率。	Article 8: rated speed is the maximum ascending speed at rated carrying load.	draft	11		
Q3809	OSH	OSH-42	起重升降機具安全規則	第9條	民國109年8月20日	起重升降-定義	1	本規則所稱容許下降速率之定義為何？	於吊籠工作台上加予相當於吊升荷重之重量，使其下降之最高容許速率	於吊籠工作台上加予相當於積載荷重之重量，使其下降之最高容許速率	於吊籠工作台上加予相當於自重之重量，使其下降之平均容許速率	於升降機搬器上加予相當於積載荷重之重量，使其上升之最高容許速率	How is the permissible descending speed defined?	Maximum permitted descending speed with the crane lifting load on the platform	Maximum permitted descending speed with the rated carrying load on the platform	Average permitted descending speed with only the dead weight on the platform	Maximum permitted ascending speed with the rated carrying load in the car	b	第9條：容許下降速率，指於吊籠工作台上加予相當於積載荷重之重量，使其下降之最高容許速率。吊籠安全檢查構造標準第33條並要求設置在超過容許下降速度一點三倍前能自動控制速度之裝置。	Article 9 defines permissible descending speed for suspended cages.	draft	11		
Q3810	OSH	OSH-42	起重升降機具安全規則	第10條	民國109年8月20日	起重升降-固定式起重機	3	固定式起重機經報經檢查機構放寬至荷重試驗之值時，該荷重試驗值如何計算？紀錄應保存幾年？	額定荷重一點二倍；額定荷重超過二百公噸者為額定荷重加二十公噸；紀錄保存一年	額定荷重一點二五倍；額定荷重超過二百公噸者為額定荷重加五十公噸；紀錄保存三年	額定荷重一點二七倍；額定荷重超過一百公噸者為額定荷重加五十公噸；紀錄保存三年	額定荷重一點五倍；額定荷重超過三百公噸者為額定荷重加五十公噸；紀錄保存五年	How is the load-test value calculated when a fixed crane is permitted to exceed its rated load, and how long are records kept?	1.2 times rated load; over 200 tonnes, rated load plus 20 tonnes; records kept 1 year	1.25 times rated load; over 200 tonnes, rated load plus 50 tonnes; records kept 3 years	1.27 times rated load; over 100 tonnes, rated load plus 50 tonnes; records kept 3 years	1.5 times rated load; over 300 tonnes, rated load plus 50 tonnes; records kept 5 years	b	第10條：固定式起重機不得超過額定荷重，必要時經事先實施荷重試驗並指定作業監督人員後，得報經檢查機構放寬至荷重試驗之值。該值為額定荷重一點二五倍之荷重（額定荷重超過二百公噸者為額定荷重加上五十公噸），荷重試驗紀錄應保存三年。	Article 10: load test value is 1.25 times rated load; records kept three years.	draft	11		
Q3811	OSH	OSH-42	起重升降機具安全規則	第13條	民國109年8月20日	起重升降-固定式起重機	1	雇主對於固定式起重機之構造，應符合何項規定？	移動式起重機安全檢查構造標準	國家標準CNS 13628營建用提升機規定	固定式起重機安全檢查構造標準	升降機安全檢查構造標準之規定	Which standard must the construction of a fixed crane comply with?	The Safety Inspection and Construction Standards for Mobile Cranes	National standard CNS 13628 governing construction site hoists	The Safety Inspection and Construction Standards for Fixed Cranes	The Safety Inspection and Construction Standards for Elevators	c	第13條：雇主對於固定式起重機之構造，應符合固定式起重機安全檢查構造標準。第25條則規定移動式起重機應符合移動式起重機安全檢查構造標準，第98條規定吊籠應符合吊籠安全檢查構造標準。	Article 13 requires compliance with the fixed crane construction standards.	draft	11		
Q3812	OSH	OSH-42	起重升降機具安全規則	第14條	民國109年8月20日	起重升降-固定式起重機	2	雇主對於固定式起重機之使用，就負荷條件應注意何事項？	負荷次數不受限制，僅吊升荷物重量不得超過設計時之負荷條件，並防止鋼索斷裂	負荷次數及吊升荷物重量不得超過設計時之負荷條件，並防止鋼材、接合處或銲接處變形折損	吊升荷物重量得超過設計負荷條件百分之十，但應防止接合處或銲接處變形折損	負荷次數及吊升荷物重量得由操作人員自行判斷，僅須每年檢查鋼材有無破斷	What must be observed regarding the loading conditions of a fixed crane?	Load cycles are unlimited; only load weight must stay within design conditions	Load cycles and load weight must not exceed design conditions, and deformation prevented	Load weight may exceed design conditions by ten per cent if welds are checked	Operators may judge load cycles and weight, with steel checked once each year	b	第14條：雇主應注意固定式起重機之使用，其負荷次數及吊升荷物之重量，不得超過該起重機設計時之負荷條件，並應防止構造部分之鋼材、接合處或銲接處等發生變形、折損或破斷。第26條對移動式起重機有相同要求。	Article 14: load cycles and weights must stay within design conditions.	draft	11		
Q3813	OSH	OSH-42	起重升降機具安全規則	第15條	民國109年8月20日	起重升降-固定式起重機	2	固定式起重機之過捲預防裝置，雇主應調整何處之間距使其符合法定值？	吊具或其捲揚用槽輪上方與捲胴、槽輪及桁架等有碰撞之虞物體下方間	吊具最低位置與捲胴上所留置鋼索捲數之對應位置間之垂直距離	吊具或其捲揚用槽輪下方與地面及軌道等有碰撞之虞物體上方間	駕駛室頂部與建築物水平支撐、樑、橫樑等有碰撞之虞物體下方間	For an over-hoisting prevention device on a fixed crane, which clearance is adjusted?	Between the top of the lifting gear or its sheave and the underside of drums or girders	Between the lowest hook position and the rope turns remaining on the winding drum	Between the bottom of the lifting gear or its sheave and the top of rails or ground	Between the top of the driver cabin and the underside of building beams or supports	a	第15條：固定式起重機之過捲預防裝置，其吊鉤、抓斗等吊具或該吊具之捲揚用槽輪上方，與捲胴、槽輪及桁架等（傾斜伸臂除外）有碰撞之虞物體下方間，應調整間距使符合法定值。構造標準第34條定為零點二五公尺以上，直動式為零點零五公尺以上。	Article 15 concerns the clearance for over-hoisting prevention devices.	draft	11		
Q3814	OSH	OSH-42	起重升降機具安全規則	第16條	民國109年8月20日	起重升降-固定式起重機	3	使用液壓為動力之固定式起重機所裝設之安全閥，應調整在何種壓力即能作用？	額定荷重一點二五倍以下之壓力，伸臂起重機為額定荷重以下者	額定荷重以下之壓力，伸臂起重機為額定荷重最大值以下之壓力	吊升荷重以下之壓力，伸臂起重機為吊升荷重最大值以下之壓力	積載荷重以下之壓力，伸臂起重機為額定荷重最小值以下之壓力	At what pressure must the relief valve of a hydraulic fixed crane operate?	At or below 1.25 times the rated load pressure, or the rated load for jib cranes	At or below the pressure corresponding to the rated load, or its maximum for jib cranes	At or below the pressure corresponding to the lifting load, or its maximum for jib cranes	At or below the rated carrying load pressure, or the minimum rated load for jib cranes	b	第16條：使用液壓為動力之固定式起重機，應裝置防止液壓過度升高之安全閥，並調整在額定荷重（伸臂起重機為額定荷重之最大值）以下之壓力即能作用；但實施荷重試驗及安定性試驗時不在此限。第28條對移動式起重機規定為額定荷重之最大值以下。	Article 16: the relief valve must act at or below rated load pressure.	draft	11		
Q3815	OSH	OSH-42	起重升降機具安全規則	第17條	民國109年8月20日	起重升降-固定式起重機	2	伸臂固定式起重機之伸臂傾斜角有何限制？吊升荷重未滿三公噸者依何標準？	不得超過明細表內記載範圍之百分之八十；未滿三公噸者由操作人員決定	不得超過設計傾斜角之一點二五倍；未滿五公噸者以製造者指定之角度為準	不得超過明細表內記載之範圍；未滿三公噸者以檢查機構指定之傾斜角為準	不得超過明細表內記載之範圍；未滿三公噸者以製造者指定之伸臂傾斜角為準	What limits apply to the jib inclination angle of a jib-type fixed crane?	It may not exceed eighty per cent of the sheet range; under 3 t, the operator decides	It may not exceed 1.25 times the design angle; under 5 t, the maker sets the angle	It may not exceed the range in the specification sheet; under 3 t, the inspection body sets it	It may not exceed the range in the crane specification sheet; under 3 t, the maker sets it	d	第17條：伸臂固定式起重機之使用，伸臂之傾斜角不得超過該起重機明細表內記載之範圍；但吊升荷重未滿三公噸者，以製造者指定之伸臂傾斜角為準。第33條對移動式起重機、第45條對人字臂起重桿有相同規定。	Article 17 limits jib inclination to the specification sheet range.	draft	11		
Q3816	OSH	OSH-42	起重升降機具安全規則	第18條	民國109年8月20日	起重升降-固定式起重機	1	雇主對於固定式起重機之額定荷重標示，應如何辦理？	於機身明顯易見處標示製造年月，並使檢查機構人員周知即可	於吊鉤上標示積載荷重，並使廠內所有勞工均簽名確認知悉	於機身明顯易見處標示額定荷重，並使操作人員及吊掛作業者周知	於駕駛室內側標示吊升荷重，並僅使操作人員一人知悉即可	How must the rated load of a fixed crane be displayed?	Marked conspicuously as the date of manufacture and made known to inspectors	Marked on the hook as rated carrying load and signed for by all plant workers	Marked conspicuously on the crane body and made known to operators and slingers	Marked inside the cabin as lifting load and made known only to the single operator	c	第18條：雇主對於固定式起重機，應於其機身明顯易見處標示其額定荷重，並使操作人員及吊掛作業者周知。額定荷重隨作業半徑改變之伸臂起重機，得標示最大作業半徑之額定荷重，並於操作室張貼荷重表及置備攜帶式荷重表。	Article 18 requires conspicuous marking of the rated load.	draft	11		
Q3817	OSH	OSH-42	起重升降機具安全規則	第21條	民國109年8月20日	起重升降-固定式起重機	2	纜索固定式起重機作業時，為防止鋼索破損飛落或震脫彈出，應禁止人員進入何處？	駕駛室後方之機械室通道側	有發生危害之虞之鋼索內角側	有發生危害之虞之鋼索外角側	起重機軌道兩端之緩衝裝置處	During cable crane work, which area must personnel be kept out of?	The machine room passage behind the operator driving cabin	The inner angle side of the wire ropes where hazards may occur	The outer angle side of the wire ropes where hazards may occur	The buffer device area at both ends of the crane travel rails	b	第21條：雇主於固定式起重機作業時，應採取防止人員進入吊舉物下方及吊舉物通過人員上方之設備或措施；於纜索固定式起重機作業時，為防止捲上用、橫行用鋼索通過槽輪或安裝部分發生破損飛落或震脫彈出，應禁止人員進入有發生危害之虞之鋼索內角側。	Article 21 prohibits entry to the inner angle side of the ropes.	draft	11		
Q3818	OSH	OSH-42	起重升降機具安全規則	第23條	民國109年8月20日	起重升降-移動式起重機	1	雇主對於移動式起重機之使用，關於荷重之基本限制為何？	不得超過吊升荷重，但得經檢查機構放寬	不得超過積載荷重，但得經雇主同意放寬	不得超過額定荷重一點二五倍之荷重試驗值	不得超過額定荷重，本條並未設放寬規定	What is the basic load limit for using a mobile crane?	It must not exceed the lifting load, but inspection bodies may relax it	It must not exceed the rated carrying load unless the employer agrees	It must not exceed the load-test value of 1.25 times the rated load	It must not exceed the rated load; no relaxation is provided here	d	第23條：雇主對於移動式起重機之使用，不得超過額定荷重。與第10條固定式起重機及第41條人字臂起重桿不同，移動式起重機並無報經檢查機構放寬至荷重試驗值之例外規定。	Article 23: mobile cranes must never exceed the rated load.	draft	11		
Q3819	OSH	OSH-42	起重升降機具安全規則	第24條	民國109年8月20日	起重升降-移動式起重機	3	中型移動式起重機設置完成時應實施之荷重試驗及安定性試驗，其荷重倍數各為何？	荷重試驗為額定荷重一點二七倍，安定性試驗為額定荷重一點二五倍	荷重試驗為吊升荷重一點二五倍，安定性試驗為吊升荷重一點三倍	荷重試驗為額定荷重一點二倍，安定性試驗為額定荷重一點五倍	荷重試驗為額定荷重一點二五倍，安定性試驗為額定荷重一點二七倍	What load multiples apply to the load test and stability test of a medium mobile crane?	Load test at 1.27 times rated load and stability test at 1.25 times rated load	Load test at 1.25 times lifting load and stability test at 1.3 times lifting load	Load test at 1.2 times rated load and stability test at 1.5 times rated load	Load test at 1.25 times rated load and stability test at 1.27 times rated load	d	第24條：中型移動式起重機設置完成時，應實施荷重試驗及安定性試驗。荷重試驗為額定荷重一點二五倍之荷重置於吊具上實施吊升、直行、旋轉或必要之走行等動作；安定性試驗為最不利安定條件下置於吊具上之額定荷重一點二七倍荷重。試驗紀錄應保存三年。	Article 24 sets 1.25 and 1.27 multiples respectively.	draft	11		
Q3820	OSH	OSH-42	起重升降機具安全規則	第25條	民國109年8月20日	起重升降-移動式起重機	1	雇主對於移動式起重機之構造，應符合何項規定？	吊籠安全檢查構造標準之相關規定	國家標準CNS 13627升降機相關規定	移動式起重機安全檢查構造標準	固定式起重機安全檢查構造標準	Which standard must a mobile crane comply with in construction?	The Safety Inspection and Construction Standards for Suspended Cages	National standard CNS 13627 relating to passenger elevators	The Safety Inspection and Construction Standards for Mobile Cranes	The Safety Inspection and Construction Standards for Fixed Cranes	c	第25條：雇主對於移動式起重機之構造，應符合移動式起重機安全檢查構造標準。相對地第13條規定固定式起重機應符合固定式起重機安全檢查構造標準。	Article 25 requires compliance with the mobile crane standards.	draft	11		
Q3821	OSH	OSH-42	起重升降機具安全規則	第26條	民國109年8月20日	起重升降-移動式起重機	2	移動式起重機使用時，雇主對其設計負荷條件應注意何者？	負荷次數及吊升荷物重量得超過設計負荷條件，但應加強鋼材防蝕塗裝措施	負荷次數及吊升荷物重量不得超過設計時之負荷條件，並防止鋼材及銲接處變形破斷	僅吊升荷物重量不得超過設計時之負荷條件，負荷次數不列入管制範圍	負荷次數由製造者決定，吊升荷物重量則以檢查機構核定之值為上限	What must be observed about a mobile crane design loading condition?	Cycles and weight may exceed design conditions if anti-corrosion coating is applied	Load cycles and load weight must stay within design conditions, preventing deformation	Only the load weight must stay within design conditions; cycles are not controlled	The maker sets the load cycles and the inspection body caps the load weight	b	第26條：雇主應注意移動式起重機使用時，其負荷次數及吊升荷物之重量，不得超過該起重機設計時之負荷條件，並應防止起重機構造部分之鋼材、接合處或銲接處等發生變形、折損或破斷。	Article 26 mirrors Article 14 for mobile cranes.	draft	11		
Q3822	OSH	OSH-42	起重升降機具安全規則	第27條	民國109年8月20日	起重升降-移動式起重機	2	移動式起重機之過捲預防裝置及過捲警報裝置，應調整何處之間距？	伸臂前端槽輪上方與駕駛室頂蓋及其他有碰撞之虞物體下方間	吊具或其捲揚用槽輪下方與外伸撐座及其他有碰撞之虞物體上方間	吊具最低位置與起伏裝置捲胴上留置鋼索捲數之對應位置間	吊具或其捲揚用槽輪上方與伸臂前端槽輪及其他有碰撞之虞物體下方間	Which clearance must be adjusted for a mobile crane over-hoisting device?	Between the top of the jib head sheave and the underside of the operator cabin roof	Between the bottom of the lifting gear or its sheave and the top of the outriggers	Between the lowest hook position and the rope turns left on the luffing device drum	Between the top of the lifting gear or its sheave and the underside of the jib head sheave	d	第27條：移動式起重機之過捲預防裝置及過捲警報裝置，其吊鉤、抓斗等吊具或該吊具之捲揚用槽輪上方，與伸臂前端槽輪及其他有碰撞之虞物體（傾斜之伸臂除外）下方間，應調整間距使符合法定值。	Article 27 concerns the over-hoisting clearance on mobile cranes.	draft	11		
Q3823	OSH	OSH-42	起重升降機具安全規則	第28條	民國109年8月20日	起重升降-移動式起重機	2	使用液壓為動力之移動式起重機，其安全閥應調整在何種壓力即能作用？	吊升荷重之最大值以下之壓力	額定荷重之最大值以下之壓力	額定荷重之最小值以下之壓力	積載荷重之最大值以下之壓力	At what pressure must a hydraulic mobile crane relief valve operate?	At or below the pressure corresponding to the maximum lifting load	At or below the pressure corresponding to the maximum rated load	At or below the pressure corresponding to the minimum rated load	At or below the pressure corresponding to the maximum carrying load	b	第28條：使用液壓為動力之移動式起重機，應裝置防止液壓過度升高用之安全閥，此安全閥應調整在額定荷重之最大值以下之壓力即能作用；但實施荷重試驗及安定性試驗時，不在此限。	Article 28: the valve acts at or below the maximum rated load pressure.	draft	11		
Q3824	OSH	OSH-42	起重升降機具安全規則	第30條	民國109年8月20日	起重升降-移動式起重機	2	移動式起重機作業範圍有地盤軟弱致有翻倒之虞時，雇主應如何處理？	得繼續作業，但應將外伸撐座縮回至最小寬度以降低翻倒力矩之影響	不得使用該起重機作業，但鋪設具充分強度及足夠面積之鐵板或墊料可防止翻倒者除外	不得使用該起重機作業，且任何補強措施均不得作為繼續作業之依據	得繼續作業，但應將吊掛荷重降為額定荷重之二分之一並指派監視人員	What must be done when soft ground makes a mobile crane liable to overturn?	Work may continue if the outriggers are retracted to their narrowest span setting	Work is prohibited unless steel plates or mats of adequate strength prevent overturning	Work is prohibited absolutely and no reinforcement measure can permit continuing	Work may continue if the load is halved and a watch person is assigned to the job	b	第30條：移動式起重機在其作業範圍有地盤軟弱、埋設脆弱地下物或路肩崩塌等情形致有翻倒之虞者，不得使用該起重機從事作業；但在其下方鋪設具有充分強度及足夠面積之鐵板或墊料等可防止翻倒者，不在此限。第31條並要求確認外伸撐座支撐已置於鐵板中央範圍。	Article 30 prohibits work on unstable ground unless reinforced.	draft	11		
Q3825	OSH	OSH-42	起重升降機具安全規則	第31條	民國109年8月20日	起重升降-移動式起重機	2	使用外伸撐座之移動式起重機，其下方鋪有鐵板或墊料時，雇主應先確認何事項？	鐵板或墊料已與地面以錨栓固定並由作業監督人員填寫檢點表	外伸撐座之支撐已置放於鐵板或墊料之邊緣以增加接觸摩擦效果	外伸撐座之支撐已置放於鐵板或墊料之中央範圍或不致翻倒之位置	鐵板或墊料之厚度已達五公分以上並經檢查機構人員簽認合格	What must be confirmed when steel plates are laid under crane outriggers?	That the plates are anchored to the ground and a checklist has been completed	That the outrigger pads rest on the plate edges to increase contact friction	That the outrigger pads rest within the central area of the plates or a safe position	That the plates are at least five centimetres thick and certified by an inspector	c	第31條：使用外伸撐座之移動式起重機，其下方鋪有鐵板或墊料時，應先確認該外伸撐座之支撐已置放於鐵板或墊料之中央範圍，或位於不致造成該起重機有翻倒之虞之位置。	Article 31 requires outrigger pads to sit centrally on the plates.	draft	11		
Q3826	OSH	OSH-42	起重升降機具安全規則	第33條	民國109年8月20日	起重升降-移動式起重機	2	具有伸臂之移動式起重機，其伸臂傾斜角之限制為何？	不得超過該起重機明細表內記載之範圍；吊升荷重未滿三公噸者以製造者指定者為準	不得超過該起重機明細表內記載之範圍；吊升荷重未滿五公噸者由操作人員決定	不得超過設計最大傾斜角之百分之九十；吊升荷重未滿三公噸者不受任何限制	不得超過檢查機構核定之傾斜角範圍；吊升荷重未滿一公噸者以雇主指定者為準	What limits the jib inclination angle of a mobile crane?	The range stated in the specification sheet; below 3 tonnes the maker sets the angle	The range stated in the specification sheet; below 5 tonnes the operator decides	Ninety per cent of the design maximum angle; below 3 tonnes there is no limit	The range approved by the inspection body; below 1 tonne the employer sets it	a	第33條：具有伸臂之移動式起重機之使用，伸臂之傾斜角不得超過該起重機明細表內記載之範圍；但吊升荷重未滿三公噸者，以製造者指定之伸臂傾斜角為準。移動式起重機安全檢查構造標準第32條並要求設置傾斜角指示裝置。	Article 33 mirrors Article 17 for mobile cranes.	draft	11		
Q3827	OSH	OSH-42	起重升降機具安全規則	第34條	民國109年8月20日	起重升降-移動式起重機	1	移動式起重機之額定荷重隨作業半徑改變者，雇主得採取何種標示方式？	標示最大作業半徑之額定荷重，並於操作室張貼荷重表及置備攜帶式荷重表	免予標示額定荷重，改由操作人員每次作業前口頭告知吊掛作業者	標示平均作業半徑之積載荷重，並於吊鉤上懸掛標示牌供吊掛者查閱	標示最小作業半徑之額定荷重，並僅於機身外側噴漆註記吊升荷重數值	How may rated load be shown when it varies with the working radius?	Show the rated load at maximum radius and post a load chart in the operating cabin	Omit the marking and have the operator tell the slinger before each lift	Show the average radius carrying load and hang a plate on the crane hook	Show the rated load at minimum radius and spray the lifting load on the body	a	第34條：雇主對於移動式起重機，應於其機身明顯易見處標示其額定荷重，並使操作人員及吊掛作業者周知；額定荷重隨作業半徑而改變者，得標示最大作業半徑之額定荷重，並採取於操作室張貼荷重表及置備攜帶式荷重表等措施。	Article 34 allows marking at the maximum working radius plus load charts.	draft	11		
Q3828	OSH	OSH-42	起重升降機具安全規則	第35條	民國109年8月20日	起重升降-移動式起重機	3	移動式起重機例外以搭乘設備吊升勞工時，搭乘設備連同人員之最大荷重上限及高處作業之限制為何？	不得超過作業半徑所對應額定荷重之百分之八十；垂直高度超過十公尺禁用直結式搭乘設備	不得超過作業半徑所對應吊升荷重之百分五十；垂直高度超過三十公尺禁用直結式搭乘設備	不得超過作業半徑所對應額定荷重之百分之三十；垂直高度超過二十公尺應加派監視人員	不得超過作業半徑所對應額定荷重之百分五十；垂直高度超過二十公尺禁用直結式搭乘設備	What limits apply when a mobile crane exceptionally lifts workers in a carrier?	Max 80 per cent of the rated load at that radius; no direct-coupled carrier above 10 m	Max 50 per cent of the lifting load at that radius; no direct-coupled carrier above 30 m	Max 30 per cent of the rated load at that radius; a watch person is added above 20 m	Max 50 per cent of the rated load at that radius; no direct-coupled carrier above 20 m	d	第35條：移動式起重機以吊物為限，例外採防止墜落措施者，搭乘設備自重加上搭乘者、積載物之最大荷重不得超過該起重機作業半徑所對應額定荷重之百分五十，且垂直高度超過二十公尺之高處作業禁止使用直結式搭乘設備，但設有無線電通訊聯絡及作業監視或預防碰撞警報裝置者不在此限。	Article 35 caps the carrier load at 50 per cent of the rated load.	draft	11		
Q3829	OSH	OSH-42	起重升降機具安全規則	第36條	民國109年8月20日	起重升降-移動式起重機	3	移動式起重機所用搭乘設備之扶手高度及懸吊用鋼索安全係數規定為何？	周圍設高度一百二十公分以上扶手並設中欄杆及腳趾板；懸吊用鋼索安全係數應在四以上	周圍設高度七十五公分以上扶手並設中欄杆及腳趾板；懸吊用鋼索安全係數應在六以上	周圍設高度九十公分以上扶手並設中欄杆及腳趾板；懸吊用鋼索安全係數應在十以上	周圍設高度九十公分以上扶手但免設中欄杆及腳趾板；懸吊用鋼索安全係數應在五以上	What handrail height and rope safety factor apply to a crane worker carrier?	Handrails at least 120 cm high with mid-rails and toe boards; rope safety factor 4 or more	Handrails at least 75 cm high with mid-rails and toe boards; rope safety factor 6 or more	Handrails at least 90 cm high with mid-rails and toe boards; rope safety factor 10 or more	Handrails at least 90 cm high without mid-rails or toe boards; rope safety factor 5 or more	c	第36條：搭乘設備應有足夠強度且材料無損傷變形腐蝕；周圍設置高度九十公分以上之扶手，並設中欄杆及腳趾板；懸吊用鋼索或鋼線之安全係數應在十以上，吊鏈、吊帶及其支點之安全係數應在五以上；並應標示自重及最大荷重。	Article 36 sets 90 cm handrails and a rope safety factor of ten.	draft	11		
Q3830	OSH	OSH-42	起重升降機具安全規則	第37條	民國109年8月20日	起重升降-移動式起重機	2	移動式起重機從事垂直高度二十公尺以下之高處作業時，第三十五條第一項但書之適用為何？	不適用該但書規定，但使用道路或鄰接道路作業者，不在此限	不適用該但書規定，且使用道路或鄰接道路作業者亦一律不適用	仍完全適用該但書規定，且使用道路作業者亦得依該但書辦理	僅於垂直高度十公尺以下者不適用，超過十公尺者一律得適用	How does the Article 35 proviso apply to mobile crane work below 20 metres height?	The proviso does not apply, except for work on or adjoining a public road	The proviso does not apply, and road or adjoining road work is also excluded	The proviso still fully applies, and road work may also rely on that proviso	Only work below 10 metres is excluded; above 10 metres the proviso applies	a	第37條：移動式起重機從事垂直高度二十公尺以下之高處作業，不適用第三十五條第一項但書規定；但使用道路或鄰接道路作業者，不在此限。換言之低於二十公尺原則上不得以起重機搭載人員，惟道路作業情形另有考量。	Article 37 disapplies the proviso below 20 metres except for road work.	draft	11		
Q3831	OSH	OSH-42	起重升降機具安全規則	第38條	民國109年8月20日	起重升降-移動式起重機	3	移動式起重機吊掛搭乘設備載人作業時，設計簽認效期及試吊測試之規定為何？	委託認可專業機構簽認效期最長二年；試吊升至最大作業高度保持五分鐘以上確認平衡	委託認可專業機構簽認效期最長一年；試吊升至最大作業高度保持一分鐘以上確認平衡	委託檢查機構簽認效期最長二年；試吊升至一半作業高度保持十分鐘以上確認平衡	委託認可專業機構簽認效期最長五年；試吊升至最大作業高度保持三分鐘以上確認平衡	What certification period and trial lift requirements apply to crane man-riding work?	Certification by an approved body valid up to 2 years; trial lift held at least 5 minutes	Certification by an approved body valid up to 1 year; trial lift held at least 1 minute	Certification by the inspection body valid up to 2 years; trial lift held at least 10 minutes	Certification by an approved body valid up to 5 years; trial lift held at least 3 minutes	a	第38條：搭乘設備及懸掛裝置應委託中央主管機關認可之專業機構簽認，效期最長二年，效期屆滿或構造變更應重新簽認；載人作業前應以預期最大荷重之荷物試吊，吊升至最大作業高度保持五分鐘以上確認平衡性及安全性，起重機移設位置者應重新試吊。作業時具外伸撐座者應全部伸出且不得走行。	Article 38: two-year certification and a five-minute trial lift.	draft	11		
Q3832	OSH	OSH-42	起重升降機具安全規則	第39條	民國109年8月20日	起重升降-移動式起重機	2	移動式起重機作業時，為防止上部旋轉體之旋轉動作引起碰撞危害，應採何措施？	僅須於上部旋轉體外緣張貼警告標示並設置反光標識	禁止人員進入有發生碰撞危害之虞之起重機作業範圍內	禁止人員進入有發生碰撞危害之虞之鋼索內角側範圍內	僅須指派一名指揮人員於旋轉半徑外以手勢引導作業	How must collision hazards from a mobile crane superstructure slewing be prevented?	Merely post warning signs and reflective markers on the slewing body edge	Prohibit entry into the crane working range where collision hazards may occur	Prohibit entry into the inner angle side of the ropes where hazards may occur	Merely assign one signaller outside the slewing radius to guide by hand signals	b	第39條：雇主於移動式起重機作業時，應採取防止人員進入吊舉物下方及吊舉物通過人員上方之設備或措施；並為防止上部旋轉體之旋轉動作引起碰撞危害，應禁止人員進入有發生碰撞危害之虞之起重機作業範圍內。	Article 39 prohibits entry into the slewing collision range.	draft	11		
Q3833	OSH	OSH-42	起重升降機具安全規則	第41條	民國109年8月20日	起重升降-人字臂起重桿	3	人字臂起重桿經報經檢查機構放寬時，其荷重試驗值及紀錄保存期間為何？	額定荷重一點二七倍，超過二百公噸者為額定荷重加五十公噸；紀錄保存三年	額定荷重一點五倍，超過二百公噸者為額定荷重加一百公噸；紀錄保存五年	額定荷重一點二五倍，超過一百公噸者為額定荷重加三十公噸；紀錄保存二年	額定荷重一點二五倍，超過二百公噸者為額定荷重加五十公噸；紀錄保存三年	What load-test value and record period apply when a derrick load limit is relaxed?	1.27 times rated load, or rated load plus 50 t above 200 t; records kept three years	1.5 times rated load, or rated load plus 100 t above 200 t; records kept five years	1.25 times rated load, or rated load plus 30 t above 100 t; records kept two years	1.25 times rated load, or rated load plus 50 t above 200 t; records kept three years	d	第41條：人字臂起重桿不得超過額定荷重，必要時經事先實施荷重試驗確認無異狀並指定作業監督人員後，得報經檢查機構放寬至荷重試驗之值。該值為額定荷重一點二五倍（額定荷重超過二百公噸者為額定荷重加五十公噸），實施吊升、旋轉及吊桿起伏等動作，紀錄保存三年。	Article 41 mirrors Article 10 for derricks.	draft	11		
Q3834	OSH	OSH-42	起重升降機具安全規則	第42條	民國109年8月20日	起重升降-人字臂起重桿	2	中型人字臂起重桿設置完成時，應實施何種試驗？其荷重為何？	應實施荷重試驗及安定性試驗，分別以額定荷重一點二五倍及一點二七倍實施	應實施荷重試驗，以吊升荷重一點二倍之荷重實施直行及吊運車橫行動作	應實施安定性試驗，以額定荷重一點二七倍之荷重實施吊升及吊桿起伏動作	應實施荷重試驗，以額定荷重一點二五倍之荷重實施吊升、旋轉及吊桿起伏動作	What test is required when a medium derrick is newly installed?	Both a load test at 1.25 times and a stability test at 1.27 times the rated load	A load test at 1.2 times lifting load covering travelling and trolley traversing	A stability test at 1.27 times rated load covering hoisting and boom luffing	A load test at 1.25 times rated load covering hoisting, slewing and boom luffing	d	第42條：雇主於中型人字臂起重桿設置完成時，應實施荷重試驗，確認安全後方得使用。荷重試驗指將相當於額定荷重一點二五倍之荷重置於吊具上，實施吊升、旋轉及吊桿之起伏等動作之試驗；試驗紀錄應保存三年。與中型固定式起重機不同，本條未要求安定性試驗。	Article 42 requires only a 1.25 times load test for medium derricks.	draft	11		
Q3835	OSH	OSH-42	起重升降機具安全規則	第43條	民國109年8月20日	起重升降-人字臂起重桿	2	人字臂起重桿之吊升裝置及起伏裝置應設過捲預防裝置，何種情形不在此限？	主柱長度未滿十二公尺之吊升及起伏裝置	吊升荷重未滿三公噸之吊升裝置及起伏裝置	使用液壓為動力之吊升裝置及起伏裝置者	使用絞車為動力之吊升裝置及起伏裝置者	Which derrick hoisting or luffing device is exempt from an over-hoisting device?	Those whose main mast is shorter than twelve metres in length	Those with a lifting load of less than three tonnes in total	Those powered by hydraulic pressure as the driving power	Those powered by a winch as the source of driving power	d	第43條：雇主對於人字臂起重桿之吊升裝置及起伏裝置，應設過捲預防裝置；但使用絞車為動力之吊升裝置及起伏裝置者，不在此限。第44條並定其間距為零點二五公尺以上，直動式為零點零五公尺以上。	Article 43 exempts winch-powered hoisting and luffing devices.	draft	11		
Q3836	OSH	OSH-42	起重升降機具安全規則	第45條	民國109年8月20日	起重升降-人字臂起重桿	1	具有吊桿之人字臂起重桿，其吊桿傾斜角之限制為何？	不得超過檢查機構核定之傾斜角範圍，未滿五公噸者依作業主管指定	不得超過該起重桿明細表內記載之範圍，吊升荷重未滿三公噸者不受限制	不得超過該起重桿設計傾斜角之一點二五倍，未滿三公噸者依雇主指定	不得超過該起重桿明細表內記載之範圍，吊升荷重未滿三公噸者依製造者指定	What limits the boom inclination angle of a derrick with a boom?	The range approved by the inspection body; under 5 tonnes the supervisor decides	The range in the derrick specification sheet; under 3 tonnes there is no limit	1.25 times the design inclination angle; under 3 tonnes the employer specifies it	The range in the derrick specification sheet; under 3 tonnes the maker specifies it	d	第45條：具有吊桿之人字臂起重桿之使用，吊桿傾斜角不得超過該人字臂起重桿明細表內記載之範圍；但吊升荷重未滿三公噸者，以製造者指定之傾斜角為準。第55條並要求設置吊桿傾斜角之指示裝置。	Article 45 mirrors Article 17 for derrick booms.	draft	11		
Q3837	OSH	OSH-42	起重升降機具安全規則	第46條	民國109年8月20日	起重升降-人字臂起重桿	2	人字臂起重桿除標示額定荷重外，應以銘牌標示哪些事項？	製造者名稱、製造年月及吊升荷重	製造者地址、購置年月及容許下降速率	製造者名稱、檢查合格日期及積載荷重	進口廠商名稱、製造年月及額定速率	Besides the rated load, what must a derrick nameplate show?	The maker name, the year and month of manufacture, and the lifting load	The maker address, the year and month of purchase, and the descent speed	The maker name, the inspection pass date, and the rated carrying load	The importer name, the year and month of manufacture, and the rated speed	a	第46條：雇主應於人字臂起重桿機身明顯易見處標示額定荷重並使操作人員及吊掛作業者周知；該起重桿並應以銘牌標示製造者名稱、製造年月及吊升荷重。固定式起重機安全檢查構造標準第66條有相同之銘牌規定。	Article 46 requires maker, manufacture date and lifting load.	draft	11		
Q3838	OSH	OSH-42	起重升降機具安全規則	第47條	民國109年8月20日	起重升降-人字臂起重桿	1	人字臂起重桿是否得乘載或吊升勞工從事作業？	以吊物為限，不得乘載或吊升勞工從事作業，本條未設但書	原則不得，但於臨時性、短時間作業並指派監督人員者得為之	原則不得，但採取防止墜落措施並經檢查機構核准者得為之	得乘載勞工，惟搭乘設備最大荷重不得超過額定荷重百分五十	May a derrick be used to carry or lift workers?	No; it is limited to goods and this Article provides no exception at all	In principle no, but temporary short work with a supervisor assigned is allowed	In principle no, but it is allowed with fall protection approved by inspectors	Yes, provided the carrier load stays below fifty per cent of the rated load	a	第47條：雇主對於人字臂起重桿之使用，以吊物為限，不得乘載或吊升勞工從事作業。與第19條固定式起重機及第35條移動式起重機不同，本條並未設有採取防止墜落措施即得例外載人之但書。	Article 47 bans man-riding on derricks without exception.	draft	11		
Q3839	OSH	OSH-42	起重升降機具安全規則	第48條	民國109年8月20日	起重升降-人字臂起重桿	2	人字臂起重桿作業時，為防止鋼索震脫或槽輪飛落等危險，應禁止人員進入何處？	有發生危害之虞之鋼索外角側	主桿基座周圍五公尺之範圍內	有發生危害之虞之鋼索內角側	拉條固定錨附近之地面作業區	During derrick work, which area must be kept clear of personnel?	The outer angle side of the ropes where hazards may occur	The area within five metres around the derrick mast base	The inner angle side of the ropes where hazards may occur	The ground working area near the guy rope anchor fittings	c	第48條：雇主於人字臂起重桿作業時，應採取防止人員進入吊舉物下方及吊舉物通過人員上方之設備或措施；並為防止鋼索震脫、槽輪或其他安裝部分飛落等危險，應禁止人員進入有發生危害之虞之鋼索內角側。	Article 48 prohibits entry to the inner angle side of the ropes.	draft	11		
Q3840	OSH	OSH-42	起重升降機具安全規則	第49條	民國109年8月20日	起重升降-人字臂起重桿	2	設置於屋外之人字臂起重桿，瞬間風速有超過每秒幾公尺之虞時應採取吊桿固定措施？	每秒二十公尺，應將吊桿拆卸並存放於地面安全處所	每秒三十公尺，應將吊桿固定緊縛於主桿或地面固定物	每秒三十公尺，應將吊桿放置於水平位置並鬆開拉條	每秒十六公尺，應將吊桿固定緊縛於主桿或地面固定物	At what instantaneous wind speed must an outdoor derrick boom be secured?	20 metres per second; the boom is dismantled and stored safely on the ground	30 metres per second; the boom is lashed to the mast or a ground anchorage	30 metres per second; the boom is laid horizontal and the guys are slackened	16 metres per second; the boom is lashed to the mast or a ground anchorage	b	第49條：設置於屋外之人字臂起重桿，瞬間風速有超過每秒三十公尺之虞時，為預防吊桿動搖致起重桿破損，應採取吊桿固定緊縛於主桿或地面固定物等必要措施；並規定吊有荷重時操作人員不得擅離操作位置，惡劣氣候時應禁止工作。	Article 49 requires securing the boom above 30 m/s gusts.	draft	11		
Q3841	OSH	OSH-42	起重升降機具安全規則	第50條	民國109年8月20日	起重升降-人字臂起重桿	3	牽索人字臂起重桿及單索人字臂起重桿之拉條數各應為多少？	牽索式八條以上，單索式四條以上	牽索式四條以上，單索式二條以上	牽索式三條以上，單索式六條以上	牽索式六條以上，單索式三條以上	How many guys are required for guy derricks and for stiff-leg single derricks?	Eight or more for guy derricks and four or more for single derricks	Four or more for guy derricks and two or more for single derricks	Three or more for guy derricks and six or more for single derricks	Six or more for guy derricks and three or more for single derricks	d	第50條：人字臂起重桿之拉條，牽索人字臂起重桿之拉條數為六條以上，單索人字臂起重桿為三條以上；拉條不得接近架空電路，以鋼索為拉條時應以鋏、鬆緊螺旋扣、套管等金屬具緊結於支柱或固定錨，並有防止螺旋扣扭轉鬆脫之措施。	Article 50: six guys for guy derricks, three for single derricks.	draft	11		
Q3842	OSH	OSH-42	起重升降機具安全規則	第51條	民國109年8月20日	起重升降-人字臂起重桿	2	人字臂起重桿主柱長度超過多少公尺應設攀登梯？其踏板間隔規定為何？	超過二十公尺應設攀登梯，踏板間隔二十五公分以上三十五公分以下	超過三十公尺應設攀登梯，踏板間隔二十五公分以上三十五公分以下	超過二十公尺應設攀登梯，踏板間隔三十五公分以上四十五公分以下	超過十五公尺應設攀登梯，踏板間隔二十公分以上三十公分以下	Above what mast length is a derrick ladder required, and what rung spacing applies?	Above 20 metres; rungs spaced at least 25 cm and not more than 35 cm apart	Above 30 metres; rungs spaced at least 25 cm and not more than 35 cm apart	Above 20 metres; rungs spaced at least 35 cm and not more than 45 cm apart	Above 15 metres; rungs spaced at least 20 cm and not more than 30 cm apart	a	第51條：主柱長度超過二十公尺之人字臂起重桿應設攀登梯；踏板應等距離設置，間隔在二十五公分以上三十五公分以下，踏板與吊桿及其他最近固定物間之水平距離應在十五公分以上，踏板未設側木者應有防止足部橫滑之構造。	Article 51: ladders above 20 m masts with 25 to 35 cm rung spacing.	draft	11		
Q3843	OSH	OSH-42	起重升降機具安全規則	第52條	民國109年8月20日	起重升降-人字臂起重桿	2	人字臂起重桿之吊升裝置及起伏裝置所設制動裝置，應具備何種功能？	應設起重桿吊桿傾斜角過大時能自動回復水平之設備，人力操作除外	應設起重桿動力被遮斷時能自動釋放荷重之設備，人力操作者亦適用	應設起重桿超過額定荷重時能自動遮斷動力之設備，人力操作者除外	應設起重桿動力被遮斷時能自行制動之設備，但以人力操作者不在此限	What function must the brake on a derrick hoisting or luffing device have?	It must restore the boom to horizontal when the angle is excessive, except manual	It must release the load automatically when power is cut, including manual ones	It must cut off power automatically when the rated load is exceeded, except manual	It must brake automatically when power is cut off, except for manually operated ones	d	第52條：雇主對於人字臂起重桿之吊升裝置及起伏裝置，應設控制荷重或吊桿下降所必要之制動裝置；該制動裝置應設起重桿動力被遮斷時能自行制動之設備，但以人力操作者不在此限。	Article 52 requires self-braking when power is interrupted.	draft	11		
Q3844	OSH	OSH-42	起重升降機具安全規則	第53條	民國109年8月20日	起重升降-人字臂起重桿	2	人字臂起重桿之鋼索與捲胴、吊桿、有鉤滑車等之連結，應以何種方法緊結？	以電焊將鋼索端部熔接於捲胴或吊桿上予以固定	以纖維索綑綁後再加設一道鐵絲纏繞予以固定	以灌注合金或使用銷、壓夾、栓銷等方法緊結	以鋼索自身打結後回穿三次形成編結環首固定	How must derrick ropes be secured to drums, booms and hook blocks?	By electrically welding the rope end onto the drum or the boom member	By binding with fibre rope and adding a further wrapping of steel wire	By poured alloy sockets or by pins, swage clamps or cotter pin methods	By knotting the rope on itself and tucking it back three times as an eye	c	第53條：雇主對於人字臂起重桿之鋼索與吊升裝置之捲胴、吊桿、有鉤滑車等之連結，應以灌注合金或使用銷、壓夾、栓銷等方法緊結之。固定式起重機安全檢查構造標準第31條亦規定使用合金套筒、壓夾或栓銷等方法。	Article 53 requires alloy sockets, pins or clamps.	draft	11		
Q3845	OSH	OSH-42	起重升降機具安全規則	第54條	民國109年8月20日	起重升降-人字臂起重桿	2	人字臂起重桿之捲揚用鋼索及吊桿起伏用鋼索，於最低位置時應留置幾捲於捲胴上？	均應有三捲以上鋼索留置於各該裝置之捲胴上	均應有二捲以上鋼索留置於各該裝置之捲胴上	捲揚用二捲以上，起伏用則不須留置任何捲數	捲揚用五捲以上，起伏用應有二捲以上留置之	How many rope turns must remain on the drums at the lowest position?	At least three turns must remain on the drum of each respective device	At least two turns must remain on the drum of each respective device	Two turns for hoisting rope, while luffing rope needs no turns at all	Five turns for hoisting rope and at least two turns for luffing rope	b	第54條：人字臂起重桿捲揚用鋼索，當吊具置於最低位置時，應有二捲以上鋼索留置於吊升裝置之捲胴上；吊桿起伏用鋼索，當吊桿置於最低位置時，應有二捲以上鋼索留置於起伏裝置之捲胴上。	Article 54 requires at least two remaining turns on each drum.	draft	11		
Q3846	OSH	OSH-42	起重升降機具安全規則	第55條	民國109年8月20日	起重升降-人字臂起重桿	1	具有起伏動作之人字臂起重桿，應於操作人員易見處設置何種裝置？	吊鉤高度之數位顯示裝置，以防止碰撞主桿	吊桿長度之自動量測裝置，以防止過捲操作	吊桿傾斜角之指示裝置，以防止過負荷操作	風速之即時監測裝置，以防止強風時之作業	What device must be provided in view of the operator of a luffing derrick?	A digital hook height display device, to prevent striking the mast	A boom length automatic measuring device, to prevent over-hoisting	A boom inclination angle indicator, to prevent overload operation	A real-time wind speed monitor, to prevent work in strong winds	c	第55條：雇主對於具有起伏動作之人字臂起重桿，應於操作人員易見處設置吊桿傾斜角之指示裝置，以防止過負荷操作。固定式起重機安全檢查構造標準第36條及移動式起重機安全檢查構造標準第32條亦有相同要求。	Article 55 requires a boom angle indicator.	draft	11		
Q3847	OSH	OSH-42	起重升降機具安全規則	第56條	民國109年8月20日	起重升降-人字臂起重桿	3	人字臂起重桿結構部分之材料規定，下列敘述何者正確？	應符合CNS 13812之國家標準鋼材，結構部分包括鋼索及供支撐吊升荷物以外之部分	應符合CNS 2473之SS330等國家標準鋼材，結構部分包括階梯、駕駛室及所有機械部分	應符合CNS 2473之SS400等國家標準鋼材，結構部分不包括階梯、駕駛室、鋼索及機械部分	應符合CNS 4435之STK400等國家標準鋼材，且耐蝕鋁合金一律不得作為結構材料使用	Which statement about derrick structural materials is correct?	CNS 13812 steels apply; ropes and non load bearing parts are counted as structure	CNS steels such as SS330 apply; stairs, cabins and all machinery parts are included	CNS steels such as SS400 apply; stairs, cabins, ropes and machinery are excluded	CNS 4435 STK400 steels apply and corrosion resistant aluminium is always banned	c	第56條：人字臂起重桿結構部分之材料，除經中央主管機關認可之耐蝕鋁合金等材料外，應符合CNS 575、CNS 2473之SS400、CNS 2947、CNS 4269、CNS 4435之STK400等九款國家標準或同等以上鋼材；結構部分不包括階梯、駕駛室、護圍、覆蓋、鋼索、機械部分及其他非供支撐吊升荷物之部分。	Article 56 lists CNS steels and excludes non load-bearing parts.	draft	11		
Q3848	OSH	OSH-42	起重升降機具安全規則	第57條	民國109年8月20日	起重升降-人字臂起重桿	2	人字臂起重桿在何種條件下，其結構部分之材料得使用木材？	吊升荷重未滿五公噸且主柱、吊桿長度未滿十二公尺者，並經檢查機構事前核准使用	吊升荷重未滿三公噸或主柱、吊桿長度未滿二十公尺者，且木材無顯著蛀蝕裂隙缺陷	吊升荷重未滿五公噸或主柱、吊桿長度未滿十二公尺者，且木材無顯著蛀蝕裂隙等缺陷	吊升荷重未滿十公噸或主柱、吊桿長度未滿十五公尺者，木材缺陷程度則不予限制	When may timber be used for the structural parts of a derrick?	Lifting load under 5 t and mast and boom under 12 m, with prior inspector approval	Lifting load under 3 t or mast and boom under 20 m, with sound defect-free timber	Lifting load under 5 t or mast and boom under 12 m, with sound defect-free timber	Lifting load under 10 t or mast and boom under 15 m, with no limit on defects	c	第57條：吊升荷重未滿五公噸或主柱、吊桿長度未滿十二公尺之人字臂起重桿，其結構部分之材料得使用木材；該木材不得有顯著之蛀蝕、裂隙、節或傾斜纖維等強度上之缺陷。第56條則規定鋼材應符合國家標準。	Article 57 permits timber under 5 tonnes or 12 metres.	draft	11		
Q3849	OSH	OSH-42	起重升降機具安全規則	第58條	民國109年8月20日	起重升降-人字臂起重桿	1	人字臂起重桿之結構部分，就強度與剛性應符合何項要求？	應具有充分強度，惟板材挫曲、變形不影響安全使用時不予規範	應具有充分強度，並保持防止板材挫曲、變形等有礙安全使用之剛性	應具有相當於額定荷重二倍之強度，剛性則由製造者自行決定之	應具有充分剛性，強度則以荷重試驗紀錄之最大值作為判定依據	What strength and rigidity requirement applies to derrick structural parts?	Sufficient strength, while plate buckling and deformation are simply not regulated	Sufficient strength plus rigidity preventing plate buckling and unsafe deformation	Strength of twice the rated load, with rigidity left to the maker to determine	Sufficient rigidity, with strength judged from the maximum load test record value	b	第58條：雇主對於人字臂起重桿結構部分，應使其具有充分強度，並保持防止板材挫曲、變形等有礙安全使用之剛性。固定式起重機安全檢查構造標準第22條、移動式起重機安全檢查構造標準第16條亦有相同規定。	Article 58 requires adequate strength and rigidity.	draft	11		
Q3850	OSH	OSH-42	起重升降機具安全規則	第59條	民國109年8月20日	起重升降-人字臂起重桿	1	人字臂起重桿結構部分之鉚釘孔或螺釘孔，應如何加工？	應使用氣體切割開孔，且該孔不得有迴紋或裂紋瑕疵	應使用鑽孔機鑽孔，且該孔不得有迴紋或裂紋等瑕疵	應使用衝壓機衝孔，並於孔緣施以填角焊接補強處理	應使用電弧焊接開孔後再以砂輪機修整孔緣至光滑面	How must rivet holes and screw holes in derrick structures be made?	They must be cut by gas flame and be free of any burrs or cracking defects	They must be drilled with a drilling machine and be free of burrs or cracks	They must be punched by press and reinforced with fillet welds at the edge	They must be arc gouged and then ground smooth around the hole edges	b	第59條：雇主對於人字臂起重桿結構部分之鉚釘孔或螺釘孔，應使用鑽孔機鑽孔，且該孔不得有迴紋或裂紋等瑕疵。固定式起重機安全檢查構造標準第60條、移動式起重機安全檢查構造標準第43條有相同規定。	Article 59 requires drilled holes free of burrs and cracks.	draft	11		
Q3851	OSH	OSH-42	起重升降機具安全規則	第60條	民國109年8月20日	起重升降-人字臂起重桿	1	人字臂起重桿結構部分之螺栓、螺帽、螺釘等，應如何處理？何者除外？	應有防止鬆脫之措施，但使用強力螺栓接合者不在此限	應以點焊固定於母材，但使用不銹鋼螺栓者不在此限	應有防止鬆脫之措施，但使用一般螺栓接合者不在此限	應每三個月更換一次，但使用強力螺栓接合者不在此限	How must bolts, nuts and screws in derrick structures be treated?	They need anti-loosening measures, except where high-strength bolts are used	They must be tack welded to the parent metal, except for stainless bolts	They need anti-loosening measures, except where ordinary bolts are used	They must be replaced every three months, except for high-strength bolts	a	第60條：雇主對於人字臂起重桿結構部分之螺栓、螺帽、螺釘等，應有防止鬆脫之措施；但使用強力螺栓接合者，不在此限。固定式起重機安全檢查構造標準第61條規定使用高張力螺栓摩擦接合者除外。	Article 60 requires anti-loosening measures except for high-strength bolts.	draft	11		
Q3852	OSH	OSH-42	起重升降機具安全規則	第61條	民國109年8月20日	起重升降-人字臂起重桿	2	人字臂起重桿之駕駛室或駕駛台，應符合下列何項規定？	須完全密閉並加裝空調設備，操作部分則設於駕駛台後方安全處所	須以鋼索懸吊使其能與荷物同時升降，並設置物體飛落警報裝置一具	須設於主柱頂端以利瞭望，操作部分位置由操作人員每次作業前調整	不妨礙操作人員視界，操作部分設於易操作位置，有飛落之虞者設防護網	What must a derrick operator cabin or platform comply with?	Full enclosure with air conditioning, and controls placed behind the driving platform	Suspension by rope so it rises with the load, plus one falling-object alarm device	Placement at the mast top for lookout, with control positions adjusted before each job	Unobstructed view, controls within easy reach, and a guard net where objects may fall	d	第61條：雇主對於人字臂起重桿應設置駕駛室或駕駛台，並應不妨礙操作人員視界（操作人員與吊掛作業者能保持確實連絡者除外）；開關器、控制器、制動器及警報裝置等操作部分應設於易於操作之位置；有物體飛落危害之虞之場所，其駕駛台應設防護網或其他防止物體飛落之設施。	Article 61 covers view, control placement and falling-object protection.	draft	11		
Q3853	OSH	OSH-42	起重升降機具安全規則	第64條	民國109年8月20日	起重升降-吊掛作業	1	雇主對於起重機具之作業，就運轉指揮信號應如何辦理？	得由吊掛作業者與操作者於現場自行約定手勢，不須事前規定統一信號	應由檢查機構核定指揮信號後始得使用，並指派二人以上共同負責指揮	應規定一定之運轉指揮信號並指派專人負責指揮，操作者單獨作業時不在此限	應規定一定之運轉指揮信號並指派專人負責指揮，且無任何例外情形可免除	How must signalling for crane operations be arranged?	The slinger and operator may agree hand signs on site without prescribed signals	Signals must be approved by the inspection body and two signallers assigned	Fixed signals must be prescribed and a signaller assigned, except for solo operation	Fixed signals must be prescribed and a signaller assigned, with no exception at all	c	第64條：雇主對於起重機具之作業，應規定一定之運轉指揮信號，並指派專人負責指揮；但起重機具操作者單獨作業時，不在此限。第63條並要求吊掛作業者與操作者確認指揮手勢。	Article 64 requires prescribed signals and an assigned signaller.	draft	11		
Q3854	OSH	OSH-42	起重升降機具安全規則	第66條	民國109年8月20日	起重升降-吊掛作業	3	起重機具吊鏈之安全係數，依規定應為多少？	符合伸長率及抗拉強度特定條件者為五以上，其他情形者為六以上	一律為六以上，與伸長率及抗拉強度之條件是否符合並無關聯	符合伸長率及抗拉強度特定條件者為三以上，其他情形者為四以上	符合伸長率及抗拉強度特定條件者為四以上，其他情形者為五以上	What safety factor applies to load chains used with lifting appliances?	Five or more if elongation and tensile conditions are met, otherwise six or more	Six or more in every case, regardless of elongation or tensile strength values	Three or more if elongation and tensile conditions are met, otherwise four or more	Four or more if elongation and tensile conditions are met, otherwise five or more	d	第66條：吊鏈之安全係數，以斷裂荷重二分之一拉伸時伸長率在百分之零點五以下者，或抗拉強度每平方毫米四百牛頓以上且伸長率達對應值以上者，為四以上；其他情形為五以上。安全係數為斷裂荷重值除以所受最大荷重值。第65條規定吊掛用鋼索安全係數為六以上。	Article 66 sets chain safety factors of four or five.	draft	11		
Q3855	OSH	OSH-42	起重升降機具安全規則	第67條	民國109年8月20日	起重升降-吊掛作業	2	起重機具之吊鉤及馬鞍環，其安全係數規定各為何？	吊鉤應在四以上，馬鞍環應在五以上	吊鉤應在五以上，馬鞍環應在四以上	吊鉤應在六以上，馬鞍環應在六以上	吊鉤應在三以上，馬鞍環應在四以上	What safety factors apply to hooks and shackles on lifting appliances?	Hooks must be four or more and shackles must be five or more	Hooks must be five or more and shackles must be four or more	Hooks must be six or more and shackles must be six or more	Hooks must be three or more and shackles must be four or more	a	第67條：起重機具之吊鉤，其安全係數應在四以上；馬鞍環之安全係數應在五以上。該安全係數為吊鉤或馬鞍環之斷裂荷重值除以其個別所受最大荷重值所得之值。第65條規定吊掛用鋼索為六以上。	Article 67: hooks four, shackles five.	draft	11		
Q3856	OSH	OSH-42	起重升降機具安全規則	第69條	民國109年8月20日	起重升降-吊掛作業	2	下列何種吊鏈不得供起重吊掛作業使用？	延伸長度超過製造時長度百分之十以上，或斷面直徑減少超過百分之五者	延伸長度超過製造時長度百分之十五以上，或斷面直徑減少超過百分之二十	延伸長度超過製造時長度百分之五以上，或斷面直徑減少超過百分之十者	延伸長度超過製造時長度百分之二以上，或斷面直徑減少超過百分之七者	Which load chain may not be used for slinging work?	One elongated by 10 per cent or more, or with section diameter reduced over 5 per cent	One elongated by 15 per cent or more, or with section diameter reduced over 20 per cent	One elongated by 5 per cent or more, or with section diameter reduced over 10 per cent	One elongated by 2 per cent or more, or with section diameter reduced over 7 per cent	c	第69條：不得以延伸長度超過製造時長度百分之五以上、斷面直徑減少超過製造時之百分之十、或有龜裂之吊鏈，供起重吊掛作業使用。第68條則規定鋼索不得一撚間有百分之十以上素線截斷或直徑減少達公稱直徑百分之七以上。	Article 69 bans chains elongated 5 per cent or worn 10 per cent.	draft	11		
Q3857	OSH	OSH-42	起重升降機具安全規則	第70條	民國109年8月20日	起重升降-吊掛作業	1	關於吊鉤、馬鞍環、鉤環、鏈環等吊掛用具之使用限制，下列敘述何者正確？	已龜裂者經補焊修補後即得繼續使用之	已變形或龜裂者不得供起重吊掛作業使用	變形量在百分之十以內者仍得繼續使用	已變形者仍得使用，僅龜裂者禁止使用之	What restriction applies to hooks, shackles and rings used in slinging?	Those cracked may continue in service after being repaired by welding	Those already deformed or cracked must not be used for slinging work	Those deformed by up to ten per cent may still continue in service	Those deformed may still be used; only cracked ones are prohibited	b	第70條：雇主不得使用已變形或龜裂之吊鉤、馬鞍環、鉤環、鏈環等吊掛用具，供起重吊掛作業使用。第67條並規定吊鉤安全係數四以上、馬鞍環五以上。	Article 70 bans deformed or cracked slinging gear.	draft	11		
Q3858	OSH	OSH-42	起重升降機具安全規則	第71條	民國109年8月20日	起重升降-吊掛作業	2	下列何種纖維索或纖維帶不得供起重吊掛作業使用？	已斷三股子索者，或有輕微之損傷或腐蝕者	直徑減少達公稱直徑百分之七以上或已扭結	延伸長度超過原製造時百分之五或斷面減少	已斷一股子索者，或有顯著之損傷或腐蝕者	Which fibre rope or webbing sling may not be used for slinging?	One with three strands broken, or with slight damage or corrosion	One whose diameter is reduced by 7 per cent or which has kinked	One elongated over 5 per cent or with reduced section diameter	One with a single strand broken, or with marked damage or corrosion	d	第71條：雇主不得以已斷一股子索者，或有顯著之損傷或腐蝕之纖維索或纖維帶，供起重吊掛作業使用。鋼索之汰換基準另定於第68條，吊鏈則定於第69條。	Article 71 bans slings with a broken strand or marked damage.	draft	11		
Q3859	OSH	OSH-42	起重升降機具安全規則	第72條	民國109年8月20日	起重升降-吊掛作業	2	吊鏈或未設環結之鋼索，其兩端應設有何物件方得供起重吊掛作業使用？	吊鉤、鉤環、鏈環、編結環首、壓縮環首或同等以上強度之物件	僅限吊鉤或鉤環，其他編結環首及壓縮環首均不得作為端末件	以電焊熔接封閉之端末，或以塑膠套管包覆之防磨損保護端末	以纖維索綑紮固定之端末，或以鐵絲纏繞三圈以上之簡易端末	What must be fitted at both ends of a chain or unlooped rope for slinging?	A hook, shackle, ring, spliced eye, swaged eye or equally strong fitting	Only a hook or a shackle; spliced eyes and swaged eyes are not accepted	An end sealed by electric welding, or an end covered by a plastic sleeve	An end bound with fibre rope, or a simple end wrapped three times in wire	a	第72條：雇主對於吊鏈或未設環結之鋼索，其兩端非設有吊鉤、鉤環、鏈環、編結環首、壓縮環首或可保持同等以上強度之物件者，不得供起重吊掛作業使用。	Article 72 lists acceptable end fittings.	draft	11		
Q3860	OSH	OSH-42	起重升降機具安全規則	第73條	民國109年8月20日	起重升降-吊掛作業	3	使用吊鉗、吊夾從事吊掛作業時，雇主應注意何事項？	僅須確認外觀無變形龜裂即可，用途限制及荷重範圍不予規範之	應注意橫吊用或直吊用之用途限制，並在荷重容許條件範圍內使用	得不分橫吊用或直吊用交替使用，惟不得超過荷重容許條件範圍	應由吊掛作業者依現場狀況自行判斷用途，並得超載百分之十使用	What must be observed when using lifting tongs or clamps for slinging?	Only a visual check for deformation is needed; purpose and load are not regulated	Observe the horizontal or vertical lifting purpose limits and stay within load limits	They may be used interchangeably for either purpose provided the load limit is met	The slinger decides the purpose on site and may overload them by ten per cent	b	第73條：使用鏈條吊升裝置、鏈條拉桿吊升裝置或電磁、真空吸著方式吊掛用具，應確認在荷重容許範圍內使用；使用吊鉗、吊夾時應注意其為橫吊用或直吊用之用途限制，並在荷重容許條件範圍內使用；吊舉物有傾斜或滑落之虞時，應搭配使用副索及安全夾具。	Article 73 requires observing tong purpose limits and load ranges.	draft	11		
Q3861	OSH	OSH-42	起重升降機具安全規則	第74條	民國109年8月20日	起重升降-升降機	1	雇主對於升降機之使用，其荷重限制為何？	不得超過容許下降荷重	不得超過積載荷重	不得超過額定荷重	不得超過吊升荷重	What load limit applies to the use of an elevator?	It must not exceed the descending load	It must not exceed the rated carrying load	It must not exceed the crane rated load	It must not exceed the crane lifting load	b	第74條：雇主對於升降機之使用，不得超過積載荷重。升降機、簡易提升機、營建用提升機及吊籠均以積載荷重為管制基準，分別見第83條、第93條及第97條；起重機則以額定荷重為準。	Article 74 caps use at the rated carrying load.	draft	11		
Q3862	OSH	OSH-42	起重升降機具安全規則	第75條	民國109年8月20日	起重升降-升降機	1	本規則第六章升降機作業安全管理中，關於原第七十五條規定之現況為何？	該條規定升降機之積載荷重應由檢查機構逐台核定之	該條規定升降機之操作人員應具備起重機操作技術士	該條規定升降機應每年實施一次荷重試驗並留存紀錄	該條業經刪除，現行條文不再有該條之實體規定	What is the current status of Article 75 in the elevator chapter?	The Article requires the inspection body to approve each carrying load	The Article requires elevator operators to hold a crane operator licence	The Article requires an annual load test on elevators with records kept	The Article has been deleted and no substantive rule remains in it	d	第75條：本條已刪除。現行升降機作業安全管理章之實體規定包括第74條積載荷重限制、第76條構造標準、第77條安全裝置效能維持及第78條載貨用升降機不得搭載人員等。	Article 75 has been deleted.	draft	11		
Q3863	OSH	OSH-42	起重升降機具安全規則	第76條	民國109年8月20日	起重升降-升降機	2	雇主對於營建用升降機之構造，應符合何項規定？	固定式起重機安全檢查構造標準或國家標準CNS 13628	升降機安全檢查構造標準或國家標準CNS 13627之規定	國家標準CNS 13628營建用提升機之構造相關規定	吊籠安全檢查構造標準或國家標準CNS 14253-1規定	Which standard must a construction elevator comply with?	The Fixed Crane Safety Inspection Construction Standards or CNS 13628	The Elevator Safety Inspection Construction Standards or CNS 13627	National standard CNS 13628 governing construction hoist structures	The Suspended Cage Construction Standards or CNS 14253-1 harness rules	b	第76條：雇主對於營建用升降機之構造，應符合升降機安全檢查構造標準或國家標準CNS 13627規定。至於營建用提升機之構造，第85條另定應符合國家標準CNS 13628。	Article 76 requires the elevator standards or CNS 13627.	draft	11		
Q3864	OSH	OSH-42	起重升降機具安全規則	第78條	民國109年8月20日	起重升降-升降機	1	設計上專供載貨用之升降機，關於人員搭載有何規定？	得搭載人員，惟人數不得超過核定限載員額之半	不得搭載人員，本條並未設有例外之但書規定	得搭載人員，但應於搬器內佩戴全身背負式安全帶	不得搭載人員，但檢修調整時採防墜措施者除外	What rule applies to carrying persons in a goods-only elevator?	Persons may be carried up to half of the approved passenger capacity	Persons may not be carried; this Article provides no proviso at all	Persons may be carried if they wear a full body harness inside the car	Persons may not be carried, except during inspection with fall measures	b	第78條：雇主對於設計上專供載貨用之升降機，不得搭載人員。相對地第87條營建用提升機及第96條簡易提升機均設有實施檢修或調整作業並採防墜措施時之例外規定。	Article 78 bans carrying persons in goods elevators.	draft	11		
Q3865	OSH	OSH-42	起重升降機具安全規則	第79條	民國109年8月20日	起重升降-升降機	1	雇主應將升降機之何種資訊揭示於有關人員易見處？	升降機之操作方法及故障時之處置方法等事項	升降機之鋼索安全係數計算式及槽輪效率數值	升降機之採購金額及維護保養廠商聯絡電話等	升降機之製造者名稱及歷次定期檢查合格日期	What information must be posted where elevator users can readily see it?	The operating method and the procedures for dealing with breakdowns	The rope safety factor formula and the sheave efficiency values used	The purchase price and the contact number of the maintenance firm	The maker name and the dates of past periodic inspection approvals	a	第79條：雇主應將升降機之操作方法及故障時之處置方法等，揭示於使用該升降機有關人員易見處。升降機安全檢查構造標準第51條亦要求揭示操作方法及故障處置方式，並於搬器內置有銘牌。	Article 79 requires posting operation and breakdown procedures.	draft	11		
Q3866	OSH	OSH-42	起重升降機具安全規則	第80條	民國109年8月20日	起重升降-升降機	2	設置於室外之升降機，於瞬間風速有超過每秒三十公尺之虞時應如何處理？	應拆卸搬器並移置於地面存放	應將搬器停於最高層並鎖固之	應將升降路門扉全部開啟洩壓	應增設拉索以防止升降機倒塌	What must be done for an outdoor elevator when gusts may exceed 30 m/s?	The car must be dismantled and placed in storage on the ground level	The car must be parked at the topmost floor and locked firmly in place	All hoistway doors must be opened fully to relieve the wind pressure	Additional guy ropes must be added to prevent the elevator collapsing	d	第80條：雇主對於設置於室外之升降機，瞬間風速有超過每秒三十公尺之虞時，應增設拉索以防止升降機倒塌。第90條對營建用提升機有相同規定，第82條並規定風速達每秒三十公尺以上或四級以上地震後應確認無異狀方得使用。	Article 80 requires extra guys against 30 m/s gusts.	draft	11		
Q3867	OSH	OSH-42	起重升降機具安全規則	第81條	民國109年8月20日	起重升降-升降機	2	從事室外升降機之升降路塔或導軌支持塔檢修、組配作業時，應依何規定辦理？	選任作業監督人員指揮作業、禁止無關人員進入並設警告標示、惡劣氣候禁止工作	由操作人員兼任監督工作、開放相關人員進入觀摩、惡劣氣候得繼續進行作業	委由檢查機構人員現場指揮、禁止無關人員進入、惡劣氣候得縮短工時進行	選任作業監督人員指揮作業、免設警告標示、惡劣氣候時得由監督人員決定	What rules apply to inspecting or assembling an outdoor elevator tower?	Appoint a supervisor, bar unrelated persons with warning signs, stop in bad weather	Let the operator supervise, allow observers in, and continue work in bad weather	Have inspectors direct on site, bar unrelated persons, and shorten hours in storms	Appoint a supervisor, omit warning signs, and let the supervisor judge bad weather	a	第81條：雇主於從事室外升降機之升降路塔或導軌支持塔之檢修、調整、組配或拆卸等時，應選任作業監督人員從事指揮作業方法、配置勞工、檢點材料器具及監督勞工作業；禁止無關人員進入作業區並設置警告標示；因強風、大雨、大雪等惡劣氣候致作業有危險之虞時應禁止工作。	Article 81 requires a supervisor, exclusion zone and bad-weather stoppage.	draft	11		
Q3868	OSH	OSH-42	起重升降機具安全規則	第83條	民國109年8月20日	起重升降-營建用提升機	1	雇主對於營建用提升機之使用，其荷重限制為何？	不得超過荷重試驗值	不得超過吊升荷重	不得超過積載荷重	不得超過額定荷重	What load limit applies to a construction hoist?	It must not exceed the load-test value	It must not exceed the crane lifting load	It must not exceed the rated carrying load	It must not exceed the crane rated load	c	第83條：雇主對於營建用提升機之使用，不得超過積載荷重。第84條並規定中型營建用提升機設置完成時應以積載荷重一點二倍之荷重實施荷重試驗。	Article 83 caps use at the rated carrying load.	draft	11		
Q3869	OSH	OSH-42	起重升降機具安全規則	第84條	民國109年8月20日	起重升降-營建用提升機	2	中型營建用提升機設置完成時應實施之荷重試驗，其荷重及紀錄保存期間為何？	額定荷重一點二七倍之荷重置於搬器上實施升降動作；紀錄保存五年	積載荷重一點二倍之荷重置於搬器上實施升降動作；紀錄保存三年	積載荷重一點二五倍之荷重置於搬器上實施升降動作；紀錄保存三年	積載荷重一點二倍之荷重置於搬器上實施升降動作；紀錄保存一年	What load and record period apply to the load test of a medium construction hoist?	1.27 times the crane rated load placed on the car for a lift; records kept 5 years	1.2 times the carrying load placed on the car for a lift cycle; records kept 3 years	1.25 times the carrying load placed on the car for a lift cycle; records kept 3 years	1.2 times the carrying load placed on the car for a lift cycle; records kept 1 year	b	第84條：雇主於中型營建用提升機設置完成時，應實施荷重試驗，確認安全後方得使用；該荷重試驗指將相當於積載荷重一點二倍之荷重置於搬器上實施升降動作之試驗，試驗紀錄應保存三年。第94條對簡易提升機有相同規定。	Article 84 sets a 1.2 times test with three-year records.	draft	11		
Q3870	OSH	OSH-42	起重升降機具安全規則	第85條	民國109年8月20日	起重升降-營建用提升機	1	雇主對於營建用提升機之構造，應符合何項國家標準？	國家標準CNS 5394吊鉤構造相關規定	國家標準CNS 14253-1安全帶相關規定	國家標準CNS 13628營建用提升機規定	國家標準CNS 13627營建用升降機規定	Which national standard governs the structure of a construction hoist?	National standard CNS 5394 for the construction of crane hooks	National standard CNS 14253-1 for full body safety harnesses	National standard CNS 13628 for construction site hoists	National standard CNS 13627 for construction site elevators	c	第85條：雇主對於營建用提升機之構造，應符合國家標準CNS 13628營建用提升機規定。至於營建用升降機，第76條規定應符合升降機安全檢查構造標準或國家標準CNS 13627。	Article 85 requires compliance with CNS 13628.	draft	11		
Q3871	OSH	OSH-42	起重升降機具安全規則	第86條	民國109年8月20日	起重升降-營建用提升機	1	營建用提升機為預防鋼索過捲，雇主應採取何種措施？	於捲揚用鋼索上加註標識或設警報裝置等	於捲揚用鋼索上塗抹潤滑油脂並定期更換	於捲胴上增設二捲以上鋼索作為預備長度	於搬器頂部加設配重以抵消過捲產生之力	What measure prevents rope over-winding on a construction hoist?	Marking the hoisting rope or fitting an alarm device to warn of over-winding	Applying lubricating grease to the hoisting rope and renewing it regularly	Adding two or more spare rope turns on the drum as a reserve rope length	Adding counterweights on the car roof to offset the over-winding forces	a	第86條：雇主對於營建用提升機，應於捲揚用鋼索上加註標識或設警報裝置等，以預防鋼索過捲。相較之下固定式起重機及移動式起重機則須設置過捲預防裝置，見第15條及第27條。	Article 86 requires rope marking or an alarm.	draft	11		
Q3872	OSH	OSH-42	起重升降機具安全規則	第88條	民國109年8月20日	起重升降-營建用提升機	2	營建用提升機使用時，雇主應禁止勞工進入之工作場所不包括下列何者？	提升機基座外圍五公尺以上且無升降影響之通行區域	因搬器之升降而可能危及勞工之場所	捲揚用鋼索之內角側及鋼索通過之槽輪可能危及之場所	因安裝部分破裂引起鋼索震脫或槽輪飛落可能危及之場所	Which place is NOT among those workers must be kept out of at a construction hoist?	A passage more than five metres outside the base and unaffected by car movement	A place where the raising and lowering of the car may endanger workers	The inner angle side of the hoisting rope and the sheaves it passes over	A place endangered by rope whipping or sheaves flying off a broken fitting	a	第88條：雇主對於營建用提升機之使用，應禁止勞工進入因搬器升降而可能危及勞工之場所、捲揚用鋼索內角側及鋼索通過之槽輪可能危及勞工之場所，及因安裝部分破裂引起鋼索震脫、槽輪或其他安裝部分飛落致可能危及勞工之場所。	Article 88 lists three prohibited places.	draft	11		
Q3873	OSH	OSH-42	起重升降機具安全規則	第89條	民國109年8月20日	起重升降-營建用提升機	2	實施營建用提升機之豎坑或基底部分打掃作業時，應採取何種防墜落措施？	將捲揚用鋼索全部放鬆使搬器落至坑底後再行進入豎坑清掃作業	於搬器下方橫置足以承受搬器重量之角材、原木，並以制動裝置防止落下	於搬器上方懸掛安全網並指派監視人員在旁監看搬器有無異常滑落	將搬器升至最高位置並以鋼索額外綑綁二道後始得進入豎坑作業	What measure protects workers cleaning the pit or base of a construction hoist?	Slacken all hoisting ropes so the car rests at the pit bottom before entering	Place timbers under the car able to bear its weight and secure it with the brake	Hang a safety net above the car and post a watcher to observe any slipping	Raise the car to the top position and lash it with two extra ropes before entry	b	第89條：雇主對於實施營建用提升機之豎坑或基底部分打掃作業時，應於搬器下方橫置足以承受搬器重量之角材、原木等，並使用制動裝置確實防止搬器之落下。	Article 89 requires supporting timbers plus the brake.	draft	11		
Q3874	OSH	OSH-42	起重升降機具安全規則	第90條	民國109年8月20日	起重升降-營建用提升機	1	營建用提升機於瞬間風速有超過每秒三十公尺之虞時，雇主應採取何措施？	應將捲揚用鋼索自捲胴上取下	應將搬器升至最高位置固定	應將導軌逐段拆卸至十公尺以下	應增設拉索以預防其倒塌	What must be done for a construction hoist when gusts may exceed 30 m/s?	The hoisting rope must be taken off the winding drum before the storm	The car must be raised to the highest position and fixed firmly there	The guide rails must be dismantled down to below ten metres in height	Additional guy ropes must be added to prevent the hoist from collapsing	d	第90條：雇主對於營建用提升機，瞬間風速有超過每秒三十公尺之虞時，應增設拉索以預防其倒塌。第92條並規定遭受瞬間風速達每秒三十公尺以上或四級以上地震後，再使用前應就制動裝置、離合器、鋼索通過部分等確認無異狀。	Article 90 requires extra guys against 30 m/s gusts.	draft	11		
Q3875	OSH	OSH-42	起重升降機具安全規則	第91條	民國109年8月20日	起重升降-營建用提升機	2	營建用提升機之檢修、調整、組配或拆卸等作業，應依何規定辦理？	由操作人員自行指揮作業、運轉中得暫離操作位置、無關人員得自由進出	選任作業監督人員指揮作業、運轉中不得擅離操作位置、禁止無關人員進入	由吊掛作業者兼任指揮工作、運轉中得擅離操作位置、惡劣氣候繼續作業	委由製造廠商指派人員指揮、運轉中不得擅離操作位置、免設警告標示	What rules govern inspection or assembly work on a construction hoist?	Let the operator direct the work, allow leaving the controls, admit anyone	Appoint a supervisor, forbid leaving the controls while running, bar outsiders	Let the slinger direct the work, allow leaving controls, work on in storms	Have the maker send a person to direct, forbid leaving controls, omit signs	b	第91條：營建用提升機之檢修、調整、操作、組配或拆卸等，應選任作業監督人員從事指揮作業方法、配置勞工、檢點材料器具及監督勞工作業；操作人員於運轉中不得擅離操作位置；禁止無關人員進入作業區並設置警告標示；惡劣氣候致作業有危險之虞時應禁止工作。	Article 91 requires a supervisor and an exclusion zone.	draft	11		
Q3876	OSH	OSH-42	起重升降機具安全規則	第92條	民國109年8月20日	起重升降-營建用提升機	2	營建用提升機遭受瞬間風速達每秒三十公尺以上或四級以上地震後，再使用前應確認何者無異狀？	終點極限開關、緊急停止裝置及導索結頭	安全閥、逆止閥及液壓缸柱塞之行程餘裕	制動裝置、離合器及鋼索通過部分狀況等	過捲預防裝置、警報裝置及駕駛室之視界	What must be checked before reusing a construction hoist after a storm or quake?	The terminal limit switch, emergency stop device and guide rope sockets	The relief valve, the check valve and the plunger clearance stroke margin	The brake, the clutch and the condition of the rope passage components	The over-hoisting device, the alarm device and the visibility from the cab	c	第92條：營建用提升機遭受瞬間風速達每秒三十公尺以上或於四級以上地震後，應於再使用前就其制動裝置、離合器、鋼索通過部分狀況等，確認無異狀後方得使用。第82條對室外升降機則要求確認終點極限開關、緊急停止裝置、制動裝置、控制裝置、鋼索或吊鏈、導軌、導索結頭等。	Article 92 lists brake, clutch and rope passage checks.	draft	11		
Q3877	OSH	OSH-42	起重升降機具安全規則	第93條	民國109年8月20日	起重升降-簡易提升機	1	雇主對於簡易提升機之使用，其荷重限制為何？	不得超過額定荷重	不得超過吊升荷重	不得超過積載荷重	不得超過設計荷重	What load limit applies to a simple hoist?	It must not exceed the crane rated load	It must not exceed the crane lifting load	It must not exceed the rated carrying load	It must not exceed the design load value	c	第93條：雇主對於簡易提升機之使用，不得超過積載荷重。第2條定義簡易提升機為僅以搬運貨物為目的之升降機，其搬器底面積在一平方公尺以下或頂高在一點二公尺以下者。	Article 93 caps use at the rated carrying load.	draft	11		
Q3878	OSH	OSH-42	起重升降機具安全規則	第94條	民國109年8月20日	起重升降-簡易提升機	2	簡易提升機設置完成時應實施之荷重試驗，其荷重及紀錄保存期間為何？	額定荷重一點二五倍之荷重置於搬器上實施升降動作；紀錄保存三年	積載荷重一點二倍之荷重置於搬器上實施升降動作；紀錄保存一年	積載荷重一點二倍之荷重置於搬器上實施升降動作；紀錄保存三年	積載荷重一點二五倍之荷重置於搬器上實施升降動作；紀錄保存二年	What load and record period apply to the load test of a simple hoist?	1.25 times the crane rated load placed on the car for a lift; records kept 3 years	1.2 times the carrying load placed on the car for a lift cycle; records kept 1 year	1.2 times the carrying load placed on the car for a lift cycle; records kept 3 years	1.25 times the carrying load placed on the car for a lift cycle; records kept 2 years	c	第94條：雇主於簡易提升機設置完成時，應實施荷重試驗，確認安全後方得使用；荷重試驗係將相當於該提升機積載荷重一點二倍之荷重置於搬器上，實施升降動作之試驗；試驗紀錄應保存三年。	Article 94 sets a 1.2 times test with three-year records.	draft	11		
Q3879	OSH	OSH-42	起重升降機具安全規則	第95條	民國109年8月20日	起重升降-簡易提升機	1	雇主對於簡易提升機之過捲預防裝置及其他安全裝置，應如何辦理？	應維持其效能	應由操作人員自行調校	應每月拆解檢查	應報請檢查機構認可	What must be done with the over-hoisting and other safety devices of a simple hoist?	Their effectiveness must be maintained at all times during service	They must be adjusted by the operator personally before each use	They must be dismantled and inspected once every calendar month	They must be submitted to the inspection body for its approval	a	第95條：雇主對於簡易提升機之過捲預防裝置及其他安全裝置，應維持其效能。第77條對升降機之終點極限開關、緊急停止裝置及其他安全裝置亦要求維持效能。	Article 95 requires maintaining device effectiveness.	draft	11		
Q3880	OSH	OSH-42	起重升降機具安全規則	第96條	民國109年8月20日	起重升降-簡易提升機	2	簡易提升機得否搭乘人員？	不得搭乘人員，但實施檢修或調整並採防墜及防飛落措施者不在此限	得搭乘人員，惟人數不得超過二人且須佩戴全身背負式安全帶	得搭乘人員，惟搬器底面積須在一平方公尺以上且設置扶手圍柵	不得搭乘人員，且實施檢修或調整作業時亦一律不得搭乘於搬器內	May persons ride on a simple hoist?	No, except during inspection or adjustment with fall and falling-object measures	Yes, provided no more than two persons ride and wear full body harnesses	Yes, provided the car floor exceeds one square metre and has handrails	No, and riding in the car is also forbidden during inspection or adjustment	a	第96條：雇主對於簡易提升機之使用，不得搭乘人員；但實施檢修或調整等作業時，經採取足以防範人員墜落或物體飛落等措施者，不在此限。第87條對營建用提升機有相同之例外規定。	Article 96 bans riding except during inspection with safeguards.	draft	11		
Q3881	OSH	OSH-42	起重升降機具安全規則	第97條	民國109年8月20日	起重升降-吊籠	1	雇主對於吊籠之使用，其荷重限制為何？	不得超過容許下降速率	不得超過額定荷重	不得超過吊升荷重	不得超過積載荷重	What load limit applies to the use of a suspended cage?	It must not exceed the descending speed	It must not exceed the crane rated load	It must not exceed the crane lifting load	It must not exceed the rated carrying load	d	第97條：雇主對於吊籠之使用，不得超過積載荷重。吊籠安全檢查構造標準第12條並規定積載荷重應為每平方公尺工作台底板面積加一，再乘以七十五公斤之計算結果以上，椅式吊籠為一百公斤以上。	Article 97 caps use at the rated carrying load.	draft	11		
Q3882	OSH	OSH-42	起重升降機具安全規則	第98條	民國109年8月20日	起重升降-吊籠	1	雇主對於吊籠之構造，應符合何項規定？	升降機安全檢查構造標準	吊籠安全檢查構造標準	國家標準CNS 13628之規定	移動式起重機安全檢查構造標準	Which standard must the construction of a suspended cage comply with?	The Safety Inspection and Construction Standards for Passenger Elevators	The Safety Inspection and Construction Standards for Suspended Cages	National standard CNS 13628 governing construction site hoist structures	The Safety Inspection and Construction Standards for Mobile Cranes	b	第98條：雇主對於吊籠之構造，應符合吊籠安全檢查構造標準。第13條、第25條分別規定固定式與移動式起重機應符合其各自之安全檢查構造標準。	Article 98 requires compliance with the suspended cage standards.	draft	11		
Q3883	OSH	OSH-42	起重升降機具安全規則	第99條	民國109年8月20日	起重升降-吊籠	2	可搬式吊籠懸吊於建築物或構造物時，雇主應如何辦理固定？	應僅考量自重及積載荷重，風力因素於室外作業時得不予列入考量	應固定於建築物外牆任意突出物上，並以纖維索加以雙重綑綁固定	應固定於屋頂女兒牆上並由操作人員以目視判斷該處強度是否足夠	應考量自重、積載荷重及風力等受力，妥為固定於具足夠支撐強度之處	How must a portable suspended cage be secured to a building or structure?	Account only for dead weight and carrying load; wind may be ignored outdoors	Fix it to any projecting feature on the facade and double lash it with fibre rope	Fix it to the roof parapet and let the operator judge the strength by eye alone	Account for dead weight, carrying load and wind, and fix it to a strong enough point	d	第99條：可搬式吊籠懸吊於建築物或構造物等時，應考量吊籠自重、積載荷重及風力等受力情形，妥為固定於具有足夠支撐強度之處；該固定處之支撐強度應事前確認建築物或構造物相關結構圖面資料，無圖面可查者得以其他同等方式確認之。	Article 99 requires securing to a point of adequate strength.	draft	11		
Q3884	OSH	OSH-42	起重升降機具安全規則	第100條	民國109年8月20日	起重升降-吊籠	1	雇主於吊籠之工作台上，關於腳墊、梯子之使用有何規定？	得設置腳墊但高度不得超過三十公分為限	得設置腳墊及梯子但應加設安全母索固定	不得設置或放置腳墊、梯子等供勞工使用	得放置梯子但不得放置腳墊供勞工使用之	What rule applies to footstools and ladders on a suspended cage platform?	Footstools may be used provided their height does not exceed 30 cm	Both may be used provided a safety lifeline is additionally installed	They must not be installed or placed on the platform for workers to use	Ladders may be placed on the platform but footstools may not be used	c	第100條：雇主於吊籠之工作台上，不得設置或放置腳墊、梯子等供勞工使用。第102條並規定勞工於吊籠工作台上作業時，應佩戴安全帽及符合國家標準CNS 14253-1同等以上規定之全身背負式安全帶。	Article 100 bans footstools and ladders on the platform.	draft	11		
Q3885	OSH	OSH-42	起重升降機具安全規則	第101條	民國109年8月20日	起重升降-吊籠	1	吊籠運轉中，雇主對操作人員應為何種禁止規定？	應禁止操作人員配戴安全帽具	應禁止操作人員記錄運轉時數	應禁止操作人員擅離操作位置	應禁止操作人員與工作台聯絡	What is the operator forbidden to do while a suspended cage is running?	The operator must not wear a safety helmet while at the controls	The operator must not record the running hours during operation	The operator must not leave the operating position without authority	The operator must not communicate with the working platform crew	c	第101條：雇主於吊籠運轉中，應禁止操作人員擅離操作位置。第91條對營建用提升機、第22條對固定式起重機亦有操作人員不得擅離操作位置之規定。	Article 101 forbids leaving the operating position.	draft	11		
Q3886	OSH	OSH-42	起重升降機具安全規則	第103條	民國109年8月20日	起重升降-吊籠	1	吊籠使用時，雇主對於作業場所下方之危險區域應如何管理？	應由吊籠工作台上之勞工隨時以口頭方式提醒行人	應允許相關承攬商人員自由通行，但須佩戴安全帽	應禁止無關人員進入該危險區域，並設置警告標示	應以三角錐標示範圍即可，人員進出不予以限制之	How must the danger zone below a suspended cage be managed?	Workers on the platform must verbally warn passers-by from time to time	Contractor personnel may pass freely provided they wear safety helmets	Unrelated persons must be barred from the zone and warning signs posted	Marking the area with traffic cones suffices and entry is not restricted	c	第103條：雇主於吊籠使用時，應禁止無關人員進入作業場所下方之危險區域，並設置警告標示。第104條並規定強風、大雨、大雪等惡劣氣候致勞工作業有發生危險之虞時應禁止工作。	Article 103 requires exclusion and warning signs.	draft	11		
Q3887	OSH	OSH-42	起重升降機具安全規則	第104條	民國109年8月20日	起重升降-吊籠	1	吊籠於強風、大雨、大雪等惡劣氣候致勞工作業有危險之虞時，雇主應如何處理？	應加派監視員	應禁止工作	應縮短工時	應降低作業高度	What must be done for suspended cage work in severe weather?	A watcher must be added	The work must be stopped	The hours must be shortened	The height must be lowered	b	第104條：雇主對吊籠於強風、大雨、大雪等惡劣氣候，勞工作業有發生危險之虞時，應禁止工作。第22條、第40條、第49條、第81條及第91條就其他機具亦有惡劣氣候禁止工作之規定。	Article 104 requires stopping work in severe weather.	draft	11		
Q3888	OSH	OSH-42	起重升降機具安全規則	第105條	民國109年8月20日	起重升降-吊籠	1	使用吊籠作業時，於夜間或光線不良之場所，雇主應提供何者？	二名以上之作業監督人員	反光背心及手持警示燈具	額外之全身背負式安全帶	安全作業所必要之照度	What must be provided for suspended cage work at night or in poor light?	Two or more appointed work supervisors at the location	Reflective vests and hand-held warning lamps for workers	An additional full body harness for every single worker	The illumination necessary for safe working operations	d	第105條：雇主使用吊籠作業時，於夜間或光線不良之場所，應提供安全作業所必要之照度。第102條並要求勞工於工作台上作業時佩戴安全帽及全身背負式安全帶。	Article 105 requires adequate illumination.	draft	11		
Q3889	OSH	OSH-42	起重升降機具安全規則	第106條	民國109年8月20日	起重升降-附則	3	下列起重升降機具之檢查及管理權責，何者敘述正確？	固定於客貨船舶上之貨物裝卸機具由建築主管機關檢查管理	敷設於建築物之升降機依職業安全衛生法由勞動檢查機構管理	敷設於建築物之升降機依建築法由建築主管機關檢查及管理	涉及國防軍事作戰範圍之起重升降機具由航政主管機關管理	Which statement on inspection authority for lifting appliances is correct?	Cargo handling gear fixed on passenger ships is inspected by building authority	Elevators installed in buildings are inspected by the labour inspection body	Elevators installed in buildings are inspected by the building authority	Lifting appliances in military operations are inspected by the shipping authority	c	第106條：敷設於建築物之升降機，依建築法規定由建築主管機關檢查及管理；設於客貨船舶並固定於船上之貨物裝卸機具等，依船舶法規定由航政主管機關檢查及管理；前二款以外涉及國防軍事作戰範圍者，由國防主管機關檢查及管理。	Article 106 divides authority among building, shipping and defence agencies.	draft	11		
Q3890	OSH	OSH-42	起重升降機具安全規則	第106條之1	民國109年8月20日	起重升降-附則	2	自營作業者就本規則所定雇主義務之適用為何？	須經檢查機構個案指定後適用	僅適用罰則而不適用義務規定	準用本規則有關雇主義務之規定	完全不適用本規則之任何規定	How do the employer duties in these Rules apply to self-employed workers?	They apply only after the inspection body designates the case involved	Only the penalty provisions apply, not the substantive duty provisions	They apply mutatis mutandis to self-employed persons as employer duties	They do not apply at all to any self-employed person in any circumstance	c	第106條之1第1項：自營作業者，準用本規則有關雇主義務之規定。同條第2項另規定受工作場所負責人指揮或監督從事勞動之人員，於事業單位工作場所從事勞動，比照該事業單位之勞工適用本規則。	Article 106-1(1): employer duties apply mutatis mutandis to the self-employed.	draft	11		
Q3891	OSH	OSH-42	起重升降機具安全規則	第106之1條	民國109年8月20日	起重升降-附則	2	受工作場所負責人指揮或監督從事勞動之人員，於事業單位工作場所從事勞動時，本規則如何適用？	僅於簽訂承攬契約後始得適用本規則之規定	比照該事業單位之勞工，適用本規則之規定	不適用本規則，改依勞動基準法相關規定辦理	比照自營作業者，準用雇主義務之相關規定	How do these Rules apply to persons working under the direction of a site manager?	These Rules apply only once a formal subcontracting agreement is signed	They are treated as workers of that undertaking and these Rules apply to them	These Rules do not apply; the Labor Standards Act governs them instead	They are treated as self-employed and the employer duties apply to them	b	第106條之1第2項：受工作場所負責人指揮或監督從事勞動之人員，於事業單位工作場所從事勞動，比照該事業單位之勞工，適用本規則之規定。同條第1項則規定自營作業者準用有關雇主義務之規定。	Article 106-1(2): such persons are treated as workers of the undertaking.	draft	11		
Q3892	OSH	OSH-42	起重升降機具安全規則	第107條	民國109年8月20日	起重升降-附則	1	本規則中華民國一百零三年六月二十五日修正條文之施行日期為何？	自一百零三年七月三日施行	自一百零三年六月二十五日施行	自公布後六個月起始行施行	自一百零四年一月一日施行	When did the amendments of 25 June 2014 to these Rules take effect?	On 3 July 2014	On 25 June 2014	Six months after promulgation	On 1 January 2015	a	第107條：本規則自發布日施行；本規則中華民國一百零三年六月二十五日修正條文，自一百零三年七月三日施行。固定式起重機、移動式起重機、升降機及吊籠等安全檢查構造標準之修正條文亦同自一百零三年七月三日施行。	Article 107: the 2014 amendments took effect on 3 July 2014.	draft	11		
Q3893	OSH	OSH-46	碼頭裝卸安全衛生設施標準	第1條	民國114年9月10日	碼頭裝卸-授權依據	1	碼頭裝卸安全衛生設施標準之訂定依據為何？	依職業安全衛生法第十六條第四項規定訂定	依職業安全衛生法第六條第三項規定訂定之	依商港法第三十六條第二項規定訂定之者	依勞動檢查法第八條第一項規定訂定之者	What is the legal basis of this Standard?	Article 16, paragraph 4 of the Occupational Safety and Health Act	Article 6, paragraph 3 of the Occupational Safety and Health Act	Article 36, paragraph 2 of the Commercial Port Act is cited here	Article 8, paragraph 1 of the Labor Inspection Act is cited here	b	第1條：本標準依職業安全衛生法第六條第三項規定訂定之。該項為雇主必要安全衛生設備及措施之授權依據。第68條並定明本標準自發布日施行。	Article 1.	draft	11		
Q3894	OSH	OSH-46	碼頭裝卸安全衛生設施標準	第2條	民國114年9月10日	碼頭裝卸-主管機關	2	本標準所稱港口管理機關（構），就商港而言係指何者？	內政部所設港務警察機關、海洋委員會或縣市政府所屬機關	勞動部職業安全衛生署、地方勞動檢查機構或港區工會組織	交通部所設國營事業機構、交通部航港局或行政院指定機關	經濟部所設國營事業機構、經濟部工業局或行政院指定機關	For a commercial port, who is the port authority under this Standard?	The port police under the Ministry of the Interior, the Ocean Affairs Council or a county	The Occupational Safety and Health Administration, a labour inspection body or port union	A state enterprise set up by MOTC, the Maritime and Port Bureau, or a designated agency	A state enterprise set up by MOEA, the Industrial Development Bureau, or such an agency	c	第2條第1款：商港之港口管理機關（構），指交通部所設國營事業機構、交通部航港局或行政院指定機關。同條第2款則定工業專用港為經濟部核准投資興建及經營管理之公民營事業機構。	Article 2, subparagraph 1.	draft	11		
Q3895	OSH	OSH-46	碼頭裝卸安全衛生設施標準	第2條	民國114年9月10日	碼頭裝卸-主管機關	2	工業專用港之港口管理機關（構），係指何者？	經濟部核准投資興建及經營管理工業專用港之公民營事業機構	行政院指定之機關或該工業區內各廠商共同組成之管理委員會	交通部核准投資興建及經營管理工業專用港之公民營事業機構	經濟部所設國營事業機構或交通部航港局所指定之管理機關者	Who is the port authority for an industrial exclusive port?	The private or public enterprise approved by MOEA to build and operate that port	An agency designated by the Executive Yuan or a committee of the factories there	The private or public enterprise approved by MOTC to build and operate that port	A state enterprise under MOEA or an authority designated by the Maritime Bureau	a	第2條第2款：工業專用港之港口管理機關（構），指經濟部核准投資興建及經營管理工業專用港之公民營事業機構；商港則依同條第1款認定。第3條並定義碼頭經營者為取得碼頭設施經營權之公民營事業機構。	Article 2, subparagraph 2.	draft	11		
Q3896	OSH	OSH-46	碼頭裝卸安全衛生設施標準	第4條	民國114年9月10日	碼頭裝卸-船舶設備	1	靠泊我國港口裝卸之船舶，其機具及裝卸設備應符合何項規定？	應符合危險性機械設備檢查規則等規定者	應符合船舶危險品裝載規則等有關規定者	應符合起重升降機具安全規則等有關規定	應符合船舶法及船舶設備規則等有關規定	Which rules must the gear of a ship calling at our ports comply with?	The Inspection Rules for Dangerous Machinery and Equipment thereto	The Rules for Carriage of Dangerous Goods by Ship and related rules	The Safety Rules for Cranes and Lifting Appliances and related rules	The Ships Act and the Regulations for Ship Equipment and related rules	d	第4條：靠泊我國港口裝卸之船舶，其機具及裝卸設備，應符合船舶法及船舶設備規則等有關規定。第5條並要求雇主對進入港區之危險性機械或設備備置檢查合格證明供查驗。	Article 4.	draft	11		
Q3897	OSH	OSH-46	碼頭裝卸安全衛生設施標準	第5條	民國114年9月10日	碼頭裝卸-檢查證明	1	雇主對於進入港區之危險性機械或設備，應如何辦理？	應備檢查合格證明，供港口管理機關（構）查驗	應備自動檢查紀錄，供船方於作業前查驗確認之	應備檢查合格證明，供勞動檢查機構事前核准之	應備維修保養紀錄，供碼頭經營者備查後始進港	What must an employer do for dangerous machinery entering the port area?	Keep the inspection certificate available for the port authority to check	Keep self-inspection records for the shipowner to verify before the work	Keep the inspection certificate for prior approval by the labour inspector	Keep maintenance records for the terminal operator to file before entry	a	第5條：雇主對於進入港區之危險性機械或設備，應備檢查合格證明供港口管理機關（構）查驗。第6條並要求港區內使用之裝卸機具實施定期自動檢查、重點檢查及必要之維修保養。	Article 5.	draft	11		
Q3898	OSH	OSH-46	碼頭裝卸安全衛生設施標準	第6條	民國114年9月10日	碼頭裝卸-機具檢查	2	港區內使用之裝卸機具，雇主或所有人應如何維持其安全狀態？	應實施定期自動檢查、重點檢查及必要維修保養，並經常保持安全狀態	應實施每三年一次之外部檢查及構造檢查，並由船方確認其安全狀態	應由港口管理機關（構）統一實施檢查，雇主僅負使用前檢點之責任	應僅於發現異常時實施檢修，平時得免除定期自動檢查及保養之義務	How must loading machinery in the port area be kept safe?	By periodic self-inspections, focused inspections and needed maintenance, kept always safe	By an external and structural inspection every three years verified by the ship operator	By inspections carried out solely by the port authority, the employer only checking use	By repairs only when an abnormality is found, with no duty of periodic self-inspection	a	第6條第1項、第2項：港區內使用之裝卸機具，雇主或所有人應依相關法規規定實施定期自動檢查、重點檢查及必要之維修保養，並經常保持安全狀態；使用者並應於使用前實施檢點，發現有異常應妥為處理。	Article 6, paragraphs 1 and 2.	draft	11		
Q3899	OSH	OSH-46	碼頭裝卸安全衛生設施標準	第6條	民國114年9月10日	碼頭裝卸-機具檢查	3	裝卸機具或船舶設施不符規定，因屬他人所有而無權限處理時，雇主應如何辦理？	船上機具設施逕行報請勞動檢查機構停工，不必先要求船方進行改善之	船上機具設施報請貨方協調改善，陸上機具則由雇主逕行停止使用即可	船上機具設施要求船方改善，未改善者報請港口管理機關（構）責成改善	船上機具設施由雇主自行修繕後求償，陸上機具則報請碼頭經營者改善	What must an employer do about defective gear owned by another party?	Report to the labour inspector for a stop-work order without first asking the ship operator	Ask the cargo interest to coordinate repairs; simply stop using the shore gear otherwise	Ask the ship operator to fix shipboard gear; if not fixed, ask the port authority to require it	Repair the shipboard gear itself and claim costs; ask the terminal operator for shore gear	c	第6條第3項：裝卸機具及船舶設施不符規定或有異常，因屬他人所有而無權限處理者，船上裝卸機具及設施應要求船方改善，船方未改善者報請港口管理機關（構）責成改善；港口管理機關（構）所有之陸上裝卸機具則報請該機關（構）改善。	Article 6, paragraph 3.	draft	11		
Q3900	OSH	OSH-46	碼頭裝卸安全衛生設施標準	第7條	民國114年9月10日	碼頭裝卸-通路	2	港區碼頭通路及車輛出入場所有導致交通事故之虞者，由何人設置何種設施？	由負責裝卸之雇主設置號誌、標誌、柵欄、標線或行人專用道並負維護之責任	由港口管理機關（構）或碼頭經營者設置號誌、標誌、柵欄、標線或行人專用道	由貨方設置號誌、標誌、柵欄、標線或行人專用道，並委託碼頭經營者維護之	由船方設置號誌、標誌、柵欄、標線或行人專用道，並保持該路線暢通無阻礙	Who must provide traffic facilities on port roads where accidents may occur?	The stevedoring employer provides signals, signs, barriers, lines or walkways and maintains them	The port authority or the terminal operator provides signals, signs, barriers, lines or walkways	The cargo interest provides signals, signs, barriers, lines or walkways through the terminal firm	The ship operator provides signals, signs, barriers, lines or walkways and keeps the route clear	b	第7條：港口管理機關（構）或碼頭經營者對港區碼頭供工作者作業來往之通路、作業車輛出入之工作及停車場所，有導致交通事故之虞者，應設置必要之交通號誌、標誌、柵欄、標線、行車分隔設施或行人專用道等設施，並妥為維護，保持路線暢通。	Article 7.	draft	11		
Q3901	OSH	OSH-46	碼頭裝卸安全衛生設施標準	第9條	民國114年9月10日	碼頭裝卸-通路	2	沿碼頭或岸邊設置通道時，應符合哪些規定？	堆放貨物於碼頭者保持一條自碼頭至船上暢通之通道；通道寬度保持一公尺以上	堆放貨物於碼頭者保持二條自碼頭至船上暢通之通道；通道寬度保持二公尺以上	堆放貨物於碼頭者保持一條自碼頭至倉庫之通道；通道寬度保持五十五公分以上	堆放貨物於碼頭者得以警示標線代替通道；通道寬度僅需保持七十五公分以上者	What rules apply to passageways along the quay or shore?	Where cargo is stacked, keep one clear passage from quay to ship; width at least one metre	Where cargo is stacked, keep two clear passages from quay to ship; width at least two metres	Where cargo is stacked, keep one clear passage from quay to shed; width at least 55 centimetres	Where cargo is stacked, marked lines may replace the passage; width only 75 centimetres needed	a	第9條：雇主、港口管理機關（構）或碼頭經營者沿碼頭或岸邊設置通道者，堆放貨物於碼頭者應保持一條自碼頭至船上暢通無阻之通道；通道寬度應保持一公尺以上，除固定構造物、使用中之器械及工具外，不得有其他障礙物留置其間。	Article 9.	draft	11		
Q3902	OSH	OSH-46	碼頭裝卸安全衛生設施標準	第10條	民國114年9月10日	碼頭裝卸-便橋	3	供工作者通達船艙、駁船或碼頭使用之便橋，船方應依何規格設置？	寬度不得小於五十五公分；長度自岸邊或船舷延長零點五公尺以上；兩旁得以標線代替欄柵	寬度不得小於二十五公分；長度自岸邊或船舷延長三公尺以上；兩旁圍一百公分以上之欄柵	寬度不得小於七十五公分；長度自岸邊或船舷延長一公尺以上；兩旁圍五十五公分以上之欄柵	寬度不得小於五十五公分；長度自岸邊或船舷延長一點五公尺以上；兩旁圍七十五公分以上欄柵	What dimensions must a gangway provided by the ship operator meet?	Width at least 55 cm; extending at least 0.5 m from shore or side; painted lines may replace the railing	Width at least 25 cm; extending at least 3 m from shore or ship side; rails at least 100 cm on both sides	Width at least 75 cm; extending at least 1 m from shore or side; rails at least 55 cm high on both sides	Width at least 55 cm; extending at least 1.5 m from shore or side; rails at least 75 cm high on both sides	d	第10條：供工作者通達船艙、駁船或碼頭使用之便橋，船方應依下列規定設置：寬度不得小於五十五公分；長度自岸邊或船舷延長一點五公尺以上；兩旁圍以高度七十五公分以上之欄柵或繩柵。第18條之舷梯亦要求寬度五十五公分以上。	Article 10.	draft	11		
Q3903	OSH	OSH-46	碼頭裝卸安全衛生設施標準	第11條	民國114年9月10日	碼頭裝卸-通路	1	裝卸作業工作者需自船舶貨堆上方通過時，應由何人採取何種措施？	由雇主設置警戒標示，禁止工作者通行之	由船方設置安全之通道，以供工作者通行	由碼頭經營者設置照明設備，供工作者通行	由貨方設置護欄及安全網，供工作者通行	Who must act when workers must pass over a stack of cargo on a ship?	The employer must set up warning signs prohibiting them from passing	The ship operator must set up a safe passage for them to walk on	The terminal operator must set up lighting for them to pass safely	The cargo interest must set up rails and safety nets for them to pass	b	第11條：裝卸作業工作者需自船舶貨堆上方通過時，船方應設置安全之通道，以供通行。第13條並要求雇主應使勞工使用依規定設置之通道，不得任其通行於不安全之通道。	Article 11.	draft	11		
Q3904	OSH	OSH-46	碼頭裝卸安全衛生設施標準	第12條	民國114年9月10日	碼頭裝卸-通路	2	關於艙口樑作為通道或供人走動，本標準如何規定？	船方於艙口樑兩端設有安全插梢者，即得使工作者以艙口樑作為通行之用之通道	船方僅於運轉機械期間不得使工作者走動，其餘期間得作為臨時通道使用之者	船方不得使工作者使用艙口樑為通道，亦不得藉調整機械等理由使其走動；雇主亦同	船方得使工作者使用艙口樑為通道，但應先設置扶手及安全網等防護設施後為之	What is the rule on using hatch beams as a walkway?	Where safety pins are fitted at both ends of the beam, the ship operator may use it as a walking route	The ship operator may only bar walking while machinery runs; at other times it may serve as a passage	The ship operator may not let workers use hatch beams as a passage or walk on them; nor may the employer	The ship operator may let workers use hatch beams as a passage if handrails and safety nets are set first	c	第12條：船方不得使工作者使用艙口樑為通道，並不得藉調整及運轉機械等理由，使工作者在艙口樑走動；雇主使勞工從事相關作業者，亦同。第34條並要求艙口樑兩端設置安全插梢或鎖緊設備。	Article 12.	draft	11		
Q3905	OSH	OSH-46	碼頭裝卸安全衛生設施標準	第13條	民國114年9月10日	碼頭裝卸-通路	1	雇主對於勞工進行裝卸作業所使用之通道，應如何管理？	應使勞工優先使用最短路徑之通道，以縮短搬運距離節省工時者	應僅於夜間管制通道之使用，日間得任由勞工選擇通行之路線者	應使勞工使用依規定設置之通道，不得任其通行於不安全之通道	應由勞工自行選擇適當通道，雇主僅需於通道設置警告標示即可	How must an employer manage the passages used for cargo work?	Workers should use the shortest route so as to cut carrying distance and time	Only night-time routes are controlled; by day workers may choose any route	Workers must use the passages provided as required and never unsafe ones	Workers may choose the route themselves; the employer just posts warnings	c	第13條：雇主應使勞工使用依規定設置之通道，進行裝卸作業；不得任其通行於不安全之通道。第9條至第12條並定通道、便橋及艙口樑之相關規定。	Article 13.	draft	11		
Q3906	OSH	OSH-46	碼頭裝卸安全衛生設施標準	第14條	民國114年9月10日	碼頭裝卸-欄柵	2	碼頭或船上設置之欄柵，雇主及船方應如何處理？	得於徵得貨方同意後移動；並於次一航次船舶靠泊前恢復原狀即符合規定者	得視作業需要隨時移動；僅需於移動前通知港口管理機關（構）備查即可為之	不得任意移動；因執行特定作業必須移動者，得於當日作業全部結束後再恢復	不得任意移動；因執行特定作業必須移動者，應於必要因素消失後立即恢復原狀	How must employers and ship operators treat fixed rails on quay or ship?	They may be moved with the cargo interest agreeing, and restored before the next ship calls	They may be moved as work requires, provided the port authority is notified for its records	They may not be moved at will; if a task requires it, restoring them by day end is sufficient	They may not be moved at will; if a task requires it, they must be restored at once afterwards	d	第14條：雇主及船方不得任意移動碼頭或船上設置之欄柵；但因執行特定作業，有移動之必要者，應在必要因素消失後，立即恢復原狀。第15條就舷梯、艙口蓋板等亦有非經授權不得移動之規定。	Article 14.	draft	11		
Q3907	OSH	OSH-46	碼頭裝卸安全衛生設施標準	第15條	民國114年9月10日	碼頭裝卸-設備移動	2	碼頭或船舶設置之舷梯、艙口蓋板、救生器具、燈光等，雇主得否移動？	得於作業需要時逕行移動；僅救生器具及警告標誌之移動須經船方授權後為之者	得於作業需要時逕行移動；但應於移動後三日內報請港口管理機關（構）備查之	非經勞動檢查機構或工會代表同意不得移動；緊急移動後得於次日再恢復原狀者	非經港口管理機關（構）、碼頭經營者或船方授權不得移動；緊急移動後應立即復原	May an employer move gangways, hatch covers, lifesaving gear or lights?	Yes whenever work requires; only lifesaving gear and warning signs need the ship operator to authorise it	Yes whenever work requires, provided the port authority is notified for its records within three days after	Not without consent of the labour inspector or a union representative; emergencies may be restored next day	Not without authority from the port authority, terminal operator or ship; emergencies must be restored at once	d	第15條：雇主對於碼頭或船舶設置之舷梯、傳動裝置、扶梯、艙口蓋板、救生器具、燈光、警告標誌或臺階等，非經港口管理機關（構）、碼頭經營者或船方之授權，不得移動；但因情況緊急確有移動之必要者，應於原因消失後立即恢復原狀。	Article 15.	draft	11		
Q3908	OSH	OSH-46	碼頭裝卸安全衛生設施標準	第16條	民國114年9月10日	碼頭裝卸-交通船	1	勞工須搭船經由水上往返船舶裝卸作業場所時，雇主應如何辦理？	應使勞工利用該作業船舶之繩梯攀爬往返而不必搭乘船	應使勞工穿著救生衣後自行搭乘小艇往返該作業場所者	應使勞工搭乘符合船舶法規規定之交通船往返作業場所	應使勞工搭乘港區內任何可供使用之駁船或舢舨往返之	How must workers be carried by water to and from the work place?	They should climb the rope ladder of the ship instead of travelling	They may travel by small boat on their own while wearing lifejackets	They must travel on a launch complying with the ship regulations	They may travel on any barge or sampan available in the port area	c	第16條：雇主對於勞工為從事船舶裝卸作業，須搭船經由水上往返作業場所者，應使勞工搭乘符合船舶法規規定之交通船。第65條並要求各作業艙碼頭舷側加掛護網防止人員落水。	Article 16.	draft	11		
Q3909	OSH	OSH-46	碼頭裝卸安全衛生設施標準	第17條	民國114年9月10日	碼頭裝卸-扶梯	1	船舶靠岸或靠近其他船舶時，為便利裝卸作業，應由何人設置何種設備？	由船方設置上下船舶之安全設備，供工作者往返船岸之用	由雇主設置上下船舶之安全設備，供工作者往返船岸之用	由港口管理機關（構）設置上下船舶之設備，供工作者用	由碼頭經營者設置上下船舶之安全設備，供工作者使用之	Who must provide access equipment when a ship berths alongside?	The ship operator provides safe means for going on and off the ship	The employer provides safe means for going on and off the ship instead	The port authority provides the means for going on and off the ship	The terminal operator provides safe means for going on and off the ship	a	第17條：船方為便利裝卸作業之實施，於船舶靠岸或靠近其他船舶時，應設置上下船舶之安全設備，以供工作者往返船岸之用。第18條並定舷梯、梯之寬度、欄柵及桿距等具體規格。	Article 17.	draft	11		
Q3910	OSH	OSH-46	碼頭裝卸安全衛生設施標準	第19條	民國114年9月10日	碼頭裝卸-通道	2	船舶停泊於他船外側或浮動碼頭，工作者須經由他船進出時，應如何辦理？	船方應於他船或浮動碼頭設置安全通道；該通道由排水量較大之船舶提供	碼頭經營者應設置安全通道；並由先行靠泊之船舶負責維護該通道之安全	船方應於他船或浮動碼頭設置安全通道；該通道由排水量較小之船舶提供	雇主應於他船或浮動碼頭設置安全通道；該通道費用由貨方負擔並維護之	Who provides the safe passage when a ship lies outboard of another?	The ship operator must provide it, and the ship with the greater displacement supplies it	The terminal operator must provide it, and the ship that berthed first maintains it there	The ship operator must provide it, and the ship with the smaller displacement supplies it	The employer must provide it, and the cargo interest bears the cost of maintaining it	a	第19條：船舶停泊於他船外側或浮動碼頭，工作者進出該船須經由他船或浮動碼頭者，船方應於他船或浮動碼頭設置安全通道；但通行無礙、無需借助其他設備且無危險之虞者，不在此限。該安全通道應由排水量較大之船舶提供之。	Article 19.	draft	11		
Q3911	OSH	OSH-46	碼頭裝卸安全衛生設施標準	第20條	民國114年9月10日	碼頭裝卸-繩梯	2	駁船、筏或木排在船邊作業時，船方應置備何種設備？	應置備供上下船舶用之便橋及安全網；並由排水量較小之船舶提供之	應置備供上下船舶用之適當繩梯；但另有其他適當安全設施者不在此限	應置備供上下船舶用之升降式吊籠；並由起重機具吊升人員上下船舶	應置備供上下船舶用之金屬固定舷梯；不得以繩梯或其他設施替代之者	What must the ship operator provide for barges or rafts working alongside?	A gangway and safety net, provided by the vessel of smaller displacement	A suitable rope ladder for boarding, unless other suitable safety facilities exist	A hoisted man-cage, with the crane lifting the workers on and off the vessel	A fixed metal accommodation ladder only; rope ladders may not be used instead	b	第20條第1項：駁船、筏或木排在船邊作業者，除另有其他適當之安全設施外，船方應置備供上下船舶用之適當繩梯。同條第2項並定繩梯之長度寬度、腳踏板間距及穩定牢繫等要求。	Article 20, paragraph 1.	draft	11		
Q3912	OSH	OSH-46	碼頭裝卸安全衛生設施標準	第20條	民國114年9月10日	碼頭裝卸-繩梯	3	船方置備之繩梯，其腳踏板應符合何項規定？	應具十一點五公分以上、二十五公分以下等距離之腳踏板供攀登	應具二十五公分以上、三十五公分以下等距離之腳踏板，以利攀登	應具五十五公分以上、七十五公分以下等距離之腳踏板供攀登用	應具三十五公分以上、四十五公分以下等距離之腳踏板，以利攀登	What spacing must the steps of the rope ladder have?	Equally spaced steps of not less than 11.5 cm and not more than 25 cm apart	Equally spaced steps of not less than 25 cm and not more than 35 cm apart	Equally spaced steps of not less than 55 cm and not more than 75 cm apart	Equally spaced steps of not less than 35 cm and not more than 45 cm apart	b	第20條第2項：繩梯應具有足夠長度及寬度使能安全上下船舶；具有二十五公分以上、三十五公分以下等距離之腳踏板，以利攀登；並保持穩定及牢繫，使攀登時不致發生捲曲、擺動及傾斜。	Article 20, paragraph 2.	draft	11		
Q3913	OSH	OSH-46	碼頭裝卸安全衛生設施標準	第21條	民國114年9月10日	碼頭裝卸-通道	2	甲板至艙底之高度深逾多少公尺時，船方應設置安全通道供貨艙裝卸作業？	深逾五公尺者，應於甲板與艙底間設置安全通道之者	深逾零點七五公尺者，應於甲板與艙底間設安全通道	深逾三公尺者，應於甲板與艙底間設置安全通道之者	深逾一點五公尺者，應於甲板與艙底間設置安全通道	Above what depth from deck to hold bottom must a safe access be provided?	Where the depth exceeds five metres, safe access must be provided instead	Where the depth exceeds zero-point-seven-five metres, access is required	Where the depth exceeds three metres, safe access must be provided instead	Where the depth exceeds one-point-five metres, safe access must be provided	d	第21條：甲板至艙底之高度深逾一點五公尺者，船方應於甲板與艙底間設置安全通道，供工作者從事貨艙裝卸作業。第24條就艙口深逾一點五公尺且未設圍柵者，另定防止墜落設備之要求。	Article 21.	draft	11		
Q3914	OSH	OSH-46	碼頭裝卸安全衛生設施標準	第22條	民國114年9月10日	碼頭裝卸-艙口梯	3	進出艙口之梯為踏條者，船方應依何規格設置？	二踏條垂直距離不得大於七十五公分，梯寬不得小於五十五公分，梯後淨距三十三公分以上	二踏條垂直距離不得大於五十五公分，梯寬不得小於十六點五公分，梯後淨距二十五公分以上	二踏條垂直距離不得大於三十三公分，梯寬不得小於二十五公分，梯後淨距十六點五公分以上	二踏條垂直距離不得大於二十五公分，梯寬不得小於三十三公分，梯後淨距十一點五公分以上	What dimensions apply to a rung type hatch ladder?	Rung spacing not over 75 cm, ladder width not under 55 cm, and at least 33 cm clearance behind	Rung spacing not over 55 cm, ladder width not under 16.5 cm, and at least 25 cm clearance behind	Rung spacing not over 33 cm, ladder width not under 25 cm, and at least 16.5 cm clearance behind	Rung spacing not over 25 cm, ladder width not under 33 cm, and at least 11.5 cm clearance behind	c	第22條第1款：梯為踏條者，二踏條間之垂直距離不得大於三十三公分，梯寬不得小於二十五公分，梯後空間保持十六點五公分以上之淨距，並設置穩固之把手。第2款則定踏板深度不得小於十一點五公分、寬度不得小於二十五公分。	Article 22, subparagraph 1.	draft	11		
Q3915	OSH	OSH-46	碼頭裝卸安全衛生設施標準	第22條	民國114年9月10日	碼頭裝卸-艙口梯	2	進出艙口之梯為踏板者，其踏板尺寸及梯之上端應如何設置？	踏板深度不得小於三十三公分、寬度不得小於五十五公分；梯之上端設安全網及護圍者	踏板深度不得小於十六點五公分、寬度不得小於七十五公分；梯之上端設警告標示牌者	踏板深度不得小於二十五公分、寬度不得小於十一點五公分；梯之上端設可拆式之掛鈎	踏板深度不得小於十一點五公分、寬度不得小於二十五公分；梯之上端設固定欄桿或扶手	What dimensions apply to a tread type hatch ladder and its top end?	Tread depth at least 33 cm and width at least 55 cm; a safety net and guard at the top end	Tread depth at least 16.5 cm and width at least 75 cm; a warning sign board at the top end	Tread depth at least 25 cm and width at least 11.5 cm; a removable hook fitted at the top	Tread depth at least 11.5 cm and width at least 25 cm; a fixed rail or handrail at the top	d	第22條第2款至第4款：梯為踏板者，踏板深度不得小於十一點五公分，寬度不得小於二十五公分，並設置穩固之把手；梯之上端應設置固定之欄桿或扶手；貨物堆放之位置與梯之間並應保持適當淨空，以利通行。	Article 22, subparagraphs 2 to 4.	draft	11		
Q3916	OSH	OSH-46	碼頭裝卸安全衛生設施標準	第23條	民國114年9月10日	碼頭裝卸-孔道	2	船艙之孔道，船方應依何項規定設置？	孔道二面均設安全網及護圍；無甲板船艙內使用扶梯者，梯頂應加設休息平台一處	孔道二面均設警告標示及照明；無甲板船艙內使用扶梯者，梯身應塗以反光塗料者	孔道單面設適當扶手及踏腳即可；無甲板船艙內使用扶梯者，梯底設掛鈎或配重物	孔道二面均設適當扶手及踏腳；無甲板船艙內使用扶梯者，梯頂設掛鈎或固定設備	How must trunkways in a ship hold be provided?	Safety nets and guards on both sides; ladders in undecked holds given a rest platform at top	Warning signs and lighting on both sides; ladders in undecked holds painted with reflective	Handholds and footholds on one side only; ladders in undecked holds hooked or weighted below	Handholds and footholds on both sides; ladders in undecked holds hooked or fixed at the top	d	第23條：船艙之孔道，船方應依下列規定設置：孔道二面均設適當扶手及踏腳；無甲板之船艙內，使用扶梯者，其梯頂設掛鈎或其他固定設備，使其穩固。第22條並定進出艙口之梯之各項尺寸規格。	Article 23.	draft	11		
Q3917	OSH	OSH-46	碼頭裝卸安全衛生設施標準	第25條	民國114年9月10日	碼頭裝卸-照明	2	港區作業場所及碼頭通道之危險部分，其照明應由何人設置？	由負責裝卸之雇主設置充分之照明，並採取安全有效之照明方法以維作業安全	由船方統一設置充分之照明，並採取安全有效之照明方法以維護作業之安全性	由貨方委託碼頭經營者設置充分照明，並採取安全有效之照明方法維護安全	由港口管理機關（構）或碼頭經營者設置充分之照明，採安全有效之照明方法	Who must light dangerous parts of port work places and quay passages?	The stevedoring employer provides ample lighting by safe and effective methods for the work	The ship operator provides all the ample lighting by safe and effective methods for the work	The cargo interest asks the terminal operator to provide ample lighting by safe methods too	The port authority or terminal operator provides ample lighting by safe and effective methods	d	第25條第1項：港區作業場所及碼頭通道之危險部分，港口管理機關（構）或碼頭經營者應設置充分之照明，採取安全有效之照明方法。第2項並定船邊裝卸作業區照度不足者，應由負責裝卸之雇主洽船方於作業前增設。	Article 25, paragraph 1.	draft	11		
Q3918	OSH	OSH-46	碼頭裝卸安全衛生設施標準	第25條	民國114年9月10日	碼頭裝卸-照明	2	船邊裝卸作業區照度不足時，應由何人於何時處理？	由港口管理機關（構）於作業後檢討再增設	由碼頭經營者於次一航次靠泊前增設照明者	由船方逕行於作業中隨時增設照明設備即可	由負責裝卸之雇主洽船方於作業前增設照明	Who must add lighting when the shipside work area is too dark, and when?	The port authority reviews after the work and then adds more lighting	The terminal operator adds lighting before the next ship calls there	The ship operator adds lighting at any time during the work as needed	The stevedoring employer asks the ship to add it before work starts	d	第25條第2項：照明除由港口管理機關（構）或碼頭經營者設置外，船邊裝卸作業區照度不足者，應由負責裝卸之雇主洽船方於作業前增設之。第27條並定船上裝卸作業場所之照明由船方提供必要照度。	Article 25, paragraph 2.	draft	11		
Q3919	OSH	OSH-46	碼頭裝卸安全衛生設施標準	第26條	民國114年9月10日	碼頭裝卸-照明	1	依規定所設之照明，不得有何種情形？	不得有增加港區用電負載、影響鄰近住戶及提高作業成本之情形	不得有由船方提供電源、於夜間開啟及設於艙口上方之情形者	不得有損害工作者安全健康、妨礙船舶航行及影響作業安全之情形	不得有使用防濕型燈具、採用高功率光源及設於通道旁之情形者	What must the lighting provided avoid?	Increasing port electricity load, disturbing nearby residents, or raising costs	Being powered by the ship, switched on at night, or placed above the hatch	Harming worker safety and health, hindering navigation, or affecting work safety	Using damp-proof fittings, high power lamps, or being placed beside passages	c	第26條：依前條所設之照明，不得有損害工作者安全健康、妨礙船舶航行及影響作業安全之情形。第28條並要求有濕氣侵入致生危險之虞者，應裝設有防濕功能之遮蓋物。	Article 26.	draft	11		
Q3920	OSH	OSH-46	碼頭裝卸安全衛生設施標準	第27條	民國114年9月10日	碼頭裝卸-照明	2	船上裝卸作業場所之照明由何人負責？未設燈光處所有何禁止事項？	由港口管理機關（構）提供照度；船方應禁止勞工於艙內使用任何電氣器具	由碼頭經營者提供必要照度；雇主應禁止勞工使用防爆型電筒進入艙內作業	由船方提供安全作業必要照度；雇主應禁止勞工使用打火機、火柴或明火照明	由雇主提供安全作業必要照度；船方應禁止勞工使用打火機、火柴或明火照明	Who lights shipboard work places, and what is banned where there is none?	The port authority gives the needed lux; the ship operator bans all electrical gear in holds	The terminal operator gives the needed lux; the employer bans flameproof torches in holds	The ship operator gives the needed lux; the employer bans lighters, matches or open flames	The employer gives the needed lux; the ship operator bans lighters, matches or open flames	c	第27條：船上裝卸作業場所之照明，船方應提供安全作業所必要之照度；在艙內或船上未設燈光之任何處所，雇主應禁止勞工使用打火機、火柴或明火照明。第25條則定港區及船邊照明之設置責任。	Article 27.	draft	11		
Q3921	OSH	OSH-46	碼頭裝卸安全衛生設施標準	第28條	民國114年9月10日	碼頭裝卸-照明	2	港區照明設備有濕氣侵入燈具內部致生危險之虞時，應由何人採取何措施？	由負責裝卸之雇主裝設有防濕功能之遮蓋物並定期檢點之者	由港口管理機關（構）或碼頭經營者裝設有防濕功能之遮蓋物	由貨方裝設有防濕功能之遮蓋物並委請碼頭經營者維護之者	由船方裝設有防濕功能之遮蓋物並於作業前檢查其功能狀態	Who must fit damp-proof covers on port lighting at risk of moisture ingress?	The stevedoring employer must fit damp-proof covers and check them	The port authority or the terminal operator must fit damp-proof covers	The cargo interest must fit damp-proof covers through the terminal firm	The ship operator must fit damp-proof covers and test them before work	b	第28條：港區裝卸作業場所設置之照明設備，因風雨、海浪或裝載液態物滲漏等，有濕氣侵入照明燈具內部致生危險之虞者，港口管理機關（構）或碼頭經營者應裝設有防濕功能之遮蓋物。	Article 28.	draft	11		
Q3922	OSH	OSH-46	碼頭裝卸安全衛生設施標準	第29條	民國114年9月10日	碼頭裝卸-蓋板	2	艙口蓋板及支持蓋板之艙口樑，船方應如何維持？	應每三個月更換一次，並登載於檢查表	應保持完整無缺狀態，並全部移置岸上	應保持完整無缺狀態，並預留堆放位置	應由雇主檢點後保管，並預留堆放位置	How must hatch covers and their beams be kept by the ship operator?	Replaced once every three months and entered in a check record	In sound and complete condition, with all of them landed ashore	In sound and complete condition, with a stowage place reserved	Kept by the employer after checking, with a place reserved for it	c	第29條第1項：船方應保持艙口蓋板及支持蓋板之艙口樑於完整無缺狀態，並預留堆放位置。第2項並定須留置於碼頭上者，船方應在其堆放區周圍設置適當圍欄或警告標示。	Article 29, paragraph 1.	draft	11		
Q3923	OSH	OSH-46	碼頭裝卸安全衛生設施標準	第29條	民國114年9月10日	碼頭裝卸-蓋板	1	艙口蓋板因船上無適當位置堆放而須留置於碼頭上時，應如何處理？	碼頭經營者應將其移置倉庫內並登記其所屬船舶	船方應在其堆放區周圍設置適當圍欄或警告標示	雇主應在其堆放區周圍設置適當圍欄或警告標示	港口管理機關（構）應指定專用堆置場所並收費	What if hatch covers must be left on the quay for lack of space on board?	The terminal operator must move them into a shed and record the ship	The ship operator must fence or post warning signs around the stack	The employer must fence or post warning signs around that same stack	The port authority must designate a paid stacking area for such covers	b	第29條第2項：艙口蓋板因船上無適當位置可供堆放，致須留置於碼頭上者，船方應在其堆放區周圍設置適當圍欄或警告標示。第51條第2項並定露天甲板艙口蓋板與艙口緣圍並置時之堆放高度及距離要求。	Article 29, paragraph 2.	draft	11		
Q3924	OSH	OSH-46	碼頭裝卸安全衛生設施標準	第30條	民國114年9月10日	碼頭裝卸-蓋板	1	進行與艙口有關之作業前，船方對艙口樑及艙口蓋板應如何處理？	應全部拆除堆置於碼頭，並設置圍欄及標示	應保持原狀不得移動，並由雇主確認其位置	應適度移去，或妥為固定安置，以避免其移位	應僅移去半數並以起重機具吊掛於艙口上方	How must beams and hatch covers be dealt with before hatch work?	All removed and stacked on the quay, with fencing and signs provided	Left untouched in place, with the employer confirming their position	Removed as appropriate, or properly secured so that they cannot shift	Only half removed, the rest slung by crane gear above the hatch way	c	第30條：進行與艙口有關作業前，船方應將艙口樑及艙口蓋板適度移去，或妥為固定安置，以避免其移位。第36條並要求捲升或捲卸作業前檢點艙口樑及開啟合葉艙口蓋板之固定狀態。	Article 30.	draft	11		
Q3925	OSH	OSH-46	碼頭裝卸安全衛生設施標準	第31條	民國114年9月10日	碼頭裝卸-蓋板	1	艙口蓋板之把手，船方應如何配置？有何例外？	應依蓋板大小及重量配以相稱之掛鈎；木製蓋板一律免設把手之要求者	應依蓋板材質及厚度配以統一規格把手；金屬製蓋板一律免設把手之要求	應依蓋板大小及重量配以相稱之把手；貨艙或艙蓋結構特殊無須把手者除外	應由雇主於作業前臨時加裝把手；船方僅負責提供工具及材料之責任	How must handles be fitted to hatch covers, and what is exempt?	Hooks matched to the size and weight of the cover; wooden covers are exempt from them	Handles of one standard size by material and thickness; metal covers are exempt from them	Handles matched to size and weight; holds or covers of special design needing none are exempt	The employer fits temporary handles before work; the ship only supplies tools and material	c	第31條：船方應依艙口蓋板之大小及重量，配以相稱之把手，以利蓋板之移動或更換；但貨艙或艙蓋結構特殊無須把手者，不在此限。第32條並要求艙口樑配備適當之掛鈎、拉索或絞轆。	Article 31.	draft	11		
Q3926	OSH	OSH-46	碼頭裝卸安全衛生設施標準	第32條	民國114年9月10日	碼頭裝卸-蓋板	1	為利艙口樑之移動或更換，船方應配備何種器具？	應於艙口樑配備適當之把手、腳踏及扶手	應於艙口樑配備適當之安全網、圍欄及蓋板	應於艙口樑配備適當之插梢、警示燈及標示	應於艙口樑配備適當之掛鈎、拉索或絞轆	What gear must be provided on hatch beams for moving them?	Suitable handles, footholds and handrails must be provided on them	Suitable safety nets, rails and covers must be provided on the beams	Suitable pins, warning lamps and signs must be provided on the beams	Suitable hooks, lifting ropes or winches must be provided on them	d	第32條：船方應於艙口樑配備適當之掛鈎、拉索或絞轆，以利移動或更換艙口樑。第31條則就艙口蓋板要求配以相稱之把手。	Article 32.	draft	11		
Q3927	OSH	OSH-46	碼頭裝卸安全衛生設施標準	第33條	民國114年9月10日	碼頭裝卸-蓋板	1	艙口蓋板及艙口樑不能互相通用者，船方應如何處理？	應以不同顏色塗裝並登載於艙單，交由雇主保管使用	應標明其所屬甲板、艙口編號及所在位置，以利識別	應集中堆置於同一艙口附近，並由貨方派員負責管理	應一律更換為可互相通用之規格，不得繼續使用原件	What must be done where hatch covers and beams are not interchangeable?	Paint them in different colours and enter them in the manifest for the crew	Mark the deck, hatch number and position they belong to for identification	Stack them together near one hatch, with the cargo interest managing them	Replace all of them with interchangeable ones and stop using the old parts	b	第33條：艙口蓋板及艙口樑不能互相通用者，船方應標明其所屬甲板、艙口編號及所在位置，以利識別。第34條並禁止將艙口蓋板及艙口樑移作過貨棧台或其他用途。	Article 33.	draft	11		
Q3928	OSH	OSH-46	碼頭裝卸安全衛生設施標準	第34條	民國114年9月10日	碼頭裝卸-蓋板	2	關於艙口蓋板及艙口樑之用途，本標準有何禁止規定？	船方不得將其移作過貨棧台或其他用途，以免損壞	貨方不得將其用於墊放貨物，以免造成貨物受潮損壞	船方不得將其留置於碼頭上，以免影響通道之暢通	雇主不得將其用於支撐照明設備，以免發生感電之虞	What use of hatch covers and beams is prohibited?	The ship operator may not use them as cargo landing platforms or other uses	The cargo interest may not use them as dunnage because of damp damage	The ship operator may not leave them on the quay so as to block passages	The employer may not use them to support lighting because of shock risk	a	第34條第1項：船方不得將艙口蓋板及艙口樑移作過貨棧台或其他用途，以免損壞。同條第2項並要求於艙口樑兩端設置安全插梢或鎖緊設備，保持其平穩固定，防止移位。	Article 34, paragraph 1.	draft	11		
Q3929	OSH	OSH-46	碼頭裝卸安全衛生設施標準	第34條	民國114年9月10日	碼頭裝卸-蓋板	2	為保持艙口樑之平穩及固定，船方應於何處設置何種設備？	應於艙口樑之兩端，設置安全插梢或鎖緊設備	應於艙口樑之中央，設置警告標示或反光標記	應於艙口蓋板之上方，設置護網或防落下裝置	應於艙口緣圍之四角，設置繩索或帆布覆蓋物	Where and what must be fitted to keep hatch beams steady and fixed?	Safety pins or locking devices at both ends of the hatch beam	Warning marks or reflective tape at the middle of the hatch beam	Nets or anti-drop devices above the hatch covers themselves	Ropes or canvas covers at the four corners of the hatch coaming	a	第34條第2項：船方應於艙口樑之兩端，設置安全插梢或鎖緊設備，以保持艙口樑之平穩及固定，防止其移位。第35條並要求於艙口緣圍設置堅固之插口以供安裝艙口樑或蓋板。	Article 34, paragraph 2.	draft	11		
Q3930	OSH	OSH-46	碼頭裝卸安全衛生設施標準	第35條	民國114年9月10日	碼頭裝卸-蓋板	1	船方應於艙口緣圍設置何種設備？有何例外？	應設置堅固之插口供安裝金屬製艙口樑或蓋板；具取代插口功能設計者除外	應設置堅固之滑軌供艙口蓋板移動使用；木製艙口蓋板之船舶不在此限者	應設置堅固之欄柵供防止人員墜落艙內；具取代欄柵功能設計者不在此限	應設置堅固之掛鈎供繫固繩梯使用；設有固定舷梯之船舶一律不在此限者	What must be fitted on the hatch coaming, and what is exempt?	Strong sockets for fitting metal hatch beams or covers; ships designed to replace them are exempt	Strong rails for sliding hatch covers along; ships with wooden hatch covers are exempted here	Strong rails to stop people falling into the hold; ships designed to replace them are exempted	Strong hooks for securing rope ladders; ships with a fixed accommodation ladder are exempt	a	第35條：船方應於艙口緣圍設置堅固之插口，以供安裝金屬製之艙口樑或艙口蓋板；但船舶具有取代插口之功能設計者，不在此限。第34條並定艙口樑兩端安全插梢或鎖緊設備之要求。	Article 35.	draft	11		
Q3931	OSH	OSH-46	碼頭裝卸安全衛生設施標準	第36條	民國114年9月10日	碼頭裝卸-起重裝置	2	使用起重裝置自貨艙內部捲升或捲卸貨物前，雇主及船方應檢點哪些構件？	應檢點船艙照明及通風設備狀態，確認無異狀後始得使勞工從事捲卸作業者	應檢點艙口樑及置有開啟合葉之艙口蓋板之固定狀態，確認無異狀後始得作業	應檢點吊索及吊鏈之磨損狀態，確認無異狀後始得使勞工從事該項捲升作業	應檢點艙口緣圍及舷側護網狀態，確認無異狀後始得使勞工從事捲升作業者	What must be checked before hoisting cargo from or into a hold?	The lighting and ventilation of the hold, confirmed sound before workers lower cargo into it	The secured state of the hatch beams and of hinged hatch covers, confirmed sound before work	The wear of the slings and chains used, confirmed sound before workers hoist any cargo out	The hatch coaming and side safety nets, confirmed sound before workers hoist cargo out of it	b	第36條：雇主及船方於使用起重裝置自貨艙內部捲升貨物或往貨艙內部捲卸作業前，應檢點艙口樑及置有開啟合葉之艙口蓋板之固定狀態；雇主並應確認前項構件之固定狀態無異狀後，方得使勞工從事各該作業。	Article 36.	draft	11		
Q3932	OSH	OSH-46	碼頭裝卸安全衛生設施標準	第37條	民國114年9月10日	碼頭裝卸-起重裝置	2	船舶甲板上之齒輪、傳動軸、帶電導體及蒸汽管線等構件，船方應如何處理？	應一律拆除後移置岸上保管；於裝卸作業全部完成後再行復原安裝於甲板上者	應由碼頭經營者派員加以隔離；並於作業前報請港口管理機關（構）備查之	應設置圍柵、護網、蓋板或其他防護物隔離；位置構造確無妨礙作業安全者除外	應以警告標示及反光塗料標明；並由雇主指派人員於作業中全程監視其運轉	How must deck gearing, shafts, live conductors and steam lines be treated?	Dismantled and stored ashore in every case, and refitted after all cargo work is completed	Guarded by staff sent by the terminal operator, after filing a report with the port authority	Guarded off by rails, nets, covers or other guards, unless their position truly poses no risk	Marked with warning signs and reflective paint, with a watcher posted throughout the work	c	第37條：船方對於船舶甲板上之齒輪、發動機、鏈條、傳動軸、帶電導體及蒸汽管線等供起重裝置之構件，在不妨礙船舶安全操作下，應設置圍柵、護網、蓋板或其他防護物隔離之；但各該機件之位置及構造確無妨礙工作者作業安全者，不在此限。	Article 37.	draft	11		
Q3933	OSH	OSH-46	碼頭裝卸安全衛生設施標準	第38條	民國114年9月10日	碼頭裝卸-起重裝置	2	船方對船上起重機具、吊桿、絞盤及所吊物件之掉落，應採何種措施？	應由雇主提供適當設備預防掉落；船方僅負責提供動力及操作人員即為已足之責任	應僅於吊舉重物超過五公噸時設置防落設備；其餘作業得由指揮人員以人力管制之	應提供適當設備預防掉落；反復運動機件並應設置警報裝置及自動停止裝置各一組者	應提供適當設備預防掉落；反復運動機件並應設彈簧控制器、掣鎖設備或其他安全設施	What must the ship operator do to prevent falling of gear or loads?	Have the employer provide anti-fall equipment; the ship only supplies power and the operators	Provide anti-fall equipment only for loads over five tonnes; otherwise a signaller controls it	Provide suitable equipment to prevent falls; reciprocating gear also needs an alarm and auto stop	Provide suitable equipment to prevent falls; reciprocating gear also needs spring controls or pawls	d	第38條：船方應提供適當設備，以預防船上起重機具、吊桿、絞盤及所吊物件於吊舉過程中掉落；利用槓桿以控制其高低之反復運動機件之起重機具或絞盤，並應設適當彈簧控制器、掣鎖設備或其他安全設施，以防止危險。	Article 38.	draft	11		
Q3934	OSH	OSH-46	碼頭裝卸安全衛生設施標準	第39條	民國114年9月10日	碼頭裝卸-起重裝置	2	船上起重機具之駕駛台或動力驅動輸送帶頂端，船方應設置何種設施？	應設適當照明及通風設備，並設置圍欄	應設適當滅火器材及警報器，並設標示	應設適當救生圈及救生索，並設置標線	應設適當護柵或護圍，並設置安全通道	What must be provided at a crane cab or the head of a powered conveyor?	Suitable lighting and ventilation, together with a fence around it	Suitable fire extinguishers and an alarm, together with signage	Suitable lifebuoys and lifelines, together with painted marking	Suitable guard rails or guards, together with a safe access way	d	第39條第1項：船方應於船上起重機具之駕駛台，或動力驅動之輸送帶頂端，設適當護柵或護圍，並設置安全通道。同條第2項並定該通道為扶梯時之延伸長度、踏腳淨空及休息平台等要求。	Article 39, paragraph 1.	draft	11		
Q3935	OSH	OSH-46	碼頭裝卸安全衛生設施標準	第39條	民國114年9月10日	碼頭裝卸-起重裝置	3	前開安全通道為扶梯者，垂直豎立梯之長度超過多少時應設休息平台？間隔為何？	長度超過五十公尺者，應每隔二十公尺至少設一休息平台	長度超過三十公尺者，應每隔十五公尺至少設一休息平台	長度超過十五公尺者，應每隔三十公尺至少設一休息平台	長度超過二十公尺者，應每隔十公尺至少設一休息平台之	When must rest platforms be provided on a vertical ladder, and how often?	Where the ladder exceeds fifty metres, a rest platform at least every twenty metres	Where the ladder exceeds thirty metres, a rest platform at least every fifteen metres	Where the ladder exceeds fifteen metres, a rest platform at least every thirty metres	Where the ladder exceeds twenty metres, a rest platform at least every ten metres	b	第39條第2項第3款：垂直豎立梯之長度超過三十公尺者，應每隔十五公尺至少設一休息平台。同項並要求梯之二邊延伸至超越駕駛台適當長度或提供適當把手，駕駛台之踏腳位置應保持淨空。	Article 39, paragraph 2, subparagraph 3.	draft	11		
Q3936	OSH	OSH-48	勞動基準法	第1條	民國113年7月31日	勞基法-總則	1	勞動基準法對勞雇雙方所訂勞動條件之效力為何？本法未規定之事項應如何處理？	勞動條件應報經主管機關核備後生效；本法未規定者，均不生法律上效力	勞動條件不得高於本法所定之最低標準；本法未規定者，適用團體協約之約定	勞動條件得由勞雇雙方自由議定；本法未規定者，一律由主管機關逐案核定	勞動條件不得低於本法所定之最低標準；本法未規定者，適用其他法律之規定	What is the effect of agreed working conditions under the Labor Standards Act, and how are matters not covered by it handled?	Conditions take effect only after official approval; matters not covered have no legal effect at all	Conditions may not exceed the Act's minimum standards; matters not covered follow collective agreements	Conditions may be freely agreed by the parties; matters not covered are decided case by case by the authority	Conditions may not fall below the Act's minimum standards; matters not covered follow other laws	d	第1條：本法為規定勞動條件最低標準、保障勞工權益而制定，本法未規定者適用其他法律之規定；雇主與勞工所訂勞動條件不得低於本法所定之最低標準。第71條並規定工作規則違反法令強制或禁止規定者無效。	Article 1 sets minimum standards that agreed conditions may not fall below.	draft	11		
Q3937	OSH	OSH-48	勞動基準法	第3條	民國113年7月31日	勞基法-適用範圍	2	經中央主管機關指定公告因窒礙難行而不適用勞動基準法之行業或工作者，其人數上限為何？	不得逾各該事業單位所僱用勞工人數總計十分之一	不得逾第一項第一款至第七款以外勞工總數五分之一	不得逾第一項第一款至第八款以外勞工總數二分之一	不得逾第一項第一款至第七款以外勞工總數三分之一	What is the cap on workers excluded from the Act as impracticable to apply?	Not more than one tenth of the total workers employed by that establishment	Not more than one fifth of workers outside subparagraphs 1 to 7 of paragraph 1	Not more than one half of workers outside subparagraphs 1 to 8 of paragraph 1	Not more than one third of workers outside subparagraphs 1 to 7 of paragraph 1	b	第3條：本法適用於一切勞雇關係，但因經營型態、管理制度及工作特性等因素適用確有窒礙難行，並經中央主管機關指定公告之行業或工作者不適用之；其人數不得逾第一項第一款至第七款以外勞工總數五分之一。第一項並列舉農林漁牧業等七類適用行業。	Article 3: the exclusion may not exceed one fifth of such workers.	draft	11		
Q3938	OSH	OSH-48	勞動基準法	第4條	民國113年7月31日	勞基法-主管機關	1	勞動基準法所稱主管機關，在中央、直轄市及縣（市）分別為何？	中央為內政部；直轄市為直轄市政府；縣（市）為縣（市）政府	中央為勞動部；直轄市為勞動檢查機構；縣（市）為縣（市）政府	中央為行政院；直轄市為直轄市勞工局；縣（市）為鄉鎮市公所	中央為勞動部；直轄市為直轄市政府；縣（市）為縣（市）政府	Who are the competent authorities under the Act at central and local levels?	Ministry of the Interior centrally; municipal governments; county or city governments	Ministry of Labor centrally; labor inspection agencies; county or city governments	The Executive Yuan centrally; municipal labor bureaus; township or city offices	Ministry of Labor centrally; municipal governments; county or city governments	d	第4條：本法所稱主管機關，在中央為勞動部，在直轄市為直轄市政府，在縣（市）為縣（市）政府。第72條另規定中央主管機關設勞工檢查機構或授權直轄市主管機關專設檢查機構辦理檢查。	Article 4 designates the Ministry of Labor and local governments.	draft	11		
Q3939	OSH	OSH-48	勞動基準法	第5條	民國113年7月31日	勞基法-強制勞動	1	勞動基準法對雇主強制勞工從事勞動之禁止規定為何？違反者之刑責為何？	不得以強暴、脅迫、拘禁或其他非法方法強制勞動；處五年以下有期徒刑、拘役或科或併科七十五萬元以下罰金	不得以扣薪、調職或其他不利處分強制勞動；處五年以下有期徒刑、拘役或科或併科一百萬元以下罰金	不得以強暴、脅迫或其他非法方法強制勞動；僅處新臺幣二萬元以上三十萬元以下罰鍰並公布名稱	不得以強暴、脅迫、拘禁或其他非法方法強制勞動；處三年以下有期徒刑、拘役或科或併科四十五萬元以下罰金	What does the Act prohibit as to forced labor, and what is the penalty?	No violence, threat, confinement or other unlawful means; up to 5 years imprisonment or a fine up to NT$750,000	No pay deduction, transfer or other adverse action; up to 5 years imprisonment or a fine up to NT$1,000,000	No violence, threat or other unlawful means; only an administrative fine of NT$20,000 to NT$300,000 with publication	No violence, threat, confinement or other unlawful means; up to 3 years imprisonment or a fine up to NT$450,000	a	第5條：雇主不得以強暴、脅迫、拘禁或其他非法之方法，強制勞工從事勞動。違反者依第75條處五年以下有期徒刑、拘役或科或併科新臺幣七十五萬元以下罰金，為本法罰則章中最重之刑罰。	Article 5 with Article 75: up to five years imprisonment or a NT$750,000 fine.	draft	11		
Q3940	OSH	OSH-48	勞動基準法	第6條	民國113年7月31日	勞基法-中間剝削	1	關於他人之勞動契約，勞動基準法設有何種禁止規定？違反者如何處罰？	任何人不得介入他人勞動契約抽取不法利益；處三年以下有期徒刑、拘役或科或併科四十五萬元以下罰金	任何人不得介入他人勞動契約抽取合理報酬；處新臺幣九萬元以上四十五萬元以下之罰鍰	任何人不得介入他人勞動契約抽取不法利益；處五年以下有期徒刑、拘役或科或併科七十五萬元以下罰金	僅雇主不得介入他人勞動契約抽取不法利益；處六個月以下有期徒刑、拘役或科三十萬元以下罰金	What does the Act prohibit regarding intervening in another's labor contract?	No person may intervene to extract unlawful profit; up to 3 years imprisonment or a fine up to NT$450,000	No person may intervene to take reasonable remuneration; an administrative fine of NT$90,000 to NT$450,000	No person may intervene to extract unlawful profit; up to 5 years imprisonment or a fine up to NT$750,000	Only employers may not intervene to extract unlawful profit; up to 6 months imprisonment or NT$300,000 fine	a	第6條：任何人不得介入他人之勞動契約，抽取不法利益，禁止對象不限於雇主。違反者依第76條處三年以下有期徒刑、拘役或科或併科新臺幣四十五萬元以下罰金。	Article 6 with Article 76: up to three years imprisonment or NT$450,000.	draft	11		
Q3941	OSH	OSH-48	勞動基準法	第7條	民國113年7月31日	勞基法-勞工名卡	2	雇主置備之勞工名卡應保管至何時？未依規定置備勞工名卡之罰鍰為何？	應保管至勞工離職後五年；處新臺幣二萬元以上三十萬元以下罰鍰	應保管至勞工離職當年年度終了；處新臺幣三萬元以上十五萬元以下罰鍰	應保管至勞工離職後十年；處新臺幣九萬元以上四十五萬元以下罰鍰	應保管至勞工離職後三年；處新臺幣二萬元以上三十萬元以下罰鍰	How long must worker record cards be kept, and what is the fine for breach?	Kept for five years after the worker leaves; fine of NT$20,000 to NT$300,000	Kept until the end of the year of departure; fine of NT$30,000 to NT$150,000	Kept for ten years after the worker leaves; fine of NT$90,000 to NT$450,000	Kept for three years after the worker leaves; fine of NT$20,000 to NT$300,000	a	第7條：雇主應置備勞工名卡，登記姓名、性別、出生年月日、到職年月日、工資、獎懲、傷病等必要事項，並保管至勞工離職後五年。違反者依第79條第3項處新臺幣二萬元以上三十萬元以下罰鍰。	Article 7: five years after separation; Article 79(3) sets the fine.	draft	11		
Q3942	OSH	OSH-48	勞動基準法	第8條	民國113年7月31日	勞基法-職災預防	1	勞動基準法對雇主於職業災害預防及福利設施上課予何種義務？	應由勞工自行注意職業上災害，雇主僅須提供必要之個人防護具及保險給付	應預防職業上災害，建立適當之工作環境及福利設施，安全衛生及福利事項依有關法律規定	應預防職業上災害，惟安全衛生及福利設施得以現金津貼代替，不受其他法律限制	應於災害發生後補償勞工損失即可，工作環境及福利設施由勞資會議自行決定	What duty does the Act impose on employers regarding occupational hazards and welfare?	Leave hazard awareness to workers; the employer need only supply protective gear and insurance benefits	Prevent occupational hazards and provide a proper work environment and welfare facilities, per related laws	Prevent occupational hazards, but welfare facilities may be replaced by cash allowances free of other laws	Merely compensate losses after an accident; environment and welfare are decided by labor-management meetings	b	第8條：雇主對於僱用之勞工，應預防職業上災害，建立適當之工作環境及福利設施；其有關安全衛生及福利事項，依有關法律之規定，例如職業安全衛生法及職工福利金條例。第七章另定職業災害發生後之補償責任。	Article 8: employers must prevent hazards and provide a proper environment.	draft	11		
Q3943	OSH	OSH-48	勞動基準法	第10條	民國113年7月31日	勞基法-年資計算	2	定期契約屆滿後或不定期契約因故停止履行後，於何種期間內訂定新約或繼續履行原約，勞工前後年資應合併計算？	未滿六個月而訂定新約或繼續履行原約者，前後工作年資應合併計算	未滿三十日而訂定新約或繼續履行原約者，前後工作年資應合併計算	未滿一年而訂定新約或繼續履行原約者，前後工作年資始得合併計算	未滿三個月而訂定新約或繼續履行原約者，前後工作年資應合併計算	Within what interval are a worker's prior and later service years combined?	Where a new contract is made or the old resumed within less than six months	Where a new contract is made or the old resumed within less than thirty days	Only where a new contract is made or the old resumed within less than one year	Where a new contract is made or the old resumed within less than three months	d	第10條：定期契約屆滿後或不定期契約因故停止履行後，未滿三個月而訂定新約或繼續履行原約時，勞工前後工作年資應合併計算。第57條另規定年資以服務同一事業者為限，但受同一雇主調動及依第20條由新雇主承認之年資應予併計。	Article 10: less than three months means the service years are combined.	draft	11		
Q3944	OSH	OSH-48	勞動基準法	第10條之1	民國113年7月31日	勞基法-調動原則	3	雇主調動勞工工作時，除不得違反勞動契約約定外，應符合之原則不包括下列何者？	調動後之職務等級與原職務相當，且應經勞工本人書面同意始得為之	基於企業經營上所必須，且不得有不當動機及目的，法律另有規定者從其規定	對勞工之工資及其他勞動條件未作不利之變更，調動後工作為其體能技術可勝任	調動工作地點過遠雇主應予以必要之協助，並考量勞工及其家庭之生活利益	Which is NOT among the principles the employer must observe when transferring a worker?	The new post must be of equivalent rank and requires the worker's written consent	Business necessity without improper motive or purpose, unless another law provides otherwise	No adverse change to wages or other conditions, and the work must suit the worker's ability	Necessary assistance if the location is too far, with regard for the worker's family life	a	第10條之1明定調動五原則：企業經營所必須且無不當動機目的、工資及其他勞動條件未作不利變更、調動後工作為勞工體能及技術可勝任、地點過遠應予必要協助、考量勞工及其家庭之生活利益。並未要求職務等級相當或勞工書面同意。	Article 10-1 lists five transfer principles; rank equivalence is not one.	draft	11		
Q3945	OSH	OSH-48	勞動基準法	第13條	民國113年7月31日	勞基法-終止限制	2	勞工於產假停止工作期間或職業災害醫療期間，雇主終止契約之限制及例外為何？	得隨時終止契約，但應於終止前三十日通知勞工並經勞資會議同意後為之	得預告終止契約，惟應加倍發給資遣費，並於終止後三十日內報主管機關備查	原則不得終止契約；但因天災、事變或其他不可抗力致事業不能繼續，經報主管機關核定者不在此限	原則不得終止契約；但雇主因虧損或業務緊縮而有裁員必要，經工會同意者即不在此限	What limits apply to terminating a contract during maternity leave or occupational injury treatment?	Termination is allowed at any time with thirty days notice and labor-management meeting consent	Termination with notice is allowed if severance pay is doubled and reported within thirty days	Termination is barred, unless force majeure halts the business and the authority approves	Termination is barred, unless losses or business contraction require layoffs with union consent	c	第13條：勞工在第50條規定之停止工作期間（產假）或第59條規定之職業災害醫療期間，雇主不得終止契約；例外為雇主因天災、事變或其他不可抗力致事業不能繼續，並經報主管機關核定者。違反者依第78條第2項處新臺幣九萬元以上四十五萬元以下罰鍰。	Article 13: barred, except approved force majeure that halts the business.	draft	11		
Q3946	OSH	OSH-48	勞動基準法	第15條	民國113年7月31日	勞基法-勞工終止	2	特定性定期契約期限逾三年者，勞工得於何時終止契約？應否預告？	於屆滿五年後始得終止契約，並應於二十日前預告雇主	於屆滿三年後得終止契約，但應於三十日前預告雇主	於屆滿三年後得終止契約，但應於六十日前預告雇主	於屆滿一年後即得終止契約，且無須預告雇主即可離職	When may a worker terminate a specified-task fixed-term contract longer than three years?	Only after five years have elapsed, giving twenty days advance notice	After three years have elapsed, giving the employer thirty days advance notice	After three years have elapsed, giving the employer sixty days advance notice	After one year has elapsed, and no advance notice to the employer is required	b	第15條：特定性定期契約期限逾三年者，於屆滿三年後勞工得終止契約，但應於三十日前預告雇主；不定期契約勞工終止契約時，應準用第16條第1項所定期間預告雇主。依第18條，勞工依第15條終止契約者不得請求預告期間工資及資遣費。	Article 15: after three years, with thirty days notice.	draft	11		
Q3947	OSH	OSH-48	勞動基準法	第15條之1	民國113年7月31日	勞基法-最低服務年限	3	雇主與勞工為最低服務年限之約定，須符合下列何種規定之一？	雇主已依法為勞工投保勞工保險，或已給付高於基本工資之報酬者	雇主已與勞工簽訂離職後競業禁止約定，或已給付簽約金與久任獎金者	雇主已將該約定報請當地主管機關核備，或已於工作規則中公開揭示者	雇主為勞工進行專業技術培訓並提供該項培訓費用，或提供其合理補償者	What condition must be met before agreeing a minimum service period?	The employer has enrolled the worker in labor insurance, or pays above the basic wage	The employer has signed a post-employment non-compete, or paid a signing and retention bonus	The employer has filed the agreement with the local authority, or posted it in the work rules	The employer provides professional training and bears its cost, or gives reasonable compensation	d	第15條之1：未符合下列規定之一，雇主不得與勞工為最低服務年限之約定：一、雇主為勞工進行專業技術培訓並提供該項培訓費用；二、雇主為使勞工遵守約定而提供其合理補償。且約定應綜合考量培訓期間與成本、人力替補可能性、補償額度範圍等，不得逾合理範圍，違反者約定無效。	Article 15-1: training with cost borne, or reasonable compensation.	draft	11		
Q3948	OSH	OSH-48	勞動基準法	第15條之1	民國113年7月31日	勞基法-最低服務年限	2	勞動契約因不可歸責於勞工之事由而於最低服務年限屆滿前終止者，勞工之責任為何？	勞工不負違反最低服務年限約定或返還訓練費用之責任	勞工應賠償約定違約金，但得請求雇主返還已受領之補償	勞工應返還全部訓練費用，惟得由雇主自資遣費中扣抵之	勞工仍應按未服務期間比例返還雇主所支出之訓練費用	If the contract ends before the minimum service period for reasons not attributable to the worker?	The worker bears no liability for breach or for repaying training costs	The worker owes the agreed penalty but may reclaim compensation already received	The worker must repay all training costs, deductible from severance pay	The worker must still repay training costs in proportion to the unserved period	a	第15條之1第4項：勞動契約因不可歸責於勞工之事由而於最低服務年限屆滿前終止者，勞工不負違反最低服務年限約定或返還訓練費用之責任。第17條之1第6項對派遣勞工與要派單位成立契約者，亦有相同之免責規定。	Article 15-1(4): no liability where the worker is not at fault.	draft	11		
Q3949	OSH	OSH-48	勞動基準法	第17條之1	民國113年7月31日	勞基法-派遣	3	要派單位違法於簽約前面試派遣勞工且已受領其勞務者，派遣勞工得如何主張？要派單位應於何時協商？	得於提供勞務之日起三十日內以書面提出訂約意思表示，要派單位應於到達之日起三十日內協商	得於提供勞務之日起九十日內以書面提出訂約意思表示，要派單位應於到達之日起十日內協商	得於提供勞務之日起一年內以口頭提出訂約意思表示，要派單位應於到達之日起十五日內協商	得於知悉違法之日起六十日內以書面提出訂約意思表示，要派單位應於到達之日起二十日內協商	If a client firm unlawfully interviews a dispatched worker and receives their services, what may the worker do?	Give written notice to contract within 30 days of starting work; the firm must negotiate within 30 days	Give written notice to contract within 90 days of starting work; the firm must negotiate within 10 days	Give oral notice to contract within one year of starting work; the firm must negotiate within 15 days	Give written notice within 60 days of learning of the breach; the firm must negotiate within 20 days	b	第17條之1：要派單位不得於派遣事業單位與派遣勞工簽訂勞動契約前面試該派遣勞工或指定特定派遣勞工。違反且已受領勞務者，派遣勞工得於提供勞務之日起九十日內以書面向要派單位提出訂定勞動契約之意思表示；要派單位應自意思表示到達之日起十日內協商，逾期未協商或協商不成立者，視為雙方自期滿翌日成立勞動契約。	Article 17-1: 90 days for the notice, 10 days for negotiation.	draft	11		
Q3950	OSH	OSH-48	勞動基準法	第17條之1	民國113年7月31日	勞基法-派遣	2	派遣勞工因提出與要派單位訂定勞動契約之意思表示，遭派遣事業單位或要派單位解僱、減薪者，其效力為何？	派遣事業單位及要派單位所為之解僱、降調、減薪等不利處分均為無效	該不利處分經主管機關撤銷後始為無效，勞工並得請求加倍之資遣費	該不利處分於報經當地主管機關核備後有效，勞工僅得申請調解	該不利處分有效，但派遣勞工得請求相當於六個月工資之損害賠償	What is the effect of dismissal or pay cuts imposed because the worker sought such a contract?	Any dismissal, demotion, pay cut or other adverse action by either firm is void	The action becomes void only once revoked by the authority, with doubled severance	The action is valid once filed with the local authority; the worker may only seek mediation	The action is valid, but the worker may claim damages equal to six months of wages	a	第17條之1第4項、第5項：派遣事業單位及要派單位不得因派遣勞工提出訂約意思表示，而予以解僱、降調、減薪、損害其依法令、契約或習慣上應享有之權益或其他不利處分，為前項行為之一者無效。第6項並規定其與派遣事業單位之勞動契約視為終止，且不負返還訓練費用之責任。	Article 17-1(4)-(5): such adverse actions are void.	draft	11		
Q3951	OSH	OSH-48	勞動基準法	第18條	民國113年7月31日	勞基法-資遣費	2	下列何種情形，勞工不得向雇主請求加發預告期間工資及資遣費？	依第十二條或第十五條規定終止勞動契約者，及定期勞動契約期滿離職者	勞工依第十五條之一終止契約者，及雇主依第十三條但書終止契約者	勞工屆齡強制退休者，及雇主因改組轉讓未留用勞工而終止契約者	依第十四條規定不經預告終止契約者，及雇主依第十一條資遣勞工者	In which situation may a worker NOT claim notice-period wages and severance pay?	Termination under Article 12 or 15, and leaving at the expiry of a fixed-term contract	Termination by the worker under Article 15-1, and termination by the employer under Article 13 proviso	Compulsory retirement by age, and non-retention after a reorganization or transfer	Termination without notice under Article 14, and layoff by the employer under Article 11	a	第18條：勞工依第12條（雇主得不經預告終止）或第15條（勞工終止）規定終止勞動契約，或定期勞動契約期滿離職者，不得向雇主請求加發預告期間工資及資遣費。反之，依第14條由勞工不經預告終止者，依同條第4項準用第17條仍得請求資遣費。	Article 18: Article 12 or 15 terminations and expiry of fixed-term contracts.	draft	11		
Q3952	OSH	OSH-48	勞動基準法	第19條	民國113年7月31日	勞基法-服務證明書	1	勞動契約終止時，勞工請求發給服務證明書，雇主可否拒絕？違反者如何處罰？	雇主得要求勞工負擔工本費後核發；拒絕核發者僅由主管機關限期改善	雇主僅於勞工非自願離職時始有核發義務；違反者處新臺幣九萬元以上罰鍰	雇主得視勞工離職原因決定是否核發；違反者處新臺幣三萬元以上十五萬元以下罰鍰	雇主或其代理人不得拒絕；違反者處新臺幣二萬元以上三十萬元以下罰鍰	May the employer refuse a service certificate on termination, and what is the penalty?	The employer may charge a fee first; refusal only leads to an order to improve	The duty arises only for involuntary separations; the fine starts at NT$90,000	The employer may decide based on the reason for leaving; the fine is NT$30,000 to NT$150,000	The employer or its agent may not refuse; the fine is NT$20,000 to NT$300,000	d	第19條：勞動契約終止時，勞工如請求發給服務證明書，雇主或其代理人不得拒絕，不以離職原因為區別。違反者依第79條第3項處新臺幣二萬元以上三十萬元以下罰鍰，並依第80條之1公布事業單位名稱及負責人姓名。	Article 19 with Article 79(3): refusal is prohibited and fined.	draft	11		
Q3953	OSH	OSH-48	勞動基準法	第20條	民國113年7月31日	勞基法-改組轉讓	2	事業單位改組或轉讓時，對未經新舊雇主商定留用之勞工及留用勞工之年資，應如何處理？	未留用者應由新雇主全數留用至少六個月；留用者年資由新舊雇主各自負擔一半	未留用者得逕行終止契約而免發資遣費；留用者年資自新雇主接手之日重新起算	未留用者依第十六條期間預告終止並依第十七條發給資遣費；留用者年資由新雇主繼續承認	未留用者由主管機關安置就業並發給補助；留用者年資須經勞資會議同意始承認	On reorganization or transfer, how are non-retained workers and retained workers' service years treated?	The new employer must retain all workers for at least six months; service years are split between employers	Non-retained workers may be dismissed without severance; retained workers' years restart from the takeover	Non-retained workers get notice under Article 16 and severance under Article 17; retained years carry over	The authority places non-retained workers with subsidies; retained years need meeting approval	c	第20條：事業單位改組或轉讓時，除新舊雇主商定留用之勞工外，其餘勞工應依第16條規定期間預告終止契約，並依第17條規定發給資遣費；留用勞工之工作年資應由新雇主繼續予以承認。第57條並規定此類年資應予併計。	Article 20: notice plus severance, and the new employer recognizes service years.	draft	11		
Q3954	OSH	OSH-48	勞動基準法	第22條	民國113年7月31日	勞基法-工資給付	2	工資給付之形式與範圍，勞動基準法有何規定？	得以實物或有價證券給付，惟實物比例不得逾二分之一，並應交付勞工指定之親屬	應以法定通用貨幣為之，且不得以任何實物給付，並得由雇主逕行代為儲存於指定帳戶	應以法定通用貨幣為之，得依習慣或業務性質約定一部以實物給付，並應全額直接給付勞工	應以法定通用貨幣為之，惟雇主得先扣除膳宿費及工作用具費後再給付其餘額	How must wages be paid under the Act?	In kind or securities, with in-kind not exceeding one half, delivered to a relative named by the worker	In legal tender only, with no payment in kind; the employer may deposit it in a designated account	In legal tender; part may be in kind by custom or business nature; paid in full directly to the worker	In legal tender, but the employer may first deduct board, lodging and tool costs and pay the balance	c	第22條：工資給付應以法定通用貨幣為之，但基於習慣或業務性質，得於勞動契約內訂明一部以實物給付，實物作價應公平合理並適合勞工及其家屬需要；工資應全額直接給付勞工，但法令另有規定或勞雇雙方另有約定者不在此限。第26條並禁止預扣工資作為違約金或賠償費用。	Article 22: legal tender, limited payment in kind, paid in full directly.	draft	11		
Q3955	OSH	OSH-48	勞動基準法	第22條之1	民國113年7月31日	勞基法-派遣工資	3	派遣事業單位積欠派遣勞工工資，經主管機關處罰或限期令其給付而屆期未給付者，如何處理？	派遣勞工得請求要派單位給付，惟以積欠工資六個月部分為限並須經調解	派遣勞工得請求要派單位給付，要派單位應自請求之日起九十日內給付	派遣勞工得請求要派單位給付，要派單位應自請求之日起三十日內給付	派遣勞工僅得申請積欠工資墊償基金墊償，不得直接請求要派單位給付	If a dispatch agency fails to pay wages after an order to pay, what may the worker do?	Claim from the client firm, but only for six months of arrears and after mediation	Claim payment from the client firm, which must pay within ninety days of the claim	Claim payment from the client firm, which must pay within thirty days of the claim	Only apply to the wage arrears payment fund; no direct claim against the client firm	c	第22條之1：派遣事業單位積欠派遣勞工工資，經主管機關處罰或依第27條規定限期令其給付而屆期未給付者，派遣勞工得請求要派單位給付，要派單位應自請求之日起三十日內給付。要派單位給付後得向派遣事業單位求償或扣抵要派契約之應付費用。	Article 22-1: the client firm must pay within thirty days.	draft	11		
Q3956	OSH	OSH-48	勞動基準法	第23條	民國113年7月31日	勞基法-工資清冊	2	工資給付之次數、明細義務及工資清冊保存年限分別為何？	每月至少定期發給二次，明細得僅於勞工請求時提供；工資清冊應保存二年	每季至少定期發給一次並提供各項目計算方式明細；工資清冊應保存十年	每月至少定期發給二次並提供各項目計算方式明細；工資清冊應保存五年	每月至少定期發給一次並提供各項目計算方式明細；工資清冊應保存三年	How often must wages be paid, and how long must the payroll book be kept?	At least twice a month, with statements only on request; payroll kept two years	At least once a quarter with an itemized calculation statement; payroll kept ten years	At least twice a month with an itemized calculation statement; payroll kept five years	At least once a month with an itemized calculation statement; payroll kept three years	c	第23條：工資之給付，除當事人有特別約定或按月預付者外，每月至少定期發給二次，並應提供工資各項目計算方式明細，按件計酬者亦同；雇主應置備勞工工資清冊記入發放工資、各項目計算方式明細及工資總額等事項，工資清冊應保存五年。第38條第5項規定特別休假未休工資數額亦應記載於本條工資清冊。	Article 23: twice monthly with itemized details; payroll kept five years.	draft	11		
Q3957	OSH	OSH-48	勞動基準法	第25條	民國113年7月31日	勞基法-同工同酬	1	勞動基準法對雇主因性別而為工資差別待遇之規定為何？	雇主應以年資為唯一給薪標準，工作相同者不論效率如何均給付同等工資	雇主對勞工不得因性別而有差別待遇，工作相同、效率相同者應給付同等工資	雇主僅於同一職務等級內須給付同等工資，不同職務等級不受本條之限制	雇主得因性別而調整工資結構，惟差距不得逾百分之十且應報主管機關備查	What does the Act require regarding wage differences based on sex?	Seniority is the sole pay criterion; the same work is paid equally regardless of efficiency	No differential treatment by sex; equal wages for the same work with the same efficiency	Equal pay is required only within the same job grade; other grades are not covered	Wage structures may vary by sex if the gap is under 10 percent and is filed with the authority	b	第25條：雇主對勞工不得因性別而有差別之待遇；工作相同、效率相同者，給付同等之工資。性別平等工作法第10條並規定薪資給付不得因性別或性傾向而有差別待遇，工作或價值相同者應給付同等薪資。	Article 25: no sex-based wage discrimination; equal work and efficiency, equal pay.	draft	11		
Q3958	OSH	OSH-48	勞動基準法	第26條	民國113年7月31日	勞基法-預扣工資	1	雇主可否預扣勞工工資作為違約金或賠償費用？違反者之罰鍰為何？	得於勞工同意後預扣，惟應於離職時一次結清並加計法定利息返還之	不得預扣工資作為違約金或賠償費用；處新臺幣二萬元以上三十萬元以下罰鍰	不得預扣工資作為違約金或賠償費用；處新臺幣九萬元以上四十五萬元以下罰鍰	得於勞動契約中約定預扣，但每月扣減不得逾工資三分之一並應報備查	May an employer deduct wages in advance as a penalty or compensation?	It is allowed with consent, settled on separation with statutory interest added	No advance deduction as penalty or compensation; fine of NT$20,000 to NT$300,000	No advance deduction as penalty or compensation; fine of NT$90,000 to NT$450,000	It may be agreed in the contract if under one third of monthly wages and filed	c	第26條：雇主不得預扣勞工工資作為違約金或賠償費用，所謂預扣係指於違約或損害事實未發生前即先扣減工資。違反者依第78條第2項處新臺幣九萬元以上四十五萬元以下罰鍰。第22條第2項並要求工資應全額直接給付勞工。	Article 26 with Article 78(2): prohibited, fine NT$90,000 to NT$450,000.	draft	11		
Q3959	OSH	OSH-48	勞動基準法	第27條	民國113年7月31日	勞基法-限期給付	1	雇主不按期給付工資者，主管機關得採取何種處置？	主管機關應逕行移送法院強制執行；並得同時停止其營業登記至改善為止	主管機關得限期令其給付；違反該命令者並處二萬元以上一百萬元以下罰鍰	主管機關僅得通知勞資雙方進行協調；協調不成立者始得處以行政罰鍰	主管機關得逕由積欠工資墊償基金代為墊付；並向雇主追償一倍之違約金	What may the authority do if an employer fails to pay wages on time?	Refer the case straight to court for enforcement and suspend the business registration	Order payment within a set period; breach of that order is fined NT$20,000 to NT$1,000,000	Only convene conciliation between the parties; fines follow only if conciliation fails	Advance payment from the wage arrears fund and recover double the amount from the employer	b	第27條：雇主不按期給付工資者，主管機關得限期令其給付。違反主管機關依本條所為限期給付工資之命令者，依第79條第1項第2款處新臺幣二萬元以上一百萬元以下罰鍰，並得依第80條之1公布名稱、限期改善及按次處罰。	Article 27 with Article 79(1)(2): an order to pay, backed by a fine.	draft	11		
Q3960	OSH	OSH-48	勞動基準法	第29條	民國113年7月31日	勞基法-盈餘分配	2	事業單位於營業年度終了結算如有盈餘，對勞工應如何處理？	應由勞資會議自行決定是否發給獎金，勞工並無請求分配紅利或獎金之任何依據	應提撥當年度盈餘百分之五作為勞工退休準備金，不另發給獎金或分配紅利予勞工	除繳納稅捐、彌補虧損及提列股息公積金外，對全年工作無過失勞工應給與獎金或分配紅利	應先分配紅利與獎金予全體勞工，再依序繳納稅捐、彌補虧損及提列股息與公積金	If the establishment has a surplus at year end, what must it do for workers?	Leave it to the labor-management meeting to decide; workers have no basis to claim any bonus	Set aside 5 percent of that year's surplus as retirement reserve instead of bonuses or dividends	After taxes, loss offsets, dividends and reserves, pay bonuses or dividends to faultless workers	Distribute bonuses and dividends to all workers first, then pay taxes, offset losses and reserves	c	第29條：事業單位於營業年度終了結算，如有盈餘，除繳納稅捐、彌補虧損及提列股息、公積金外，對於全年工作並無過失之勞工，應給與獎金或分配紅利。施行細則第10條並將紅利、年終獎金等列為非經常性給與，不屬工資。	Article 29: surplus is shared with faultless workers after statutory deductions.	draft	11		
Q3961	OSH	OSH-48	勞動基準法	第30條之1	民國113年7月31日	勞基法-四週變形	3	中央主管機關指定之行業經工會或勞資會議同意後，依四週變形工時原則變更工作時間，其分配及延長限制為何？	四週內正常工時分配於其他工作日之時數每日不得超過二小時；當日正常工時達十小時者延長工時不得超過二小時	二週內正常工時分配於其他工作日之時數每日不得超過二小時；當日正常工時達八小時者延長工時不得超過二小時	四週內正常工時分配於其他工作日之時數每日不得超過三小時；當日正常工時達十二小時者不得再延長工時	四週內正常工時分配於其他工作日之時數每日不得超過四小時；當日正常工時達十小時者延長工時不得超過四小時	Under the four-week flexible hours rule, what are the redistribution and overtime limits?	Up to 2 hours a day may be redistributed; if normal hours that day reach 10, overtime is capped at 2 hours	Up to 2 hours a day within two weeks; if normal hours that day reach 8, overtime is capped at 2 hours	Up to 3 hours a day may be redistributed; if normal hours reach 12, no overtime is allowed at all	Up to 4 hours a day may be redistributed; if normal hours that day reach 10, overtime is capped at 4 hours	a	第30條之1：經中央主管機關指定之行業，雇主經工會同意（無工會者經勞資會議同意）後，四週內正常工作時數分配於其他工作日之時數每日不得超過二小時，不受第30條第2項至第4項限制；當日正常工作時間達十小時者，其延長之工作時間不得超過二小時。女性勞工除妊娠或哺乳期間者外，夜間工作不受第49條第1項限制，但雇主應提供必要之安全衛生設施。	Article 30-1: 2 hours redistribution, and 2 hours overtime cap at 10 normal hours.	draft	11		
Q3962	OSH	OSH-48	勞動基準法	第31條	民國113年7月31日	勞基法-坑道工時	1	在坑道或隧道內工作之勞工，其工作時間應如何起算及終止？	以入坑口時起至出坑口時止為工作時間	以到達工作面時起至離開工作面時止為工作時間	以領取工具時起至繳回工具完畢時止為工作時間	以進入事業場所大門時起至離開大門時止為工作時間	How are working hours counted for workers in shafts or tunnels?	From entering the pit mouth until leaving the pit mouth	From arriving at the work face until leaving the work face	From collecting tools until returning all tools to the store	From entering the plant gate until leaving the plant gate	a	第31條：在坑道或隧道內工作之勞工，以入坑口時起至出坑口時止為工作時間，故往返坑口與工作面之時間亦計入。第32條第5項另規定在坑內工作之勞工工作時間不得延長，但以監視為主之工作或有天災、事變、突發事件情形者不在此限。	Article 31: from entering to leaving the pit mouth.	draft	11		
Q3963	OSH	OSH-48	勞動基準法	第32條之1	民國113年7月31日	勞基法-補休	3	勞工選擇補休並經雇主同意者，其補休時數計算及未補休時數之處理為何？	由勞雇雙方協商折算補休時數；期限屆期未補休者，得由雇主逕行折抵特別休假日數	依延長工時之加給倍數加倍計算補休時數；期限屆期未補休者，一律視為勞工放棄權利	依勞工工作之時數計算補休時數；期限屆期未補休者，應遞延至次一年度繼續補休完畢	依勞工工作之時數計算補休時數；期限屆期或契約終止未補休者，依原工資計算標準發給工資	How is compensatory leave calculated, and what if it is not taken?	Converted by agreement; on expiry the employer may offset them against annual leave days	Multiplied by the overtime premium rate; unused hours on expiry are treated as waived	Hour for hour based on hours worked; unused hours must be carried over to the next year	Hour for hour based on hours worked; unused hours are paid at the original wage rate on expiry	d	第32條之1：雇主使勞工延長工作時間或於休息日工作後，依勞工意願選擇補休並經雇主同意者，應依勞工工作之時數計算補休時數；補休期限由勞雇雙方協商，期限屆期或契約終止未補休之時數，應依延長工作時間或休息日工作當日之工資計算標準發給工資，未發給者依違反第24條論處。	Article 32-1: hour for hour, with unused hours paid at the original rate.	draft	11		
Q3964	OSH	OSH-48	勞動基準法	第33條	民國113年7月31日	勞基法-工時調整	2	第三條所列事業（製造業及礦業除外）因公眾生活便利或特殊原因有調整工時必要者，由何機關以何方式辦理？	由勞動檢查機構會商工會後，就必要限度內核發許可證並限期一年內有效	由事業單位報請勞資會議同意後自行調整，並於實施後報當地主管機關備查	由中央主管機關會商目的事業主管機關及雇主團體，以公告方式全面調整之	由當地主管機關會商目的事業主管機關及工會，就必要之限度內以命令調整之	Who may adjust normal and extended working hours for public convenience, and how?	The labor inspection agency, after consulting the union, by issuing a permit valid for one year	The establishment itself with labor-management meeting consent, filing with the local authority afterwards	The central authority, after consulting the industry authority and employer groups, by a general public notice	The local authority, after consulting the industry authority and the union, by order within the necessary limits	d	第33條：第3條所列事業，除製造業及礦業外，因公眾之生活便利或其他特殊原因，有調整第30條、第32條所定正常工作時間及延長工作時間之必要者，得由當地主管機關會商目的事業主管機關及工會，就必要之限度內以命令調整之。違反該調整命令者依第79條第1項第2款處罰。	Article 33: the local authority adjusts by order after consultation.	draft	11		
Q3965	OSH	OSH-48	勞動基準法	第35條	民國113年7月31日	勞基法-休息	1	勞工繼續工作多久應有多長之休息？何種情形雇主得另行調配休息時間？	繼續工作四小時至少應有六十分鐘休息；經勞工個人書面同意者得完全免除休息	繼續工作六小時至少應有三十分鐘休息；輪班制或工作有連續性、緊急性者得另行調配	繼續工作八小時至少應有四十五分鐘休息；經工會同意者得將休息時間累積使用	繼續工作四小時至少應有三十分鐘休息；輪班制或工作有連續性、緊急性者得另行調配	After how long of continuous work must a rest period be given, and when may it be rearranged?	At least 60 minutes after 4 hours of continuous work; written consent may waive rest entirely	At least 30 minutes after 6 hours of continuous work; shift, continuous or urgent work may rearrange it	At least 45 minutes after 8 hours of continuous work; with union consent rest may be accumulated	At least 30 minutes after 4 hours of continuous work; shift, continuous or urgent work may rearrange it	d	第35條：勞工繼續工作四小時，至少應有三十分鐘之休息；但實行輪班制或其工作有連續性或緊急性者，雇主得在工作時間內另行調配其休息時間。第52條規定之哺乳時間，係於本條休息時間之外另行給予。	Article 35: 30 minutes after four hours, rearrangeable for shift or continuous work.	draft	11		
Q3966	OSH	OSH-48	勞動基準法	第37條	民國113年7月31日	勞基法-休假	2	依勞動基準法規定應予休假之日包括下列何者？其修正條文自何時施行？	內政部所定應放假之紀念日及各該地方政府自行指定之放假日；自一百零七年三月一日施行	內政部所定應放假之紀念日、節日、勞動節及其他中央主管機關指定應放假日；自一百零六年一月一日施行	僅內政部所定應放假之紀念日及勞動節；其修正條文自一百零五年一月一日起開始施行	中央主管機關逐年公告之國定假日及事業單位自訂之休假日；自一百十年一月一日施行	Which days must be holidays under the Act, and when did the amendment take effect?	Memorial days set by the Interior Ministry plus days designated by each local government; from 1 Mar 2018	Memorial days and festivals set by the Interior Ministry, Labor Day and other designated days; from 1 Jan 2017	Only memorial days set by the Interior Ministry and Labor Day; the amendment took effect on 1 Jan 2016	National holidays announced yearly by the central authority plus company holidays; from 1 Jan 2021	b	第37條：內政部所定應放假之紀念日、節日、勞動節及其他中央主管機關指定應放假日，均應休假；民國一百零五年十二月六日修正之該項規定自一百零六年一月一日施行。施行細則第23條之1並規定此類休假遇例假及休息日者應予補假。	Article 37: statutory memorial days, festivals and Labor Day, effective 1 Jan 2017.	draft	11		
Q3967	OSH	OSH-48	勞動基準法	第40條	民國113年7月31日	勞基法-停止假期	3	因天災、事變或突發事件，雇主停止勞工之例假、休假及特別休假時，應如何處理？	停止假期之工資應加給三分之一並事後補假，且應於事後三日內報請勞動檢查機構核備	停止假期之工資照給即可並事後補假休息，且應於事後七日內報請當地主管機關備查	停止假期之工資應加倍發給並事後補假休息，且應於事後二十四小時內詳述理由報請當地主管機關核備	停止假期之工資應加倍發給但無須補假，並應於停止前二十四小時內報請中央主管機關核准	When holidays are suspended for disaster or emergency, what must the employer do?	Add one third to wages and grant make-up rest, reporting to the inspection agency within three days	Pay normal wages and grant make-up rest, and file with the local authority within seven days afterwards	Pay double wages and grant make-up rest, and report with reasons to the local authority within 24 hours	Pay double wages with no make-up rest, and obtain central authority approval 24 hours beforehand	c	第40條：因天災、事變或突發事件，雇主認有繼續工作之必要時，得停止第36條至第38條所定勞工之假期；但停止假期之工資應加倍發給，並應於事後補假休息。前項停止勞工假期，應於事後二十四小時內詳述理由，報請當地主管機關核備。違反者依第79條第1項第1款處罰。	Article 40: double pay, make-up rest, and a 24-hour report for approval.	draft	11		
Q3968	OSH	OSH-48	勞動基準法	第41條	民國113年7月31日	勞基法-公用事業	2	公用事業之勞工，當地主管機關認有必要時得停止何種假期？停止期間之工資如何給付？	得停止第三十八條所定之特別休假；假期內之工資應由雇主加倍發給	得停止第三十六條所定之例假及休息日；假期內之工資應加給三分之一	得停止全部例假、休假及特別休假；假期內之工資由主管機關另定標準	得停止第三十七條所定之國定休假；假期內之工資應由雇主照給即可	Which leave may the local authority suspend for public utility workers, and how are wages paid?	The annual paid leave under Article 38; wages for those days must be paid at double rate	The regular days off and rest days under Article 36; wages get an extra one third	All regular days off, holidays and annual leave; wage rates are set by the authority	The national holidays under Article 37; wages for those days are simply paid as usual	a	第41條：公用事業之勞工，當地主管機關認有必要時，得停止第38條所定之特別休假，假期內之工資應由雇主加倍發給。此與第40條因天災事變由雇主停止假期並須事後補假、報請核備者不同。	Article 41: annual leave may be suspended, with double wages.	draft	11		
Q3969	OSH	OSH-48	勞動基準法	第42條	民國113年7月31日	勞基法-加班拒絕	1	勞工因健康或其他正當理由不能接受正常工作時間以外之工作者，雇主應如何處理？違反者刑責為何？	雇主得經工會同意後仍要求其加班；違反者處三年以下有期徒刑或併科罰金	雇主不得強制其工作；違反者僅處新臺幣二萬元以上三十萬元以下之行政罰鍰	雇主得要求其提出醫師證明後決定；違反者處新臺幣九萬元以上四十五萬元以下罰鍰	雇主不得強制其工作；違反者處六個月以下有期徒刑、拘役或科或併科三十萬元以下罰金	If a worker cannot work overtime for health or other proper reasons, what applies?	The employer may still require overtime with union consent; breach brings up to 3 years imprisonment	The employer may not compel the work; breach brings only an administrative fine of NT$20,000-300,000	The employer may require a medical certificate first; breach brings a fine of NT$90,000-450,000	The employer may not compel the work; breach brings up to 6 months imprisonment or a NT$300,000 fine	d	第42條：勞工因健康或其他正當理由，不能接受正常工作時間以外之工作者，雇主不得強制其工作。違反者依第77條處六個月以下有期徒刑、拘役或科或併科新臺幣三十萬元以下罰金。第49條第3項對女工夜間工作亦有類似不得強制之規定。	Article 42 with Article 77: compulsion is criminally punishable.	draft	11		
Q3970	OSH	OSH-48	勞動基準法	第43條	民國113年7月31日	勞基法-請假	1	勞工因婚、喪、疾病或其他正當事由請假時，其假期及工資給付最低標準由何者定之？	請假應給之假期及工資給付標準，均由事業單位於工作規則中自行訂定即可	請假應給之假期由中央主管機關定之，工資給付標準則由當地主管機關公告	請假應給之假期及全部期間之工資給付標準，由勞雇雙方於勞動契約自行約定	請假應給之假期及事假以外期間內工資給付之最低標準，由中央主管機關定之	Who sets the minimum standards for leave days and wages during leave?	The establishment may set both leave days and wage standards freely in its own work rules	The central authority sets leave days while the local authority announces the wage standards	The parties themselves set both leave days and wages for the whole period in the labor contract	The central competent authority sets leave days and minimum wages for leave other than personal leave	d	第43條：勞工因婚、喪、疾病或其他正當事由得請假；請假應給之假期及事假以外期間內工資給付之最低標準，由中央主管機關定之，即勞工請假規則。違反該最低標準者依第79條第1項第3款處新臺幣二萬元以上一百萬元以下罰鍰。	Article 43: the central authority sets these minimum standards.	draft	11		
Q3971	OSH	OSH-48	勞動基準法	第45條	民國113年7月31日	勞基法-童工	2	雇主僱用未滿十五歲之人從事工作，其原則與例外為何？	原則不得僱用；但經事業單位工會同意並於工作規則中載明者，得僱用擔任見習工作	原則得僱用；但每日工作時間不得超過四小時且不得於例假日工作，並應報主管機關備查	原則不得僱用；但經法定代理人書面同意並投保商業保險者，即得僱用從事輕便工作	原則不得僱用；但國民中學畢業或經主管機關認定工作性質及環境無礙其身心健康而許可者不在此限	What is the rule on employing persons under fifteen?	Prohibited, unless the union agrees and the work rules state it, for apprenticeship-type work	Allowed, provided daily hours stay under four, no work on days off, and the authority is notified	Prohibited, unless the legal representative consents in writing and commercial insurance is bought	Prohibited, unless they finished junior high or the authority approves the work as harmless to health	d	第45條：雇主不得僱用未滿十五歲之人從事工作，但國民中學畢業或經主管機關認定其工作性質及環境無礙其身心健康而許可者不在此限；該受僱之人準用童工保護之規定。未滿十五歲之人透過他人取得工作為第三人提供勞務者，亦準用之。違反第1項依第77條處刑責。	Article 45: barred unless junior high graduate or approved by the authority.	draft	11		
Q3972	OSH	OSH-48	勞動基準法	第46條	民國113年7月31日	勞基法-童工	1	未滿十八歲之人受僱從事工作者，雇主應置備何種文件？未置備者如何處罰？	應置備其學歷證明及主管機關許可函；處六個月以下有期徒刑或科三十萬元以下罰金	應置備其法定代理人同意書及健康檢查紀錄；處新臺幣九萬元以上四十五萬元以下罰鍰	應置備其年齡證明文件及工會同意書；處新臺幣三萬元以上十五萬元以下之罰鍰	應置備其法定代理人同意書及年齡證明文件；處新臺幣二萬元以上三十萬元以下罰鍰	What documents must be kept for employees under eighteen, and what is the fine?	Education certificates and the authority's permit; up to 6 months imprisonment or NT$300,000	The legal representative's consent and health examination records; fine of NT$90,000 to NT$450,000	Proof of age and a union consent letter; fine of NT$30,000 to NT$150,000	The legal representative's consent and proof of age; fine of NT$20,000 to NT$300,000	d	第46條：未滿十八歲之人受僱從事工作者，雇主應置備其法定代理人同意書及其年齡證明文件。違反者依第79條第3項處新臺幣二萬元以上三十萬元以下罰鍰。第44條並規定童工及十六歲以上未滿十八歲之人不得從事危險性或有害性之工作。	Article 46: consent of the legal representative and proof of age.	draft	11		
Q3973	OSH	OSH-48	勞動基準法	第47條	民國113年7月31日	勞基法-童工工時	2	童工之工作時間及例假日工作限制為何？	每日不得超過八小時，每週不得超過四十八小時，例假日得經同意工作	每日不得超過六小時，每週不得超過三十小時，例假日不得工作	每日不得超過八小時，每週不得超過四十小時，例假日不得工作	每日不得超過十小時，每週不得超過四十小時，例假日僅得工作四小時	What are the working hour limits for child workers?	No more than 8 hours a day, 48 hours a week, with work on days off allowed by consent	No more than 6 hours a day, 30 hours a week, and no work on regular days off	No more than 8 hours a day, 40 hours a week, and no work on regular days off	No more than 10 hours a day, 40 hours a week, with 4 hours allowed on days off	c	第47條：童工每日之工作時間不得超過八小時，每週之工作時間不得超過四十小時，例假日不得工作。第48條並規定童工不得於午後八時至翌晨六時之時間內工作。違反第47條者依第77條處六個月以下有期徒刑、拘役或科或併科新臺幣三十萬元以下罰金。	Article 47: 8 hours daily, 40 weekly, no work on regular days off.	draft	11		
Q3974	OSH	OSH-48	勞動基準法	第48條	民國113年7月31日	勞基法-童工夜間	1	童工不得於下列何時段內工作？	午後十一時至翌晨七時	午後六時至翌晨八時	午後十時至翌晨六時	午後八時至翌晨六時	During which period may child workers not work?	From 11 p.m. to 7 a.m. the next morning	From 6 p.m. to 8 a.m. the next morning	From 10 p.m. to 6 a.m. the next morning	From 8 p.m. to 6 a.m. the next morning	d	第48條：童工不得於午後八時至翌晨六時之時間內工作，較第49條所定女工午後十時至翌晨六時之限制更為嚴格。違反第48條者依第77條處六個月以下有期徒刑、拘役或科或併科新臺幣三十萬元以下罰金。	Article 48: child workers may not work from 8 p.m. to 6 a.m.	draft	11		
Q3975	OSH	OSH-48	勞動基準法	第51條	民國113年7月31日	勞基法-妊娠改調	2	女工在妊娠期間如有較為輕易之工作而申請改調，雇主應如何處理？	雇主應於接獲申請後三十日內改調，改調期間工資得減半發給並事後補足	雇主得視人力配置決定是否改調，改調後並得按新職務標準調降其工資	雇主不得拒絕，並不得減少其工資；違反者處九萬元以上四十五萬元以下罰鍰	雇主僅於妊娠三個月以上者不得拒絕，並得依改調後工作內容重新議定工資	How must an employer respond to a pregnant worker's request for lighter work?	The employer must reassign within thirty days, with half wages during the period made up later	The employer may decide based on staffing and may lower wages to match the new position	The employer may not refuse and may not reduce her wages; breach is fined NT$90,000 to NT$450,000	The employer may not refuse only after three months of pregnancy, and may renegotiate wages	c	第51條：女工在妊娠期間，如有較為輕易之工作，得申請改調，雇主不得拒絕，並不得減少其工資。違反者依第78條第2項處新臺幣九萬元以上四十五萬元以下罰鍰。第50條並定有產假八星期及妊娠三個月以上流產產假四星期之規定。	Article 51: no refusal and no wage reduction.	draft	11		
Q3976	OSH	OSH-48	勞動基準法	第52條	民國113年7月31日	勞基法-哺乳時間	2	子女未滿一歲須女工親自哺乳者，雇主應另給之哺乳時間及其性質為何？	於休息時間外每日另給哺乳時間二次，每次三十分鐘為度，並視為工作時間	於休息時間外每日另給哺乳時間三次，每次二十分鐘為度，工資得減半發給	於休息時間內調配哺乳時間二次，每次三十分鐘為度，不計入工作時間內	於休息時間外每日另給哺乳時間一次，每次六十分鐘為度，並視為工作時間	What breastfeeding time must be given for a child under one, and how is it treated?	Two extra periods a day of up to 30 minutes each, apart from rest, counted as working time	Three extra periods a day of up to 20 minutes each, with wages payable at half rate	Two periods of up to 30 minutes arranged within rest time, not counted as working time	One extra period a day of up to 60 minutes, apart from rest, counted as working time	a	第52條：子女未滿一歲須女工親自哺乳者，於第35條規定之休息時間外，雇主應每日另給哺乳時間二次，每次以三十分鐘為度，且該哺乳時間視為工作時間。性別平等工作法第18條對未滿二歲子女另定每日六十分鐘哺（集）乳時間。	Article 52: two periods of up to 30 minutes, counted as working time.	draft	11		
Q3977	OSH	OSH-48	勞動基準法	第54條	民國113年7月31日	勞基法-強制退休	2	雇主強制勞工退休之法定情形及年齡調整規定為何？	年滿七十歲或身心障礙不堪勝任工作者；特殊性質工作得報請行政院核定調整至六十歲	年滿六十五歲或身心障礙不堪勝任工作者；特殊性質工作得報請中央主管機關調整但不得少於五十五歲	年滿六十歲或身心障礙不堪勝任工作者；特殊性質工作得由勞雇雙方協商調降至五十歲為止	年滿六十五歲或工作年資滿二十五年者；特殊性質工作得由當地主管機關逕行調整至六十歲	On what grounds may an employer compel retirement, and how may the age be adjusted?	Age 70 or disability unfit for work; special jobs may be adjusted to 60 with Executive Yuan approval	Age 65 or disability unfit for work; special jobs may be adjusted by the central authority but not below 55	Age 60 or disability unfit for work; special jobs may be lowered by agreement down to age 50	Age 65 or 25 years of service; special jobs may be adjusted to age 60 by the local authority	b	第54條：勞工非有年滿六十五歲或身心障礙不堪勝任工作之情形，雇主不得強制其退休；第1項第1款之年齡得由勞雇雙方協商延後，對擔任具有危險、堅強體力等特殊性質工作者，得由事業單位報請中央主管機關調整，但不得少於五十五歲。第53條另定自請退休要件。	Article 54: age 65 or unfitness; special work not below 55.	draft	11		
Q3978	OSH	OSH-48	勞動基準法	第56條	民國113年7月31日	勞基法-退休準備金	3	雇主按月提撥勞工退休準備金之比率範圍，及專戶餘額不足時應於何時補足差額？	按每月薪資總額百分之二至百分之十五範圍內提撥；差額應於次年度三月底前一次提撥	按每月薪資總額百分之六至百分之十五範圍內提撥；差額應於次年度六月底前分期提撥	按每月薪資總額百分之二至百分之十範圍內提撥；差額應於當年度十二月底前一次提撥	按每月薪資總額百分之五至百分之二十範圍內提撥；差額應於次年度九月底前一次提撥	What is the reserve contribution rate range, and when must a shortfall be topped up?	Two to fifteen percent of monthly total wages; the shortfall is paid in full by end of March next year	Six to fifteen percent of monthly total wages; the shortfall is paid in instalments by end of June	Two to ten percent of monthly total wages; the shortfall is paid in full by end of December that year	Five to twenty percent of monthly total wages; the shortfall is paid in full by end of September	a	第56條：雇主應依勞工每月薪資總額百分之二至百分之十五範圍內按月提撥勞工退休準備金，專戶存儲且不得作為讓與、扣押、抵銷或擔保之標的。雇主應於每年年度終了前估算專戶餘額，不足給付次一年度內預估成就退休條件勞工之退休金者，應於次年度三月底前一次提撥其差額，並送監督委員會審議。違反第2項依第78條第2項處罰。	Article 56: 2-15 percent monthly, shortfall by end of March next year.	draft	11		
Q3979	OSH	OSH-48	勞動基準法	第56條	民國113年7月31日	勞基法-監督委員會	2	勞工退休準備金監督委員會之組成及提撥比率調整之程序為何？	委員會中勞工代表人數不得少於三分之二；比率擬訂或調整應經該委員會審議通過並報當地主管機關核定	委員會中勞資代表人數應各占一半；比率擬訂或調整應經勞資會議同意並報行政院核定後實施	委員會中勞工代表人數不得少於二分之一；比率擬訂或調整由雇主自行決定後報中央主管機關備查	委員會中勞工代表人數不得少於三分之一；比率擬訂或調整應經工會同意並報勞動檢查機構核備	How is the retirement reserve supervisory committee composed, and how is the rate changed?	Worker representatives at least two thirds; rate changes need committee approval and local authority approval	Equal numbers of labor and management; rate changes need meeting consent and Executive Yuan approval	Worker representatives at least one half; the employer sets the rate and files it with the central authority	Worker representatives at least one third; rate changes need union consent and inspection agency filing	a	第56條第5項、第6項：雇主所提撥勞工退休準備金應由勞工與雇主共同組織勞工退休準備金監督委員會監督之，委員會中勞工代表人數不得少於三分之二；雇主按月提撥比率之擬訂或調整，應經事業單位勞工退休準備金監督委員會審議通過，並報請當地主管機關核定。	Article 56(5)-(6): two thirds worker representatives; committee and local approval.	draft	11		
Q3980	OSH	OSH-48	勞動基準法	第57條	民國113年7月31日	勞基法-年資	2	勞工工作年資之計算原則及應予併計之情形為何？	以服務同一雇主者為限；但受同一雇主調動之年資僅得計入退休金而不得計入資遣費	以勞工保險投保年資為準；但曾中斷投保超過三十日者，中斷前之年資不予併計	以服務同一事業者為限；但受同一雇主調動之年資及依第二十條由新雇主承認之年資應予併計	以服務同一事業者為限；受同一雇主調動及事業單位轉讓之年資均應重新起算不予併計	How are a worker's service years counted, and what must be combined?	Limited to the same employer; transferred years count only towards pensions, not towards severance pay	Based on labor insurance coverage; years before any break over thirty days are not counted	Limited to the same enterprise; transfers under the same employer and years recognized under Article 20 count	Limited to the same enterprise; transfers and business transfers both restart the count entirely	c	第57條：勞工工作年資以服務同一事業者為限，但受同一雇主調動之工作年資，及依第20條規定應由新雇主繼續予以承認之年資，應予併計。施行細則第5條並規定年資以服務同一事業單位為限並自受僱當日起算，適用本法前在同一事業單位之年資合併計算。	Article 57: same enterprise, plus transfer years and Article 20 recognition.	draft	11		